{
	"format_version": "1.17.0",
	"minecraft:block": {
		"description": {
			"identifier": "furnicraft:barril_1",
			"properties": {
				"furnicraft:direction": [
					0,
					1,
					2
				]
			}
		},
		"permutations": [
			{
				"condition": "query.block_property('furnicraft:direction') == 0",
				"components": {
					"minecraft:rotation": [
						0,
						0,
						0
					]
				}
			},
			{
				"condition": "query.block_property('furnicraft:direction') == 1",
				"components": {
					"minecraft:rotation": [
						270,
						0,
						0
					]
				}
			},
			{
				"condition": "query.block_property('furnicraft:direction') == 2",
				"components": {
					"minecraft:rotation": [
						0,
						0,
						270
					]
				}
			}
		],
		"components": {
			"minecraft:destroy_time": 1.0,
			"minecraft:on_player_placing": {
				"event": "minecraft:placing_direction",
				"target": "self"
			},
		    "minecraft:creative_category": {
            "group": "itemGroup.name.furnicraft_barril",
            "category": "items"
		    },
            "minecraft:material_instances": {
                "*": {
                    "texture": "barril_1",
                    "render_method": "alpha_test"
                }
            },
            "minecraft:geometry": "geometry.barril",
			"minecraft:breathability": "solid",
			"tag:fence": {}
		},
		"events": {
			"minecraft:placing_direction": {
				"set_block_property": {
					"furnicraft:direction": "math.floor(query.cardinal_block_face_placed_on / 2.0)"
				}
			}
		}
	}
}