{
    "format_version": "1.16.0",
    "minecraft:block": {
        "description": {
            "identifier": "furnicraft:mchiclesc",
            "register_to_creative_menu": true,
            "properties": {
                "furnicraft:face": [ 1, 2, 3, 4, 5 ]
            }
        },
        "components": {
		    "minecraft:creative_category": {
            "group": "itemGroup.name.furnicraft_billar",
            "category": "items"
		    },
            "minecraft:material_instances": {
                "*": {
                    "texture": "chicles",
                    "render_method": "alpha_test"
                }
            },
            "minecraft:pick_collision": {
                "origin": [ -4, 0, -4 ],
                "size": [ 8, 13, 8 ]
            },
            "minecraft:entity_collision": {
                "origin": [ -4, 0, -4 ],
                "size": [ 8, 13, 8 ]
            },
            "minecraft:geometry": "geometry.mchiclesc",
            "minecraft:on_player_placing": {
                "event": "furnicraft:rotate"
            },
			"minecraft:on_interact": {
				"event": "furnicraft:grow",
				"target": "self",
				"condition": "query.get_equipped_item_name('main_hand') == 'rose_coin'"
			},
            "minecraft:destroy_time": 1.0,
            "minecraft:friction": 0.6,
            "minecraft:map_color": "#00ff00",
            "minecraft:flammable": {
                "flame_odds": 0,
                "burn_odds": 0
            },
            "minecraft:block_light_absorption": 0.5,
            "minecraft:block_light_emission": 0.2
        },
        "events": {
			"furnicraft:grow": {
				"sequence": [
					{
						"condition": "query.get_equipped_item_name('main_hand') == 'rose_coin'",
						"run_command": {
							"command": [
								"summon 1furnicraft:randomgum",
								"summon furnicraft:randomgum"
							]
						},
						"trigger": {
							"event": "furnicraft:random",
							"target": "self"
						}
					},
					{
						"condition": "query.get_equipped_item_name('main_hand') != 'rose_coin'",
						"run_command": {
							"command": [
								"summon furnicraft:randomgum"
							]
						}
					}
				]
			},
			"furnicraft:random": {
				"randomize": [
					{
						"weight": 0,
						"decrement_stack": {}
					},
					{
						"weight": 100,
						"decrement_stack": {},
						"run_command": {
							"command": [
								"summon furnicraft:randomgum"
							]
						}
					}
				]
			},
            "furnicraft:rotate": {
                "set_block_property": {
                    "furnicraft:face": "(query.cardinal_player_facing)"
                }
            }
        },
        "permutations": [
            {
                "condition": "query.block_property('furnicraft:face') == 2",
                "components": {
                    "minecraft:block_light_emission": 0.0
                }
            },
            {
                "condition": "query.block_property('furnicraft:face') == 3",
                "components": {
                    "minecraft:rotation": [ 0, 180, 0 ]
                }
            },
            {
                "condition": "query.block_property('furnicraft:face') == 4",
                "components": {
                    "minecraft:rotation": [ 0, 90, 0 ]
                }
            },
            {
                "condition": "query.block_property('furnicraft:face') == 5",
                "components": {
                    "minecraft:rotation": [ 0, 270, 0 ]
                }
            }
        ]
    }
}
