{
  "format_version": "1.8.0",
  "minecraft:entity": {
    "description": {
      "identifier": "raigen:fluid_tripod",
      "is_spawnable": true,
      "is_summonable": true,
      "is_experimental": false
    },
	
	"component_groups": {
	  "minecraft:death": {
	    "minecraft:spell_effects": {
		  "add_effects": [
		    {
			  "effect": "wither",
			  "amplifier": 3,
              "visible": false,
              "ambient": false,
              "duration": 25
			}
		  ]
		},
		"minecraft:damage_sensor": [
	    ]
	  }
	},
	
    "components": {
	  "minecraft:type_family": {
	    "family": [ "inanimate" ]
	  },
	  "minecraft:interact": [
	    {
		  "on_interact": {
		    "filters": {
			  "all_of": [
			    { "test": "is_family", "subject": "other", "value": "player" },
			    { "test": "has_equipment", "subject": "other", "domain": "hand", "value": "barrier" }
			  ]
			},
			"event": "minecraft:event_death"
		  }
		}
	  ],
	  "minecraft:health": {
	    "value": 1
	  },
      "minecraft:knockback_resistance": {
        "value": 1.0
      },
	  "minecraft:push_through": {
	    "value": 1.0
	  },
	  "minecraft:damage_sensor": [
		{
		  "cause": "all",
		  "deals_damage": false
		}
	  ],
	  "minecraft:is_stackable": {
	  },
	  "minecraft:collision_box": {
	    "width": 0.4,
	    "height": 0.9
	  },
	  "minecraft:physics": {
	  }
    },
	
	"events": {
	  "minecraft:event_death": {
	    "add": {
		  "component_groups": [
		    "minecraft:death"
		  ]
		}
	  }
	}
  }
}