{
  "format_version": "1.8.0",
  "minecraft:entity": {
    "description": {
      "identifier": "raigen:ward_plant",
      "is_spawnable": true,
      "is_summonable": true,
      "is_experimental": false
    },
	
	"component_groups": {
	  "minecraft:oak": { "minecraft:variant": { "value": 0 } },
	  "minecraft:spruce": { "minecraft:variant": { "value": 1 } },
	  "minecraft:birch": { "minecraft:variant": { "value": 2 } },
	  "minecraft:jungle": { "minecraft:variant": { "value": 3 } },
	  "minecraft:acacia": { "minecraft:variant": { "value": 4 } },
	  "minecraft:dark_oak": { "minecraft:variant": { "value": 5 } },
	  
	  "minecraft:death": {
	    "minecraft:spell_effects": {
		  "add_effects": [
		    {
			  "effect": "wither",
			  "amplifier": 3,
              "visible": false,
              "ambient": false,
              "duration": 25
			}
		  ]
		},
		"minecraft:damage_sensor": [
	    ]
	  }
	},
	
    "components": {
	  "minecraft:type_family": {
	    "family": [ "inanimate" ]
	  },
	  "minecraft:interact": [
	    {
		  "on_interact": {
		    "filters": {
			  "all_of": [
			    { "test": "is_family", "subject": "other", "value": "player" },
			    { "test": "has_equipment", "subject": "other", "domain": "hand", "value": "barrier" }
			  ]
			},
			"event": "minecraft:event_death"
		  }
		},
		
	    {
		  "on_interact": {
		    "filters": {
			  "all_of": [
			    { "test": "is_family", "subject": "other", "value": "player" },
			    { "test": "has_equipment", "subject": "other", "domain": "hand", "value": "log:0" }
			  ]
			},
			"event": "minecraft:event_oak"
		  }
		},
	    {
		  "on_interact": {
		    "filters": {
			  "all_of": [
			    { "test": "is_family", "subject": "other", "value": "player" },
			    { "test": "has_equipment", "subject": "other", "domain": "hand", "value": "log:1" }
			  ]
			},
			"event": "minecraft:event_spruce"
		  }
		},
	    {
		  "on_interact": {
		    "filters": {
			  "all_of": [
			    { "test": "is_family", "subject": "other", "value": "player" },
			    { "test": "has_equipment", "subject": "other", "domain": "hand", "value": "log:2" }
			  ]
			},
			"event": "minecraft:event_birch"
		  }
		},
	    {
		  "on_interact": {
		    "filters": {
			  "all_of": [
			    { "test": "is_family", "subject": "other", "value": "player" },
			    { "test": "has_equipment", "subject": "other", "domain": "hand", "value": "log:3" }
			  ]
			},
			"event": "minecraft:event_jungle"
		  }
		},
	    {
		  "on_interact": {
		    "filters": {
			  "all_of": [
			    { "test": "is_family", "subject": "other", "value": "player" },
			    { "test": "has_equipment", "subject": "other", "domain": "hand", "value": "log2:0" }
			  ]
			},
			"event": "minecraft:event_acacia"
		  }
		},
	    {
		  "on_interact": {
		    "filters": {
			  "all_of": [
			    { "test": "is_family", "subject": "other", "value": "player" },
			    { "test": "has_equipment", "subject": "other", "domain": "hand", "value": "log2:1" }
			  ]
			},
			"event": "minecraft:event_dark_oak"
		  }
		}
	  ],
	  "minecraft:health": {
	    "value": 1
	  },
      "minecraft:knockback_resistance": {
        "value": 1.0
      },
	  "minecraft:push_through": {
	    "value": 1.0
	  },
	  "minecraft:damage_sensor": [
		{
		  "cause": "all",
		  "deals_damage": false
		}
	  ],
	  "minecraft:is_stackable": {
	  },
	  "minecraft:collision_box": {
	    "width": 0.3,
	    "height": 0.4
	  },
	  "minecraft:physics": {
	  }
    },
	
	"events": {
	  "minecraft:entity_spawned": {
	    "add": {
		  "component_groups": [
		    "minecraft:oak"
		  ]
		}
	  },
	  
	  "minecraft:event_death": {
	    "add": {
		  "component_groups": [
		    "minecraft:death"
		  ]
		}
	  },
	  
	  "minecraft:event_oak": {
	    "add": {
		  "component_groups": [
		    "minecraft:oak"
		  ]
		}
	  },
	  "minecraft:event_spruce": {
	    "add": {
		  "component_groups": [
		    "minecraft:spruce"
		  ]
		}
	  },
	  "minecraft:event_birch": {
	    "add": {
		  "component_groups": [
		    "minecraft:birch"
		  ]
		}
	  },
	  "minecraft:event_jungle": {
	    "add": {
		  "component_groups": [
		    "minecraft:jungle"
		  ]
		}
	  },
	  "minecraft:event_acacia": {
	    "add": {
		  "component_groups": [
		    "minecraft:acacia"
		  ]
		}
	  },
	  "minecraft:event_dark_oak": {
	    "add": {
		  "component_groups": [
		    "minecraft:dark_oak"
		  ]
		}
	  }
	}
  }
}