{
    "format_version": "1.12",
    "minecraft:recipe_shaped": {
        "description": {
            "identifier": "serp:key_table"
        },


        "tags": [ "crafting_table" ],
    "group": "mega",
    "pattern": [
      "ccc",
      "g g",
      "r r"
    ],
    "key": {
      "c": {
        "item": "minecraft:coal_block"
      },
      "g": {
        "item": "minecraft:gold_ingot"
      },
      "r": {
        "item": "minecraft:redstone"
      }
    },
        "result": {
            "item": "serp:key_spawn_spawn_egg"
        }
    }
}