{
  "format_version": "1.16.100",
  "minecraft:item": {
    "description": {

      "identifier": "vatonage:spawn_emerald_sapling"
    },
    "components": {
      "minecraft:max_stack_size": 64,
      "minecraft:foil": false,
      "minecraft:stacked_by_data": false,
      "minecraft:icon":{
         "texture":"spawn_emerald_sapling"
      },
      "minecraft:display_name":{
         "value":"Emerald Sapling"
      },
      "minecraft:block_placer": {
         "block": "vatonage:emerald_sapling"
      }
    }
  }
}
