{
	"format_version": "1.16.100",
	"minecraft:entity": {
		"description": {
			"identifier": "js:sh_pistol_sound",
			"is_spawnable": false,
			"is_summonable": true,
			"is_experimental": false
		},
        "component_groups": {
            "js:despawn": {
                "minecraft:instant_despawn": {}
            }
        },
		"components": {
            "minecraft:timer": {
                "time": 0.1,
                "looping": true,
                "time_down_event": {
                    "event": "js:despawn",
                    "target": "self"
                }
            },
		    "minecraft:scale": {
			    "value": 0
            },
		    "minecraft:type_family": {
				"family": [ "inanimate" ]
		    },
			"minecraft:damage_sensor": {
				"triggers": {
					"cause": "all",
					"deals_damage": false
				}
			},
            "minecraft:collision_box": {
                "width": 0.0,
                "height": 0.0
            },
            "minecraft:physics": {}
        },
        "events": {
            "js:despawn": {
                "add": {
                    "component_groups": [ "js:despawn" ]
                }
            },
            "minecraft:entity_spawned": {	
            }
        }
	}
}