{
  "format_version": "1.8.0",
  "minecraft:client_entity": {
    "description": {
      "identifier": "raigen:copper_boiler_north",
      "materials": {
	    "default": "translucence"
	  },
      "textures": {
        "default": "textures/decor/amnesiac/copper_boiler"
      },
      "geometry": {
        "default": "geometry.copper_boiler_north"
      },
      "spawn_egg": {
        "texture": "amnesiac",
        "texture_index": 21
      },
      "render_controllers": [ "controller.render.translucence" ]
    }
  }
}