{
    "format_version": "1.18.0",
    "minecraft:entity": {
        "description": {
            "identifier": "sign:sign_1",
            "is_spawnable": false,
            "is_summonable": true
        },
        "component_groups": {

        },
        "components": {
            "minecraft:type_family": { "family": [] },
            "minecraft:health": { "value": 10, "max": 10 },
            "minecraft:damage_sensor": {
                "triggers": { "cause": "all", "deals_damage": false }
            },
            "minecraft:pushable": { "is_pushable": false, "is_pushable_by_piston": true },
            "minecraft:collision_box": {
                "height": 0.1,
                "width": 0.1
            }
        },
        "events": {
        }
    }
}