{
    "format_version": "1.16.0",
    "minecraft:block": {
        "description": {
            "identifier": "furnicraft:fuente_cyan",
            "properties": {
                "furnicraft:face": [ 2, 3, 4, 5, 6 ],
                "furnicraft:active": [ false, true ]
            }
        },
        "components": {
		    "minecraft:creative_category": {
            "group": "itemGroup.name.furnicraft_fuentes",
            "category": "items"
		    },
            "minecraft:material_instances": {
                "*": {
                    "texture": "fuente_cyan",
                    "render_method": "opaque"
                }
            },
            "tag:door": {},
            "minecraft:pick_collision": {
                "origin": [ -8, 0, -8 ],
                "size": [ 16, 16, 16 ]
            },
            "minecraft:geometry": "geometry.fuente_noagua",
            "minecraft:destroy_time": 1.0,
			"minecraft:block_light_absorption": 0.5,
            "minecraft:unwalkable": true,
            "minecraft:entity_collision": {
                "origin": [ -8.0, 0.0, -8.0 ],
                "size": [ 16, 16, 16 ]
            },
            "minecraft:destroy_time": 1.0,
            "minecraft:friction": 0.6,
            "minecraft:map_color": "#00ff00",
            "minecraft:flammable": {
                "flame_odds": 0,
                "burn_odds": 0
            },
            "minecraft:on_player_destroyed": {
                "event": "remove_door"
            },
			"minecraft:on_interact": {
				"event": "furnicraft:fill_liquid"
			},
            "minecraft:on_player_placing": { "event": "furnicraft:face" }
        },
        "permutations": [
            {
                "condition": "query.block_property('furnicraft:face') == 3",
                "components": { "minecraft:rotation": [ 0, 180, 0 ] }
            }, {
                "condition": "query.block_property('furnicraft:face') == 4",
                "components": { "minecraft:rotation": [ 0, 90, 0 ] }
            }, {
                "condition": "query.block_property('furnicraft:face') == 5",
                "components": { "minecraft:rotation": [ 0, 270, 0 ] }
            },
			
            { 
                "condition": "!query.block_property('furnicraft:active')",
                "components": {
                    "minecraft:geometry": "geometry.fuente_noagua",
			        "minecraft:block_light_absorption": 0.5,
                    "minecraft:material_instances": {
                        "*": {
                            "texture": "fuente_cyan",
                            "render_method": "opaque"
					    }
				    }
				}
            }
        ],
        "events": {
            "furnicraft:face": {
                "set_block_property": {
                    "furnicraft:face": "(query.cardinal_player_facing)"
                }
            },
            "furnicraft:water": { 
                "set_block_property": {
                    "furnicraft:active": "query.block_property('furnicraft:active') ? false : true"
                },
                "run_command": {
                    "command": [ "setblock ~ ~1 ~ furnicraft:fuente_agua_up","playsound bucket.empty_water @p ~ ~ ~" ]
                }
            },
            "furnicraft:lava": { 
                "set_block_property": {
                    "furnicraft:active": "query.block_property('furnicraft:active') ? false : true"
                },
                "run_command": {
                    "command": [ "setblock ~ ~1 ~ furnicraft:fuente_lava_up","playsound bucket.empty_lava @p ~ ~ ~" ]
                }
            },
            "furnicraft:milk": { 
                "set_block_property": {
                    "furnicraft:active": "query.block_property('furnicraft:active') ? false : true"
                },
                "run_command": {
                    "command": [ "setblock ~ ~1 ~ furnicraft:fuente_milk_up","playsound bucket.empty_powder_snow @p ~ ~ ~" ]
                }
            },
            "furnicraft:fill_liquid": {
                "sequence": [
                    {
                        "condition": "query.is_item_name_any('slot.weapon.mainhand','minecraft:bucket')",
                        "trigger": {
                            "event": "furnicraft:remove",
                            "target": "self"
                        }
                    },
                    {
                        "condition": "query.is_item_name_any('slot.weapon.mainhand','minecraft:milk_bucket')",
                        "trigger": {
                            "event": "furnicraft:milk",
                            "target": "self"
                        }
                    },
                    {
                        "condition": "query.is_item_name_any('slot.weapon.mainhand','minecraft:water_bucket')",
                        "trigger": {
                            "event": "furnicraft:water",
                            "target": "self"
                        }
                    },
                    {
                        "condition": "query.is_item_name_any('slot.weapon.mainhand','minecraft:lava_bucket')",
                        "trigger": {
                            "event": "furnicraft:lava",
                            "target": "self"
                        }
                    }
                ]
            },
            "furnicraft:remove": {
                "run_command": {
                    "command": [ "setblock ~ ~1 ~ air 0 destroy" ]
                }
            }
        }
    }
}