{
    "format_version": "1.17.0",
    "minecraft:block": {
        "description": {
            "identifier": "furnicraft:fuente_agua_up",
            "register_to_creative_menu":false
        },
        "components": {
            "minecraft:material_instances": {
                "*": {
                    "texture": "flowing_water_f",
                    "render_method": "blend"
                }
            },
            "tag:collision": {},
            "minecraft:pick_collision": {
                "origin": [ -8, 0, -8 ],
                "size": [ 16, 16, 16 ]
            },
            "minecraft:entity_collision": {
                "origin": [ -8, 0, -8 ],
                "size": [ 16, 16, 16 ]
            },
	        "minecraft:creative_category": {
            "group": "itemGroup.name.monsterStoneEgg",
            "category": "commands"
	        },
            "minecraft:loot": "loot_tables/blocks/fuentes/liquid/water.json",
            "minecraft:geometry": "geometry.fuente_agua",
            "minecraft:destroy_time": 1,
            "minecraft:on_player_destroyed": {
                "event": "remove_door"
            },
            "minecraft:flammable": {
                "flame_odds": 0,
                "burn_odds": 0
            },
            "minecraft:placement_filter": {
                "conditions": [
                    {
                       "block_filter": [ 
                           {
                               "tags": "query.any_tag('door')"
                           }
                       ],
                       "allowed_faces": [ "up" ]
                    }
                ]
            },
            "minecraft:block_light_emission": 0.0,
            "minecraft:block_light_absorption": 0
        },
        "events": {
            "remove_door": {
                "run_command": {
                    "command": [ "setblock ~ ~-1 ~ air 0 destroy" ]
                }
            }
        }
    }
}