{
    "format_version": "1.17.0",
    "minecraft:block": {
        "description": {
            "identifier": "furnicraft:lamp_up_on",
            "register_to_creative_menu": false
        },
        "components": {
            "minecraft:material_instances": {
                "*": {
                    "texture": "refrigerador",
                    "render_method": "blend"
                }
            },
            "tag:collision": {},
            "minecraft:pick_collision": {
                "origin": [ -4, 0, -4 ],
                "size": [ 8, 14, 8 ]
            },
            "minecraft:entity_collision": {
                "origin": [ -4, 0, -4 ],
                "size": [ 8, 14, 8 ]
            },
	        "minecraft:creative_category": {
            "group": "itemGroup.name.monsterStoneEgg",
            "category": "commands"
	        },
            "minecraft:loot": "loot_tables/empty.json",
            "minecraft:geometry": "geometry.lamparag_up_on",
            "minecraft:destroy_time": 1,
            "minecraft:on_player_destroyed": {
                "event": "remove_door"
            },
            "minecraft:on_interact": {
                "event": "lampoff",
                "target": "self"
            },
            "minecraft:flammable": {
                "flame_odds": 0,
                "burn_odds": 0
            },
            "minecraft:block_light_emission": 0.9,
            "minecraft:block_light_absorption": 0
        },
        "events": {
            "lampoff": {
                "set_block_at_pos": {
                    "block_offset": [ 0, 0, 0 ],
                    "block_type": "furnicraft:lamp_up"
                }
            },
            "remove_door": {
                "run_command": {
                    "command": [ "setblock ~ ~-1 ~ air 0 destroy" ]
                }
            }
        }
    }
}