{
	"file_path": "C:\\Users\\Hp\\AppData\\Local\\Packages\\Microsoft.MinecraftUWP_8wekyb3d8bbwe\\LocalState\\games\\com.mojang\\development_resource_packs\\Screenfy's FP (Resource)\\entity\\officechairblue.json",
	"file_type": "client_entity",
	"format_version": 1,
	"file_uuid": "61640784_242f_4fd0_88c3_5d3dda7dfd69",
	"file_version": 2,
	"cache_content": {
		"children": [
			{
				"data": "1.10.0",
				"key": "format_version"
			},
			{
				"open": {
					"format_version": "1.10.0",
					"minecraft:client_entity": {
						"description": {
							"identifier": "sf:officechairblue",
							"materials": {
								"default": "entity"
							},
							"textures": {
								"default": "textures/entity/officechairblue"
							},
							"geometry": {
								"default": "geometry.officechairblue"
							},
							"spawn_egg": {
								"texture": "officechairblue",
								"texture_index": 0
							},
							"render_controllers": [
								"controller.render.furniture"
							]
						}
					}
				},
				"key": "minecraft:client_entity",
				"children": [
					{
						"open": {
							"description": {
								"identifier": "sf:officechairblue",
								"materials": {
									"default": "entity"
								},
								"textures": {
									"default": "textures/entity/officechairblue"
								},
								"geometry": {
									"default": "geometry.officechairblue"
								},
								"spawn_egg": {
									"texture": "officechairblue",
									"texture_index": 0
								},
								"render_controllers": [
									"controller.render.furniture"
								]
							}
						},
						"key": "description",
						"is_minified": true,
						"children": {
							"identifier": "sf:officechairblue",
							"materials": {
								"default": "entity"
							},
							"textures": {
								"default": "textures/entity/officechairblue"
							},
							"geometry": {
								"default": "geometry.officechairblue"
							},
							"spawn_egg": {
								"texture": "officechairblue",
								"texture_index": 0
							},
							"render_controllers": [
								"controller.render.furniture"
							]
						}
					}
				]
			}
		]
	}
}