{
	"file_path": "C:\\Users\\Hp\\AppData\\Local\\Packages\\Microsoft.MinecraftUWP_8wekyb3d8bbwe\\LocalState\\games\\com.mojang\\development_resource_packs\\Screenfy's FP (Resource)\\entity\\stove.json",
	"file_type": "client_entity",
	"format_version": 1,
	"file_uuid": "cb87db63_dd57_491d_ba1d_d9d6ffbf87a7",
	"file_version": 1,
	"cache_content": {
		"children": [
			{
				"data": "1.10.0",
				"key": "format_version"
			},
			{
				"open": {
					"format_version": "1.10.0",
					"minecraft:client_entity": {
						"description": {
							"identifier": "sf:stove",
							"materials": {
								"default": "entity"
							},
							"textures": {
								"default": "textures/entity/stove"
							},
							"geometry": {
								"default": "geometry.stove"
							},
							"render_controllers": [
								"controller.render.furniture"
							],
							"spawn_egg": {
								"texture": "stove",
								"texture_index": 0
							}
						}
					}
				},
				"key": "minecraft:client_entity",
				"children": [
					{
						"open": {
							"description": {
								"identifier": "sf:stove",
								"materials": {
									"default": "entity"
								},
								"textures": {
									"default": "textures/entity/stove"
								},
								"geometry": {
									"default": "geometry.stove"
								},
								"render_controllers": [
									"controller.render.furniture"
								],
								"spawn_egg": {
									"texture": "stove",
									"texture_index": 0
								}
							}
						},
						"key": "description",
						"children": [
							{
								"data": "sf:stove",
								"key": "identifier"
							},
							{
								"open": {
									"identifier": "sf:stove",
									"materials": {
										"default": "entity"
									},
									"textures": {
										"default": "textures/entity/stove"
									},
									"geometry": {
										"default": "geometry.stove"
									},
									"render_controllers": [
										"controller.render.furniture"
									],
									"spawn_egg": {
										"texture": "stove",
										"texture_index": 0
									}
								},
								"key": "materials",
								"is_minified": true,
								"children": {
									"default": "entity"
								}
							},
							{
								"open": {
									"identifier": "sf:stove",
									"materials": {
										"default": "entity"
									},
									"textures": {
										"default": "textures/entity/stove"
									},
									"geometry": {
										"default": "geometry.stove"
									},
									"render_controllers": [
										"controller.render.furniture"
									],
									"spawn_egg": {
										"texture": "stove",
										"texture_index": 0
									}
								},
								"key": "textures",
								"is_minified": true,
								"children": {
									"default": "textures/entity/stove"
								}
							},
							{
								"open": {
									"identifier": "sf:stove",
									"materials": {
										"default": "entity"
									},
									"textures": {
										"default": "textures/entity/stove"
									},
									"geometry": {
										"default": "geometry.stove"
									},
									"render_controllers": [
										"controller.render.furniture"
									],
									"spawn_egg": {
										"texture": "stove",
										"texture_index": 0
									}
								},
								"key": "geometry",
								"is_minified": true,
								"children": {
									"default": "geometry.stove"
								}
							},
							{
								"open": {
									"identifier": "sf:stove",
									"materials": {
										"default": "entity"
									},
									"textures": {
										"default": "textures/entity/stove"
									},
									"geometry": {
										"default": "geometry.stove"
									},
									"render_controllers": [
										"controller.render.furniture"
									],
									"spawn_egg": {
										"texture": "stove",
										"texture_index": 0
									}
								},
								"key": "render_controllers",
								"is_minified": true,
								"children": [
									"controller.render.furniture"
								]
							},
							{
								"open": {
									"identifier": "sf:stove",
									"materials": {
										"default": "entity"
									},
									"textures": {
										"default": "textures/entity/stove"
									},
									"geometry": {
										"default": "geometry.stove"
									},
									"render_controllers": [
										"controller.render.furniture"
									],
									"spawn_egg": {
										"texture": "stove",
										"texture_index": 0
									}
								},
								"key": "spawn_egg",
								"is_minified": true,
								"children": {
									"texture": "stove",
									"texture_index": 0
								}
							}
						]
					}
				]
			}
		]
	}
}