{
	"file_path": "C:\\Users\\Hp\\AppData\\Local\\Packages\\Microsoft.MinecraftUWP_8wekyb3d8bbwe\\LocalState\\games\\com.mojang\\development_resource_packs\\Screenfy's FP (Resource)\\entity\\waterdispenser.json",
	"file_type": "client_entity",
	"format_version": 1,
	"file_uuid": "54ee1d49_6ff8_45c7_a22f_ef523c1620ae",
	"file_version": 0,
	"cache_content": {
		"children": [
			{
				"data": "1.10.0",
				"key": "format_version"
			},
			{
				"open": {
					"format_version": "1.10.0",
					"minecraft:client_entity": {
						"description": {
							"identifier": "sf:waterdispenser",
							"materials": {
								"default": "entity"
							},
							"textures": {
								"default": "textures/entity/waterdispenser"
							},
							"geometry": {
								"default": "geometry.waterdispenser"
							},
							"spawn_egg": {
								"texture": "waterdispenser",
								"texture_index": 0
							},
							"render_controllers": [
								"controller.render.furniture"
							]
						}
					}
				},
				"key": "minecraft:client_entity",
				"children": [
					{
						"open": {
							"description": {
								"identifier": "sf:waterdispenser",
								"materials": {
									"default": "entity"
								},
								"textures": {
									"default": "textures/entity/waterdispenser"
								},
								"geometry": {
									"default": "geometry.waterdispenser"
								},
								"spawn_egg": {
									"texture": "waterdispenser",
									"texture_index": 0
								},
								"render_controllers": [
									"controller.render.furniture"
								]
							}
						},
						"key": "description",
						"children": [
							{
								"data": "sf:waterdispenser",
								"key": "identifier"
							},
							{
								"open": {
									"identifier": "sf:waterdispenser",
									"materials": {
										"default": "entity"
									},
									"textures": {
										"default": "textures/entity/waterdispenser"
									},
									"geometry": {
										"default": "geometry.waterdispenser"
									},
									"spawn_egg": {
										"texture": "waterdispenser",
										"texture_index": 0
									},
									"render_controllers": [
										"controller.render.furniture"
									]
								},
								"key": "materials",
								"is_minified": true,
								"children": {
									"default": "entity"
								}
							},
							{
								"open": {
									"identifier": "sf:waterdispenser",
									"materials": {
										"default": "entity"
									},
									"textures": {
										"default": "textures/entity/waterdispenser"
									},
									"geometry": {
										"default": "geometry.waterdispenser"
									},
									"spawn_egg": {
										"texture": "waterdispenser",
										"texture_index": 0
									},
									"render_controllers": [
										"controller.render.furniture"
									]
								},
								"key": "textures",
								"is_minified": true,
								"children": {
									"default": "textures/entity/waterdispenser"
								}
							},
							{
								"open": {
									"identifier": "sf:waterdispenser",
									"materials": {
										"default": "entity"
									},
									"textures": {
										"default": "textures/entity/waterdispenser"
									},
									"geometry": {
										"default": "geometry.waterdispenser"
									},
									"spawn_egg": {
										"texture": "waterdispenser",
										"texture_index": 0
									},
									"render_controllers": [
										"controller.render.furniture"
									]
								},
								"key": "geometry",
								"is_minified": true,
								"children": {
									"default": "geometry.waterdispenser"
								}
							},
							{
								"open": {
									"identifier": "sf:waterdispenser",
									"materials": {
										"default": "entity"
									},
									"textures": {
										"default": "textures/entity/waterdispenser"
									},
									"geometry": {
										"default": "geometry.waterdispenser"
									},
									"spawn_egg": {
										"texture": "waterdispenser",
										"texture_index": 0
									},
									"render_controllers": [
										"controller.render.furniture"
									]
								},
								"key": "spawn_egg",
								"is_minified": true,
								"children": {
									"texture": "waterdispenser",
									"texture_index": 0
								}
							},
							{
								"open": {
									"identifier": "sf:waterdispenser",
									"materials": {
										"default": "entity"
									},
									"textures": {
										"default": "textures/entity/waterdispenser"
									},
									"geometry": {
										"default": "geometry.waterdispenser"
									},
									"spawn_egg": {
										"texture": "waterdispenser",
										"texture_index": 0
									},
									"render_controllers": [
										"controller.render.furniture"
									]
								},
								"key": "render_controllers",
								"is_minified": true,
								"children": [
									"controller.render.furniture"
								]
							}
						]
					}
				]
			}
		]
	}
}