{
	"format_version": "1.10.0",
	"geometry.fuel": {
		"texturewidth": 64,
		"textureheight": 64,
		"visible_bounds_width": 1,
		"visible_bounds_height": 1,
		"visible_bounds_offset": [0, 0.5, 0],
		"bones": [
			{
				"name": "base",
				"pivot": [0, 0, 0],
				"cubes": [
					{"origin": [-6, 0, -2], "size": [12, 12, 5], "uv": [0, 0]},
					{"origin": [-5, 12, -2], "size": [2, 4, 5], "uv": [14, 17]},
					{"origin": [-6, 12, -2], "size": [1, 3, 5], "uv": [24, 26]},
					{"origin": [4, 12, -2], "size": [2, 4, 5], "uv": [0, 17]},
					{"origin": [3, 12, -2], "size": [1, 3, 5], "uv": [12, 26]},
					{"origin": [-3, 12, -2], "size": [1, 3, 5], "uv": [0, 26]},
					{"origin": [-3, 15, 0], "size": [7, 1, 2], "uv": [28, 17]},
					{"origin": [6, 12, -1], "size": [1, 3, 3], "uv": [8, 34]},
					{"origin": [-7, 11, -1], "size": [1, 3, 3], "uv": [0, 34]}
				]
			}
		]
	}
}
//code by mikkeeeyyyy