{
    "resource_pack_name": "Modern Furniture Addon",
    "texture_name": "atlas.items",
    "texture_data": {
        "accessories": {
            "textures": "textures/items/eggs/accessories"
        },
        "bathtub": {
            "textures": "textures/items/eggs/bathtub"
        },
        "bench": {
            "textures": "textures/items/eggs/bench"
        },
        "cabinet": {
            "textures": "textures/items/eggs/cabinet"
        },
        "camera": {
            "textures": "textures/items/eggs/camera"
        },
        "center_table": {
            "textures": "textures/items/eggs/center_table"
        },
        "chair": {
            "textures": "textures/items/eggs/chair"
        },
        "countertop": {
            "textures": "textures/items/eggs/countertop"
        },
        "desktop": {
            "textures": "textures/items/eggs/desktop"
        },
        "fl_plant": {
            "textures": "textures/items/eggs/fl_plant"
        },
        "fridge": {
            "textures": "textures/items/eggs/fridge"
        },
        "gaming_chair": {
            "textures": "textures/items/eggs/gaming_chair"
        },
        "headphones": {
            "textures": "textures/items/eggs/headphones"
        },
        "lamp": {
            "textures": "textures/items/eggs/lamp"
        },
        "laptop": {
            "textures": "textures/items/eggs/laptop"
        },
        "light_panel": {
            "textures": "textures/items/eggs/light_panel"
        },
        "long_countertop": {
            "textures": "textures/items/eggs/long_countertop"
        },
        "microphone": {
            "textures": "textures/items/eggs/microphone"
        },
        "mini_sofa": {
            "textures": "textures/items/eggs/mini_sofa"
        },
        "mini_table": {
            "textures": "textures/items/eggs/mini_table"
        },
        "modern_lamp": {
            "textures": "textures/items/eggs/modern_lamp"
        },
        "monitor": {
            "textures": "textures/items/eggs/monitor"
        },
        "oven": {
            "textures": "textures/items/eggs/oven"
        },
        "painting": {
            "textures": "textures/items/eggs/painting"
        },
        "plant": {
            "textures": "textures/items/eggs/plant"
        },
        "shelf": {
            "textures": "textures/items/eggs/shelf"
        },
        "shower": {
            "textures": "textures/items/eggs/shower"
        },
        "sink": {
            "textures": "textures/items/eggs/sink"
        },
        "sofa": {
            "textures": "textures/items/eggs/sofa"
        },
        "stool": {
            "textures": "textures/items/eggs/stool"
        },
        "table": {
            "textures": "textures/items/eggs/table"
        },
        "table_lamp": {
            "textures": "textures/items/eggs/table_lamp"
        },
        "telescope": {
            "textures": "textures/items/eggs/telescope"
        },
        "television": {
            "textures": "textures/items/eggs/television"
        },
        "toilet": {
            "textures": "textures/items/eggs/toilet"
        },
        "vertical_monitor": {
            "textures": "textures/items/eggs/vertical_monitor"
        },
        "wall_clock": {
            "textures": "textures/items/eggs/wall_clock"
        },
        "wall_shelf": {
            "textures": "textures/items/eggs/wall_shelf"
        },
        "console": {
            "textures": "textures/items/eggs/console"
        },
        "tablet": {
            "textures": "textures/items/eggs/tablet"
        }
    }
}