{
	"file_path": "C:\\Users\\adminlocal\\Desktop\\azalia_wood\\AzaliaB1\\blocks\\azalia_plank_slab.json",
	"file_type": "block",
	"format_version": 1,
	"file_uuid": "b0cdf232_a7e4_4d82_8c38_f55cd9c106a4",
	"file_version": 1,
	"cache_content": {
		"children": [
			{
				"data": "1.16.100",
				"key": "format_version"
			},
			{
				"open": {
					"format_version": "1.16.100",
					"minecraft:block": {
						"description": {
							"identifier": "endcreased:azalia_plank_slab",
							"is_experimental": false,
							"properties": {
								"forge:slab": [
									"lower",
									"upper"
								]
							}
						},
						"permutations": [
							{
								"condition": "query.block_property('forge:slab') == 'lower'",
								"components": {
									"minecraft:geometry": "geometry.slab_bottom",
									"minecraft:entity_collision": {
										"origin": [
											-8,
											0,
											-8
										],
										"size": [
											16,
											8,
											16
										]
									},
									"minecraft:pick_collision": {
										"origin": [
											-8,
											0,
											-8
										],
										"size": [
											16,
											8,
											16
										]
									}
								}
							},
							{
								"condition": "query.block_property('forge:slab') == 'upper'",
								"components": {
									"minecraft:geometry": "geometry.slab_top",
									"minecraft:entity_collision": {
										"origin": [
											-8,
											8,
											-8
										],
										"size": [
											16,
											8,
											16
										]
									},
									"minecraft:pick_collision": {
										"origin": [
											-8,
											8,
											-8
										],
										"size": [
											16,
											8,
											16
										]
									}
								}
							}
						],
						"components": {
							"minecraft:explosion_resistance": 2,
							"minecraft:map_color": "#693BA7",
							"minecraft:material_instances": {
								"*": {
									"render_method": "alpha_test",
									"texture": "mithril_block"
								}
							},
							"minecraft:on_player_placing": {
								"event": "forge:place"
							},
							"minecraft:flammable": {
								"flame_odds": 0.2,
								"burn_odds": 0.2
							},
							"minecraft:on_interact": {
								"event": "become_full_block",
								"target": "self",
								"condition": "query.get_equipped_item_name == 'azalia_plank_slab'"
							},
							"minecraft:block_light_absorption": 0.9,
							"minecraft:destroy_time": 1
						},
						"events": {
							"forge:lower": {
								"set_block_property": {
									"forge:slab": "'lower'"
								}
							},
							"become_full_block": {
								"set_block_at_pos": {
									"block_type": "endcreased:full_azalia_plank_slab"
								}
							},
							"forge:upper": {
								"set_block_property": {
									"forge:slab": "'upper'"
								}
							},
							"forge:place": {
								"sequence": [
									{
										"set_block_property": {
											"door:direction": "(query.cardinal_facing_2d)"
										}
									},
									{
										"condition": "query.target_x_rotation <=0",
										"trigger": {
											"event": "forge:upper"
										}
									}
								]
							}
						}
					}
				},
				"key": "minecraft:block",
				"children": [
					{
						"key": "description",
						"is_minified": true,
						"children": {
							"identifier": "endcreased:azalia_plank_slab",
							"is_experimental": false,
							"properties": {
								"forge:slab": [
									"lower",
									"upper"
								]
							}
						}
					},
					{
						"key": "permutations",
						"is_minified": true,
						"children": [
							{
								"condition": "query.block_property('forge:slab') == 'lower'",
								"components": {
									"minecraft:geometry": "geometry.slab_bottom",
									"minecraft:entity_collision": {
										"origin": [
											-8,
											0,
											-8
										],
										"size": [
											16,
											8,
											16
										]
									},
									"minecraft:pick_collision": {
										"origin": [
											-8,
											0,
											-8
										],
										"size": [
											16,
											8,
											16
										]
									}
								}
							},
							{
								"condition": "query.block_property('forge:slab') == 'upper'",
								"components": {
									"minecraft:geometry": "geometry.slab_top",
									"minecraft:entity_collision": {
										"origin": [
											-8,
											8,
											-8
										],
										"size": [
											16,
											8,
											16
										]
									},
									"minecraft:pick_collision": {
										"origin": [
											-8,
											8,
											-8
										],
										"size": [
											16,
											8,
											16
										]
									}
								}
							}
						]
					},
					{
						"open": {
							"description": {
								"identifier": "endcreased:azalia_plank_slab",
								"is_experimental": false,
								"properties": {
									"forge:slab": [
										"lower",
										"upper"
									]
								}
							},
							"permutations": [
								{
									"condition": "query.block_property('forge:slab') == 'lower'",
									"components": {
										"minecraft:geometry": "geometry.slab_bottom",
										"minecraft:entity_collision": {
											"origin": [
												-8,
												0,
												-8
											],
											"size": [
												16,
												8,
												16
											]
										},
										"minecraft:pick_collision": {
											"origin": [
												-8,
												0,
												-8
											],
											"size": [
												16,
												8,
												16
											]
										}
									}
								},
								{
									"condition": "query.block_property('forge:slab') == 'upper'",
									"components": {
										"minecraft:geometry": "geometry.slab_top",
										"minecraft:entity_collision": {
											"origin": [
												-8,
												8,
												-8
											],
											"size": [
												16,
												8,
												16
											]
										},
										"minecraft:pick_collision": {
											"origin": [
												-8,
												8,
												-8
											],
											"size": [
												16,
												8,
												16
											]
										}
									}
								}
							],
							"components": {
								"minecraft:explosion_resistance": 2,
								"minecraft:map_color": "#693BA7",
								"minecraft:material_instances": {
									"*": {
										"render_method": "alpha_test",
										"texture": "mithril_block"
									}
								},
								"minecraft:on_player_placing": {
									"event": "forge:place"
								},
								"minecraft:flammable": {
									"flame_odds": 0.2,
									"burn_odds": 0.2
								},
								"minecraft:on_interact": {
									"event": "become_full_block",
									"target": "self",
									"condition": "query.get_equipped_item_name == 'azalia_plank_slab'"
								},
								"minecraft:block_light_absorption": 0.9,
								"minecraft:destroy_time": 1
							},
							"events": {
								"forge:lower": {
									"set_block_property": {
										"forge:slab": "'lower'"
									}
								},
								"become_full_block": {
									"set_block_at_pos": {
										"block_type": "endcreased:full_azalia_plank_slab"
									}
								},
								"forge:upper": {
									"set_block_property": {
										"forge:slab": "'upper'"
									}
								},
								"forge:place": {
									"sequence": [
										{
											"set_block_property": {
												"door:direction": "(query.cardinal_facing_2d)"
											}
										},
										{
											"condition": "query.target_x_rotation <=0",
											"trigger": {
												"event": "forge:upper"
											}
										}
									]
								}
							}
						},
						"key": "components",
						"children": [
							{
								"data": "2",
								"key": "minecraft:explosion_resistance"
							},
							{
								"data": "#693BA7",
								"key": "minecraft:map_color"
							},
							{
								"open": {
									"minecraft:explosion_resistance": 2,
									"minecraft:map_color": "#693BA7",
									"minecraft:material_instances": {
										"*": {
											"render_method": "alpha_test",
											"texture": "mithril_block"
										}
									},
									"minecraft:on_player_placing": {
										"event": "forge:place"
									},
									"minecraft:flammable": {
										"flame_odds": 0.2,
										"burn_odds": 0.2
									},
									"minecraft:on_interact": {
										"event": "become_full_block",
										"target": "self",
										"condition": "query.get_equipped_item_name == 'azalia_plank_slab'"
									},
									"minecraft:block_light_absorption": 0.9,
									"minecraft:destroy_time": 1
								},
								"key": "minecraft:material_instances",
								"children": [
									{
										"open": {
											"*": {
												"render_method": "alpha_test",
												"texture": "mithril_block"
											}
										},
										"key": "*",
										"is_minified": true,
										"children": {
											"render_method": "alpha_test",
											"texture": "mithril_block"
										}
									}
								]
							},
							{
								"key": "minecraft:on_player_placing",
								"is_minified": true,
								"children": {
									"event": "forge:place"
								}
							},
							{
								"key": "minecraft:flammable",
								"is_minified": true,
								"children": {
									"flame_odds": 0.2,
									"burn_odds": 0.2
								}
							},
							{
								"key": "minecraft:on_interact",
								"is_minified": true,
								"children": {
									"event": "become_full_block",
									"target": "self",
									"condition": "query.get_equipped_item_name == 'azalia_plank_slab'"
								}
							},
							{
								"data": "0.9",
								"key": "minecraft:block_light_absorption"
							},
							{
								"data": "1",
								"key": "minecraft:destroy_time"
							}
						]
					},
					{
						"key": "events",
						"is_minified": true,
						"children": {
							"forge:lower": {
								"set_block_property": {
									"forge:slab": "'lower'"
								}
							},
							"become_full_block": {
								"set_block_at_pos": {
									"block_type": "endcreased:full_azalia_plank_slab"
								}
							},
							"forge:upper": {
								"set_block_property": {
									"forge:slab": "'upper'"
								}
							},
							"forge:place": {
								"sequence": [
									{
										"set_block_property": {
											"door:direction": "(query.cardinal_facing_2d)"
										}
									},
									{
										"condition": "query.target_x_rotation <=0",
										"trigger": {
											"event": "forge:upper"
										}
									}
								]
							}
						}
					}
				]
			}
		]
	}
}