{
  "format_version": "1.10.0",
  "minecraft:client_entity": {
    "description": {
      "identifier": "minecraft:player",
      "materials": {
        "default": "entity_alphatest",
        "cape": "entity_alphatest",
        "animated": "player_animated",

        "transparent": "entity_alphablend",
        "glow": "phantom",
        "spectator": "player_spectator"
      },
      "textures": {
        "default": "textures/entity/steve",
        "fp6_arm2": "textures/entity/steve",
        "ntf": "textures/ntf",
        "cape": "textures/entity/cape_invisible",
		"overlay": "textures/overlays/crusher_charge",
		
        "sh19":"textures/entity/serpents_hand",
        "oblivion":"textures/guns/oblivion",
        "svd":"textures/guns/svd",
        "fp6":"textures/guns/fp6",
        "sh_plasma_cannon":"textures/guns/sh_plasma_cannon",
        "sh_plasma_cannon_red":"textures/guns/sh_plasma_cannon_red",
        "sh_pistol":"textures/guns/sh_pistol",
        "hk417":"textures/guns/hk417",
        "flamethrower":"textures/guns/flamethrower",
        "p250":"textures/guns/p250",
        "chainsaw":"textures/guns/chainsaw",
        "zombie":"textures/entity/zombie/zombie",
        "shield_zombie":"textures/entity/zombies/shield_zombie",
        "blinding_zombie":"textures/entity/zombies/blinding_zombie",
        "friendship_zombie":"textures/entity/zombies/friendship_zombie",
        "pirate_zombie":"textures/entity/zombies/pirate_zombie",
        "poison_zombie":"textures/entity/zombies/poison_zombie",
        "putrid_zombie":"textures/entity/zombies/putrid_zombie",
        "brute_zombie":"textures/entity/zombies/brute",
        "checkmark":"textures/overlays/checkmark"
      },
      "geometry": {
        "default": "geometry.humanoid.custom",
        "cape": "geometry.cape",
		
		"overlay": "geometry.praedo_overheat",
		
        "oblivion":"geometry.oblivion",
        "sh19":"geometry.sh19",
        "svd":"geometry.svd",
        "fp6":"geometry.fp6",
        "fp6_arm2":"geometry.fp6_arm2",
        "sh_plasma_cannon":"geometry.sh_plasma_cannon",
        "sh_pistol":"geometry.sh_pistol",
        "hk417":"geometry.hk417",
        "flamethrower":"geometry.flamethrower",
        "p250":"geometry.p250",
        "chainsaw":"geometry.chainsaw",
        "chainsaw_kill":"geometry.chainsaw_kill",
        "chainsaw_kill2":"geometry.chainsaw_kill2",
        "chainsaw_kill3":"geometry.chainsaw_kill3",
        "chainsaw_kill4":"geometry.chainsaw_kill4",
        "checkmark":"geometry.checkmark"
      },
      "scripts": {
        "scale": "0.9375",
        "initialize": [ 
     	  "variable.plasma_blast = 0.0;",
     	  "variable.plasma_cannon_charged = 0.0;",
		  
     	  "variable.praedo_overheat = 0.0;",
     	  "variable.originx = 0.0;",
          "variable.is_holding_right = 0.0;",
          "variable.is_blinking = 0.0;",
          "variable.last_blink_time = 0.0;",
          "variable.hand_bob = 0.0;"
        ],
        "pre_animation": [
		  "v.p250 = q.get_equipped_item_name(0) == 'p250' || q.get_equipped_item_name(0) == 'p250_empty';",
		  "v.flamethrower = q.get_equipped_item_name(0) == 'flamethrower' || q.get_equipped_item_name(0) == 'flamethrower_empty';",
		  "v.chainsaw = q.get_equipped_item_name(0) == 'chainsaw' || q.get_equipped_item_name(0) == 'chainsaw_empty';",
		  "v.hk417 = q.get_equipped_item_name(0) == 'hk417' || q.get_equipped_item_name(0) == 'hk417_empty';",
		  "v.sh_pistol = q.get_equipped_item_name(0) == 'sh_pistol' || q.get_equipped_item_name(0) == 'sh_pistol_empty';",
		  "v.sh_plasma_cannon = q.get_equipped_item_name(0) == 'sh_plasma_cannon' || q.get_equipped_item_name(0) == 'sh_plasma_cannon_empty';",
		  "v.fp6 = q.get_equipped_item_name(0) == 'fp6' || q.get_equipped_item_name(0) == 'fp6_empty';",
		  "v.svd = q.get_equipped_item_name(0) == 'svd' || q.get_equipped_item_name(0) == 'svd_empty';",
		  "v.sh19 = q.get_equipped_item_name(0) == 'sh19' || q.get_equipped_item_name(0) == 'sh19_empty';",
		  "v.oblivion = q.get_equipped_item_name(0) == 'oblivion' || q.get_equipped_item_name(0) == 'oblivion_empty';",
		  "v.holding_gun = v.oblivion || v.sh19 || v.svd || v.fp6 || v.sh_plasma_cannon || v.sh_pistol || v.hk417 || v.chainsaw || v.flamethrower || v.p250;",
		
		  "variable.attack = math.sin(variable.attack_time * 100.0);",
          "variable.helmet_layer_visible = 1.0;",
          "variable.leg_layer_visible = 1.0;",
          "variable.boot_layer_visible = 1.0;",
          "variable.chest_layer_visible = 1.0;",
          "variable.attack_body_rot_y = Math.sin(360*Math.sqrt(variable.attack_time)) * 5.0;",
          "variable.tcos0 = (math.cos(query.modified_distance_moved * 38.17) * query.modified_move_speed / variable.gliding_speed_value) * 57.3;",
          "variable.first_person_rotation_factor = math.sin((1 - variable.attack_time) * 180.0);",
          "variable.hand_bob = query.life_time < 0.01 ? 0.0 : variable.hand_bob + ((query.is_on_ground && query.is_alive ? math.clamp(math.sqrt(math.pow(query.position_delta(0), 2.0) + math.pow(query.position_delta(2), 2.0)), 0.0, 0.1) : 0.0) - variable.hand_bob) * 0.02;",

		  "variable.map_angle = math.clamp(1 - variable.player_x_rotation / 45.1, 0.0, 1.0);",
		  "variable.item_use_normalized = query.main_hand_item_use_duration / query.main_hand_item_max_duration;",
		  "variable.is_third_person = !variable.is_first_person && !variable.map_face_icon;"
        ],
        "animate": [
          { "root": "(!v.is_first_person || !v.holding_gun)" },
		  
		  
		  { "oblivion_controller.first_person": "v.is_first_person && !q.is_saddled" },
		  { "oblivion_controller.third_person": "v.is_third_person && !q.is_saddled" },
		  { "oblivion.no_ammo_cont": "v.is_first_person && !q.is_saddled" },
		  { "oblivion.setup": "v.oblivion && !q.is_saddled" },
		  { "oblivion_controller.shooting": "!q.is_sneaking && !q.is_saddled" },
		  { "oblivion_controller.shooting_scoped": "q.is_sneaking && !q.is_saddled" },
		  { "oblivion_controller.shooting_recoil": "!q.is_sneaking && !q.is_saddled" },
		  
		  { "svd_controller.first_person": "v.is_first_person && !q.is_saddled" },
		  { "svd_controller.third_person": "v.is_third_person && !q.is_saddled" },
		  { "svd.no_ammo_cont": "v.is_first_person && !q.is_saddled" },
		  
		  { "fp6_controller.first_person": "v.is_first_person && !q.is_saddled" },
		  { "fp6_controller.third_person": "v.is_third_person && !q.is_saddled" },
		  { "fp6.no_ammo_cont": "v.is_first_person && !q.is_saddled" },
		  
		  { "sh_plasma_cannon_controller.first_person": "v.is_first_person && !q.is_saddled" },
		  { "sh_plasma_cannon_controller.third_person": "v.is_third_person && !q.is_saddled" },
		  { "sh_plasma_cannon.no_ammo_cont": "v.is_first_person && !q.is_saddled" },
		  { "sh_plasma_cannon_controller.shooting": "!q.is_sneaking && !q.is_saddled" },
		  { "plasma_blast.scale": "v.is_first_person && v.sh_plasma_cannon && !q.is_saddled" },
		  
		  { "sh_pistol_controller.first_person": "v.is_first_person && !q.is_saddled" },
		  { "sh_pistol_controller.third_person": "v.is_third_person && !q.is_saddled" },
		  { "sh_pistol.no_ammo_cont": "v.is_first_person && !q.is_saddled" },
		  
		  { "hk417_controller.first_person": "v.is_first_person && !q.is_saddled" },
		  { "hk417_controller.third_person": "v.is_third_person && !q.is_saddled" },
		  { "hk417.no_ammo_cont": "v.is_first_person && !q.is_saddled" },
		  { "hk417_controller.shooting": "!q.is_sneaking && !q.is_saddled" },
		  
		  { "p250_controller.first_person": "v.is_first_person && !q.is_saddled" },
		  { "p250_controller.third_person": "v.is_third_person && !q.is_saddled" },
		  { "p250.no_ammo_cont": "v.is_first_person && !q.is_saddled" },
		  { "p250_controller.shooting": "!q.is_sneaking && !q.is_saddled" },
		  
		  { "flamethrower_controller.first_person": "v.is_first_person && !q.is_saddled" },
		  { "flamethrower_controller.third_person": "v.is_third_person && !q.is_saddled" },
		  { "flamethrower.no_ammo_cont": "v.is_first_person && !q.is_saddled" },
		  { "flamethrower_controller.shooting": "!q.is_sneaking && !q.is_saddled" },
		  
		  { "chainsaw_controller.first_person": "v.is_first_person" },
		  { "chainsaw_controller.third_person": "v.is_third_person" },
		  { "chainsaw.no_ammo_cont": "v.is_first_person" },
		  
		  { "gun.idle": "v.holding_gun && !q.is_sneaking && v.is_first_person" },
		  { "riding": "q.is_riding" },
		  { "no_weapon": "!v.holding_gun" }
        ]
      },
      "animations": {
        "gun.idle": "animation.gun.idle",
        "riding": "animation.riding",
        "default.setup": "animation.default",
		"no_weapon": "animation.no_weapon",
		
        "plasma_blast.scale": "animation.plasma_blast.scale",
		
        "oblivion_controller.first_person": "controller.animation.player.first_person.oblivion",
        "oblivion_controller.third_person": "controller.animation.player.third_person.oblivion",
        "oblivion_controller.shooting": "controller.animation.player.shooting.oblivion",
        "oblivion_controller.shooting_scoped": "controller.animation.player.shooting_scoped.oblivion",
        "oblivion_controller.shooting_recoil": "controller.animation.player.shooting_recoil.oblivion",
        "oblivion.no_ammo_cont": "controller.animation.player.oblivion.no_ammo",
		
		"oblivion.shooting_recoil": "animation.oblivion.first_person.shooting_recoil",
        "oblivion.no_ammo": "animation.oblivion.no_ammo",
        "oblivion.no_ammo2": "animation.oblivion.no_ammo2",
        "oblivion.default": "animation.oblivion.default",
		"oblivion.setup": "animation.oblivion.setup",
		"oblivion.reload.first_person": "animation.oblivion.first_person.reload",
		"oblivion.reload.third_person": "animation.oblivion.third_person.reload",
		"oblivion.draw_back.third_person": "animation.oblivion.third_person.draw_back",
        "oblivion.draw_out.first_person": "animation.oblivion.first_person.draw_out",
        "oblivion.draw_out.third_person": "animation.oblivion.third_person.draw_out",
        "oblivion.holding.third_person": "animation.oblivion.third_person.holding",
        "oblivion.holding.first_person": "animation.oblivion.first_person.holding",
        "oblivion.holding2.first_person": "animation.oblivion.first_person.holding2",
        "oblivion.holding_scoped.first_person": "animation.oblivion.first_person.holding_scoped",
        "oblivion.holding_scoped.third_person": "animation.oblivion.third_person.holding_scoped",
        "oblivion.scoping_in.first_person": "animation.oblivion.first_person.scoping_in",
        "oblivion.scoping_out.first_person": "animation.oblivion.first_person.scoping_out",
        "oblivion.shooting.third_person": "animation.oblivion.third_person.shooting",
        "oblivion.shooting_scoped.third_person": "animation.oblivion.third_person.shooting_scoped",
        "oblivion.shooting.first_person": "animation.oblivion.first_person.shooting",
        "oblivion.shooting_scoped.first_person": "animation.oblivion.first_person.shooting_scoped",
		
        "svd_controller.first_person": "controller.animation.player.first_person.svd",
        "svd_controller.third_person": "controller.animation.player.third_person.svd",
        "svd_controller.shooting": "controller.animation.player.shooting.svd",
        "svd_controller.shooting_scoped": "controller.animation.player.shooting_scoped.svd",
        "svd.no_ammo_cont": "controller.animation.player.svd.no_ammo",
		
        "svd.no_ammo": "animation.svd.no_ammo",
        "svd.no_ammo2": "animation.svd.no_ammo2",
        "svd.default": "animation.svd.default",
		"svd.setup": "animation.svd.setup",
		"svd.reload.first_person": "animation.svd.first_person.reload",
		"svd.reload.third_person": "animation.svd.third_person.reload",
        "svd.draw_out.first_person": "animation.svd.first_person.draw_out",
        "svd.draw_out.third_person": "animation.svd.third_person.draw_out",
        "svd.draw_back.third_person": "animation.svd.third_person.draw_back",
        "svd.holding.third_person": "animation.svd.third_person.holding",
        "svd.holding.first_person": "animation.svd.first_person.holding",
        "svd.holding_scoped.first_person": "animation.svd.first_person.holding_scoped",
        "svd.holding_scoped.third_person": "animation.svd.third_person.holding_scoped",
        "svd.scoping_in.first_person": "animation.svd.first_person.scoping_in",
        "svd.scoping_out.first_person": "animation.svd.first_person.scoping_out",
        "svd.shooting.third_person": "animation.svd.third_person.shooting",
        "svd.shooting_scoped.third_person": "animation.svd.third_person.shooting_scoped",
        "svd.shooting.first_person": "animation.svd.first_person.shooting",
        "svd.shooting_scoped.first_person": "animation.svd.first_person.shooting_scoped",
		
        "fp6_controller.first_person": "controller.animation.player.first_person.fp6",
        "fp6_controller.third_person": "controller.animation.player.third_person.fp6",
        "fp6_controller.shooting": "controller.animation.player.shooting.fp6",
        "fp6_controller.shooting_scoped": "controller.animation.player.shooting_scoped.fp6",
        "fp6.no_ammo_cont": "controller.animation.player.fp6.no_ammo",
		
        "fp6.no_ammo": "animation.fp6.no_ammo",
        "fp6.no_ammo2": "animation.fp6.no_ammo2",
        "fp6.default": "animation.fp6.default",
		"fp6.setup": "animation.fp6.setup",
		"fp6.reload.first_person": "animation.fp6.first_person.reload",
		"fp6.reload.third_person": "animation.fp6.third_person.reload",
        "fp6.draw_out.first_person": "animation.fp6.first_person.draw_out",
        "fp6.draw_out2.first_person": "animation.fp6.first_person.draw_out2",
        "fp6.draw_out.third_person": "animation.fp6.third_person.draw_out",
        "fp6.draw_back.third_person": "animation.fp6.third_person.draw_back",
        "fp6.holding.third_person": "animation.fp6.third_person.holding",
        "fp6.holding.first_person": "animation.fp6.first_person.holding",
        "fp6.holding_scoped.first_person": "animation.fp6.first_person.holding_scoped",
        "fp6.holding_scoped.third_person": "animation.fp6.third_person.holding_scoped",
        "fp6.scoping_in.first_person": "animation.fp6.first_person.scoping_in",
        "fp6.scoping_out.first_person": "animation.fp6.first_person.scoping_out",
        "fp6.shooting.third_person": "animation.fp6.third_person.shooting",
        "fp6.shooting_scoped.third_person": "animation.fp6.third_person.shooting_scoped",
        "fp6.shooting.first_person": "animation.fp6.first_person.shooting",
        "fp6.shooting_scoped.first_person": "animation.fp6.first_person.shooting_scoped",
		
        "sh_plasma_cannon_controller.first_person": "controller.animation.player.first_person.sh_plasma_cannon",
        "sh_plasma_cannon_controller.third_person": "controller.animation.player.third_person.sh_plasma_cannon",
        "sh_plasma_cannon_controller.shooting": "controller.animation.player.shooting.sh_plasma_cannon",
        "sh_plasma_cannon.no_ammo_cont": "controller.animation.player.sh_plasma_cannon.no_ammo",
		
		"sh_plasma_cannon.first_person.shooting_recoil": "animation.sh_plasma_cannon.first_person.shooting_recoil",
        "sh_plasma_cannon.no_ammo": "animation.sh_plasma_cannon.no_ammo",
        "sh_plasma_cannon.no_ammo2": "animation.sh_plasma_cannon.no_ammo2",
        "sh_plasma_cannon.default": "animation.sh_plasma_cannon.default",
		"sh_plasma_cannon.setup": "animation.sh_plasma_cannon.setup",
		"sh_plasma_cannon.reload.first_person": "animation.sh_plasma_cannon.first_person.reload",
		"sh_plasma_cannon.reload.third_person": "animation.sh_plasma_cannon.third_person.reload",
        "sh_plasma_cannon.draw_out.first_person": "animation.sh_plasma_cannon.first_person.draw_out",
        "sh_plasma_cannon.draw_out2.first_person": "animation.sh_plasma_cannon.first_person.draw_out2",
        "sh_plasma_cannon.draw_out.third_person": "animation.sh_plasma_cannon.third_person.draw_out",
        "sh_plasma_cannon.draw_back.third_person": "animation.sh_plasma_cannon.third_person.draw_back",
        "sh_plasma_cannon.holding.third_person": "animation.sh_plasma_cannon.third_person.holding",
        "sh_plasma_cannon.holding.first_person": "animation.sh_plasma_cannon.first_person.holding",
        "sh_plasma_cannon.holding_scoped.first_person": "animation.sh_plasma_cannon.first_person.holding_scoped",
        "sh_plasma_cannon.holding_scoped.third_person": "animation.sh_plasma_cannon.third_person.holding_scoped",
        "sh_plasma_cannon.scoping_in.first_person": "animation.sh_plasma_cannon.first_person.scoping_in",
        "sh_plasma_cannon.scoping_out.first_person": "animation.sh_plasma_cannon.first_person.scoping_out",
        "sh_plasma_cannon.shooting.third_person": "animation.sh_plasma_cannon.third_person.shooting",
        "sh_plasma_cannon.shooting_scoped.third_person": "animation.sh_plasma_cannon.third_person.shooting_scoped",
        "sh_plasma_cannon.shooting.first_person": "animation.sh_plasma_cannon.first_person.shooting",
        "sh_plasma_cannon.shooting_scoped.first_person": "animation.sh_plasma_cannon.first_person.shooting_scoped",
		
        "sh_pistol_controller.first_person": "controller.animation.player.first_person.sh_pistol",
        "sh_pistol_controller.third_person": "controller.animation.player.third_person.sh_pistol",
        "sh_pistol_controller.shooting": "controller.animation.player.shooting.sh_pistol",
        "sh_pistol_controller.shooting_scoped": "controller.animation.player.shooting_scoped.sh_pistol",
        "sh_pistol.no_ammo_cont": "controller.animation.player.sh_pistol.no_ammo",
		
        "sh_pistol.no_ammo": "animation.sh_pistol.no_ammo",
        "sh_pistol.no_ammo2": "animation.sh_pistol.no_ammo2",
        "sh_pistol.default": "animation.sh_pistol.default",
		"sh_pistol.setup": "animation.sh_pistol.setup",
		"sh_pistol.reload.third_person": "animation.sh_pistol.third_person.reload",
		"sh_pistol.reload.first_person": "animation.sh_pistol.first_person.reload",
		"sh_pistol.reload2.first_person": "animation.sh_pistol.first_person.reload2",
        "sh_pistol.draw_out.first_person": "animation.sh_pistol.first_person.draw_out",
        "sh_pistol.draw_out2.first_person": "animation.sh_pistol.first_person.draw_out2",
        "sh_pistol.draw_out.third_person": "animation.sh_pistol.third_person.draw_out",
        "sh_pistol.draw_back.third_person": "animation.sh_pistol.third_person.draw_back",
        "sh_pistol.holding.third_person": "animation.sh_pistol.third_person.holding",
        "sh_pistol.holding.first_person": "animation.sh_pistol.first_person.holding",
        "sh_pistol.holding_scoped.first_person": "animation.sh_pistol.first_person.holding_scoped",
        "sh_pistol.holding_scoped.third_person": "animation.sh_pistol.third_person.holding_scoped",
        "sh_pistol.scoping_in.first_person": "animation.sh_pistol.first_person.scoping_in",
        "sh_pistol.scoping_out.first_person": "animation.sh_pistol.first_person.scoping_out",
        "sh_pistol.shooting.third_person": "animation.sh_pistol.third_person.shooting",
        "sh_pistol.shooting_scoped.third_person": "animation.sh_pistol.third_person.shooting_scoped",
        "sh_pistol.shooting.first_person": "animation.sh_pistol.first_person.shooting",
        "sh_pistol.shooting_scoped.first_person": "animation.sh_pistol.first_person.shooting_scoped",
		
        "hk417_controller.first_person": "controller.animation.player.first_person.hk417",
        "hk417_controller.third_person": "controller.animation.player.third_person.hk417",
        "hk417_controller.shooting": "controller.animation.player.shooting.hk417",
        "hk417.no_ammo_cont": "controller.animation.player.hk417.no_ammo",
		
		"hk417.first_person.shooting_recoil": "animation.hk417.first_person.shooting_recoil",
        "hk417.no_ammo": "animation.hk417.no_ammo",
        "hk417.no_ammo2": "animation.hk417.no_ammo2",
        "hk417.default": "animation.hk417.default",
		"hk417.setup": "animation.hk417.setup",
		"hk417.reload.first_person": "animation.hk417.first_person.reload",
		"hk417.reload.third_person": "animation.hk417.third_person.reload",
        "hk417.draw_out.first_person": "animation.hk417.first_person.draw_out",
        "hk417.draw_back.third_person": "animation.hk417.third_person.draw_back",
        "hk417.draw_out2.first_person": "animation.hk417.first_person.draw_out2",
        "hk417.draw_out.third_person": "animation.hk417.third_person.draw_out",
        "hk417.holding.third_person": "animation.hk417.third_person.holding",
        "hk417.holding.first_person": "animation.hk417.first_person.holding",
        "hk417.holding_scoped.first_person": "animation.hk417.first_person.holding_scoped",
        "hk417.holding_scoped.third_person": "animation.hk417.third_person.holding_scoped",
        "hk417.scoping_in.first_person": "animation.hk417.first_person.scoping_in",
        "hk417.scoping_out.first_person": "animation.hk417.first_person.scoping_out",
        "hk417.shooting.third_person": "animation.hk417.third_person.shooting",
        "hk417.shooting_scoped.third_person": "animation.hk417.third_person.shooting_scoped",
        "hk417.shooting.first_person": "animation.hk417.first_person.shooting",
        "hk417.shooting_scoped.first_person": "animation.hk417.first_person.shooting_scoped",
		
        "chainsaw_controller.first_person": "controller.animation.player.first_person.chainsaw",
        "chainsaw_controller.third_person": "controller.animation.player.third_person.chainsaw",
        "chainsaw.no_ammo_cont": "controller.animation.player.chainsaw.no_ammo",
		
        "chainsaw.no_ammo": "animation.chainsaw.no_ammo",
        "chainsaw.default": "animation.chainsaw.default",
		"chainsaw.setup": "animation.chainsaw.setup",
        "chainsaw.draw_out.first_person": "animation.chainsaw.first_person.draw_out",
        "chainsaw.draw_out.third_person": "animation.chainsaw.third_person.draw_out",
        "chainsaw.holding.third_person": "animation.chainsaw.third_person.holding",
        "chainsaw.holding.first_person": "animation.chainsaw.first_person.holding",
        "chainsaw.killing.first_person": "animation.chainsaw.first_person.killing",
        "chainsaw.killing.third_person": "animation.chainsaw.third_person.killing",
        "chainsaw.killing2.first_person": "animation.chainsaw.first_person.killing2",
        "chainsaw.killing2.third_person": "animation.chainsaw.third_person.killing2",
		
        "flamethrower_controller.first_person": "controller.animation.player.first_person.flamethrower",
        "flamethrower_controller.third_person": "controller.animation.player.third_person.flamethrower",
        "flamethrower_controller.shooting": "controller.animation.player.shooting.flamethrower",
        "flamethrower.no_ammo_cont": "controller.animation.player.flamethrower.no_ammo",
		
		"flamethrower.first_person.shooting_recoil": "animation.flamethrower.first_person.shooting_recoil",
        "flamethrower.no_ammo": "animation.flamethrower.no_ammo",
        "flamethrower.no_ammo2": "animation.flamethrower.no_ammo2",
        "flamethrower.default": "animation.flamethrower.default",
		"flamethrower.setup": "animation.flamethrower.setup",
		"flamethrower.reload.first_person": "animation.flamethrower.first_person.reload",
		"flamethrower.reload.third_person": "animation.flamethrower.third_person.reload",
        "flamethrower.draw_out.first_person": "animation.flamethrower.first_person.draw_out",
        "flamethrower.draw_out2.first_person": "animation.flamethrower.first_person.draw_out2",
        "flamethrower.draw_out.third_person": "animation.flamethrower.third_person.draw_out",
        "flamethrower.draw_back.third_person": "animation.flamethrower.third_person.draw_back",
        "flamethrower.holding.third_person": "animation.flamethrower.third_person.holding",
        "flamethrower.holding.first_person": "animation.flamethrower.first_person.holding",
        "flamethrower.holding_scoped.first_person": "animation.flamethrower.first_person.holding_scoped",
        "flamethrower.holding_scoped.third_person": "animation.flamethrower.third_person.holding_scoped",
        "flamethrower.scoping_in.first_person": "animation.flamethrower.first_person.scoping_in",
        "flamethrower.scoping_out.first_person": "animation.flamethrower.first_person.scoping_out",
        "flamethrower.shooting.third_person": "animation.flamethrower.third_person.shooting",
        "flamethrower.shooting_scoped.third_person": "animation.flamethrower.third_person.shooting_scoped",
        "flamethrower.shooting.first_person": "animation.flamethrower.first_person.shooting",
        "flamethrower.shooting_scoped.first_person": "animation.flamethrower.first_person.shooting_scoped",
		
        "p250_controller.first_person": "controller.animation.player.first_person.p250",
        "p250_controller.third_person": "controller.animation.player.third_person.p250",
        "p250_controller.shooting": "controller.animation.player.shooting.p250",
        "p250.no_ammo_cont": "controller.animation.player.p250.no_ammo",
		
		"p250.first_person.shooting_recoil": "animation.p250.first_person.shooting_recoil",
        "p250.no_ammo": "animation.p250.no_ammo",
        "p250.no_ammo2": "animation.p250.no_ammo2",
        "p250.default": "animation.p250.default",
		"p250.setup": "animation.p250.setup",
		"p250.reload.first_person": "animation.p250.first_person.reload",
        "p250.draw_out.first_person": "animation.p250.first_person.draw_out",
        "p250.draw_out2.first_person": "animation.p250.first_person.draw_out2",
        "p250.draw_back.third_person": "animation.p250.third_person.draw_back",
        "p250.draw_out.third_person": "animation.p250.third_person.draw_out",
        "p250.holding.third_person": "animation.p250.third_person.holding",
        "p250.holding.first_person": "animation.p250.first_person.holding",
        "p250.holding_scoped.first_person": "animation.p250.first_person.holding_scoped",
        "p250.holding_scoped.third_person": "animation.p250.third_person.holding_scoped",
        "p250.scoping_in.first_person": "animation.p250.first_person.scoping_in",
        "p250.scoping_out.first_person": "animation.p250.first_person.scoping_out",
        "p250.shooting.third_person": "animation.p250.third_person.shooting",
        "p250.shooting_scoped.third_person": "animation.p250.third_person.shooting_scoped",
        "p250.shooting.first_person": "animation.p250.first_person.shooting",
        "p250.shooting_scoped.first_person": "animation.p250.first_person.shooting_scoped",
		
        "root": "controller.animation.player.root",
        "base_controller": "controller.animation.player.base",
        "hudplayer":  "controller.animation.player.hudplayer",
        "humanoid_base_pose": "animation.humanoid.base_pose",
        "look_at_target": "controller.animation.humanoid.look_at_target",
        "look_at_target_ui": "animation.player.look_at_target.ui",
        "look_at_target_default": "animation.humanoid.look_at_target.default",
        "look_at_target_gliding": "animation.humanoid.look_at_target.gliding",
        "look_at_target_swimming": "animation.humanoid.look_at_target.swimming",
        "look_at_target_inverted": "animation.player.look_at_target.inverted",
        "cape": "animation.player.cape",
        "riding.arms": "animation.player.riding.arms",
        "riding.legs": "animation.player.riding.legs",
        "move.arms": "animation.player.move.arms",
        "move.legs": "animation.player.move.legs",
        "swimming": "animation.player.swim",
        "swimming.legs": "animation.player.swim.legs",
        "holding": "animation.player.holding",
        "brandish_spear": "animation.humanoid.brandish_spear",
        "charging": "animation.humanoid.charging",
        "attack.positions": "animation.player.attack.positions",
        "attack.rotations": "animation.player.attack.rotations",
        "sneaking": "animation.player.sneaking",
        "bob": "animation.player.bob",
        "damage_nearby_mobs": "animation.humanoid.damage_nearby_mobs",
        "fishing_rod": "animation.humanoid.fishing_rod",
        "use_item_progress": "animation.humanoid.use_item_progress",
        "skeleton_attack": "animation.skeleton.attack",
        "sleeping": "animation.player.sleeping",
        "first_person_base_pose": "animation.player.first_person.base_pose",
        "first_person_empty_hand": "animation.player.first_person.empty_hand",
        "first_person_swap_item": "animation.player.first_person.swap_item",
        "first_person_attack_controller": "controller.animation.player.first_person_attack",
        "first_person_attack_rotation": "animation.player.first_person.attack_rotation",
        "first_person_vr_attack_rotation": "animation.player.first_person.vr_attack_rotation",
        "first_person_map_controller": "controller.animation.player.first_person_map",
        "first_person_map_hold": "animation.player.first_person.map_hold",
        "first_person_map_hold_attack": "animation.player.first_person.map_hold_attack",
        "first_person_map_hold_off_hand": "animation.player.first_person.map_hold_off_hand",
        "first_person_map_hold_main_hand": "animation.player.first_person.map_hold_main_hand",
        "first_person_crossbow_equipped": "animation.player.first_person.crossbow_equipped",
        "third_person_crossbow_equipped": "animation.player.crossbow_equipped",
        "third_person_bow_equipped": "animation.player.bow_equipped",
        "crossbow_hold": "animation.player.crossbow_hold",
        "crossbow_controller": "controller.animation.player.crossbow",
        "shield_block_main_hand": "animation.player.shield_block_main_hand",
        "shield_block_off_hand": "animation.player.shield_block_off_hand",
        "blink": "controller.animation.persona.blink",
		    "tooting_goat_horn": "animation.humanoid.tooting_goat_horn",
		    "holding_brush": "animation.humanoid.holding_brush",
		    "brushing": "animation.humanoid.brushing"
      },
	  "particle_effects": {
		"plasma_blast": "js:plasma_blast",
		"serpent_discharge2": "js:serpent_discharge2",
		"serpent_discharge": "js:serpent_discharge",
		"serpent_absorb": "js:serpent_absorb",
		"serpent_absorb2": "js:serpent_absorb2",
		"electricity3": "js:electricity3",
		"blood_splatter": "js:blood_splatter",
		"blood_splatter1": "js:blood_splatter1",
		"blood_splatter2": "js:blood_splatter2",
		"scp173dy.death": "js:scp173dy_death"
	  },
	  "sound_effects": {
		"chainsaw_draw": "gun.chainsaw.draw",
		"chainsaw_loop": "gun.chainsaw.loop",
		"spark": "gun.sh_plasma_cannon.spark",
		"scp.scp096_idle": "scp.scp096_idle",
		"blood_splatter": "scp682.death",
		"mob.zombie.death": "mob.zombie.death",
		"mob.zombie.hurt": "mob.zombie.hurt",
		"chainsaw_out_of_range": "gun.chainsaw.out_of_range",
		"chainsaw_insufficient_fuel": "gun.chainsaw.insufficient_fuel",
		"chainsaw_kill1": "gun.chainsaw.kill1",
		"boom": "gun.chainsaw.boom"
	  },
      "render_controllers": [
        { "controller.render.player.first_person_spectator": "variable.is_first_person && query.is_spectator" },
        { "controller.render.player.third_person_spectator": "!variable.is_first_person && !variable.map_face_icon && query.is_spectator" },
        { "controller.render.player.plasma_blast": "v.sh_plasma_cannon && v.is_first_person && !q.is_saddled" },
		
        { "controller.render.player.checkmark": "q.is_chested" },
        { "controller.render.player.p250": "!q.is_saddled" },
        { "controller.render.player.oblivion": "!q.is_saddled" },
        { "controller.render.player.svd": "!q.is_saddled" },
        { "controller.render.player.fp6": "!q.is_saddled" },
        { "controller.render.player.fp6_arm2": "v.is_first_person && !q.is_saddled" },
        { "controller.render.player.sh_plasma_cannon": "v.plasma_cannon_charged == 0 && !q.is_saddled" },
        { "controller.render.player.sh_plasma_cannon_charged": "v.plasma_cannon_charged == 1 && !q.is_saddled" },
        { "controller.render.player.sh_pistol": "!q.is_saddled" },
        { "controller.render.player.hk417": "!q.is_saddled" },
        { "controller.render.player.flamethrower": "!q.is_saddled" },
        "controller.render.player.chainsaw",
        { "controller.render.player.chainsaw_kill": "q.is_saddled" },
        { "controller.render.player.first_person": "variable.is_first_person && !query.is_spectator && q.variant == 0" },
        { "controller.render.player.third_person": "!variable.is_first_person && !variable.map_face_icon && !query.is_spectator && q.variant == 0" },
        { "controller.render.player.map": "variable.map_face_icon" }
      ],
      "enable_attachables": true
    }
  }
}
