{
	"file_path": "C:\\Users\\Hp\\AppData\\Local\\Packages\\Microsoft.MinecraftUWP_8wekyb3d8bbwe\\LocalState\\games\\com.mojang\\development_resource_packs\\Screenfy's FP (Resource)\\animations\\Ceiling Fan.animation.json",
	"file_type": "rp_animation",
	"format_version": 1,
	"file_uuid": "8964a427_3ffe_43c2_ba8c_2386ae78ffde",
	"file_version": 0,
	"cache_content": {
		"children": [
			{
				"data": "1.8.0",
				"key": "format_version"
			},
			{
				"open": {
					"format_version": "1.8.0",
					"animations": {
						"animation.ceilingfanspin.animation.ceilingfan.new": {
							"loop": true,
							"animation_length": 1.4,
							"bones": {
								"fan": {
									"rotation": {
										"0.0": [
											0,
											-10,
											0
										],
										"0.04": [
											0,
											-20,
											0
										],
										"0.08": [
											0,
											-30,
											0
										],
										"0.12": [
											0,
											-40,
											0
										],
										"0.16": [
											0,
											-50,
											0
										],
										"0.2": [
											0,
											-60,
											0
										],
										"0.24": [
											0,
											-70,
											0
										],
										"0.28": [
											0,
											-80,
											0
										],
										"0.32": [
											0,
											-90,
											0
										],
										"0.36": [
											0,
											-100,
											0
										],
										"0.4": [
											0,
											-110,
											0
										],
										"0.44": [
											0,
											-120,
											0
										],
										"0.48": [
											0,
											-130,
											0
										],
										"0.52": [
											0,
											-140,
											0
										],
										"0.56": [
											0,
											-150,
											0
										],
										"0.6": [
											0,
											-160,
											0
										],
										"0.64": [
											0,
											-170,
											0
										],
										"0.68": [
											0,
											-180,
											0
										],
										"0.72": [
											0,
											-190,
											0
										],
										"0.76": [
											0,
											-200,
											0
										],
										"0.8": [
											0,
											-210,
											0
										],
										"0.84": [
											0,
											-220,
											0
										],
										"0.88": [
											0,
											-230,
											0
										],
										"0.92": [
											0,
											-240,
											0
										],
										"0.96": [
											0,
											-250,
											0
										],
										"1.0": [
											0,
											-260,
											0
										],
										"1.04": [
											0,
											-270,
											0
										],
										"1.08": [
											0,
											-280,
											0
										],
										"1.12": [
											0,
											-290,
											0
										],
										"1.16": [
											0,
											-300,
											0
										],
										"1.2": [
											0,
											-310,
											0
										],
										"1.24": [
											0,
											-320,
											0
										],
										"1.28": [
											0,
											-330,
											0
										],
										"1.32": [
											0,
											-340,
											0
										],
										"1.36": [
											0,
											-350,
											0
										],
										"1.4": [
											0,
											-360,
											0
										]
									}
								}
							}
						}
					}
				},
				"key": "animations",
				"is_minified": true,
				"children": {
					"animation.ceilingfanspin.animation.ceilingfan.new": {
						"loop": true,
						"animation_length": 1.4,
						"bones": {
							"fan": {
								"rotation": {
									"0.0": [
										0,
										-10,
										0
									],
									"0.04": [
										0,
										-20,
										0
									],
									"0.08": [
										0,
										-30,
										0
									],
									"0.12": [
										0,
										-40,
										0
									],
									"0.16": [
										0,
										-50,
										0
									],
									"0.2": [
										0,
										-60,
										0
									],
									"0.24": [
										0,
										-70,
										0
									],
									"0.28": [
										0,
										-80,
										0
									],
									"0.32": [
										0,
										-90,
										0
									],
									"0.36": [
										0,
										-100,
										0
									],
									"0.4": [
										0,
										-110,
										0
									],
									"0.44": [
										0,
										-120,
										0
									],
									"0.48": [
										0,
										-130,
										0
									],
									"0.52": [
										0,
										-140,
										0
									],
									"0.56": [
										0,
										-150,
										0
									],
									"0.6": [
										0,
										-160,
										0
									],
									"0.64": [
										0,
										-170,
										0
									],
									"0.68": [
										0,
										-180,
										0
									],
									"0.72": [
										0,
										-190,
										0
									],
									"0.76": [
										0,
										-200,
										0
									],
									"0.8": [
										0,
										-210,
										0
									],
									"0.84": [
										0,
										-220,
										0
									],
									"0.88": [
										0,
										-230,
										0
									],
									"0.92": [
										0,
										-240,
										0
									],
									"0.96": [
										0,
										-250,
										0
									],
									"1.0": [
										0,
										-260,
										0
									],
									"1.04": [
										0,
										-270,
										0
									],
									"1.08": [
										0,
										-280,
										0
									],
									"1.12": [
										0,
										-290,
										0
									],
									"1.16": [
										0,
										-300,
										0
									],
									"1.2": [
										0,
										-310,
										0
									],
									"1.24": [
										0,
										-320,
										0
									],
									"1.28": [
										0,
										-330,
										0
									],
									"1.32": [
										0,
										-340,
										0
									],
									"1.36": [
										0,
										-350,
										0
									],
									"1.4": [
										0,
										-360,
										0
									]
								}
							}
						}
					}
				}
			}
		]
	}
}