{
	"file_path": "C:\\Users\\Hp\\AppData\\Local\\Packages\\Microsoft.MinecraftUWP_8wekyb3d8bbwe\\LocalState\\games\\com.mojang\\development_behavior_packs\\Screenfy FP (Behaviour)\\recipes\\bathtub.json",
	"file_type": "recipe",
	"format_version": 1,
	"file_uuid": "c29a8859_761a_4446_a5fc_242bcba32bf3",
	"file_version": 0,
	"cache_content": {
		"children": [
			{
				"open": {
					"format_version": "1.16.100",
					"minecraft:recipe_shaped": {
						"description": {
							"identifier": "sf:bathtub"
						},
						"tags": [
							"crafting_table"
						],
						"group": "furniture",
						"pattern": [
							"Q Q",
							"QQQ"
						],
						"key": {
							"Q": {
								"item": "minecraft:quartz_block"
							}
						},
						"result": [
							{
								"item": "minecraft:spawn_egg",
								"data": "query.get_actor_info_id('sf:bathtub')",
								"count": 25
							}
						]
					}
				},
				"data": "1.16.100",
				"key": "format_version"
			},
			{
				"open": {
					"format_version": "1.16.100",
					"minecraft:recipe_shaped": {
						"description": {
							"identifier": "sf:bathtub"
						},
						"tags": [
							"crafting_table"
						],
						"group": "furniture",
						"pattern": [
							"Q Q",
							"QQQ"
						],
						"key": {
							"Q": {
								"item": "minecraft:quartz_block"
							}
						},
						"result": [
							{
								"item": "minecraft:spawn_egg",
								"data": "query.get_actor_info_id('sf:bathtub')",
								"count": 25
							}
						]
					}
				},
				"key": "minecraft:recipe_shaped",
				"children": [
					{
						"open": {
							"description": {
								"identifier": "sf:bathtub"
							},
							"tags": [
								"crafting_table"
							],
							"group": "furniture",
							"pattern": [
								"Q Q",
								"QQQ"
							],
							"key": {
								"Q": {
									"item": "minecraft:quartz_block"
								}
							},
							"result": [
								{
									"item": "minecraft:spawn_egg",
									"data": "query.get_actor_info_id('sf:bathtub')",
									"count": 25
								}
							]
						},
						"key": "description",
						"is_minified": true,
						"children": {
							"identifier": "sf:bathtub"
						}
					},
					{
						"open": {
							"description": {
								"identifier": "sf:bathtub"
							},
							"tags": [
								"crafting_table"
							],
							"group": "furniture",
							"pattern": [
								"Q Q",
								"QQQ"
							],
							"key": {
								"Q": {
									"item": "minecraft:quartz_block"
								}
							},
							"result": [
								{
									"item": "minecraft:spawn_egg",
									"data": "query.get_actor_info_id('sf:bathtub')",
									"count": 25
								}
							]
						},
						"key": "tags",
						"is_minified": true,
						"children": [
							"crafting_table"
						]
					},
					{
						"data": "furniture",
						"key": "group"
					},
					{
						"open": {
							"description": {
								"identifier": "sf:bathtub"
							},
							"tags": [
								"crafting_table"
							],
							"group": "furniture",
							"pattern": [
								"Q Q",
								"QQQ"
							],
							"key": {
								"Q": {
									"item": "minecraft:quartz_block"
								}
							},
							"result": [
								{
									"item": "minecraft:spawn_egg",
									"data": "query.get_actor_info_id('sf:bathtub')",
									"count": 25
								}
							]
						},
						"key": "pattern",
						"is_minified": true,
						"children": [
							"Q Q",
							"QQQ"
						]
					},
					{
						"open": {
							"description": {
								"identifier": "sf:bathtub"
							},
							"tags": [
								"crafting_table"
							],
							"group": "furniture",
							"pattern": [
								"Q Q",
								"QQQ"
							],
							"key": {
								"Q": {
									"item": "minecraft:quartz_block"
								}
							},
							"result": [
								{
									"item": "minecraft:spawn_egg",
									"data": "query.get_actor_info_id('sf:bathtub')",
									"count": 25
								}
							]
						},
						"key": "key",
						"children": [
							{
								"open": {
									"Q": {
										"item": "minecraft:quartz_block"
									}
								},
								"key": "Q",
								"is_minified": true,
								"children": {
									"item": "minecraft:quartz_block"
								}
							}
						]
					},
					{
						"open": {
							"description": {
								"identifier": "sf:bathtub"
							},
							"tags": [
								"crafting_table"
							],
							"group": "furniture",
							"pattern": [
								"Q Q",
								"QQQ"
							],
							"key": {
								"Q": {
									"item": "minecraft:quartz_block"
								}
							},
							"result": [
								{
									"item": "minecraft:spawn_egg",
									"data": "query.get_actor_info_id('sf:bathtub')",
									"count": 25
								}
							]
						},
						"key": "result",
						"children": [
							{
								"open": [
									{
										"item": "minecraft:spawn_egg",
										"data": "query.get_actor_info_id('sf:bathtub')",
										"count": 25
									}
								],
								"is_minified": true,
								"children": {
									"item": "minecraft:spawn_egg",
									"data": "query.get_actor_info_id('sf:bathtub')",
									"count": 25
								}
							}
						]
					}
				]
			}
		]
	}
}