{
	"file_path": "C:\\Users\\Hp\\AppData\\Local\\Packages\\Microsoft.MinecraftUWP_8wekyb3d8bbwe\\LocalState\\games\\com.mojang\\development_behavior_packs\\Screenfy FP (Behaviour)\\recipes\\cornercoucha.json",
	"file_type": "recipe",
	"format_version": 1,
	"file_uuid": "564fe6ac_2010_4f60_9a50_8f4b3db88d84",
	"file_version": 0,
	"cache_content": {
		"children": [
			{
				"data": "1.16.100",
				"key": "format_version"
			},
			{
				"open": {
					"format_version": "1.16.100",
					"minecraft:recipe_shapeless": {
						"description": {
							"identifier": "sf:cornercoucha"
						},
						"tags": [
							"crafting_table"
						],
						"group": "furniture",
						"ingredients": [
							{
								"item": "minecraft:wool",
								"data": 4,
								"count": 4
							}
						],
						"result": [
							{
								"item": "minecraft:spawn_egg",
								"data": "query.get_actor_info_id('sf:cornercoucha')",
								"count": 25
							}
						]
					}
				},
				"key": "minecraft:recipe_shapeless",
				"children": [
					{
						"open": {
							"description": {
								"identifier": "sf:cornercoucha"
							},
							"tags": [
								"crafting_table"
							],
							"group": "furniture",
							"ingredients": [
								{
									"item": "minecraft:wool",
									"data": 4,
									"count": 4
								}
							],
							"result": [
								{
									"item": "minecraft:spawn_egg",
									"data": "query.get_actor_info_id('sf:cornercoucha')",
									"count": 25
								}
							]
						},
						"key": "description",
						"is_minified": true,
						"children": {
							"identifier": "sf:cornercoucha"
						}
					},
					{
						"open": {
							"description": {
								"identifier": "sf:cornercoucha"
							},
							"tags": [
								"crafting_table"
							],
							"group": "furniture",
							"ingredients": [
								{
									"item": "minecraft:wool",
									"data": 4,
									"count": 4
								}
							],
							"result": [
								{
									"item": "minecraft:spawn_egg",
									"data": "query.get_actor_info_id('sf:cornercoucha')",
									"count": 25
								}
							]
						},
						"key": "tags",
						"is_minified": true,
						"children": [
							"crafting_table"
						]
					},
					{
						"data": "furniture",
						"key": "group"
					},
					{
						"open": {
							"description": {
								"identifier": "sf:cornercoucha"
							},
							"tags": [
								"crafting_table"
							],
							"group": "furniture",
							"ingredients": [
								{
									"item": "minecraft:wool",
									"data": 4,
									"count": 4
								}
							],
							"result": [
								{
									"item": "minecraft:spawn_egg",
									"data": "query.get_actor_info_id('sf:cornercoucha')",
									"count": 25
								}
							]
						},
						"key": "ingredients",
						"children": [
							{
								"open": [
									{
										"item": "minecraft:wool",
										"data": 4,
										"count": 4
									}
								],
								"is_minified": true,
								"children": {
									"item": "minecraft:wool",
									"data": 4,
									"count": 4
								}
							}
						]
					},
					{
						"open": {
							"description": {
								"identifier": "sf:cornercoucha"
							},
							"tags": [
								"crafting_table"
							],
							"group": "furniture",
							"ingredients": [
								{
									"item": "minecraft:wool",
									"data": 4,
									"count": 4
								}
							],
							"result": [
								{
									"item": "minecraft:spawn_egg",
									"data": "query.get_actor_info_id('sf:cornercoucha')",
									"count": 25
								}
							]
						},
						"key": "result",
						"children": [
							{
								"open": [
									{
										"item": "minecraft:spawn_egg",
										"data": "query.get_actor_info_id('sf:cornercoucha')",
										"count": 25
									}
								],
								"is_minified": true,
								"children": {
									"item": "minecraft:spawn_egg",
									"data": "query.get_actor_info_id('sf:cornercoucha')",
									"count": 25
								}
							}
						]
					}
				]
			}
		]
	}
}