{
	"file_path": "C:\\Users\\Hp\\AppData\\Local\\Packages\\Microsoft.MinecraftUWP_8wekyb3d8bbwe\\LocalState\\games\\com.mojang\\development_behavior_packs\\Screenfy FP (Behaviour)\\recipes\\couchgrayoneperson.json",
	"file_type": "recipe",
	"format_version": 1,
	"file_uuid": "9e62d7fb_7f40_4053_a869_d6f6c9c40b8b",
	"file_version": 0,
	"cache_content": {
		"children": [
			{
				"data": "1.16.100",
				"key": "format_version"
			},
			{
				"open": {
					"format_version": "1.16.100",
					"minecraft:recipe_shaped": {
						"description": {
							"identifier": "sf:couchgrayoneperson"
						},
						"tags": [
							"crafting_table"
						],
						"group": "furniture",
						"pattern": [
							"W W",
							"W W",
							"WWW"
						],
						"key": {
							"W": {
								"item": "minecraft:wool",
								"data": 7
							}
						},
						"result": [
							{
								"item": "minecraft:spawn_egg",
								"data": "query.get_actor_info_id('sf:couchgrayoneperson')",
								"count": 25
							}
						]
					}
				},
				"key": "minecraft:recipe_shaped",
				"children": [
					{
						"open": {
							"description": {
								"identifier": "sf:couchgrayoneperson"
							},
							"tags": [
								"crafting_table"
							],
							"group": "furniture",
							"pattern": [
								"W W",
								"W W",
								"WWW"
							],
							"key": {
								"W": {
									"item": "minecraft:wool",
									"data": 7
								}
							},
							"result": [
								{
									"item": "minecraft:spawn_egg",
									"data": "query.get_actor_info_id('sf:couchgrayoneperson')",
									"count": 25
								}
							]
						},
						"key": "description",
						"is_minified": true,
						"children": {
							"identifier": "sf:couchgrayoneperson"
						}
					},
					{
						"key": "tags",
						"is_minified": true,
						"children": [
							"crafting_table"
						]
					},
					{
						"data": "furniture",
						"key": "group"
					},
					{
						"open": {
							"description": {
								"identifier": "sf:couchgrayoneperson"
							},
							"tags": [
								"crafting_table"
							],
							"group": "furniture",
							"pattern": [
								"W W",
								"W W",
								"WWW"
							],
							"key": {
								"W": {
									"item": "minecraft:wool",
									"data": 7
								}
							},
							"result": [
								{
									"item": "minecraft:spawn_egg",
									"data": "query.get_actor_info_id('sf:couchgrayoneperson')",
									"count": 25
								}
							]
						},
						"key": "pattern",
						"is_minified": true,
						"children": [
							"W W",
							"W W",
							"WWW"
						]
					},
					{
						"open": {
							"description": {
								"identifier": "sf:couchgrayoneperson"
							},
							"tags": [
								"crafting_table"
							],
							"group": "furniture",
							"pattern": [
								"W W",
								"W W",
								"WWW"
							],
							"key": {
								"W": {
									"item": "minecraft:wool",
									"data": 7
								}
							},
							"result": [
								{
									"item": "minecraft:spawn_egg",
									"data": "query.get_actor_info_id('sf:couchgrayoneperson')",
									"count": 25
								}
							]
						},
						"key": "key",
						"children": [
							{
								"open": {
									"W": {
										"item": "minecraft:wool",
										"data": 7
									}
								},
								"key": "W",
								"is_minified": true,
								"children": {
									"item": "minecraft:wool",
									"data": 7
								}
							}
						]
					},
					{
						"open": {
							"description": {
								"identifier": "sf:couchgrayoneperson"
							},
							"tags": [
								"crafting_table"
							],
							"group": "furniture",
							"pattern": [
								"W W",
								"W W",
								"WWW"
							],
							"key": {
								"W": {
									"item": "minecraft:wool",
									"data": 7
								}
							},
							"result": [
								{
									"item": "minecraft:spawn_egg",
									"data": "query.get_actor_info_id('sf:couchgrayoneperson')",
									"count": 25
								}
							]
						},
						"key": "result",
						"children": [
							{
								"open": [
									{
										"item": "minecraft:spawn_egg",
										"data": "query.get_actor_info_id('sf:couchgrayoneperson')",
										"count": 25
									}
								],
								"is_minified": true,
								"children": {
									"item": "minecraft:spawn_egg",
									"data": "query.get_actor_info_id('sf:couchgrayoneperson')",
									"count": 25
								}
							}
						]
					}
				]
			}
		]
	}
}