{
	"file_path": "C:\\Users\\Hp\\AppData\\Local\\Packages\\Microsoft.MinecraftUWP_8wekyb3d8bbwe\\LocalState\\games\\com.mojang\\development_behavior_packs\\Screenfy FP (Behaviour)\\recipes\\drawer.json",
	"file_type": "recipe",
	"format_version": 1,
	"file_uuid": "43ac964a_765a_45c2_aa92_335b5e7748ef",
	"file_version": 1,
	"cache_content": {
		"children": [
			{
				"data": "1.16.100",
				"key": "format_version"
			},
			{
				"open": {
					"format_version": "1.16.100",
					"minecraft:recipe_shaped": {
						"description": {
							"identifier": "sf:drawer"
						},
						"tags": [
							"crafting_table"
						],
						"group": "furniture",
						"pattern": [
							"DD ",
							"DD ",
							"DD "
						],
						"key": {
							"D": {
								"item": "minecraft:iron_door"
							}
						},
						"result": [
							{
								"item": "minecraft:spawn_egg",
								"data": "query.get_actor_info_id('sf:drawer')",
								"count": 25
							}
						]
					}
				},
				"key": "minecraft:recipe_shaped",
				"children": [
					{
						"open": {
							"description": {
								"identifier": "sf:drawer"
							},
							"tags": [
								"crafting_table"
							],
							"group": "furniture",
							"pattern": [
								"DD ",
								"DD ",
								"DD "
							],
							"key": {
								"D": {
									"item": "minecraft:iron_door"
								}
							},
							"result": [
								{
									"item": "minecraft:spawn_egg",
									"data": "query.get_actor_info_id('sf:drawer')",
									"count": 25
								}
							]
						},
						"key": "description",
						"is_minified": true,
						"children": {
							"identifier": "sf:drawer"
						}
					},
					{
						"open": {
							"description": {
								"identifier": "sf:drawer"
							},
							"tags": [
								"crafting_table"
							],
							"group": "furniture",
							"pattern": [
								"DD ",
								"DD ",
								"DD "
							],
							"key": {
								"D": {
									"item": "minecraft:iron_door"
								}
							},
							"result": [
								{
									"item": "minecraft:spawn_egg",
									"data": "query.get_actor_info_id('sf:drawer')",
									"count": 25
								}
							]
						},
						"key": "tags",
						"is_minified": true,
						"children": [
							"crafting_table"
						]
					},
					{
						"data": "furniture",
						"key": "group"
					},
					{
						"open": {
							"description": {
								"identifier": "sf:drawer"
							},
							"tags": [
								"crafting_table"
							],
							"group": "furniture",
							"pattern": [
								"DD ",
								"DD ",
								"DD "
							],
							"key": {
								"D": {
									"item": "minecraft:iron_door"
								}
							},
							"result": [
								{
									"item": "minecraft:spawn_egg",
									"data": "query.get_actor_info_id('sf:drawer')",
									"count": 25
								}
							]
						},
						"key": "pattern",
						"is_minified": true,
						"children": [
							"DD ",
							"DD ",
							"DD "
						]
					},
					{
						"open": {
							"description": {
								"identifier": "sf:drawer"
							},
							"tags": [
								"crafting_table"
							],
							"group": "furniture",
							"pattern": [
								"DD ",
								"DD ",
								"DD "
							],
							"key": {
								"D": {
									"item": "minecraft:iron_door"
								}
							},
							"result": [
								{
									"item": "minecraft:spawn_egg",
									"data": "query.get_actor_info_id('sf:drawer')",
									"count": 25
								}
							]
						},
						"key": "key",
						"children": [
							{
								"open": {
									"D": {
										"item": "minecraft:iron_door"
									}
								},
								"key": "D",
								"is_minified": true,
								"children": {
									"item": "minecraft:iron_door"
								}
							}
						]
					},
					{
						"open": {
							"description": {
								"identifier": "sf:drawer"
							},
							"tags": [
								"crafting_table"
							],
							"group": "furniture",
							"pattern": [
								"DD ",
								"DD ",
								"DD "
							],
							"key": {
								"D": {
									"item": "minecraft:iron_door"
								}
							},
							"result": [
								{
									"item": "minecraft:spawn_egg",
									"data": "query.get_actor_info_id('sf:drawer')",
									"count": 25
								}
							]
						},
						"key": "result",
						"children": [
							{
								"open": [
									{
										"item": "minecraft:spawn_egg",
										"data": "query.get_actor_info_id('sf:drawer')",
										"count": 25
									}
								],
								"is_minified": true,
								"children": {
									"item": "minecraft:spawn_egg",
									"data": "query.get_actor_info_id('sf:drawer')",
									"count": 25
								}
							}
						]
					}
				]
			}
		]
	}
}