{
	"file_path": "C:\\Users\\Hp\\AppData\\Local\\Packages\\Microsoft.MinecraftUWP_8wekyb3d8bbwe\\LocalState\\games\\com.mojang\\development_behavior_packs\\Screenfy FP (Behaviour)\\recipes\\gamingsetup.json",
	"file_type": "recipe",
	"format_version": 1,
	"file_uuid": "52327567_81e3_4cd8_8e5e_cbeec89bc802",
	"file_version": 0,
	"cache_content": {
		"children": [
			{
				"data": "1.16.100",
				"key": "format_version"
			},
			{
				"open": {
					"format_version": "1.16.100",
					"minecraft:recipe_shaped": {
						"description": {
							"identifier": "sf:gamingsetup"
						},
						"tags": [
							"crafting_table"
						],
						"group": "furniture",
						"pattern": [
							"RGB",
							"QQQ",
							"Q Q"
						],
						"key": {
							"R": {
								"item": "minecraft:concrete",
								"data": 14
							},
							"G": {
								"item": "minecraft:concrete",
								"data": 13
							},
							"B": {
								"item": "minecraft:concrete",
								"data": 11
							},
							"Q": {
								"item": "minecraft:quartz_block"
							}
						},
						"result": [
							{
								"item": "minecraft:spawn_egg",
								"data": "query.get_actor_info_id('sf:gamingsetup')",
								"count": 25
							}
						]
					}
				},
				"key": "minecraft:recipe_shaped",
				"children": [
					{
						"open": {
							"description": {
								"identifier": "sf:gamingsetup"
							},
							"tags": [
								"crafting_table"
							],
							"group": "furniture",
							"pattern": [
								"RGB",
								"QQQ",
								"Q Q"
							],
							"key": {
								"R": {
									"item": "minecraft:concrete",
									"data": 14
								},
								"G": {
									"item": "minecraft:concrete",
									"data": 13
								},
								"B": {
									"item": "minecraft:concrete",
									"data": 11
								},
								"Q": {
									"item": "minecraft:quartz_block"
								}
							},
							"result": [
								{
									"item": "minecraft:spawn_egg",
									"data": "query.get_actor_info_id('sf:gamingsetup')",
									"count": 25
								}
							]
						},
						"key": "description",
						"is_minified": true,
						"children": {
							"identifier": "sf:gamingsetup"
						}
					},
					{
						"open": {
							"description": {
								"identifier": "sf:gamingsetup"
							},
							"tags": [
								"crafting_table"
							],
							"group": "furniture",
							"pattern": [
								"RGB",
								"QQQ",
								"Q Q"
							],
							"key": {
								"R": {
									"item": "minecraft:concrete",
									"data": 14
								},
								"G": {
									"item": "minecraft:concrete",
									"data": 13
								},
								"B": {
									"item": "minecraft:concrete",
									"data": 11
								},
								"Q": {
									"item": "minecraft:quartz_block"
								}
							},
							"result": [
								{
									"item": "minecraft:spawn_egg",
									"data": "query.get_actor_info_id('sf:gamingsetup')",
									"count": 25
								}
							]
						},
						"key": "tags",
						"is_minified": true,
						"children": [
							"crafting_table"
						]
					},
					{
						"data": "furniture",
						"key": "group"
					},
					{
						"open": {
							"description": {
								"identifier": "sf:gamingsetup"
							},
							"tags": [
								"crafting_table"
							],
							"group": "furniture",
							"pattern": [
								"RGB",
								"QQQ",
								"Q Q"
							],
							"key": {
								"R": {
									"item": "minecraft:concrete",
									"data": 14
								},
								"G": {
									"item": "minecraft:concrete",
									"data": 13
								},
								"B": {
									"item": "minecraft:concrete",
									"data": 11
								},
								"Q": {
									"item": "minecraft:quartz_block"
								}
							},
							"result": [
								{
									"item": "minecraft:spawn_egg",
									"data": "query.get_actor_info_id('sf:gamingsetup')",
									"count": 25
								}
							]
						},
						"key": "pattern",
						"is_minified": true,
						"children": [
							"RGB",
							"QQQ",
							"Q Q"
						]
					},
					{
						"open": {
							"description": {
								"identifier": "sf:gamingsetup"
							},
							"tags": [
								"crafting_table"
							],
							"group": "furniture",
							"pattern": [
								"RGB",
								"QQQ",
								"Q Q"
							],
							"key": {
								"R": {
									"item": "minecraft:concrete",
									"data": 14
								},
								"G": {
									"item": "minecraft:concrete",
									"data": 13
								},
								"B": {
									"item": "minecraft:concrete",
									"data": 11
								},
								"Q": {
									"item": "minecraft:quartz_block"
								}
							},
							"result": [
								{
									"item": "minecraft:spawn_egg",
									"data": "query.get_actor_info_id('sf:gamingsetup')",
									"count": 25
								}
							]
						},
						"key": "key",
						"children": [
							{
								"open": {
									"R": {
										"item": "minecraft:concrete",
										"data": 14
									},
									"G": {
										"item": "minecraft:concrete",
										"data": 13
									},
									"B": {
										"item": "minecraft:concrete",
										"data": 11
									},
									"Q": {
										"item": "minecraft:quartz_block"
									}
								},
								"key": "R",
								"is_minified": true,
								"children": {
									"item": "minecraft:concrete",
									"data": 14
								}
							},
							{
								"open": {
									"R": {
										"item": "minecraft:concrete",
										"data": 14
									},
									"G": {
										"item": "minecraft:concrete",
										"data": 13
									},
									"B": {
										"item": "minecraft:concrete",
										"data": 11
									},
									"Q": {
										"item": "minecraft:quartz_block"
									}
								},
								"key": "G",
								"is_minified": true,
								"children": {
									"item": "minecraft:concrete",
									"data": 13
								}
							},
							{
								"open": {
									"R": {
										"item": "minecraft:concrete",
										"data": 14
									},
									"G": {
										"item": "minecraft:concrete",
										"data": 13
									},
									"B": {
										"item": "minecraft:concrete",
										"data": 11
									},
									"Q": {
										"item": "minecraft:quartz_block"
									}
								},
								"key": "B",
								"is_minified": true,
								"children": {
									"item": "minecraft:concrete",
									"data": 11
								}
							},
							{
								"open": {
									"R": {
										"item": "minecraft:concrete",
										"data": 14
									},
									"G": {
										"item": "minecraft:concrete",
										"data": 13
									},
									"B": {
										"item": "minecraft:concrete",
										"data": 11
									},
									"Q": {
										"item": "minecraft:quartz_block"
									}
								},
								"key": "Q",
								"is_minified": true,
								"children": {
									"item": "minecraft:quartz_block"
								}
							}
						]
					},
					{
						"open": {
							"description": {
								"identifier": "sf:gamingsetup"
							},
							"tags": [
								"crafting_table"
							],
							"group": "furniture",
							"pattern": [
								"RGB",
								"QQQ",
								"Q Q"
							],
							"key": {
								"R": {
									"item": "minecraft:concrete",
									"data": 14
								},
								"G": {
									"item": "minecraft:concrete",
									"data": 13
								},
								"B": {
									"item": "minecraft:concrete",
									"data": 11
								},
								"Q": {
									"item": "minecraft:quartz_block"
								}
							},
							"result": [
								{
									"item": "minecraft:spawn_egg",
									"data": "query.get_actor_info_id('sf:gamingsetup')",
									"count": 25
								}
							]
						},
						"key": "result",
						"children": [
							{
								"open": [
									{
										"item": "minecraft:spawn_egg",
										"data": "query.get_actor_info_id('sf:gamingsetup')",
										"count": 25
									}
								],
								"is_minified": true,
								"children": {
									"item": "minecraft:spawn_egg",
									"data": "query.get_actor_info_id('sf:gamingsetup')",
									"count": 25
								}
							}
						]
					}
				]
			}
		]
	}
}