{
	"file_path": "C:\\Users\\Hp\\AppData\\Local\\Packages\\Microsoft.MinecraftUWP_8wekyb3d8bbwe\\LocalState\\games\\com.mojang\\development_behavior_packs\\Screenfy FP (Behaviour)\\recipes\\lamp.json",
	"file_type": "recipe",
	"format_version": 1,
	"file_uuid": "67ab5bc1_7f0c_48d5_b323_83217d30fd78",
	"file_version": 1,
	"cache_content": {
		"children": [
			{
				"data": "1.16.100",
				"key": "format_version"
			},
			{
				"open": {
					"format_version": "1.16.100",
					"minecraft:recipe_shaped": {
						"description": {
							"identifier": "sf:lamp"
						},
						"tags": [
							"crafting_table"
						],
						"group": "furniture",
						"pattern": [
							" G ",
							" S ",
							" T "
						],
						"key": {
							"G": {
								"item": "minecraft:glowstone"
							},
							"S": {
								"item": "minecraft:stick"
							},
							"T": {
								"item": "minecraft:stone_slab"
							}
						},
						"result": [
							{
								"item": "minecraft:spawn_egg",
								"data": "query.get_actor_info_id('sf:lamp')",
								"count": 25
							}
						]
					}
				},
				"key": "minecraft:recipe_shaped",
				"children": [
					{
						"open": {
							"description": {
								"identifier": "sf:lamp"
							},
							"tags": [
								"crafting_table"
							],
							"group": "furniture",
							"pattern": [
								" G ",
								" S ",
								" T "
							],
							"key": {
								"G": {
									"item": "minecraft:glowstone"
								},
								"S": {
									"item": "minecraft:stick"
								},
								"T": {
									"item": "minecraft:stone_slab"
								}
							},
							"result": [
								{
									"item": "minecraft:spawn_egg",
									"data": "query.get_actor_info_id('sf:lamp')",
									"count": 25
								}
							]
						},
						"key": "description",
						"is_minified": true,
						"children": {
							"identifier": "sf:lamp"
						}
					},
					{
						"open": {
							"description": {
								"identifier": "sf:lamp"
							},
							"tags": [
								"crafting_table"
							],
							"group": "furniture",
							"pattern": [
								" G ",
								" S ",
								" T "
							],
							"key": {
								"G": {
									"item": "minecraft:glowstone"
								},
								"S": {
									"item": "minecraft:stick"
								},
								"T": {
									"item": "minecraft:stone_slab"
								}
							},
							"result": [
								{
									"item": "minecraft:spawn_egg",
									"data": "query.get_actor_info_id('sf:lamp')",
									"count": 25
								}
							]
						},
						"key": "tags",
						"is_minified": true,
						"children": [
							"crafting_table"
						]
					},
					{
						"data": "furniture",
						"key": "group"
					},
					{
						"open": {
							"description": {
								"identifier": "sf:lamp"
							},
							"tags": [
								"crafting_table"
							],
							"group": "furniture",
							"pattern": [
								" G ",
								" S ",
								" T "
							],
							"key": {
								"G": {
									"item": "minecraft:glowstone"
								},
								"S": {
									"item": "minecraft:stick"
								},
								"T": {
									"item": "minecraft:stone_slab"
								}
							},
							"result": [
								{
									"item": "minecraft:spawn_egg",
									"data": "query.get_actor_info_id('sf:lamp')",
									"count": 25
								}
							]
						},
						"key": "pattern",
						"is_minified": true,
						"children": [
							" G ",
							" S ",
							" T "
						]
					},
					{
						"open": {
							"description": {
								"identifier": "sf:lamp"
							},
							"tags": [
								"crafting_table"
							],
							"group": "furniture",
							"pattern": [
								" G ",
								" S ",
								" T "
							],
							"key": {
								"G": {
									"item": "minecraft:glowstone"
								},
								"S": {
									"item": "minecraft:stick"
								},
								"T": {
									"item": "minecraft:stone_slab"
								}
							},
							"result": [
								{
									"item": "minecraft:spawn_egg",
									"data": "query.get_actor_info_id('sf:lamp')",
									"count": 25
								}
							]
						},
						"key": "key",
						"children": [
							{
								"open": {
									"G": {
										"item": "minecraft:glowstone"
									},
									"S": {
										"item": "minecraft:stick"
									},
									"T": {
										"item": "minecraft:stone_slab"
									}
								},
								"key": "G",
								"is_minified": true,
								"children": {
									"item": "minecraft:glowstone"
								}
							},
							{
								"open": {
									"G": {
										"item": "minecraft:glowstone"
									},
									"S": {
										"item": "minecraft:stick"
									},
									"T": {
										"item": "minecraft:stone_slab"
									}
								},
								"key": "S",
								"is_minified": true,
								"children": {
									"item": "minecraft:stick"
								}
							},
							{
								"open": {
									"G": {
										"item": "minecraft:glowstone"
									},
									"S": {
										"item": "minecraft:stick"
									},
									"T": {
										"item": "minecraft:stone_slab"
									}
								},
								"key": "T",
								"is_minified": true,
								"children": {
									"item": "minecraft:stone_slab"
								}
							}
						]
					},
					{
						"open": {
							"description": {
								"identifier": "sf:lamp"
							},
							"tags": [
								"crafting_table"
							],
							"group": "furniture",
							"pattern": [
								" G ",
								" S ",
								" T "
							],
							"key": {
								"G": {
									"item": "minecraft:glowstone"
								},
								"S": {
									"item": "minecraft:stick"
								},
								"T": {
									"item": "minecraft:stone_slab"
								}
							},
							"result": [
								{
									"item": "minecraft:spawn_egg",
									"data": "query.get_actor_info_id('sf:lamp')",
									"count": 25
								}
							]
						},
						"key": "result",
						"children": [
							{
								"open": [
									{
										"item": "minecraft:spawn_egg",
										"data": "query.get_actor_info_id('sf:lamp')",
										"count": 25
									}
								],
								"is_minified": true,
								"children": {
									"item": "minecraft:spawn_egg",
									"data": "query.get_actor_info_id('sf:lamp')",
									"count": 25
								}
							}
						]
					}
				]
			}
		]
	}
}