{
	"file_path": "C:\\Users\\Hp\\AppData\\Local\\Packages\\Microsoft.MinecraftUWP_8wekyb3d8bbwe\\LocalState\\games\\com.mojang\\development_behavior_packs\\Screenfy FP (Behaviour)\\recipes\\microphone.json",
	"file_type": "recipe",
	"format_version": 1,
	"file_uuid": "e14854a7_b009_4bb7_ac3f_625639bf6a7f",
	"file_version": 0,
	"cache_content": {
		"children": [
			{
				"data": "1.16.100",
				"key": "format_version"
			},
			{
				"open": {
					"format_version": "1.16.100",
					"minecraft:recipe_shaped": {
						"description": {
							"identifier": "sf:microphone"
						},
						"tags": [
							"crafting_table"
						],
						"group": "furniture",
						"pattern": [
							"C",
							"I"
						],
						"key": {
							"C": {
								"item": "minecraft:iron_ingot"
							},
							"I": {
								"item": "minecraft:coal"
							}
						},
						"result": [
							{
								"item": "minecraft:spawn_egg",
								"data": "query.get_actor_info_id('sf:microphone')",
								"count": 25
							}
						]
					}
				},
				"key": "minecraft:recipe_shaped",
				"children": [
					{
						"open": {
							"description": {
								"identifier": "sf:microphone"
							},
							"tags": [
								"crafting_table"
							],
							"group": "furniture",
							"pattern": [
								"C",
								"I"
							],
							"key": {
								"C": {
									"item": "minecraft:iron_ingot"
								},
								"I": {
									"item": "minecraft:coal"
								}
							},
							"result": [
								{
									"item": "minecraft:spawn_egg",
									"data": "query.get_actor_info_id('sf:microphone')",
									"count": 25
								}
							]
						},
						"key": "description",
						"is_minified": true,
						"children": {
							"identifier": "sf:microphone"
						}
					},
					{
						"open": {
							"description": {
								"identifier": "sf:microphone"
							},
							"tags": [
								"crafting_table"
							],
							"group": "furniture",
							"pattern": [
								"C",
								"I"
							],
							"key": {
								"C": {
									"item": "minecraft:iron_ingot"
								},
								"I": {
									"item": "minecraft:coal"
								}
							},
							"result": [
								{
									"item": "minecraft:spawn_egg",
									"data": "query.get_actor_info_id('sf:microphone')",
									"count": 25
								}
							]
						},
						"key": "tags",
						"is_minified": true,
						"children": [
							"crafting_table"
						]
					},
					{
						"data": "furniture",
						"key": "group"
					},
					{
						"open": {
							"description": {
								"identifier": "sf:microphone"
							},
							"tags": [
								"crafting_table"
							],
							"group": "furniture",
							"pattern": [
								"C",
								"I"
							],
							"key": {
								"C": {
									"item": "minecraft:iron_ingot"
								},
								"I": {
									"item": "minecraft:coal"
								}
							},
							"result": [
								{
									"item": "minecraft:spawn_egg",
									"data": "query.get_actor_info_id('sf:microphone')",
									"count": 25
								}
							]
						},
						"key": "pattern",
						"is_minified": true,
						"children": [
							"C",
							"I"
						]
					},
					{
						"open": {
							"description": {
								"identifier": "sf:microphone"
							},
							"tags": [
								"crafting_table"
							],
							"group": "furniture",
							"pattern": [
								"C",
								"I"
							],
							"key": {
								"C": {
									"item": "minecraft:iron_ingot"
								},
								"I": {
									"item": "minecraft:coal"
								}
							},
							"result": [
								{
									"item": "minecraft:spawn_egg",
									"data": "query.get_actor_info_id('sf:microphone')",
									"count": 25
								}
							]
						},
						"key": "key",
						"children": [
							{
								"open": {
									"C": {
										"item": "minecraft:iron_ingot"
									},
									"I": {
										"item": "minecraft:coal"
									}
								},
								"key": "C",
								"is_minified": true,
								"children": {
									"item": "minecraft:iron_ingot"
								}
							},
							{
								"open": {
									"C": {
										"item": "minecraft:iron_ingot"
									},
									"I": {
										"item": "minecraft:coal"
									}
								},
								"key": "I",
								"is_minified": true,
								"children": {
									"item": "minecraft:coal"
								}
							}
						]
					},
					{
						"open": {
							"description": {
								"identifier": "sf:microphone"
							},
							"tags": [
								"crafting_table"
							],
							"group": "furniture",
							"pattern": [
								"C",
								"I"
							],
							"key": {
								"C": {
									"item": "minecraft:iron_ingot"
								},
								"I": {
									"item": "minecraft:coal"
								}
							},
							"result": [
								{
									"item": "minecraft:spawn_egg",
									"data": "query.get_actor_info_id('sf:microphone')",
									"count": 25
								}
							]
						},
						"key": "result",
						"children": [
							{
								"open": [
									{
										"item": "minecraft:spawn_egg",
										"data": "query.get_actor_info_id('sf:microphone')",
										"count": 25
									}
								],
								"is_minified": true,
								"children": {
									"item": "minecraft:spawn_egg",
									"data": "query.get_actor_info_id('sf:microphone')",
									"count": 25
								}
							}
						]
					}
				]
			}
		]
	}
}