{
	"file_path": "C:\\Users\\Hp\\AppData\\Local\\Packages\\Microsoft.MinecraftUWP_8wekyb3d8bbwe\\LocalState\\games\\com.mojang\\development_behavior_packs\\Screenfy FP (Behaviour)\\recipes\\microwave.json",
	"file_type": "recipe",
	"format_version": 1,
	"file_uuid": "c26baeed_4ed3_4370_a745_6516949e3d2f",
	"file_version": 0,
	"cache_content": {
		"children": [
			{
				"data": "1.16.100",
				"key": "format_version"
			},
			{
				"open": {
					"format_version": "1.16.100",
					"minecraft:recipe_shaped": {
						"description": {
							"identifier": "sf:microwave"
						},
						"tags": [
							"crafting_table"
						],
						"group": "furniture",
						"pattern": [
							"III",
							"IGB",
							"III"
						],
						"key": {
							"I": {
								"item": "minecraft:iron_ingot"
							},
							"G": {
								"item": "minecraft:glass"
							},
							"B": {
								"item": "minecraft:stone_button"
							}
						},
						"result": [
							{
								"item": "minecraft:spawn_egg",
								"data": "query.get_actor_info_id('sf:microwave')",
								"count": 25
							}
						]
					}
				},
				"key": "minecraft:recipe_shaped",
				"children": [
					{
						"open": {
							"description": {
								"identifier": "sf:microwave"
							},
							"tags": [
								"crafting_table"
							],
							"group": "furniture",
							"pattern": [
								"III",
								"IGB",
								"III"
							],
							"key": {
								"I": {
									"item": "minecraft:iron_ingot"
								},
								"G": {
									"item": "minecraft:glass"
								},
								"B": {
									"item": "minecraft:stone_button"
								}
							},
							"result": [
								{
									"item": "minecraft:spawn_egg",
									"data": "query.get_actor_info_id('sf:microwave')",
									"count": 25
								}
							]
						},
						"key": "description",
						"is_minified": true,
						"children": {
							"identifier": "sf:microwave"
						}
					},
					{
						"open": {
							"description": {
								"identifier": "sf:microwave"
							},
							"tags": [
								"crafting_table"
							],
							"group": "furniture",
							"pattern": [
								"III",
								"IGB",
								"III"
							],
							"key": {
								"I": {
									"item": "minecraft:iron_ingot"
								},
								"G": {
									"item": "minecraft:glass"
								},
								"B": {
									"item": "minecraft:stone_button"
								}
							},
							"result": [
								{
									"item": "minecraft:spawn_egg",
									"data": "query.get_actor_info_id('sf:microwave')",
									"count": 25
								}
							]
						},
						"key": "tags",
						"is_minified": true,
						"children": [
							"crafting_table"
						]
					},
					{
						"data": "furniture",
						"key": "group"
					},
					{
						"open": {
							"description": {
								"identifier": "sf:microwave"
							},
							"tags": [
								"crafting_table"
							],
							"group": "furniture",
							"pattern": [
								"III",
								"IGB",
								"III"
							],
							"key": {
								"I": {
									"item": "minecraft:iron_ingot"
								},
								"G": {
									"item": "minecraft:glass"
								},
								"B": {
									"item": "minecraft:stone_button"
								}
							},
							"result": [
								{
									"item": "minecraft:spawn_egg",
									"data": "query.get_actor_info_id('sf:microwave')",
									"count": 25
								}
							]
						},
						"key": "pattern",
						"is_minified": true,
						"children": [
							"III",
							"IGB",
							"III"
						]
					},
					{
						"open": {
							"description": {
								"identifier": "sf:microwave"
							},
							"tags": [
								"crafting_table"
							],
							"group": "furniture",
							"pattern": [
								"III",
								"IGB",
								"III"
							],
							"key": {
								"I": {
									"item": "minecraft:iron_ingot"
								},
								"G": {
									"item": "minecraft:glass"
								},
								"B": {
									"item": "minecraft:stone_button"
								}
							},
							"result": [
								{
									"item": "minecraft:spawn_egg",
									"data": "query.get_actor_info_id('sf:microwave')",
									"count": 25
								}
							]
						},
						"key": "key",
						"children": [
							{
								"open": {
									"I": {
										"item": "minecraft:iron_ingot"
									},
									"G": {
										"item": "minecraft:glass"
									},
									"B": {
										"item": "minecraft:stone_button"
									}
								},
								"key": "I",
								"is_minified": true,
								"children": {
									"item": "minecraft:iron_ingot"
								}
							},
							{
								"open": {
									"I": {
										"item": "minecraft:iron_ingot"
									},
									"G": {
										"item": "minecraft:glass"
									},
									"B": {
										"item": "minecraft:stone_button"
									}
								},
								"key": "G",
								"is_minified": true,
								"children": {
									"item": "minecraft:glass"
								}
							},
							{
								"open": {
									"I": {
										"item": "minecraft:iron_ingot"
									},
									"G": {
										"item": "minecraft:glass"
									},
									"B": {
										"item": "minecraft:stone_button"
									}
								},
								"key": "B",
								"is_minified": true,
								"children": {
									"item": "minecraft:stone_button"
								}
							}
						]
					},
					{
						"open": {
							"description": {
								"identifier": "sf:microwave"
							},
							"tags": [
								"crafting_table"
							],
							"group": "furniture",
							"pattern": [
								"III",
								"IGB",
								"III"
							],
							"key": {
								"I": {
									"item": "minecraft:iron_ingot"
								},
								"G": {
									"item": "minecraft:glass"
								},
								"B": {
									"item": "minecraft:stone_button"
								}
							},
							"result": [
								{
									"item": "minecraft:spawn_egg",
									"data": "query.get_actor_info_id('sf:microwave')",
									"count": 25
								}
							]
						},
						"key": "result",
						"children": [
							{
								"open": [
									{
										"item": "minecraft:spawn_egg",
										"data": "query.get_actor_info_id('sf:microwave')",
										"count": 25
									}
								],
								"is_minified": true,
								"children": {
									"item": "minecraft:spawn_egg",
									"data": "query.get_actor_info_id('sf:microwave')",
									"count": 25
								}
							}
						]
					}
				]
			}
		]
	}
}