{
	"file_path": "C:\\Users\\Hp\\AppData\\Local\\Packages\\Microsoft.MinecraftUWP_8wekyb3d8bbwe\\LocalState\\games\\com.mojang\\development_behavior_packs\\Screenfy FP (Behaviour)\\recipes\\modernbed1.json",
	"file_type": "recipe",
	"format_version": 1,
	"file_uuid": "f359479d_df1b_4dca_8cc3_8e7101c19c5f",
	"file_version": 1,
	"cache_content": {
		"children": [
			{
				"data": "1.16.100",
				"key": "format_version"
			},
			{
				"open": {
					"format_version": "1.16.100",
					"minecraft:recipe_shaped": {
						"description": {
							"identifier": "sf:modernbed"
						},
						"tags": [
							"crafting_table"
						],
						"group": "furniture",
						"pattern": [
							"CCC",
							"SSS"
						],
						"key": {
							"C": {
								"item": "minecraft:carpet",
								"data": 8
							},
							"S": {
								"item": "minecraft:smooth_stone"
							}
						},
						"result": [
							{
								"item": "minecraft:spawn_egg",
								"data": "query.get_actor_info_id('sf:modernbed1')",
								"count": 25
							}
						]
					}
				},
				"key": "minecraft:recipe_shaped",
				"children": [
					{
						"open": {
							"description": {
								"identifier": "sf:modernbed"
							},
							"tags": [
								"crafting_table"
							],
							"group": "furniture",
							"pattern": [
								"CCC",
								"SSS"
							],
							"key": {
								"C": {
									"item": "minecraft:carpet",
									"data": 8
								},
								"S": {
									"item": "minecraft:smooth_stone"
								}
							},
							"result": [
								{
									"item": "minecraft:spawn_egg",
									"data": "query.get_actor_info_id('sf:modernbed1')",
									"count": 25
								}
							]
						},
						"key": "description",
						"is_minified": true,
						"children": {
							"identifier": "sf:modernbed"
						}
					},
					{
						"open": {
							"description": {
								"identifier": "sf:modernbed"
							},
							"tags": [
								"crafting_table"
							],
							"group": "furniture",
							"pattern": [
								"CCC",
								"SSS"
							],
							"key": {
								"C": {
									"item": "minecraft:carpet",
									"data": 8
								},
								"S": {
									"item": "minecraft:smooth_stone"
								}
							},
							"result": [
								{
									"item": "minecraft:spawn_egg",
									"data": "query.get_actor_info_id('sf:modernbed1')",
									"count": 25
								}
							]
						},
						"key": "tags",
						"is_minified": true,
						"children": [
							"crafting_table"
						]
					},
					{
						"data": "furniture",
						"key": "group"
					},
					{
						"open": {
							"description": {
								"identifier": "sf:modernbed"
							},
							"tags": [
								"crafting_table"
							],
							"group": "furniture",
							"pattern": [
								"CCC",
								"SSS"
							],
							"key": {
								"C": {
									"item": "minecraft:carpet",
									"data": 8
								},
								"S": {
									"item": "minecraft:smooth_stone"
								}
							},
							"result": [
								{
									"item": "minecraft:spawn_egg",
									"data": "query.get_actor_info_id('sf:modernbed1')",
									"count": 25
								}
							]
						},
						"key": "pattern",
						"is_minified": true,
						"children": [
							"CCC",
							"SSS"
						]
					},
					{
						"open": {
							"description": {
								"identifier": "sf:modernbed"
							},
							"tags": [
								"crafting_table"
							],
							"group": "furniture",
							"pattern": [
								"CCC",
								"SSS"
							],
							"key": {
								"C": {
									"item": "minecraft:carpet",
									"data": 8
								},
								"S": {
									"item": "minecraft:smooth_stone"
								}
							},
							"result": [
								{
									"item": "minecraft:spawn_egg",
									"data": "query.get_actor_info_id('sf:modernbed1')",
									"count": 25
								}
							]
						},
						"key": "key",
						"children": [
							{
								"open": {
									"C": {
										"item": "minecraft:carpet",
										"data": 8
									},
									"S": {
										"item": "minecraft:smooth_stone"
									}
								},
								"key": "C",
								"is_minified": true,
								"children": {
									"item": "minecraft:carpet",
									"data": 8
								}
							},
							{
								"open": {
									"C": {
										"item": "minecraft:carpet",
										"data": 8
									},
									"S": {
										"item": "minecraft:smooth_stone"
									}
								},
								"key": "S",
								"is_minified": true,
								"children": {
									"item": "minecraft:smooth_stone"
								}
							}
						]
					},
					{
						"open": {
							"description": {
								"identifier": "sf:modernbed"
							},
							"tags": [
								"crafting_table"
							],
							"group": "furniture",
							"pattern": [
								"CCC",
								"SSS"
							],
							"key": {
								"C": {
									"item": "minecraft:carpet",
									"data": 8
								},
								"S": {
									"item": "minecraft:smooth_stone"
								}
							},
							"result": [
								{
									"item": "minecraft:spawn_egg",
									"data": "query.get_actor_info_id('sf:modernbed1')",
									"count": 25
								}
							]
						},
						"key": "result",
						"children": [
							{
								"open": [
									{
										"item": "minecraft:spawn_egg",
										"data": "query.get_actor_info_id('sf:modernbed1')",
										"count": 25
									}
								],
								"is_minified": true,
								"children": {
									"item": "minecraft:spawn_egg",
									"data": "query.get_actor_info_id('sf:modernbed1')",
									"count": 25
								}
							}
						]
					}
				]
			}
		]
	}
}