{
	"file_path": "C:\\Users\\Hp\\AppData\\Local\\Packages\\Microsoft.MinecraftUWP_8wekyb3d8bbwe\\LocalState\\games\\com.mojang\\development_behavior_packs\\Screenfy FP (Behaviour)\\recipes\\officechairgray.json",
	"file_type": "recipe",
	"format_version": 1,
	"file_uuid": "5e1c2710_1a2f_476a_ae7c_e368a55ccc94",
	"file_version": 0,
	"cache_content": {
		"children": [
			{
				"data": "1.16.100",
				"key": "format_version"
			},
			{
				"open": {
					"format_version": "1.16.100",
					"minecraft:recipe_shaped": {
						"description": {
							"identifier": "sf:officechairgray"
						},
						"tags": [
							"crafting_table"
						],
						"group": "furniture",
						"pattern": [
							"W",
							"WWW",
							"B B"
						],
						"key": {
							"W": {
								"item": "minecraft:wool",
								"data": 7
							},
							"B": {
								"item": "minecraft:polished_blackstone_button"
							}
						},
						"result": [
							{
								"item": "minecraft:spawn_egg",
								"data": "query.get_actor_info_id('sf:officechairgray')",
								"count": 25
							}
						]
					}
				},
				"key": "minecraft:recipe_shaped",
				"children": [
					{
						"open": {
							"description": {
								"identifier": "sf:officechairgray"
							},
							"tags": [
								"crafting_table"
							],
							"group": "furniture",
							"pattern": [
								"W",
								"WWW",
								"B B"
							],
							"key": {
								"W": {
									"item": "minecraft:wool",
									"data": 7
								},
								"B": {
									"item": "minecraft:polished_blackstone_button"
								}
							},
							"result": [
								{
									"item": "minecraft:spawn_egg",
									"data": "query.get_actor_info_id('sf:officechairgray')",
									"count": 25
								}
							]
						},
						"key": "description",
						"is_minified": true,
						"children": {
							"identifier": "sf:officechairgray"
						}
					},
					{
						"key": "tags",
						"is_minified": true,
						"children": [
							"crafting_table"
						]
					},
					{
						"data": "furniture",
						"key": "group"
					},
					{
						"open": {
							"description": {
								"identifier": "sf:officechairgray"
							},
							"tags": [
								"crafting_table"
							],
							"group": "furniture",
							"pattern": [
								"W",
								"WWW",
								"B B"
							],
							"key": {
								"W": {
									"item": "minecraft:wool",
									"data": 7
								},
								"B": {
									"item": "minecraft:polished_blackstone_button"
								}
							},
							"result": [
								{
									"item": "minecraft:spawn_egg",
									"data": "query.get_actor_info_id('sf:officechairgray')",
									"count": 25
								}
							]
						},
						"key": "pattern",
						"is_minified": true,
						"children": [
							"W",
							"WWW",
							"B B"
						]
					},
					{
						"open": {
							"description": {
								"identifier": "sf:officechairgray"
							},
							"tags": [
								"crafting_table"
							],
							"group": "furniture",
							"pattern": [
								"W",
								"WWW",
								"B B"
							],
							"key": {
								"W": {
									"item": "minecraft:wool",
									"data": 7
								},
								"B": {
									"item": "minecraft:polished_blackstone_button"
								}
							},
							"result": [
								{
									"item": "minecraft:spawn_egg",
									"data": "query.get_actor_info_id('sf:officechairgray')",
									"count": 25
								}
							]
						},
						"key": "key",
						"children": [
							{
								"open": {
									"W": {
										"item": "minecraft:wool",
										"data": 7
									},
									"B": {
										"item": "minecraft:polished_blackstone_button"
									}
								},
								"key": "W",
								"is_minified": true,
								"children": {
									"item": "minecraft:wool",
									"data": 7
								}
							},
							{
								"open": {
									"W": {
										"item": "minecraft:wool",
										"data": 7
									},
									"B": {
										"item": "minecraft:polished_blackstone_button"
									}
								},
								"key": "B",
								"is_minified": true,
								"children": {
									"item": "minecraft:polished_blackstone_button"
								}
							}
						]
					},
					{
						"open": {
							"description": {
								"identifier": "sf:officechairgray"
							},
							"tags": [
								"crafting_table"
							],
							"group": "furniture",
							"pattern": [
								"W",
								"WWW",
								"B B"
							],
							"key": {
								"W": {
									"item": "minecraft:wool",
									"data": 7
								},
								"B": {
									"item": "minecraft:polished_blackstone_button"
								}
							},
							"result": [
								{
									"item": "minecraft:spawn_egg",
									"data": "query.get_actor_info_id('sf:officechairgray')",
									"count": 25
								}
							]
						},
						"key": "result",
						"children": [
							{
								"open": [
									{
										"item": "minecraft:spawn_egg",
										"data": "query.get_actor_info_id('sf:officechairgray')",
										"count": 25
									}
								],
								"is_minified": true,
								"children": {
									"item": "minecraft:spawn_egg",
									"data": "query.get_actor_info_id('sf:officechairgray')",
									"count": 25
								}
							}
						]
					}
				]
			}
		]
	}
}