{
  "format_version": "1.16.100",
  "minecraft:item": {
    "description": {
      "identifier": "serp:rare_candy",
      "category": "Equipment"
    },
    "components": {
      "minecraft:display_name":{
        "value":"item.serp:rare_candy.name"
         },
      "minecraft:creative_category": {
        "parent": "itemGroup.name.equipment"
      },
      "minecraft:allow_off_hand": false,
      "minecraft:hand_equipped": false,
      "minecraft:stacked_by_data": true,
      "minecraft:cooldown": {
        "category": "reload",
        "duration": 1
      },
      "minecraft:max_stack_size": 64,
      "minecraft:icon": {
        "texture": "rare_candy"
      },
  "minecraft:render_offsets": {
        "main_hand": {
"first_person":{"scale": [0.01,0.01,0.01]},
"third_person":{"scale": [0.02,0.02,0.02]}},
        "off_hand": {
"first_person":{"scale":[0.01,0.01,0.01]},
"third_person":{"scale":[0.02,0.02,0.02]}}
      },
      "minecraft:on_use": {
          "on_use":{"event":"serp:use"}
      }
    },
    "events": {
        "serp:use": {
    "run_command": {
        "command": ["clear @s serp:rare_candy 0 1","xp 1L @s","effect @s nausea 5 10 true"]
        }
      }
    }
  }
}