{
  "format_version": "1.12",
  "minecraft:recipe_shaped": {
    "description": {
      "identifier": "elemental_sword_6fe5c171"
    },
    "tags": [
      "crafting_table"
    ],
    "pattern": [
      "  A",
      " A ",
      "B  "
    ],
    "key": {
      "A": {
        "item": "minecraft:netherstar",
        "data": 0
      },
      "B": {
        "item": "minecraft:blaze_rod",
        "data": 0
      }
    },
    "result": {
      "item": "elements:elemental_sword",
      "count": 1
    }
  }
}