{
	"format_version": "1.12.0",
	"minecraft:geometry": [
		{
			"description": {
				"identifier": "geometry.chainsaw",
				"texture_width": 64,
				"texture_height": 64,
				"visible_bounds_width": 5,
				"visible_bounds_height": 3.5,
				"visible_bounds_offset": [0, 1.25, 0]
			},
			"bones": [
				{
					"name": "root",
					"pivot": [0, 0, 0]
				},
				{
					"name": "waist",
					"parent": "root",
					"pivot": [0, 12, 0]
				},
				{
					"name": "body",
					"parent": "waist",
					"pivot": [0, 24, 0],
					"cubes": [
						{
							"origin": [-4, 12, -2],
							"size": [8, 12, 4],
							"uv": {
								"north": {"uv": [148, 247], "uv_size": [8, 10]},
								"east": {"uv": [148, 247], "uv_size": [8, 10]},
								"south": {"uv": [148, 247], "uv_size": [8, 10]},
								"west": {"uv": [148, 247], "uv_size": [8, 10]},
								"up": {"uv": [156, 257], "uv_size": [-8, -10]},
								"down": {"uv": [156, 257], "uv_size": [-8, -10]}
							}
						}
					]
				},
				{
					"name": "head",
					"parent": "body",
					"pivot": [0, 24, 0],
					"cubes": [
						{
							"origin": [-4, 24, -4],
							"size": [8, 8, 8],
							"uv": {
								"north": {"uv": [148, 247], "uv_size": [8, 10]},
								"east": {"uv": [148, 247], "uv_size": [8, 10]},
								"south": {"uv": [148, 247], "uv_size": [8, 10]},
								"west": {"uv": [148, 247], "uv_size": [8, 10]},
								"up": {"uv": [156, 257], "uv_size": [-8, -10]},
								"down": {"uv": [156, 257], "uv_size": [-8, -10]}
							}
						}
					]
				},
				{
					"name": "rightArm",
					"parent": "body",
					"pivot": [-5, 22, 0],
					"cubes": [
						{
							"origin": [-8, 12, -2],
							"size": [4, 12, 4],
							"uv": {
								"north": {"uv": [109, 247], "uv_size": [8, 10]},
								"east": {"uv": [109, 247], "uv_size": [8, 10]},
								"south": {"uv": [109, 247], "uv_size": [8, 10]},
								"west": {"uv": [109, 247], "uv_size": [8, 10]},
								"up": {"uv": [117, 257], "uv_size": [-8, -10]},
								"down": {"uv": [117, 257], "uv_size": [-8, -10]}
							}
						}
					]
				},
				{
					"name": "rightItem",
					"parent": "rightArm",
					"pivot": [-6, 15, -1]
				},
				{
					"name": "chainsaw",
					"parent": "rightArm",
					"pivot": [-7.5, 13, -1]
				},
				{
					"name": "string",
					"parent": "chainsaw",
					"pivot": [-1.85355, 13, -10.25],
					"cubes": [
						{
							"origin": [-2.5, 9.75, -10.5],
							"size": [1.5, 2, 4.75],
							"pivot": [-1, 11.75, -8],
							"rotation": [0, 0, 50],
							"uv": {
								"north": {"uv": [50, 21], "uv_size": [1.5, 2]},
								"east": {"uv": [42, 28], "uv_size": [5, 2]},
								"south": {"uv": [26, 50], "uv_size": [1.5, 2]},
								"west": {"uv": [42, 34], "uv_size": [5, 2]},
								"up": {"uv": [15, 45], "uv_size": [1.5, 5]},
								"down": {"uv": [26, 50], "uv_size": [1.5, -5]}
							}
						},
						{
							"origin": [-2.5, 11.75, -10.5],
							"size": [1.5, 3, 4.75],
							"uv": {
								"north": {"uv": [48, 20], "uv_size": [1.5, 3]},
								"east": {"uv": [39, 0], "uv_size": [5, 3]},
								"south": {"uv": [24, 48], "uv_size": [1.5, 3]},
								"west": {"uv": [39, 3], "uv_size": [5, 3]},
								"up": {"uv": [46, 10], "uv_size": [1.5, 5]},
								"down": {"uv": [28, 51], "uv_size": [1.5, -5]}
							}
						},
						{
							"origin": [-2.5, 14.75, -8.75],
							"size": [1.25, 1.5, 1.25],
							"uv": {
								"north": {"uv": [51, 47], "uv_size": [1.5, 1.5]},
								"east": {"uv": [52, 0], "uv_size": [1.5, 1.5]},
								"south": {"uv": [4, 52], "uv_size": [1.5, 1.5]},
								"west": {"uv": [6, 52], "uv_size": [1.5, 1.5]},
								"up": {"uv": [8, 52], "uv_size": [1.5, 1.5]},
								"down": {"uv": [21, 53.5], "uv_size": [1.5, -1.5]}
							}
						},
						{
							"origin": [-2.5, 14.75, -10.5],
							"size": [1.5, 2, 4.75],
							"pivot": [-1, 14.75, -8],
							"rotation": [0, 0, -50],
							"uv": {
								"north": {"uv": [50, 34], "uv_size": [1.5, 2]},
								"east": {"uv": [42, 36], "uv_size": [5, 2]},
								"south": {"uv": [36, 50], "uv_size": [1.5, 2]},
								"west": {"uv": [42, 38], "uv_size": [5, 2]},
								"up": {"uv": [46, 0], "uv_size": [1.5, 5]},
								"down": {"uv": [46, 10], "uv_size": [1.5, -5]}
							}
						}
					]
				},
				{
					"name": "Pull",
					"parent": "string",
					"pivot": [-1, 11.75, -8],
					"cubes": [
						{
							"origin": [-2.25, 11.75, -8.5],
							"size": [0.75, 4.75, 0.75],
							"uv": {
								"north": {"uv": [19, 22], "uv_size": [1, 5]},
								"east": {"uv": [27, 40], "uv_size": [1, 5]},
								"south": {"uv": [21, 47], "uv_size": [1, 5]},
								"west": {"uv": [22, 47], "uv_size": [1, 5]},
								"up": {"uv": [19, 27], "uv_size": [1, 1]},
								"down": {"uv": [30, 28], "uv_size": [1, -1]}
							}
						},
						{
							"origin": [-2.25, 16.5, -9.25],
							"size": [0.75, 0.5, 2.25],
							"uv": {
								"north": {"uv": [53, 54], "uv_size": [1, 0.5]},
								"east": {"uv": [54, 1], "uv_size": [2.5, 0.5]},
								"south": {"uv": [54, 54], "uv_size": [1, 0.5]},
								"west": {"uv": [4, 54], "uv_size": [2.5, 0.5]},
								"up": {"uv": [10, 42], "uv_size": [1, 2.5]},
								"down": {"uv": [23, 44.5], "uv_size": [1, -2.5]}
							}
						},
						{
							"origin": [-2.25, 17, -8.5],
							"size": [0.75, 0.25, 0.75],
							"uv": {
								"north": {"uv": [4, 55], "uv_size": [1, 0.5]},
								"east": {"uv": [5, 55], "uv_size": [1, 0.5]},
								"south": {"uv": [6, 55], "uv_size": [1, 0.5]},
								"west": {"uv": [15, 55], "uv_size": [1, 0.5]},
								"up": {"uv": [31, 27], "uv_size": [1, 1]},
								"down": {"uv": [31, 34], "uv_size": [1, -1]}
							}
						},
						{
							"origin": [-2.25, 17, -9.25],
							"size": [0.75, 0.25, 0.75],
							"pivot": [-2, 17.25, -8.5],
							"rotation": [20, 0, 0],
							"uv": {
								"north": {"uv": [55, 21], "uv_size": [1, 0.5]},
								"east": {"uv": [55, 22], "uv_size": [1, 0.5]},
								"south": {"uv": [24, 55], "uv_size": [1, 0.5]},
								"west": {"uv": [55, 24], "uv_size": [1, 0.5]},
								"up": {"uv": [18, 54], "uv_size": [1, 1]},
								"down": {"uv": [54, 20], "uv_size": [1, -1]}
							}
						},
						{
							"origin": [-2.25, 17, -7.75],
							"size": [0.75, 0.25, 0.75],
							"pivot": [-2, 17.25, -7.75],
							"rotation": [-20, 0, 0],
							"uv": {
								"north": {"uv": [16, 55], "uv_size": [1, 0.5]},
								"east": {"uv": [17, 55], "uv_size": [1, 0.5]},
								"south": {"uv": [18, 55], "uv_size": [1, 0.5]},
								"west": {"uv": [55, 19], "uv_size": [1, 0.5]},
								"up": {"uv": [41, 43], "uv_size": [1, 1]},
								"down": {"uv": [51, 50], "uv_size": [1, -1]}
							}
						}
					]
				},
				{
					"name": "handle",
					"parent": "chainsaw",
					"pivot": [-7.5, 7, -10.25],
					"cubes": [
						{
							"origin": [-10.25, 11, -3.25],
							"size": [8.5, 4.25, 0.5],
							"uv": {
								"north": {"uv": [14, 28], "uv_size": [8.5, 4.5]},
								"east": {"uv": [28, 52], "uv_size": [0.5, 4.5]},
								"south": {"uv": [23, 28], "uv_size": [8.5, 4.5]},
								"west": {"uv": [29, 52], "uv_size": [0.5, 4.5]},
								"up": {"uv": [48, 14], "uv_size": [8.5, 0.5]},
								"down": {"uv": [48, 23.5], "uv_size": [8.5, -0.5]}
							}
						},
						{
							"origin": [-7.25, 11, -3.25],
							"size": [2.5, 4.75, 1.25],
							"uv": {
								"north": {"uv": [17, 42], "uv_size": [2.5, 5]},
								"east": {"uv": [30, 46], "uv_size": [1.5, 5]},
								"south": {"uv": [20, 42], "uv_size": [2.5, 5]},
								"west": {"uv": [32, 46], "uv_size": [1.5, 5]},
								"up": {"uv": [49, 30], "uv_size": [2.5, 1.5]},
								"down": {"uv": [49, 33.5], "uv_size": [2.5, -1.5]}
							}
						},
						{
							"origin": [-7.25, 11.11237, -2.12692],
							"size": [2.5, 0.75, 6],
							"uv": {
								"north": {"uv": [51, 27], "uv_size": [2.5, 1]},
								"east": {"uv": [47, 40], "uv_size": [6, 1]},
								"south": {"uv": [28, 51], "uv_size": [2.5, 1]},
								"west": {"uv": [47, 41], "uv_size": [6, 1]},
								"up": {"uv": [39, 24], "uv_size": [2.5, 6]},
								"down": {"uv": [39, 43], "uv_size": [2.5, -6]}
							}
						},
						{
							"origin": [-7.25, 11.86237, 2.87308],
							"size": [2.5, 1.75, 1],
							"uv": {
								"north": {"uv": [34, 12], "uv_size": [2.5, 2]},
								"east": {"uv": [45, 52], "uv_size": [1, 2]},
								"south": {"uv": [47, 42], "uv_size": [2.5, 2]},
								"west": {"uv": [46, 52], "uv_size": [1, 2]},
								"up": {"uv": [51, 45], "uv_size": [2.5, 1]},
								"down": {"uv": [51, 47], "uv_size": [2.5, -1]}
							}
						},
						{
							"origin": [-7.25, 9.5, -3],
							"size": [2.5, 6.25, 1],
							"pivot": [-6, 15.75, -2],
							"rotation": [70, 0, 0],
							"uv": {
								"north": {"uv": [36, 37], "uv_size": [2.5, 6.5]},
								"east": {"uv": [38, 44], "uv_size": [1, 6.5]},
								"south": {"uv": [14, 38], "uv_size": [2.5, 6.5]},
								"west": {"uv": [20, 47], "uv_size": [1, 6.5]},
								"up": {"uv": [51, 25], "uv_size": [2.5, 1]},
								"down": {"uv": [51, 27], "uv_size": [2.5, -1]}
							}
						},
						{
							"origin": [-2.25, 11, -5.25],
							"size": [0.5, 4.25, 2],
							"uv": {
								"north": {"uv": [35, 51], "uv_size": [0.5, 4.5]},
								"east": {"uv": [39, 43], "uv_size": [2, 4.5]},
								"south": {"uv": [38, 51], "uv_size": [0.5, 4.5]},
								"west": {"uv": [44, 0], "uv_size": [2, 4.5]},
								"up": {"uv": [20, 54], "uv_size": [0.5, 2]},
								"down": {"uv": [21, 56], "uv_size": [0.5, -2]}
							}
						},
						{
							"origin": [-10.25, 11, -5.25],
							"size": [0.5, 4.25, 2],
							"uv": {
								"north": {"uv": [26, 52], "uv_size": [0.5, 4.5]},
								"east": {"uv": [44, 5], "uv_size": [2, 4.5]},
								"south": {"uv": [27, 52], "uv_size": [0.5, 4.5]},
								"west": {"uv": [44, 10], "uv_size": [2, 4.5]},
								"up": {"uv": [54, 21], "uv_size": [0.5, 2]},
								"down": {"uv": [22, 56], "uv_size": [0.5, -2]}
							}
						}
					]
				},
				{
					"name": "Trigger",
					"parent": "handle",
					"pivot": [-7.5, 7, -10.25],
					"cubes": [
						{
							"origin": [-6.5, 13.5, -2],
							"size": [1, 1.25, 1.75],
							"uv": {
								"north": {"uv": [48, 52], "uv_size": [1, 1.5]},
								"east": {"uv": [50, 36], "uv_size": [2, 1.5]},
								"south": {"uv": [49, 52], "uv_size": [1, 1.5]},
								"west": {"uv": [50, 38], "uv_size": [2, 1.5]},
								"up": {"uv": [52, 38], "uv_size": [1, 2]},
								"down": {"uv": [41, 54], "uv_size": [1, -2]}
							}
						},
						{
							"origin": [-6.5, 14.5, -1.25],
							"size": [1, 1, 2.25],
							"uv": {
								"north": {"uv": [24, 54], "uv_size": [1, 1]},
								"east": {"uv": [31, 51], "uv_size": [2.5, 1]},
								"south": {"uv": [54, 24], "uv_size": [1, 1]},
								"west": {"uv": [51, 44], "uv_size": [2.5, 1]},
								"up": {"uv": [11, 51], "uv_size": [1, 2.5]},
								"down": {"uv": [24, 53.5], "uv_size": [1, -2.5]}
							}
						}
					]
				},
				{
					"name": "bone4",
					"parent": "handle",
					"pivot": [-10.25, 11.5764, -3.91384],
					"cubes": [
						{
							"origin": [-10.25, 11.5764, -4.16384],
							"size": [8.5, 0.25, 0.25],
							"inflate": 0.1,
							"pivot": [-10.25, 11.5764, -3.91384],
							"rotation": [-45, 0, 0],
							"uv": {
								"north": {"uv": [49, 2], "uv_size": [8.5, 0.5]},
								"east": {"uv": [55, 29], "uv_size": [0.5, 0.5]},
								"south": {"uv": [49, 3], "uv_size": [8.5, 0.5]},
								"west": {"uv": [30, 55], "uv_size": [0.5, 0.5]},
								"up": {"uv": [49, 4], "uv_size": [8.5, 0.5]},
								"down": {"uv": [49, 5.5], "uv_size": [8.5, -0.5]}
							}
						},
						{
							"origin": [-10.25, 14.5764, -4.16384],
							"size": [8.5, 0.25, 0.25],
							"inflate": 0.1,
							"pivot": [-10.25, 14.8264, -3.91384],
							"rotation": [45, 0, 0],
							"uv": {
								"north": {"uv": [49, 6], "uv_size": [8.5, 0.5]},
								"east": {"uv": [55, 30], "uv_size": [0.5, 0.5]},
								"south": {"uv": [49, 7], "uv_size": [8.5, 0.5]},
								"west": {"uv": [31, 55], "uv_size": [0.5, 0.5]},
								"up": {"uv": [49, 8], "uv_size": [8.5, 0.5]},
								"down": {"uv": [49, 9.5], "uv_size": [8.5, -0.5]}
							}
						}
					]
				},
				{
					"name": "mainhandle",
					"parent": "chainsaw",
					"pivot": [-7.5, 6.25, -10],
					"cubes": [
						{
							"origin": [-2.5, 12.25, -12.5],
							"size": [0.75, 1, 1],
							"uv": {
								"north": {"uv": [54, 25], "uv_size": [1, 1]},
								"east": {"uv": [54, 26], "uv_size": [1, 1]},
								"south": {"uv": [54, 27], "uv_size": [1, 1]},
								"west": {"uv": [54, 28], "uv_size": [1, 1]},
								"up": {"uv": [54, 29], "uv_size": [1, 1]},
								"down": {"uv": [30, 55], "uv_size": [1, -1]}
							}
						},
						{
							"origin": [-1.75, 12.25, -12.5],
							"size": [1, 2, 1],
							"uv": {
								"north": {"uv": [42, 52], "uv_size": [1, 2]},
								"east": {"uv": [52, 42], "uv_size": [1, 2]},
								"south": {"uv": [43, 52], "uv_size": [1, 2]},
								"west": {"uv": [44, 52], "uv_size": [1, 2]},
								"up": {"uv": [54, 30], "uv_size": [1, 1]},
								"down": {"uv": [31, 55], "uv_size": [1, -1]}
							}
						},
						{
							"origin": [-2, 14.25, -12.75],
							"size": [1.5, 4.75, 1.5],
							"uv": {
								"north": {"uv": [34, 46], "uv_size": [1.5, 5]},
								"east": {"uv": [4, 47], "uv_size": [1.5, 5]},
								"south": {"uv": [6, 47], "uv_size": [1.5, 5]},
								"west": {"uv": [8, 47], "uv_size": [1.5, 5]},
								"up": {"uv": [52, 21], "uv_size": [1.5, 1.5]},
								"down": {"uv": [30, 53.5], "uv_size": [1.5, -1.5]}
							}
						},
						{
							"origin": [-11, 19, -12.75],
							"size": [10.5, 1.5, 1.5],
							"uv": {
								"north": {"uv": [37, 18], "uv_size": [10.5, 1.5]},
								"east": {"uv": [52, 30], "uv_size": [1.5, 1.5]},
								"south": {"uv": [37, 20], "uv_size": [10.5, 1.5]},
								"west": {"uv": [32, 52], "uv_size": [1.5, 1.5]},
								"up": {"uv": [37, 22], "uv_size": [10.5, 1.5]},
								"down": {"uv": [17, 39.5], "uv_size": [10.5, -1.5]}
							}
						},
						{
							"origin": [-11, 14.60407, -12.67674],
							"size": [1.5, 5.75, 1.5],
							"pivot": [-10.25, 20.3264, -11.41384],
							"rotation": [40, 0, 0],
							"uv": {
								"north": {"uv": [36, 44], "uv_size": [1.5, 6]},
								"east": {"uv": [41, 44], "uv_size": [1.5, 6]},
								"south": {"uv": [43, 44], "uv_size": [1.5, 6]},
								"west": {"uv": [10, 45], "uv_size": [1.5, 6]},
								"up": {"uv": [52, 32], "uv_size": [1.5, 1.5]},
								"down": {"uv": [52, 35.5], "uv_size": [1.5, -1.5]}
							}
						},
						{
							"origin": [-10.75, 11.0764, -12.16384],
							"size": [1, 3.25, 1],
							"pivot": [-10.25, 19.8264, -11.66384],
							"rotation": [40, 0, 0],
							"uv": {
								"north": {"uv": [15, 50], "uv_size": [1, 3.5]},
								"east": {"uv": [16, 50], "uv_size": [1, 3.5]},
								"south": {"uv": [17, 50], "uv_size": [1, 3.5]},
								"west": {"uv": [18, 50], "uv_size": [1, 3.5]},
								"up": {"uv": [54, 31], "uv_size": [1, 1]},
								"down": {"uv": [32, 55], "uv_size": [1, -1]}
							}
						}
					]
				},
				{
					"name": "bone3",
					"parent": "mainhandle",
					"pivot": [-10.25, 20.3264, -11.41384],
					"cubes": [
						{
							"origin": [-11, 13.5764, -6.91384],
							"size": [1.5, 0.5, 0.5],
							"uv": {
								"north": {"uv": [54, 45], "uv_size": [1.5, 0.5]},
								"east": {"uv": [55, 25], "uv_size": [0.5, 0.5]},
								"south": {"uv": [54, 46], "uv_size": [1.5, 0.5]},
								"west": {"uv": [55, 26], "uv_size": [0.5, 0.5]},
								"up": {"uv": [54, 47], "uv_size": [1.5, 0.5]},
								"down": {"uv": [48, 54.5], "uv_size": [1.5, -0.5]}
							}
						},
						{
							"origin": [-11, 14.5764, -7.66384],
							"size": [1.5, 0.5, 0.5],
							"uv": {
								"north": {"uv": [54, 48], "uv_size": [1.5, 0.5]},
								"east": {"uv": [55, 27], "uv_size": [0.5, 0.5]},
								"south": {"uv": [54, 49], "uv_size": [1.5, 0.5]},
								"west": {"uv": [55, 28], "uv_size": [0.5, 0.5]},
								"up": {"uv": [54, 50], "uv_size": [1.5, 0.5]},
								"down": {"uv": [54, 51.5], "uv_size": [1.5, -0.5]}
							}
						}
					]
				},
				{
					"name": "saw_body",
					"parent": "chainsaw",
					"pivot": [-7.5, 8, -9.25],
					"cubes": [
						{
							"origin": [-9.5, 17, -8],
							"size": [7, 0.25, 4.75],
							"uv": {
								"north": {"uv": [50, 17], "uv_size": [7, 0.5]},
								"east": {"uv": [51, 12], "uv_size": [5, 0.5]},
								"south": {"uv": [50, 20], "uv_size": [7, 0.5]},
								"west": {"uv": [51, 13], "uv_size": [5, 0.5]},
								"up": {"uv": [0, 32], "uv_size": [7, 5]},
								"down": {"uv": [7, 37], "uv_size": [7, -5]}
							}
						},
						{
							"origin": [-9.5, 10.25, -13.75],
							"size": [7, 0.5, 0.75],
							"inflate": -0.02,
							"uv": {
								"north": {"uv": [50, 15], "uv_size": [7, 0.5]},
								"east": {"uv": [46, 54], "uv_size": [1, 0.5]},
								"south": {"uv": [50, 16], "uv_size": [7, 0.5]},
								"west": {"uv": [54, 52], "uv_size": [1, 0.5]},
								"up": {"uv": [47, 28], "uv_size": [7, 1]},
								"down": {"uv": [47, 30], "uv_size": [7, -1]}
							}
						},
						{
							"origin": [-9.5, 14.77662, -14.37324],
							"size": [7, 1.5, 3],
							"inflate": -0.02,
							"pivot": [-7.5, 14.89401, -12.96227],
							"rotation": [50, 0, 0],
							"uv": {
								"north": {"uv": [42, 24], "uv_size": [7, 1.5]},
								"east": {"uv": [48, 12], "uv_size": [3, 1.5]},
								"south": {"uv": [42, 26], "uv_size": [7, 1.5]},
								"west": {"uv": [48, 18], "uv_size": [3, 1.5]},
								"up": {"uv": [28, 34], "uv_size": [7, 3]},
								"down": {"uv": [35, 37], "uv_size": [7, -3]}
							}
						},
						{
							"origin": [-9.5, 10.71728, -14.9111],
							"size": [7, 4.5, 3],
							"inflate": -0.02,
							"pivot": [-7.5, 14.89401, -12.96227],
							"rotation": [15, 0, 0],
							"uv": {
								"north": {"uv": [14, 33], "uv_size": [7, 4.5]},
								"east": {"uv": [11, 40], "uv_size": [3, 4.5]},
								"south": {"uv": [21, 33], "uv_size": [7, 4.5]},
								"west": {"uv": [24, 40], "uv_size": [3, 4.5]},
								"up": {"uv": [0, 37], "uv_size": [7, 3]},
								"down": {"uv": [7, 40], "uv_size": [7, -3]}
							}
						},
						{
							"origin": [-9.5, 17, -8],
							"size": [7, 2, 5],
							"inflate": -0.02,
							"pivot": [-7.5, 19, -8],
							"rotation": [-22.5, 0, 0],
							"uv": {
								"north": {"uv": [4, 40], "uv_size": [7, 2]},
								"east": {"uv": [42, 40], "uv_size": [5, 2]},
								"south": {"uv": [17, 40], "uv_size": [7, 2]},
								"west": {"uv": [42, 42], "uv_size": [5, 2]},
								"up": {"uv": [32, 24], "uv_size": [7, 5]},
								"down": {"uv": [32, 34], "uv_size": [7, -5]}
							}
						},
						{
							"origin": [-9.5, 13.42642, -8.18085],
							"size": [7, 5, 2.5],
							"inflate": -0.02,
							"pivot": [-7.5, 18.42642, -7.18085],
							"rotation": [-35, 0, 0],
							"uv": {
								"north": {"uv": [30, 14], "uv_size": [7, 5]},
								"east": {"uv": [4, 42], "uv_size": [2.5, 5]},
								"south": {"uv": [30, 19], "uv_size": [7, 5]},
								"west": {"uv": [7, 42], "uv_size": [2.5, 5]},
								"up": {"uv": [37, 12], "uv_size": [7, 2.5]},
								"down": {"uv": [37, 17.5], "uv_size": [7, -2.5]}
							}
						},
						{
							"origin": [-9.5, 10.25, -13],
							"size": [7, 6.75, 9.75],
							"uv": {
								"north": {"uv": [27, 0], "uv_size": [7, 7]},
								"east": {"uv": [20, 14], "uv_size": [10, 7]},
								"south": {"uv": [27, 7], "uv_size": [7, 7]},
								"west": {"uv": [20, 21], "uv_size": [10, 7]},
								"up": {"uv": [0, 22], "uv_size": [7, 10]},
								"down": {"uv": [7, 32], "uv_size": [7, -10]}
							}
						},
						{
							"origin": [-7, 17.85195, -6.77164],
							"size": [2.5, 1, 2.5],
							"pivot": [-6, 19, -5.25],
							"rotation": [-31.51303, 42.934, -22.66667],
							"uv": {
								"north": {"uv": [28, 33], "uv_size": [2.5, 1]},
								"east": {"uv": [51, 18], "uv_size": [2.5, 1]},
								"south": {"uv": [51, 19], "uv_size": [2.5, 1]},
								"west": {"uv": [51, 24], "uv_size": [2.5, 1]},
								"up": {"uv": [47, 34], "uv_size": [2.5, 2.5]},
								"down": {"uv": [47, 39.5], "uv_size": [2.5, -2.5]}
							}
						}
					]
				},
				{
					"name": "bone2",
					"parent": "saw_body",
					"pivot": [-7.5, 8, -10],
					"cubes": [
						{
							"origin": [-7.5, 16.17441, -14.15405],
							"size": [3, 0.25, 2.5],
							"pivot": [-7.5, 14.89401, -12.96227],
							"rotation": [50, 0, 0],
							"uv": {
								"north": {"uv": [53, 53], "uv_size": [3, 0.5]},
								"east": {"uv": [15, 54], "uv_size": [2.5, 0.5]},
								"south": {"uv": [54, 0], "uv_size": [3, 0.5]},
								"west": {"uv": [54, 18], "uv_size": [2.5, 0.5]},
								"up": {"uv": [47, 15], "uv_size": [3, 2.5]},
								"down": {"uv": [17, 49.5], "uv_size": [3, -2.5]}
							}
						},
						{
							"origin": [-7, 14.8, -14.75],
							"size": [2, 1.95, 1.5],
							"uv": {
								"north": {"uv": [49, 24], "uv_size": [2, 2]},
								"east": {"uv": [43, 50], "uv_size": [1.5, 2]},
								"south": {"uv": [49, 26], "uv_size": [2, 2]},
								"west": {"uv": [45, 50], "uv_size": [1.5, 2]},
								"up": {"uv": [48, 50], "uv_size": [2, 1.5]},
								"down": {"uv": [50, 51.5], "uv_size": [2, -1.5]}
							}
						}
					]
				},
				{
					"name": "saw",
					"parent": "chainsaw",
					"pivot": [-7.5, 8, -10],
					"cubes": [
						{
							"origin": [-10, 9, -18.5],
							"size": [0.5, 7.25, 7.5],
							"uv": {
								"north": {"uv": [2, 50], "uv_size": [0.5, 7.5]},
								"east": {"uv": [0, 14], "uv_size": [9.5, 7.5]},
								"south": {"uv": [3, 50], "uv_size": [0.5, 7.5]},
								"west": {"uv": [10, 14], "uv_size": [9.5, 7.5]},
								"up": {"uv": [14, 48], "uv_size": [0.5, 9.5]},
								"down": {"uv": [23, 57.5], "uv_size": [0.5, -9.5]}
							}
						},
						{
							"origin": [-12, 12.61175, -17.52276],
							"size": [0.5, 3, 3],
							"pivot": [-7.5, 14.89401, -12.96227],
							"rotation": [45, 0, 0],
							"uv": {
								"north": {"uv": [52, 49], "uv_size": [0.5, 3]},
								"east": {"uv": [44, 15], "uv_size": [3, 3]},
								"south": {"uv": [50, 52], "uv_size": [0.5, 3]},
								"west": {"uv": [12, 45], "uv_size": [3, 3]},
								"up": {"uv": [51, 52], "uv_size": [0.5, 3]},
								"down": {"uv": [52, 55], "uv_size": [0.5, -3]}
							}
						},
						{
							"origin": [-10.5, 12.61175, -17.52276],
							"size": [0.5, 3, 3],
							"pivot": [-7.5, 14.89401, -12.96227],
							"rotation": [45, 0, 0],
							"uv": {
								"north": {"uv": [53, 38], "uv_size": [0.5, 3]},
								"east": {"uv": [23, 45], "uv_size": [3, 3]},
								"south": {"uv": [53, 41], "uv_size": [0.5, 3]},
								"west": {"uv": [45, 44], "uv_size": [3, 3]},
								"up": {"uv": [53, 47], "uv_size": [0.5, 3]},
								"down": {"uv": [53, 53], "uv_size": [0.5, -3]}
							}
						},
						{
							"origin": [-12.5, 13.36175, -16.77276],
							"size": [2.75, 1.25, 1.25],
							"pivot": [-7.5, 14.89401, -12.96227],
							"rotation": [45, 0, 0],
							"uv": {
								"north": {"uv": [48, 44], "uv_size": [3, 1.5]},
								"east": {"uv": [36, 52], "uv_size": [1.5, 1.5]},
								"south": {"uv": [48, 46], "uv_size": [3, 1.5]},
								"west": {"uv": [52, 36], "uv_size": [1.5, 1.5]},
								"up": {"uv": [48, 48], "uv_size": [3, 1.5]},
								"down": {"uv": [49, 1.5], "uv_size": [3, -1.5]}
							}
						},
						{
							"origin": [-11.5, 8, -11.5],
							"size": [2, 8.25, 0.5],
							"pivot": [-10.25, 16.25, -11],
							"rotation": [40, 0, 0],
							"uv": {
								"north": {"uv": [28, 37], "uv_size": [2, 8.5]},
								"east": {"uv": [39, 48], "uv_size": [0.5, 8.5]},
								"south": {"uv": [30, 37], "uv_size": [2, 8.5]},
								"west": {"uv": [40, 48], "uv_size": [0.5, 8.5]},
								"up": {"uv": [54, 32], "uv_size": [2, 0.5]},
								"down": {"uv": [54, 33.5], "uv_size": [2, -0.5]}
							}
						},
						{
							"origin": [-11.5, 8, -12.75],
							"size": [2, 0.5, 1.25],
							"pivot": [-10.25, 16.25, -11],
							"rotation": [40, 0, 0],
							"uv": {
								"north": {"uv": [36, 54], "uv_size": [2, 0.5]},
								"east": {"uv": [54, 42], "uv_size": [1.5, 0.5]},
								"south": {"uv": [54, 36], "uv_size": [2, 0.5]},
								"west": {"uv": [43, 54], "uv_size": [1.5, 0.5]},
								"up": {"uv": [41, 50], "uv_size": [2, 1.5]},
								"down": {"uv": [50, 43.5], "uv_size": [2, -1.5]}
							}
						},
						{
							"origin": [-10, 9, -17.25],
							"size": [0.5, 2.5, 10],
							"uv": {
								"north": {"uv": [9, 54], "uv_size": [0.5, 2.5]},
								"east": {"uv": [34, 6], "uv_size": [10, 2.5]},
								"south": {"uv": [11, 54], "uv_size": [0.5, 2.5]},
								"west": {"uv": [34, 9], "uv_size": [10, 2.5]},
								"up": {"uv": [47, 47], "uv_size": [0.5, 10]},
								"down": {"uv": [48, 10], "uv_size": [0.5, -10]}
							}
						},
						{
							"origin": [-10, 11, -15.75],
							"size": [0.5, 5.25, 4.75],
							"pivot": [-10.25, 16.25, -11],
							"rotation": [40, 0, 0],
							"uv": {
								"north": {"uv": [19, 50], "uv_size": [0.5, 5.5]},
								"east": {"uv": [14, 22], "uv_size": [5, 5.5]},
								"south": {"uv": [10, 51], "uv_size": [0.5, 5.5]},
								"west": {"uv": [34, 0], "uv_size": [5, 5.5]},
								"up": {"uv": [25, 51], "uv_size": [0.5, 5]},
								"down": {"uv": [34, 56], "uv_size": [0.5, -5]}
							}
						},
						{
							"origin": [-12, 8, -12.75],
							"size": [0.5, 8.25, 1.75],
							"inflate": 0.001,
							"pivot": [-10.25, 16.25, -11],
							"rotation": [40, 0, 0],
							"uv": {
								"north": {"uv": [0, 50], "uv_size": [0.5, 8.5]},
								"east": {"uv": [32, 37], "uv_size": [2, 8.5]},
								"south": {"uv": [1, 50], "uv_size": [0.5, 8.5]},
								"west": {"uv": [34, 37], "uv_size": [2, 8.5]},
								"up": {"uv": [54, 37], "uv_size": [0.5, 2]},
								"down": {"uv": [54, 41], "uv_size": [0.5, -2]}
							}
						},
						{
							"origin": [-10, 8.25323, -12.80172],
							"size": [0.5, 2.75, 1.75],
							"pivot": [-10.25, 16.25323, -11.05172],
							"rotation": [40, 0, 0],
							"uv": {
								"north": {"uv": [7, 54], "uv_size": [0.5, 2.5]},
								"east": {"uv": [30, 24], "uv_size": [2, 2.5]},
								"south": {"uv": [8, 54], "uv_size": [0.5, 2.5]},
								"west": {"uv": [45, 47], "uv_size": [2, 2.5]},
								"up": {"uv": [33, 54], "uv_size": [0.5, 2]},
								"down": {"uv": [54, 36], "uv_size": [0.5, -2]}
							}
						},
						{
							"origin": [-11.5, 15.75, -18.5],
							"size": [1.5, 0.5, 7.5],
							"uv": {
								"north": {"uv": [41, 54], "uv_size": [1.5, 0.5]},
								"east": {"uv": [48, 10], "uv_size": [9.5, 0.5]},
								"south": {"uv": [54, 41], "uv_size": [1.5, 0.5]},
								"west": {"uv": [48, 11], "uv_size": [9.5, 0.5]},
								"up": {"uv": [0, 40], "uv_size": [1.5, 9.5]},
								"down": {"uv": [2, 49.5], "uv_size": [1.5, -9.5]}
							}
						},
						{
							"origin": [-12, 15, -18.5],
							"size": [0.5, 1.25, 7.5],
							"uv": {
								"north": {"uv": [54, 43], "uv_size": [0.5, 1.5]},
								"east": {"uv": [39, 30], "uv_size": [9.5, 1.5]},
								"south": {"uv": [45, 54], "uv_size": [0.5, 1.5]},
								"west": {"uv": [39, 32], "uv_size": [9.5, 1.5]},
								"up": {"uv": [12, 48], "uv_size": [0.5, 9.5]},
								"down": {"uv": [13, 57.5], "uv_size": [0.5, -9.5]}
							}
						}
					]
				},
				{
					"name": "blade",
					"parent": "saw",
					"pivot": [-7.5, 14.89401, -12.96227],
					"cubes": [
						{
							"origin": [-11, 9, -35.5],
							"size": [0, 6.25, 26.75],
							"uv": {
								"north": {"uv": [0, 0], "uv_size": [0, 6.5]},
								"east": {"uv": [0, 0], "uv_size": [27, 6.5]},
								"south": {"uv": [0, 0], "uv_size": [0, 6.5]},
								"west": {"uv": [0, 7], "uv_size": [27, 6.5]},
								"up": {"uv": [0, 0], "uv_size": [0, 27]},
								"down": {"uv": [0, 27], "uv_size": [0, -27]}
							}
						}
					]
				},
				{
					"name": "leftArm",
					"parent": "body",
					"pivot": [5, 22, 0],
					"cubes": [
						{
							"origin": [4, 13, -2],
							"size": [4, 11, 4],
							"uv": {
								"north": {"uv": [110, 247], "uv_size": [8, 10]},
								"east": {"uv": [110, 247], "uv_size": [8, 10]},
								"south": {"uv": [110, 247], "uv_size": [8, 10]},
								"west": {"uv": [110, 247], "uv_size": [8, 10]},
								"up": {"uv": [118, 257], "uv_size": [-8, -10]},
								"down": {"uv": [118, 257], "uv_size": [-8, -10]}
							}
						}
					]
				},
				{
					"name": "leftLeg",
					"parent": "root",
					"pivot": [1.9, 12, 0],
					"cubes": [
						{
							"origin": [-0.1, 0, -2],
							"size": [4, 12, 4],
							"uv": {
								"north": {"uv": [109, 247], "uv_size": [8, 10]},
								"east": {"uv": [109, 247], "uv_size": [8, 10]},
								"south": {"uv": [109, 247], "uv_size": [8, 10]},
								"west": {"uv": [109, 247], "uv_size": [8, 10]},
								"up": {"uv": [117, 257], "uv_size": [-8, -10]},
								"down": {"uv": [117, 257], "uv_size": [-8, -10]}
							}
						}
					]
				},
				{
					"name": "rightLeg",
					"parent": "root",
					"pivot": [-1.9, 12, 0],
					"cubes": [
						{
							"origin": [-3.9, 0, -2],
							"size": [4, 12, 4],
							"uv": {
								"north": {"uv": [148, 247], "uv_size": [8, 10]},
								"east": {"uv": [148, 247], "uv_size": [8, 10]},
								"south": {"uv": [148, 247], "uv_size": [8, 10]},
								"west": {"uv": [148, 247], "uv_size": [8, 10]},
								"up": {"uv": [156, 257], "uv_size": [-8, -10]},
								"down": {"uv": [156, 257], "uv_size": [-8, -10]}
							}
						}
					]
				}
			]
		}
	]
}