{
	"format_version": "1.12.0",
	"minecraft:geometry": [
		{
			"description": {
				"identifier": "geometry.chainsaw_kill2",
				"texture_width": 64,
				"texture_height": 64,
				"visible_bounds_width": 4,
				"visible_bounds_height": 3.5,
				"visible_bounds_offset": [0, 1.25, 0]
			},
			"bones": [
				{
					"name": "root",
					"pivot": [0, 0, 0]
				},
				{
					"name": "whole",
					"parent": "root",
					"pivot": [0, 0, 0]
				},
				{
					"name": "zombie",
					"parent": "whole",
					"pivot": [0, 0, 0]
				},
				{
					"name": "waist2",
					"parent": "zombie",
					"pivot": [0, 12, 0]
				},
				{
					"name": "body2",
					"parent": "waist2",
					"pivot": [0, 24, 0],
					"cubes": [
						{"origin": [-4, 12, -2], "size": [8, 12, 4], "uv": [28, 28]}
					]
				},
				{
					"name": "jacket",
					"parent": "body2",
					"pivot": [0, 0, 0],
					"cubes": [
						{"origin": [-4, 12, -2], "size": [8, 12, 4], "inflate": 0.5, "uv": [29, 48]}
					]
				},
				{
					"name": "head2",
					"parent": "body2",
					"pivot": [0, 24, 0],
					"cubes": [
						{"origin": [-4, 24, -4], "size": [8, 8, 8], "uv": [0, 16]}
					]
				},
				{
					"name": "helmet",
					"parent": "head2",
					"pivot": [0, 24, 0],
					"cubes": [
						{"origin": [-4, 24, -4], "size": [8, 8, 8], "inflate": 0.5, "uv": [0, 0]}
					]
				},
				{
					"name": "rightArm2",
					"parent": "body2",
					"pivot": [-5, 22, 0],
					"cubes": [
						{"origin": [-8, 12, -2], "size": [4, 12, 4], "uv": [32, 0]}
					]
				},
				{
					"name": "rightlayer",
					"parent": "rightArm2",
					"pivot": [0, 0, 0],
					"cubes": [
						{"origin": [-8, 12, -2], "size": [4, 12, 4], "inflate": 0.25, "uv": [48, 0]}
					]
				},
				{
					"name": "rightItem",
					"parent": "rightArm2",
					"pivot": [-6, 15, 1]
				},
				{
					"name": "leftArm2",
					"parent": "body2",
					"pivot": [5, 22, 0],
					"mirror": true,
					"cubes": [
						{"origin": [4, 12, -2], "size": [4, 12, 4], "uv": [32, 0]}
					]
				},
				{
					"name": "leftlayer",
					"parent": "leftArm2",
					"pivot": [0, 0, 0],
					"cubes": [
						{"origin": [4, 12, -2], "size": [4, 12, 4], "inflate": 0.25, "uv": [48, 0], "mirror": true}
					]
				},
				{
					"name": "leftItem2",
					"parent": "leftArm2",
					"pivot": [6, 15, 1]
				},
				{
					"name": "leftLeg2",
					"parent": "waist2",
					"pivot": [1.9, 12, 0],
					"mirror": true,
					"cubes": [
						{"origin": [-0.1, 0, -2], "size": [4, 12, 4], "uv": [0, 32]}
					]
				},
				{
					"name": "leftleglayer",
					"parent": "leftLeg2",
					"pivot": [0, 0, 0],
					"cubes": [
						{"origin": [-0.1, 0, -2], "size": [4, 12, 4], "inflate": 0.25, "uv": [0, 48], "mirror": true}
					]
				},
				{
					"name": "rightLeg2",
					"parent": "waist2",
					"pivot": [-1.9, 12, 0],
					"cubes": [
						{"origin": [-3.9, 0, -2], "size": [4, 12, 4], "uv": [0, 32]}
					]
				},
				{
					"name": "rightleglayer",
					"parent": "rightLeg2",
					"pivot": [0, 0, 0],
					"cubes": [
						{"origin": [-3.9, 0, -2], "size": [4, 12, 4], "inflate": 0.25, "uv": [0, 48]}
					]
				}
			]
		}
	]
}