{
	"format_version": "1.12.0",
	"minecraft:geometry": [
		{
			"description": {
				"identifier": "geometry.chainsaw_kill4",
				"texture_width": 64,
				"texture_height": 64,
				"visible_bounds_width": 4,
				"visible_bounds_height": 3.5,
				"visible_bounds_offset": [0, 1.25, 0]
			},
			"bones": [
				{
					"name": "root",
					"pivot": [0, 0, 0]
				},
				{
					"name": "whole",
					"parent": "root",
					"pivot": [0, 0, 0]
				},
				{
					"name": "zombie",
					"parent": "whole",
					"pivot": [0, 0, 0]
				},
				{
					"name": "waist2",
					"parent": "zombie",
					"pivot": [0, 12, 0]
				},
				{
					"name": "body2",
					"parent": "waist2",
					"pivot": [0, 24, 0],
					"cubes": [
						{"origin": [-5, 12, -3], "size": [10, 14, 6], "uv": [0, 0]}
					]
				},
				{
					"name": "head2",
					"parent": "body2",
					"pivot": [0, 24, 0],
					"cubes": [
						{"origin": [-5.75, 26, -4], "size": [8, 8, 8], "uv": [0, 20]},
						{"origin": [2.25, 26, -3.75], "size": [5, 4.75, 5], "uv": [16, 36]}
					],
					"locators": {
						"eye3": [-3.7, 29.6, -4.7],
						"eye4": [0.3, 29.6, -4.7],
						"eye5": [3.7, 27.8, -4.4],
						"eye6": [6, 27.8, -4.4]
					}
				},
				{
					"name": "rightArm2",
					"parent": "body2",
					"pivot": [-5, 22, 0],
					"cubes": [
						{"origin": [-7.5, 13.25, -2], "size": [2.75, 12, 4], "uv": [36, 39]}
					]
				},
				{
					"name": "leftArm2",
					"parent": "body2",
					"pivot": [5, 22, 0],
					"mirror": true,
					"cubes": [
						{"origin": [5, 5.75, -2], "size": [3.5, 19.5, 4], "uv": [32, 0], "mirror": false}
					]
				},
				{
					"name": "leftLeg2",
					"parent": "zombie",
					"pivot": [2, 12, 0],
					"mirror": true,
					"cubes": [
						{"origin": [-0.1, 0, -2], "size": [4, 12, 4], "uv": [32, 23], "mirror": false}
					]
				},
				{
					"name": "rightLeg2",
					"parent": "zombie",
					"pivot": [-2, 12, 0],
					"cubes": [
						{"origin": [-3.9, 0, -2], "size": [4, 12, 4], "uv": [0, 36]}
					]
				}
			]
		}
	]
}