{
	"format_version": "1.12.0",
	"minecraft:geometry": [
		{
			"description": {
				"identifier": "geometry.hk417",
				"texture_width": 128,
				"texture_height": 128,
				"visible_bounds_width": 6,
				"visible_bounds_height": 3.5,
				"visible_bounds_offset": [0, 1.25, 0]
			},
			"bones": [
				{
					"name": "root",
					"pivot": [0, 0, 0]
				},
				{
					"name": "waist",
					"parent": "root",
					"pivot": [0, 12, 0]
				},
				{
					"name": "body",
					"parent": "waist",
					"pivot": [0, 24, 0],
					"cubes": [
						{
							"origin": [-4, 12, -2],
							"size": [8, 12, 4],
							"uv": {
								"north": {"uv": [148, 247], "uv_size": [8, 10]},
								"east": {"uv": [148, 247], "uv_size": [8, 10]},
								"south": {"uv": [148, 247], "uv_size": [8, 10]},
								"west": {"uv": [148, 247], "uv_size": [8, 10]},
								"up": {"uv": [156, 257], "uv_size": [-8, -10]},
								"down": {"uv": [156, 257], "uv_size": [-8, -10]}
							}
						}
					]
				},
				{
					"name": "head",
					"parent": "body",
					"pivot": [0, 24, 0],
					"cubes": [
						{
							"origin": [-4, 24, -4],
							"size": [8, 8, 8],
							"uv": {
								"north": {"uv": [148, 247], "uv_size": [8, 10]},
								"east": {"uv": [148, 247], "uv_size": [8, 10]},
								"south": {"uv": [148, 247], "uv_size": [8, 10]},
								"west": {"uv": [148, 247], "uv_size": [8, 10]},
								"up": {"uv": [156, 257], "uv_size": [-8, -10]},
								"down": {"uv": [156, 257], "uv_size": [-8, -10]}
							}
						}
					]
				},
				{
					"name": "rightArm",
					"parent": "body",
					"pivot": [-5, 22, 0],
					"cubes": [
						{
							"origin": [-8, 12, -2],
							"size": [4, 12, 4],
							"uv": {
								"north": {"uv": [109, 247], "uv_size": [8, 10]},
								"east": {"uv": [109, 247], "uv_size": [8, 10]},
								"south": {"uv": [109, 247], "uv_size": [8, 10]},
								"west": {"uv": [44, 118], "uv_size": [8, 10]},
								"up": {"uv": [117, 257], "uv_size": [-8, -10]},
								"down": {"uv": [117, 257], "uv_size": [-8, -10]}
							}
						}
					]
				},
				{
					"name": "rightItem",
					"parent": "rightArm",
					"pivot": [-6, 15, -1]
				},
				{
					"name": "hk417",
					"parent": "rightArm",
					"pivot": [-6, 15, -1]
				},
				{
					"name": "mainbody",
					"parent": "hk417",
					"pivot": [-8.75, 22.5, -7],
					"cubes": [
						{
							"origin": [-9, 18.5, 1],
							"size": [6, 6.75, 4.5],
							"uv": {
								"north": {"uv": [17, 46], "uv_size": [6, 7]},
								"east": {"uv": [37, 59], "uv_size": [4.5, 7]},
								"south": {"uv": [23, 46], "uv_size": [6, 7]},
								"west": {"uv": [23, 61], "uv_size": [4.5, 7]},
								"up": {"uv": [28, 65], "uv_size": [6, 4.5]},
								"down": {"uv": [6, 70.5], "uv_size": [6, -4.5]}
							}
						},
						{
							"origin": [-9, 18.25, -19],
							"size": [6, 7, 1.25],
							"uv": {
								"north": {"uv": [51, 6], "uv_size": [6, 7]},
								"east": {"uv": [56, 72], "uv_size": [1.5, 7]},
								"south": {"uv": [51, 21], "uv_size": [6, 7]},
								"west": {"uv": [74, 29], "uv_size": [1.5, 7]},
								"up": {"uv": [76, 6], "uv_size": [6, 1.5]},
								"down": {"uv": [76, 30.5], "uv_size": [6, -1.5]}
							}
						},
						{
							"origin": [-9, 18.25, -7.25],
							"size": [6, 7, 8.25],
							"uv": {
								"north": {"uv": [48, 43], "uv_size": [6, 7]},
								"east": {"uv": [36, 20], "uv_size": [8.5, 7]},
								"south": {"uv": [48, 50], "uv_size": [6, 7]},
								"west": {"uv": [36, 27], "uv_size": [8.5, 7]},
								"up": {"uv": [42, 44], "uv_size": [6, 8.5]},
								"down": {"uv": [45, 14.5], "uv_size": [6, -8.5]}
							}
						},
						{
							"origin": [-9, 18.25, -10.5],
							"size": [6, 7, 3.25],
							"uv": {
								"north": {"uv": [47, 29], "uv_size": [6, 7]},
								"east": {"uv": [64, 66], "uv_size": [3.5, 7]},
								"south": {"uv": [47, 36], "uv_size": [6, 7]},
								"west": {"uv": [16, 67], "uv_size": [3.5, 7]},
								"up": {"uv": [68, 26], "uv_size": [6, 3.5]},
								"down": {"uv": [68, 33.5], "uv_size": [6, -3.5]}
							}
						},
						{
							"origin": [-8.5, 18.25, -17.75],
							"size": [5.5, 4.75, 7.25],
							"uv": {
								"north": {"uv": [65, 8], "uv_size": [5.5, 5]},
								"east": {"uv": [57, 8], "uv_size": [7.5, 5]},
								"south": {"uv": [65, 21], "uv_size": [5.5, 5]},
								"west": {"uv": [57, 21], "uv_size": [7.5, 5]},
								"up": {"uv": [29, 51], "uv_size": [5.5, 7.5]},
								"down": {"uv": [17, 60.5], "uv_size": [5.5, -7.5]}
							}
						},
						{
							"origin": [-8.5, 13.25, -18],
							"size": [5, 5, 7.75],
							"uv": {
								"north": {"uv": [66, 15], "uv_size": [5, 5]},
								"east": {"uv": [53, 28], "uv_size": [8, 5]},
								"south": {"uv": [59, 66], "uv_size": [5, 5]},
								"west": {"uv": [53, 33], "uv_size": [8, 5]},
								"up": {"uv": [0, 51], "uv_size": [5, 8]},
								"down": {"uv": [23, 61], "uv_size": [5, -8]}
							}
						},
						{
							"origin": [-9, 17.5, -19],
							"size": [6, 0.75, 8.75],
							"uv": {
								"north": {"uv": [76, 55], "uv_size": [6, 1]},
								"east": {"uv": [72, 56], "uv_size": [9, 1]},
								"south": {"uv": [77, 3], "uv_size": [6, 1]},
								"west": {"uv": [75, 15], "uv_size": [9, 1]},
								"up": {"uv": [30, 42], "uv_size": [6, 9]},
								"down": {"uv": [36, 53], "uv_size": [6, -9]}
							}
						},
						{
							"origin": [-9, 16.75, -10.25],
							"size": [6, 1.5, 5.75],
							"uv": {
								"north": {"uv": [71, 75], "uv_size": [6, 1.5]},
								"east": {"uv": [75, 71], "uv_size": [6, 1.5]},
								"south": {"uv": [75, 73], "uv_size": [6, 1.5]},
								"west": {"uv": [0, 76], "uv_size": [6, 1.5]},
								"up": {"uv": [11, 54], "uv_size": [6, 6]},
								"down": {"uv": [28, 65], "uv_size": [6, -6]}
							}
						},
						{
							"origin": [-9, 16.26256, 0.34835],
							"size": [6, 1.75, 2.5],
							"inflate": -0.05,
							"pivot": [-6, 17.26256, 0.09835],
							"rotation": [45, 0, 0],
							"uv": {
								"north": {"uv": [71, 39], "uv_size": [6, 2]},
								"east": {"uv": [22, 77], "uv_size": [2.5, 2]},
								"south": {"uv": [73, 61], "uv_size": [6, 2]},
								"west": {"uv": [25, 77], "uv_size": [2.5, 2]},
								"up": {"uv": [71, 3], "uv_size": [6, 2.5]},
								"down": {"uv": [71, 18.5], "uv_size": [6, -2.5]}
							}
						},
						{
							"origin": [-7.75, 23.25, -38],
							"size": [3.5, 2.5, 39.25],
							"uv": {
								"north": {"uv": [74, 36], "uv_size": [4, 2.5]},
								"east": {"uv": [14, 0], "uv_size": [39.5, 2.5]},
								"south": {"uv": [75, 8], "uv_size": [4, 2.5]},
								"west": {"uv": [14, 3], "uv_size": [39.5, 2.5]},
								"up": {"uv": [0, 0], "uv_size": [4, 39.5]},
								"down": {"uv": [4, 39.5], "uv_size": [4, -39.5]}
							}
						},
						{
							"origin": [-7.5, 20.5, -38],
							"size": [4, 4, 19],
							"inflate": 0.005,
							"pivot": [-6, 23, -11],
							"rotation": [0, 0, 45],
							"uv": {
								"north": {"uv": [71, 8], "uv_size": [4, 4]},
								"east": {"uv": [26, 12], "uv_size": [19, 4]},
								"south": {"uv": [71, 12], "uv_size": [4, 4]},
								"west": {"uv": [26, 16], "uv_size": [19, 4]},
								"up": {"uv": [14, 27], "uv_size": [4, 19]},
								"down": {"uv": [18, 46], "uv_size": [4, -19]}
							}
						},
						{
							"origin": [-7.75, 19.25, -38],
							"size": [3.5, 2, 19],
							"uv": {
								"north": {"uv": [57, 26], "uv_size": [3.5, 2]},
								"east": {"uv": [51, 13], "uv_size": [19, 2]},
								"south": {"uv": [49, 76], "uv_size": [3.5, 2]},
								"west": {"uv": [57, 6], "uv_size": [19, 2]},
								"up": {"uv": [22, 27], "uv_size": [3.5, 19]},
								"down": {"uv": [26, 46], "uv_size": [3.5, -19]}
							}
						},
						{
							"origin": [-9, 23, -17.75],
							"size": [6, 2.25, 7.25],
							"uv": {
								"north": {"uv": [71, 65], "uv_size": [6, 2.5]},
								"east": {"uv": [68, 41], "uv_size": [7.5, 2.5]},
								"south": {"uv": [71, 68], "uv_size": [6, 2.5]},
								"west": {"uv": [71, 0], "uv_size": [7.5, 2.5]},
								"up": {"uv": [45, 21], "uv_size": [6, 7.5]},
								"down": {"uv": [11, 53.5], "uv_size": [6, -7.5]}
							}
						}
					]
				},
				{
					"name": "external",
					"parent": "mainbody",
					"pivot": [-8.75, 22.5, -7]
				},
				{
					"name": "bulletcasethingy",
					"parent": "external",
					"pivot": [-6, 23, -11],
					"cubes": [
						{
							"origin": [-9.25, 18.25, -17.75],
							"size": [0.25, 4.75, 7.25],
							"uv": {
								"north": {"uv": [53, 57], "uv_size": [0.5, 5]},
								"east": {"uv": [42, 57], "uv_size": [7.5, 5]},
								"south": {"uv": [61, 78], "uv_size": [0.5, 5]},
								"west": {"uv": [0, 59], "uv_size": [7.5, 5]},
								"up": {"uv": [13, 35], "uv_size": [0.5, 7.5]},
								"down": {"uv": [55, 83.5], "uv_size": [0.5, -7.5]}
							}
						}
					]
				},
				{
					"name": "sidething",
					"parent": "external",
					"pivot": [-6, 23, -11],
					"cubes": [
						{
							"origin": [-9, 21.25, 1],
							"size": [2, 1.75, 1],
							"pivot": [-8.75, 22.5, -7],
							"rotation": [0, -10, 0],
							"uv": {
								"north": {"uv": [6, 64], "uv_size": [2, 2]},
								"east": {"uv": [35, 51], "uv_size": [1, 2]},
								"south": {"uv": [51, 78], "uv_size": [2, 2]},
								"west": {"uv": [28, 57], "uv_size": [1, 2]},
								"up": {"uv": [45, 33], "uv_size": [2, 1]},
								"down": {"uv": [51, 29], "uv_size": [2, -1]}
							}
						},
						{
							"origin": [-9, 21, -7.75],
							"size": [2, 2.25, 8.75],
							"pivot": [-8.75, 22.5, -7],
							"rotation": [0, -10, 0],
							"uv": {
								"north": {"uv": [6, 77], "uv_size": [2, 2.5]},
								"east": {"uv": [67, 46], "uv_size": [9, 2.5]},
								"south": {"uv": [20, 77], "uv_size": [2, 2.5]},
								"west": {"uv": [67, 49], "uv_size": [9, 2.5]},
								"up": {"uv": [47, 69], "uv_size": [2, 9]},
								"down": {"uv": [28, 79], "uv_size": [2, -9]}
							}
						}
					]
				},
				{
					"name": "top",
					"parent": "sidething",
					"pivot": [-6, 6.87868, -14.42423],
					"cubes": [
						{
							"origin": [-7.5, 25.75, -38],
							"size": [3, 0.25, 35],
							"uv": {
								"north": {"uv": [79, 62], "uv_size": [3, 0.5]},
								"east": {"uv": [66, 20], "uv_size": [35, 0.5]},
								"south": {"uv": [63, 79], "uv_size": [3, 0.5]},
								"west": {"uv": [68, 44], "uv_size": [35, 0.5]},
								"up": {"uv": [8, 0], "uv_size": [3, 35]},
								"down": {"uv": [11, 35], "uv_size": [3, -35]}
							}
						},
						{
							"origin": [-8.25, 25.25, -3.25],
							"size": [4.5, 1.5, 5],
							"uv": {
								"north": {"uv": [76, 53], "uv_size": [4.5, 1.5]},
								"east": {"uv": [76, 34], "uv_size": [5, 1.5]},
								"south": {"uv": [58, 76], "uv_size": [4.5, 1.5]},
								"west": {"uv": [41, 76], "uv_size": [5, 1.5]},
								"up": {"uv": [67, 52], "uv_size": [4.5, 5]},
								"down": {"uv": [53, 72], "uv_size": [4.5, -5]}
							}
						},
						{
							"origin": [-7.5, 25.25, -37.75],
							"size": [3, 1.5, 2.75],
							"uv": {
								"north": {"uv": [16, 77], "uv_size": [3.5, 1.5]},
								"east": {"uv": [33, 77], "uv_size": [3, 1.5]},
								"south": {"uv": [77, 16], "uv_size": [3.5, 1.5]},
								"west": {"uv": [36, 77], "uv_size": [3, 1.5]},
								"up": {"uv": [24, 74], "uv_size": [3.5, 3]},
								"down": {"uv": [74, 27], "uv_size": [3.5, -3]}
							}
						}
					]
				},
				{
					"name": "scope",
					"parent": "top",
					"pivot": [-6, 6.87868, -14.42423],
					"cubes": [
						{
							"origin": [-8.25, 25.75, -37.75],
							"size": [0.25, 0.75, 2.75],
							"pivot": [-6, 26.5, -36.25],
							"rotation": [0, 0, 45],
							"uv": {
								"north": {"uv": [46, 76], "uv_size": [0.5, 1]},
								"east": {"uv": [26, 20], "uv_size": [3, 1]},
								"south": {"uv": [67, 76], "uv_size": [0.5, 1]},
								"west": {"uv": [5, 58], "uv_size": [3, 1]},
								"up": {"uv": [0, 80], "uv_size": [0.5, 3]},
								"down": {"uv": [1, 83], "uv_size": [0.5, -3]}
							}
						},
						{
							"origin": [-5.25, 27.5, -37.75],
							"size": [0.25, 1.25, 2.75],
							"pivot": [-6, 26.5, -36.25],
							"rotation": [0, 0, 45],
							"uv": {
								"north": {"uv": [20, 80], "uv_size": [0.5, 2.5]},
								"east": {"uv": [76, 41], "uv_size": [3, 2.5]},
								"south": {"uv": [21, 80], "uv_size": [0.5, 2.5]},
								"west": {"uv": [76, 46], "uv_size": [3, 2.5]},
								"up": {"uv": [66, 79], "uv_size": [0.5, 3]},
								"down": {"uv": [67, 82], "uv_size": [0.5, -3]}
							}
						},
						{
							"origin": [-6, 28.5, -37.75],
							"size": [0.75, 0.25, 2.75],
							"pivot": [-6, 26.5, -36.25],
							"rotation": [0, 0, 45],
							"uv": {
								"north": {"uv": [67, 65], "uv_size": [1, 0.5]},
								"east": {"uv": [74, 79], "uv_size": [3, 0.5]},
								"south": {"uv": [52, 71], "uv_size": [1, 0.5]},
								"west": {"uv": [77, 79], "uv_size": [3, 0.5]},
								"up": {"uv": [29, 24], "uv_size": [1, 3]},
								"down": {"uv": [13, 46], "uv_size": [1, -3]}
							}
						},
						{
							"origin": [-8.25, 25.5, -37.75],
							"size": [1.25, 0.25, 2.75],
							"pivot": [-6, 26.5, -36.25],
							"rotation": [0, 0, 45],
							"uv": {
								"north": {"uv": [81, 5], "uv_size": [2, 0.5]},
								"east": {"uv": [68, 79], "uv_size": [3, 0.5]},
								"south": {"uv": [6, 81], "uv_size": [2, 0.5]},
								"west": {"uv": [71, 79], "uv_size": [3, 0.5]},
								"up": {"uv": [63, 76], "uv_size": [2, 3]},
								"down": {"uv": [65, 79], "uv_size": [2, -3]}
							}
						}
					]
				},
				{
					"name": "scope1",
					"parent": "scope",
					"pivot": [-5.75, 26.25, -35.25],
					"cubes": [
						{
							"origin": [-8, 28.25, -2.25],
							"size": [1.75, 0.5, 3.5],
							"pivot": [-5.75, 26.25, -35.25],
							"rotation": [0, 0, 45],
							"uv": {
								"north": {"uv": [39, 77], "uv_size": [2, 0.5]},
								"east": {"uv": [79, 46], "uv_size": [3.5, 0.5]},
								"south": {"uv": [2, 81], "uv_size": [2, 0.5]},
								"west": {"uv": [79, 47], "uv_size": [3.5, 0.5]},
								"up": {"uv": [45, 29], "uv_size": [2, 3.5]},
								"down": {"uv": [59, 65.5], "uv_size": [2, -3.5]}
							}
						},
						{
							"origin": [-5.75, 26, -2.25],
							"size": [1, 1.5, 3.5],
							"pivot": [-5.75, 26.25, -35.25],
							"rotation": [0, 0, 45],
							"uv": {
								"north": {"uv": [49, 69], "uv_size": [1, 1.5]},
								"east": {"uv": [77, 4], "uv_size": [3.5, 1.5]},
								"south": {"uv": [70, 13], "uv_size": [1, 1.5]},
								"west": {"uv": [12, 77], "uv_size": [3.5, 1.5]},
								"up": {"uv": [29, 20], "uv_size": [1, 3.5]},
								"down": {"uv": [29, 49.5], "uv_size": [1, -3.5]}
							}
						},
						{
							"origin": [-8, 26, -2.25],
							"size": [1.75, 0.5, 3.5],
							"pivot": [-5.75, 26.25, -35.25],
							"rotation": [0, 0, 45],
							"uv": {
								"north": {"uv": [4, 81], "uv_size": [2, 0.5]},
								"east": {"uv": [79, 48], "uv_size": [3.5, 0.5]},
								"south": {"uv": [81, 4], "uv_size": [2, 0.5]},
								"west": {"uv": [79, 61], "uv_size": [3.5, 0.5]},
								"up": {"uv": [76, 49], "uv_size": [2, 3.5]},
								"down": {"uv": [53, 79.5], "uv_size": [2, -3.5]}
							}
						},
						{
							"origin": [-8.5, 26, -2.25],
							"size": [0.5, 2.75, 3.5],
							"pivot": [-5.75, 26.25, -35.25],
							"rotation": [0, 0, 45],
							"uv": {
								"north": {"uv": [41, 66], "uv_size": [0.5, 3]},
								"east": {"uv": [64, 73], "uv_size": [3.5, 3]},
								"south": {"uv": [33, 70], "uv_size": [0.5, 3]},
								"west": {"uv": [16, 74], "uv_size": [3.5, 3]},
								"up": {"uv": [58, 67], "uv_size": [0.5, 3.5]},
								"down": {"uv": [62, 81.5], "uv_size": [0.5, -3.5]}
							}
						},
						{
							"origin": [-7.25, 25, -2.25],
							"size": [1.5, 1, 3.5],
							"pivot": [-5.75, 26.25, -35.25],
							"rotation": [0, 0, 45],
							"uv": {
								"north": {"uv": [47, 43], "uv_size": [1, 1]},
								"east": {"uv": [77, 18], "uv_size": [3.5, 1]},
								"south": {"uv": [29, 50], "uv_size": [1, 1]},
								"west": {"uv": [78, 38], "uv_size": [3.5, 1]},
								"up": {"uv": [28, 53], "uv_size": [1, 3.5]},
								"down": {"uv": [53, 41.5], "uv_size": [1, -3.5]}
							}
						},
						{
							"origin": [-6.25, 26, -2.25],
							"size": [0.5, 2.75, 3.5],
							"pivot": [-5.75, 26.25, -35.25],
							"rotation": [0, 0, 45],
							"uv": {
								"north": {"uv": [56, 79], "uv_size": [0.5, 3]},
								"east": {"uv": [20, 74], "uv_size": [3.5, 3]},
								"south": {"uv": [57, 79], "uv_size": [0.5, 3]},
								"west": {"uv": [74, 21], "uv_size": [3.5, 3]},
								"up": {"uv": [37, 79], "uv_size": [0.5, 3.5]},
								"down": {"uv": [38, 82.5], "uv_size": [0.5, -3.5]}
							}
						}
					]
				},
				{
					"name": "topdecoration",
					"parent": "top",
					"pivot": [-6, 20, -11],
					"cubes": [
						{
							"origin": [-7.5, 26, -30.75],
							"size": [3, 0.25, 1.5],
							"uv": {
								"north": {"uv": [79, 77], "uv_size": [3, 0.5]},
								"east": {"uv": [8, 81], "uv_size": [1.5, 0.5]},
								"south": {"uv": [79, 78], "uv_size": [3, 0.5]},
								"west": {"uv": [10, 81], "uv_size": [1.5, 0.5]},
								"up": {"uv": [77, 39], "uv_size": [3, 1.5]},
								"down": {"uv": [77, 66.5], "uv_size": [3, -1.5]}
							}
						},
						{
							"origin": [-7.5, 26, -24.25],
							"size": [3, 0.25, 1.5],
							"uv": {
								"north": {"uv": [80, 11], "uv_size": [3, 0.5]},
								"east": {"uv": [16, 81], "uv_size": [1.5, 0.5]},
								"south": {"uv": [80, 12], "uv_size": [3, 0.5]},
								"west": {"uv": [81, 16], "uv_size": [1.5, 0.5]},
								"up": {"uv": [77, 69], "uv_size": [3, 1.5]},
								"down": {"uv": [70, 78.5], "uv_size": [3, -1.5]}
							}
						},
						{
							"origin": [-7.5, 26, -27.5],
							"size": [3, 0.25, 1.5],
							"uv": {
								"north": {"uv": [2, 80], "uv_size": [3, 0.5]},
								"east": {"uv": [12, 81], "uv_size": [1.5, 0.5]},
								"south": {"uv": [5, 80], "uv_size": [3, 0.5]},
								"west": {"uv": [14, 81], "uv_size": [1.5, 0.5]},
								"up": {"uv": [67, 77], "uv_size": [3, 1.5]},
								"down": {"uv": [77, 68.5], "uv_size": [3, -1.5]}
							}
						},
						{
							"origin": [-7.5, 26, -17.5],
							"size": [3, 0.25, 1.5],
							"uv": {
								"north": {"uv": [28, 80], "uv_size": [3, 0.5]},
								"east": {"uv": [81, 18], "uv_size": [1.5, 0.5]},
								"south": {"uv": [31, 80], "uv_size": [3, 0.5]},
								"west": {"uv": [81, 21], "uv_size": [1.5, 0.5]},
								"up": {"uv": [76, 77], "uv_size": [3, 1.5]},
								"down": {"uv": [0, 79.5], "uv_size": [3, -1.5]}
							}
						},
						{
							"origin": [-7.5, 26, -21],
							"size": [3, 0.25, 1.5],
							"uv": {
								"north": {"uv": [80, 13], "uv_size": [3, 0.5]},
								"east": {"uv": [81, 17], "uv_size": [1.5, 0.5]},
								"south": {"uv": [80, 14], "uv_size": [3, 0.5]},
								"west": {"uv": [18, 81], "uv_size": [1.5, 0.5]},
								"up": {"uv": [73, 77], "uv_size": [3, 1.5]},
								"down": {"uv": [77, 76.5], "uv_size": [3, -1.5]}
							}
						},
						{
							"origin": [-7.5, 26, -7.75],
							"size": [3, 0.25, 1.5],
							"uv": {
								"north": {"uv": [34, 80], "uv_size": [3, 0.5]},
								"east": {"uv": [22, 81], "uv_size": [1.5, 0.5]},
								"south": {"uv": [39, 80], "uv_size": [3, 0.5]},
								"west": {"uv": [81, 22], "uv_size": [1.5, 0.5]},
								"up": {"uv": [3, 78], "uv_size": [3, 1.5]},
								"down": {"uv": [78, 22.5], "uv_size": [3, -1.5]}
							}
						},
						{
							"origin": [-7.5, 26, -4.75],
							"size": [3, 0.25, 1.5],
							"uv": {
								"north": {"uv": [74, 80], "uv_size": [3, 0.5]},
								"east": {"uv": [47, 81], "uv_size": [1.5, 0.5]},
								"south": {"uv": [80, 75], "uv_size": [3, 0.5]},
								"west": {"uv": [49, 81], "uv_size": [1.5, 0.5]},
								"up": {"uv": [22, 79], "uv_size": [3, 1.5]},
								"down": {"uv": [25, 80.5], "uv_size": [3, -1.5]}
							}
						},
						{
							"origin": [-7.5, 26, -14.25],
							"size": [3, 0.25, 1.5],
							"uv": {
								"north": {"uv": [42, 80], "uv_size": [3, 0.5]},
								"east": {"uv": [81, 24], "uv_size": [1.5, 0.5]},
								"south": {"uv": [45, 80], "uv_size": [3, 0.5]},
								"west": {"uv": [81, 25], "uv_size": [1.5, 0.5]},
								"up": {"uv": [78, 36], "uv_size": [3, 1.5]},
								"down": {"uv": [39, 79.5], "uv_size": [3, -1.5]}
							}
						},
						{
							"origin": [-7.5, 26, -11],
							"size": [3, 0.25, 1.5],
							"uv": {
								"north": {"uv": [80, 39], "uv_size": [3, 0.5]},
								"east": {"uv": [81, 23], "uv_size": [1.5, 0.5]},
								"south": {"uv": [80, 40], "uv_size": [3, 0.5]},
								"west": {"uv": [24, 81], "uv_size": [1.5, 0.5]},
								"up": {"uv": [78, 23], "uv_size": [3, 1.5]},
								"down": {"uv": [78, 26.5], "uv_size": [3, -1.5]}
							}
						},
						{
							"origin": [-7.5, 26, -34.25],
							"size": [3, 0.25, 1.5],
							"uv": {
								"north": {"uv": [80, 70], "uv_size": [3, 0.5]},
								"east": {"uv": [43, 81], "uv_size": [1.5, 0.5]},
								"south": {"uv": [71, 80], "uv_size": [3, 0.5]},
								"west": {"uv": [45, 81], "uv_size": [1.5, 0.5]},
								"up": {"uv": [14, 79], "uv_size": [3, 1.5]},
								"down": {"uv": [17, 80.5], "uv_size": [3, -1.5]}
							}
						}
					]
				},
				{
					"name": "btmdecoration",
					"parent": "external",
					"pivot": [-6, 20, -11],
					"cubes": [
						{
							"origin": [-7.5, 19, -21],
							"size": [3, 0.25, 1.5],
							"uv": {
								"north": {"uv": [48, 80], "uv_size": [3, 0.5]},
								"east": {"uv": [26, 81], "uv_size": [1.5, 0.5]},
								"south": {"uv": [51, 80], "uv_size": [3, 0.5]},
								"west": {"uv": [81, 26], "uv_size": [1.5, 0.5]},
								"up": {"uv": [42, 78], "uv_size": [3, 1.5]},
								"down": {"uv": [45, 79.5], "uv_size": [3, -1.5]}
							}
						},
						{
							"origin": [-7.5, 19, -24.5],
							"size": [3, 0.25, 1.5],
							"uv": {
								"north": {"uv": [58, 80], "uv_size": [3, 0.5]},
								"east": {"uv": [81, 27], "uv_size": [1.5, 0.5]},
								"south": {"uv": [63, 80], "uv_size": [3, 0.5]},
								"west": {"uv": [28, 81], "uv_size": [1.5, 0.5]},
								"up": {"uv": [48, 78], "uv_size": [3, 1.5]},
								"down": {"uv": [78, 50.5], "uv_size": [3, -1.5]}
							}
						},
						{
							"origin": [-7.5, 19, -27.75],
							"size": [3, 0.25, 1.5],
							"uv": {
								"north": {"uv": [80, 63], "uv_size": [3, 0.5]},
								"east": {"uv": [81, 28], "uv_size": [1.5, 0.5]},
								"south": {"uv": [80, 64], "uv_size": [3, 0.5]},
								"west": {"uv": [30, 81], "uv_size": [1.5, 0.5]},
								"up": {"uv": [78, 51], "uv_size": [3, 1.5]},
								"down": {"uv": [78, 58.5], "uv_size": [3, -1.5]}
							}
						},
						{
							"origin": [-7.5, 19, -31],
							"size": [3, 0.25, 1.5],
							"uv": {
								"north": {"uv": [80, 65], "uv_size": [3, 0.5]},
								"east": {"uv": [32, 81], "uv_size": [1.5, 0.5]},
								"south": {"uv": [80, 66], "uv_size": [3, 0.5]},
								"west": {"uv": [34, 81], "uv_size": [1.5, 0.5]},
								"up": {"uv": [58, 78], "uv_size": [3, 1.5]},
								"down": {"uv": [78, 60.5], "uv_size": [3, -1.5]}
							}
						},
						{
							"origin": [-7.5, 19, -34.25],
							"size": [3, 0.25, 1.5],
							"uv": {
								"north": {"uv": [80, 67], "uv_size": [3, 0.5]},
								"east": {"uv": [81, 34], "uv_size": [1.5, 0.5]},
								"south": {"uv": [68, 80], "uv_size": [3, 0.5]},
								"west": {"uv": [81, 35], "uv_size": [1.5, 0.5]},
								"up": {"uv": [79, 0], "uv_size": [3, 1.5]},
								"down": {"uv": [8, 80.5], "uv_size": [3, -1.5]}
							}
						},
						{
							"origin": [-7.5, 19, -37.5],
							"size": [3, 0.25, 1.5],
							"uv": {
								"north": {"uv": [80, 68], "uv_size": [3, 0.5]},
								"east": {"uv": [39, 81], "uv_size": [1.5, 0.5]},
								"south": {"uv": [80, 69], "uv_size": [3, 0.5]},
								"west": {"uv": [41, 81], "uv_size": [1.5, 0.5]},
								"up": {"uv": [79, 8], "uv_size": [3, 1.5]},
								"down": {"uv": [11, 80.5], "uv_size": [3, -1.5]}
							}
						}
					]
				},
				{
					"name": "bumpstock",
					"parent": "hk417",
					"pivot": [-6, 20, -11],
					"cubes": [
						{
							"origin": [-8.41318, 13.59056, 17.5],
							"size": [2.75, 4.75, 6.25],
							"pivot": [-7.16318, 17.84056, 24.75],
							"rotation": [0, 0, -15],
							"uv": {
								"north": {"uv": [71, 21], "uv_size": [3, 5]},
								"east": {"uv": [61, 36], "uv_size": [6.5, 5]},
								"south": {"uv": [71, 34], "uv_size": [3, 5]},
								"west": {"uv": [61, 41], "uv_size": [6.5, 5]},
								"up": {"uv": [41, 69], "uv_size": [3, 6.5]},
								"down": {"uv": [44, 75.5], "uv_size": [3, -6.5]}
							}
						},
						{
							"origin": [-6.42019, 14.45728, 17.5],
							"size": [2.75, 4.75, 6.25],
							"pivot": [-8.17019, 17.95728, -47.75],
							"rotation": [0, 0, 15],
							"uv": {
								"north": {"uv": [8, 61], "uv_size": [3, 5]},
								"east": {"uv": [61, 26], "uv_size": [6.5, 5]},
								"south": {"uv": [9, 71], "uv_size": [3, 5]},
								"west": {"uv": [61, 31], "uv_size": [6.5, 5]},
								"up": {"uv": [0, 69], "uv_size": [3, 6.5]},
								"down": {"uv": [3, 75.5], "uv_size": [3, -6.5]}
							}
						},
						{
							"origin": [-7.5, 13.25, 17.5],
							"size": [3, 5.75, 6.25],
							"uv": {
								"north": {"uv": [30, 70], "uv_size": [3, 6]},
								"east": {"uv": [35, 53], "uv_size": [6.5, 6]},
								"south": {"uv": [6, 71], "uv_size": [3, 6]},
								"west": {"uv": [54, 0], "uv_size": [6.5, 6]},
								"up": {"uv": [68, 34], "uv_size": [3, 6.5]},
								"down": {"uv": [68, 71.5], "uv_size": [3, -6.5]}
							}
						},
						{
							"origin": [-8.5, 18, 13],
							"size": [5, 1.75, 10.75],
							"uv": {
								"north": {"uv": [75, 11], "uv_size": [5, 2]},
								"east": {"uv": [67, 57], "uv_size": [11, 2]},
								"south": {"uv": [75, 13], "uv_size": [5, 2]},
								"west": {"uv": [67, 59], "uv_size": [11, 2]},
								"up": {"uv": [8, 35], "uv_size": [5, 11]},
								"down": {"uv": [0, 51], "uv_size": [5, -11]}
							}
						},
						{
							"origin": [-7.5, 14.40609, 15.55361],
							"size": [3, 5, 2.25],
							"pivot": [-3.5, 18.56829, 19.06126],
							"rotation": [22.5, 0, 0],
							"uv": {
								"north": {"uv": [49, 71], "uv_size": [3, 5]},
								"east": {"uv": [61, 71], "uv_size": [2.5, 5]},
								"south": {"uv": [58, 71], "uv_size": [3, 5]},
								"west": {"uv": [68, 72], "uv_size": [2.5, 5]},
								"up": {"uv": [30, 76], "uv_size": [3, 2.5]},
								"down": {"uv": [76, 33.5], "uv_size": [3, -2.5]}
							}
						},
						{
							"origin": [-8.5, 20.25, 5.5],
							"size": [3.5, 3.5, 4],
							"pivot": [-6, 21.5, 7],
							"rotation": [0, 0, 45],
							"uv": {
								"north": {"uv": [33, 73], "uv_size": [3.5, 3.5]},
								"east": {"uv": [71, 71], "uv_size": [4, 3.5]},
								"south": {"uv": [37, 73], "uv_size": [3.5, 3.5]},
								"west": {"uv": [52, 72], "uv_size": [4, 3.5]},
								"up": {"uv": [72, 52], "uv_size": [3.5, 4]},
								"down": {"uv": [12, 77], "uv_size": [3.5, -4]}
							}
						},
						{
							"origin": [-9, 19.75, 9],
							"size": [6, 5.5, 14.75],
							"uv": {
								"north": {"uv": [61, 0], "uv_size": [6, 5.5]},
								"east": {"uv": [14, 21], "uv_size": [15, 5.5]},
								"south": {"uv": [17, 61], "uv_size": [6, 5.5]},
								"west": {"uv": [26, 6], "uv_size": [15, 5.5]},
								"up": {"uv": [14, 6], "uv_size": [6, 15]},
								"down": {"uv": [20, 21], "uv_size": [6, -15]}
							}
						}
					]
				},
				{
					"name": "barrel",
					"parent": "hk417",
					"pivot": [-8.75, 22.5, -7],
					"cubes": [
						{
							"origin": [-6.75, 21.25, -48],
							"size": [2.5, 2.5, 13],
							"pivot": [-6, 23, -11],
							"rotation": [0, 0, 45],
							"uv": {
								"north": {"uv": [5, 55], "uv_size": [3, 3]},
								"east": {"uv": [45, 15], "uv_size": [15, 3]},
								"south": {"uv": [9, 76], "uv_size": [3, 3]},
								"west": {"uv": [45, 18], "uv_size": [15, 3]},
								"up": {"uv": [5, 40], "uv_size": [3, 15]},
								"down": {"uv": [8, 61], "uv_size": [3, -15]}
							}
						}
					]
				},
				{
					"name": "magazine",
					"parent": "hk417",
					"pivot": [-6, 13, -14],
					"cubes": [
						{
							"origin": [-8, 9, -17.5],
							"size": [4, 5.5, 6.75],
							"uv": {
								"north": {"uv": [20, 68], "uv_size": [4, 5.5]},
								"east": {"uv": [54, 50], "uv_size": [7, 5.5]},
								"south": {"uv": [24, 68], "uv_size": [4, 5.5]},
								"west": {"uv": [54, 56], "uv_size": [7, 5.5]},
								"up": {"uv": [42, 62], "uv_size": [4, 7]},
								"down": {"uv": [46, 69], "uv_size": [4, -7]}
							}
						},
						{
							"origin": [-8, 4.12868, -17.92423],
							"size": [4, 5.75, 6.5],
							"inflate": -0.005,
							"pivot": [-6, 6.87868, -14.42423],
							"rotation": [-15, 0, 0],
							"uv": {
								"north": {"uv": [41, 6], "uv_size": [4, 6]},
								"east": {"uv": [54, 38], "uv_size": [6.5, 6]},
								"south": {"uv": [67, 0], "uv_size": [4, 6]},
								"west": {"uv": [54, 44], "uv_size": [6.5, 6]},
								"up": {"uv": [12, 66], "uv_size": [4, 6.5]},
								"down": {"uv": [37, 72.5], "uv_size": [4, -6.5]}
							}
						}
					]
				},
				{
					"name": "handle",
					"parent": "hk417",
					"pivot": [-6, 23, -11],
					"cubes": [
						{
							"origin": [-9, 13.75, -0.75],
							"size": [6, 5, 11],
							"inflate": -0.05,
							"pivot": [-6, 16.25, -1.5],
							"rotation": [-52.5, 0, 0],
							"uv": {
								"north": {"uv": [61, 56], "uv_size": [6, 5]},
								"east": {"uv": [36, 34], "uv_size": [11, 5]},
								"south": {"uv": [61, 61], "uv_size": [6, 5]},
								"west": {"uv": [36, 39], "uv_size": [11, 5]},
								"up": {"uv": [30, 20], "uv_size": [6, 11]},
								"down": {"uv": [30, 42], "uv_size": [6, -11]}
							}
						},
						{
							"origin": [-9, 13.5, -4.5],
							"size": [6, 4.75, 5.5],
							"uv": {
								"north": {"uv": [61, 46], "uv_size": [6, 5]},
								"east": {"uv": [53, 62], "uv_size": [5.5, 5]},
								"south": {"uv": [61, 51], "uv_size": [6, 5]},
								"west": {"uv": [0, 64], "uv_size": [5.5, 5]},
								"up": {"uv": [11, 60], "uv_size": [6, 5.5]},
								"down": {"uv": [60, 20.5], "uv_size": [6, -5.5]}
							}
						}
					]
				},
				{
					"name": "trigger",
					"parent": "hk417",
					"pivot": [-6, 23, -11],
					"cubes": [
						{
							"origin": [-6, 13.5, -10.25],
							"size": [0, 3.25, 5.75],
							"uv": {
								"north": {"uv": [0, 0], "uv_size": [0, 3.5]},
								"east": {"uv": [42, 53], "uv_size": [6, 3.5]},
								"south": {"uv": [0, 0], "uv_size": [0, 3.5]},
								"west": {"uv": [67, 61], "uv_size": [6, 3.5]},
								"up": {"uv": [0, 0], "uv_size": [0, 6]},
								"down": {"uv": [0, 6], "uv_size": [0, -6]}
							}
						}
					]
				},
				{
					"name": "reload",
					"parent": "hk417",
					"pivot": [-6, 20, -11],
					"cubes": [
						{
							"origin": [-7, 25, 1.75],
							"size": [2, 0.75, 0.75],
							"uv": {
								"north": {"uv": [20, 67], "uv_size": [2.5, 1]},
								"east": {"uv": [53, 42], "uv_size": [1, 1]},
								"south": {"uv": [28, 79], "uv_size": [2.5, 1]},
								"west": {"uv": [16, 66], "uv_size": [1, 1]},
								"up": {"uv": [31, 79], "uv_size": [2.5, 1]},
								"down": {"uv": [79, 32], "uv_size": [2.5, -1]}
							}
						},
						{
							"origin": [-7, 25, -12],
							"size": [2, 0.75, 13.75],
							"uv": {
								"north": {"uv": [79, 42], "uv_size": [2.5, 1]},
								"east": {"uv": [68, 45], "uv_size": [14, 1]},
								"south": {"uv": [79, 43], "uv_size": [2.5, 1]},
								"west": {"uv": [71, 19], "uv_size": [14, 1]},
								"up": {"uv": [50, 57], "uv_size": [2.5, 14]},
								"down": {"uv": [34, 73], "uv_size": [2.5, -14]}
							}
						},
						{
							"origin": [-9.25, 25.25, 2.5],
							"size": [6.5, 0.5, 1.5],
							"uv": {
								"north": {"uv": [79, 2], "uv_size": [7, 0.5]},
								"east": {"uv": [81, 36], "uv_size": [1.5, 0.5]},
								"south": {"uv": [79, 10], "uv_size": [7, 0.5]},
								"west": {"uv": [81, 37], "uv_size": [1.5, 0.5]},
								"up": {"uv": [73, 63], "uv_size": [7, 1.5]},
								"down": {"uv": [74, 28.5], "uv_size": [7, -1.5]}
							}
						},
						{
							"origin": [-4.9912, 25.25, 1.65115],
							"size": [2.25, 0.5, 0.75],
							"pivot": [-5.27591, 25.25, 1.67562],
							"rotation": [0, -20, 0],
							"uv": {
								"north": {"uv": [80, 79], "uv_size": [2.5, 0.5]},
								"east": {"uv": [8, 78], "uv_size": [1, 0.5]},
								"south": {"uv": [80, 80], "uv_size": [2.5, 0.5]},
								"west": {"uv": [54, 80], "uv_size": [1, 0.5]},
								"up": {"uv": [34, 79], "uv_size": [2.5, 1]},
								"down": {"uv": [79, 42], "uv_size": [2.5, -1]}
							}
						},
						{
							"origin": [-17.84147, 25.25, -0.42572],
							"size": [2.25, 0.5, 0.75],
							"pivot": [-5.12618, 25.25, -23.70019],
							"rotation": [0, 20, 0],
							"uv": {
								"north": {"uv": [82.5, 80], "uv_size": [-2.5, 0.5]},
								"east": {"uv": [9, 78], "uv_size": [-1, 0.5]},
								"south": {"uv": [82.5, 79], "uv_size": [-2.5, 0.5]},
								"west": {"uv": [55, 80], "uv_size": [-1, 0.5]},
								"up": {"uv": [34, 80], "uv_size": [2.5, -1]},
								"down": {"uv": [79, 41], "uv_size": [2.5, 1]}
							}
						}
					]
				},
				{
					"name": "leftArm",
					"parent": "body",
					"pivot": [5, 22, 0],
					"cubes": [
						{
							"origin": [4, 13, -2],
							"size": [4, 11, 4],
							"uv": {
								"north": {"uv": [110, 247], "uv_size": [8, 10]},
								"east": {"uv": [110, 247], "uv_size": [8, 10]},
								"south": {"uv": [110, 247], "uv_size": [8, 10]},
								"west": {"uv": [110, 247], "uv_size": [8, 10]},
								"up": {"uv": [118, 257], "uv_size": [-8, -10]},
								"down": {"uv": [118, 257], "uv_size": [-8, -10]}
							}
						}
					]
				},
				{
					"name": "leftLeg",
					"parent": "root",
					"pivot": [1.9, 12, 0],
					"cubes": [
						{
							"origin": [-0.1, 0, -2],
							"size": [4, 12, 4],
							"uv": {
								"north": {"uv": [109, 247], "uv_size": [8, 10]},
								"east": {"uv": [109, 247], "uv_size": [8, 10]},
								"south": {"uv": [109, 247], "uv_size": [8, 10]},
								"west": {"uv": [109, 247], "uv_size": [8, 10]},
								"up": {"uv": [117, 257], "uv_size": [-8, -10]},
								"down": {"uv": [117, 257], "uv_size": [-8, -10]}
							}
						}
					]
				},
				{
					"name": "rightLeg",
					"parent": "root",
					"pivot": [-1.9, 12, 0],
					"cubes": [
						{
							"origin": [-3.9, 0, -2],
							"size": [4, 12, 4],
							"uv": {
								"north": {"uv": [148, 247], "uv_size": [8, 10]},
								"east": {"uv": [148, 247], "uv_size": [8, 10]},
								"south": {"uv": [148, 247], "uv_size": [8, 10]},
								"west": {"uv": [148, 247], "uv_size": [8, 10]},
								"up": {"uv": [156, 257], "uv_size": [-8, -10]},
								"down": {"uv": [156, 257], "uv_size": [-8, -10]}
							}
						}
					]
				}
			]
		}
	]
}