{
	"format_version": "1.12.0",
	"minecraft:geometry": [
		{
			"description": {
				"identifier": "geometry.nade",
				"texture_width": 16,
				"texture_height": 16,
				"visible_bounds_width": 2,
				"visible_bounds_height": 1.5,
				"visible_bounds_offset": [0, 0.25, 0]
			},
			"bones": [
				{
					"name": "root",
					"pivot": [0, 0, 0],
					"cubes": [
						{"origin": [-2, 0, -2], "size": [4, 4, 4], "uv": [0, 0]},
						{"origin": [0, 4, -2], "size": [0, 4, 4], "uv": [0, 4]},
						{"origin": [1.5, 3, -2], "size": [0, 4, 4], "pivot": [0, 0, 0], "rotation": [-10, 0, -22.5], "uv": [0, 4]}
					]
				}
			]
		}
	]
}