{
	"format_version": "1.12.0",
	"minecraft:geometry": [
		{
			"description": {
				"identifier": "geometry.console",
				"texture_width": 64,
				"texture_height": 64,
				"visible_bounds_width": 2,
				"visible_bounds_height": 1.5,
				"visible_bounds_offset": [0, 0.25, 0]
			},
			"bones": [
				{
					"name": "console",
					"pivot": [0, 0, 0],
					"cubes": [
						{"origin": [-8, 0, -4], "size": [16, 2, 8], "uv": [0, 0]}
					]
				},
				{
					"name": "VR_headset",
					"pivot": [3, 3, 0.8061],
					"rotation": [0, 20, 0],
					"cubes": [
						{"origin": [-1, 2, -1.8], "size": [8, 2, 1], "uv": [0, 10]},
						{"origin": [-1, 2, -0.75], "size": [8, 2, 1], "uv": [0, 13]},
						{"origin": [-2, 2.5, 1], "size": [1, 1, 1], "uv": [0, 16]},
						{"origin": [-1.84672, 2.5, 0.2294], "size": [1, 1, 1], "pivot": [-1.34672, 3, 0.7294], "rotation": [0, -22.5, 0], "uv": [0, 6]},
						{"origin": [-1.41021, 2.5, -0.42388], "size": [1, 1, 1], "pivot": [-0.91021, 3, 0.07612], "rotation": [0, -45, 0], "uv": [4, 4]},
						{"origin": [-2, 2, 2], "size": [1, 2, 1], "uv": [0, 3]},
						{"origin": [7, 2, 2], "size": [1, 2, 1], "uv": [0, 0]},
						{"origin": [7, 2.5, 1], "size": [1, 1, 1], "uv": [4, 6]},
						{"origin": [6.84672, 2.5, 0.2294], "size": [1, 1, 1], "pivot": [7.34672, 3, 0.7294], "rotation": [0, 22.5, 0], "uv": [4, 0]},
						{"origin": [6.41021, 2.5, -0.42388], "size": [1, 1, 1], "pivot": [6.91021, 3, 0.07612], "rotation": [0, 45, 0], "uv": [3, 2]}
					]
				}
			]
		}
	]
}