{
	"format_version": "1.12.0",
	"minecraft:geometry": [
		{
			"description": {
				"identifier": "geometry.fridge",
				"texture_width": 128,
				"texture_height": 128,
				"visible_bounds_width": 3,
				"visible_bounds_height": 3.5,
				"visible_bounds_offset": [0, 1.25, 0]
			},
			"bones": [
				{
					"name": "base",
					"pivot": [0, 0, 0]
				},
				{
					"name": "side",
					"parent": "base",
					"pivot": [0, 0, 0],
					"cubes": [
						{"origin": [3, 0, 0], "size": [14, 7, 1], "pivot": [11, 0, 0], "rotation": [0, -90, 0], "uv": [84, 33]},
						{"origin": [3, 7.25, 0], "size": [14, 24.75, 1], "pivot": [11, 8, 0], "rotation": [0, -90, 0], "uv": [64, 64]},
						{"origin": [-18, 0, 0], "size": [14, 7, 1], "pivot": [-10, 0, 0], "rotation": [0, -90, 0], "uv": [0, 82]},
						{"origin": [-18, 7.25, 0], "size": [14, 24.75, 1], "pivot": [-10, 7.25, 0], "rotation": [0, -90, 0], "uv": [0, 57]}
					]
				},
				{
					"name": "side2",
					"parent": "base",
					"pivot": [0, 0, 0],
					"cubes": [
						{"origin": [-10, 31, -8], "size": [20, 1, 14], "uv": [0, 16]},
						{"origin": [-10, 0, -8], "size": [20, 1, 14], "uv": [0, 0]}
					]
				},
				{
					"name": "side3",
					"parent": "base",
					"pivot": [0, 0, 0],
					"cubes": [
						{"origin": [-11, 0, 6], "size": [22, 7, 2], "uv": [55, 0]},
						{"origin": [-11, 7.25, 6], "size": [22, 24.75, 2], "uv": [0, 31]}
					]
				},
				{
					"name": "interior",
					"pivot": [0, 0, 0],
					"cubes": [
						{"origin": [-0.5, 8, -8], "size": [1, 23, 14], "uv": [34, 43]},
						{"origin": [-19, 15, -8], "size": [1, 20, 14], "pivot": [-18, 7, 0], "rotation": [0, 0, 90], "uv": [54, 17]}
					]
				},
				{
					"name": "tray",
					"parent": "interior",
					"pivot": [0, 0, 0],
					"cubes": [
						{"origin": [-10, 11, -5], "size": [9.5, 1, 11], "uv": [84, 21]},
						{"origin": [-10, 15, -5], "size": [9.5, 1, 11], "uv": [83, 83]},
						{"origin": [-10, 19, -5], "size": [9.5, 1, 11], "uv": [19, 80]},
						{"origin": [-10, 24, -5], "size": [9.5, 1, 11], "uv": [70, 9]}
					]
				},
				{
					"name": "doors",
					"pivot": [0, 0, 0],
					"cubes": [
						{"origin": [-11, 7.25, -9], "size": [10.5, 24.75, 1], "pivot": [-11, 19, -8.5], "rotation": [0, 22.5, 0], "uv": [0, 92]},
						{"origin": [-11, 0, -9], "size": [22, 7, 1], "uv": [64, 51]},
						{"origin": [0, 7.25, -9], "size": [11, 24.75, 1], "uv": [59, 89]},
						{"origin": [2.75, 12, -9.5], "size": [5.5, 13, 1], "uv": [0, 0]}
					]
				},
				{
					"name": "handle",
					"parent": "doors",
					"pivot": [2.5, 0, -4.75],
					"rotation": [0, 22.5, 0],
					"cubes": [
						{"origin": [0.5, 14, -15.75], "size": [1, 9, 1], "uv": [8, 16]},
						{"origin": [0.5, 14, -14.75], "size": [1, 1, 1], "uv": [4, 28]},
						{"origin": [0.5, 22, -14.75], "size": [1, 1, 1], "uv": [0, 28]}
					]
				},
				{
					"name": "handle2",
					"parent": "doors",
					"pivot": [2.5, 0, 0],
					"cubes": [
						{"origin": [0.5, 14, -11], "size": [1, 9, 1], "uv": [4, 16]},
						{"origin": [0.5, 14, -10], "size": [1, 1, 1], "uv": [8, 26]},
						{"origin": [0.5, 22, -10], "size": [1, 1, 1], "uv": [4, 26]}
					]
				},
				{
					"name": "handle3",
					"parent": "doors",
					"pivot": [-0.25, 5.5, -9.83333],
					"rotation": [0, 0, 90],
					"cubes": [
						{"origin": [-0.75, 1, -11], "size": [1, 9, 1], "uv": [0, 16]},
						{"origin": [-0.75, 1, -10], "size": [1, 1, 1], "uv": [0, 26]},
						{"origin": [-0.75, 9, -10], "size": [1, 1, 1], "uv": [11, 13]}
					]
				}
			]
		}
	]
}