{
	"format_version": "1.12.0",
	"minecraft:geometry": [
		{
			"description": {
				"identifier": "geometry.modern_painting",
				"texture_width": 128,
				"texture_height": 128,
				"visible_bounds_width": 5,
				"visible_bounds_height": 3.5,
				"visible_bounds_offset": [0, 1.25, 0]
			},
			"bones": [
				{
					"name": "main",
					"pivot": [0, 0, 0],
					"cubes": [
						{"origin": [-8, 0, 7], "size": [16, 32, 1], "uv": [34, 34]},
						{"origin": [9, 0, 7], "size": [16, 32, 1], "uv": [0, 0]},
						{"origin": [-25, 0, 7], "size": [16, 32, 1], "uv": [0, 33]}
					]
				}
			]
		}
	]
}