{
	"format_version": "1.12.0",
	"minecraft:geometry": [
		{
			"description": {
				"identifier": "geometry.oven",
				"texture_width": 128,
				"texture_height": 128,
				"visible_bounds_width": 2,
				"visible_bounds_height": 2.5,
				"visible_bounds_offset": [0, 0.75, 0]
			},
			"bones": [
				{
					"name": "main",
					"pivot": [0, 0, 0]
				},
				{
					"name": "base",
					"parent": "main",
					"pivot": [0, 8.5, 0],
					"cubes": [
						{"origin": [-8, 0, -8], "size": [16, 2, 16], "uv": [0, 19]},
						{"origin": [7, 2, -8], "size": [1, 11, 16], "uv": [0, 49]},
						{"origin": [-7, 2, 6], "size": [14, 11, 2], "uv": [18, 51]},
						{"origin": [-8, 2, -8], "size": [1, 11, 16], "uv": [48, 3]},
						{"origin": [-8, 13, -8], "size": [16, 3, 16], "uv": [0, 0]}
					]
				},
				{
					"name": "screen",
					"parent": "main",
					"pivot": [0, -1, 0],
					"cubes": [
						{"origin": [-6, 11, -10.5], "size": [12, 1, 1], "uv": [39, 37]},
						{"origin": [-6, 11, -9.5], "size": [1, 1, 1], "uv": [3, 1]},
						{"origin": [5, 11, -9.5], "size": [1, 1, 1], "uv": [3, 3]},
						{"origin": [-7, 2, -8.5], "size": [14, 11, 1], "uv": [50, 51]}
					]
				},
				{
					"name": "top",
					"parent": "main",
					"pivot": [0, 0, 0],
					"cubes": [
						{"origin": [-8, 16, 5], "size": [16, 1, 3], "uv": [48, 30]},
						{"origin": [-5.5, 16, -0.5], "size": [5, 1, 4.5], "uv": [65, 34]},
						{"origin": [0.5, 16, -6], "size": [5, 1, 4.5], "uv": [60, 64]},
						{"origin": [-5.5, 16, -6], "size": [5, 1, 4.5], "uv": [46, 63]},
						{"origin": [0.5, 16, -0.5], "size": [5, 1, 4.5], "uv": [66, 0]},
						{"origin": [6, 14, -8.5], "size": [1, 1, 1], "uv": [0, 2]},
						{"origin": [4, 14, -8.5], "size": [1, 1, 1], "uv": [0, 0]},
						{"origin": [-7, 14, -8.5], "size": [10, 1, 1], "uv": [48, 0]}
					]
				},
				{
					"name": "interior",
					"parent": "main",
					"pivot": [0, 0, 0],
					"cubes": [
						{"origin": [-7, 5, -6], "size": [14, 1, 11], "uv": [39, 39]},
						{"origin": [-7, 9, -6], "size": [14, 1, 11], "uv": [0, 37]}
					]
				}
			]
		}
	]
}