{
	"format_version": "1.12.0",
	"minecraft:geometry": [
		{
			"description": {
				"identifier": "geometry.shelf",
				"texture_width": 128,
				"texture_height": 128,
				"visible_bounds_width": 2,
				"visible_bounds_height": 4.5,
				"visible_bounds_offset": [0, 1.75, 0]
			},
			"bones": [
				{
					"name": "main",
					"pivot": [0, 0, 0]
				},
				{
					"name": "base",
					"parent": "main",
					"pivot": [0, 0, 0]
				},
				{
					"name": "1",
					"parent": "base",
					"pivot": [0, 0, 0]
				},
				{
					"name": "legs",
					"parent": "1",
					"pivot": [0, 0, 0],
					"cubes": [
						{"origin": [7, 0, -8], "size": [1, 1, 16], "uv": [58, 34]},
						{"origin": [-8, 0, -8], "size": [1, 1, 16], "uv": [54, 58]},
						{"origin": [-7, 0, 7], "size": [14, 1, 1], "uv": [60, 4]},
						{"origin": [-7, 0, -8], "size": [14, 1, 1], "uv": [60, 2]}
					]
				},
				{
					"name": "legs2",
					"parent": "1",
					"pivot": [0, 15, 0],
					"cubes": [
						{"origin": [7, 15, -8], "size": [1, 1, 16], "uv": [36, 57]},
						{"origin": [-8, 15, -8], "size": [1, 1, 16], "uv": [18, 46]},
						{"origin": [-7, 15, 7], "size": [14, 1, 1], "uv": [60, 0]},
						{"origin": [-7, 15, -8], "size": [14, 1, 1], "uv": [58, 53]}
					]
				},
				{
					"name": "platform1",
					"parent": "1",
					"pivot": [0, 0, 0],
					"cubes": [
						{"origin": [-8, 1, 7], "size": [1, 14, 1], "uv": [60, 17]},
						{"origin": [-8, 1, -8], "size": [1, 14, 1], "uv": [58, 58]},
						{"origin": [7, 1, 7], "size": [1, 14, 1], "uv": [54, 57]},
						{"origin": [7, 1, -8], "size": [1, 14, 1], "uv": [36, 45]}
					]
				},
				{
					"name": "2",
					"parent": "base",
					"pivot": [0, 15, 0]
				},
				{
					"name": "legs4",
					"parent": "2",
					"pivot": [0, 30, 0],
					"cubes": [
						{"origin": [7, 30, -8], "size": [1, 1, 16], "uv": [0, 45]},
						{"origin": [-8, 30, -8], "size": [1, 1, 16], "uv": [42, 17]},
						{"origin": [-7, 30, 7], "size": [14, 1, 1], "uv": [58, 51]},
						{"origin": [-7, 30, -8], "size": [14, 1, 1], "uv": [42, 38]}
					]
				},
				{
					"name": "platform2",
					"parent": "2",
					"pivot": [0, 15, 0],
					"cubes": [
						{"origin": [-8, 16, 7], "size": [1, 14, 1], "uv": [30, 45]},
						{"origin": [-8, 16, -8], "size": [1, 14, 1], "uv": [26, 45]},
						{"origin": [7, 16, 7], "size": [1, 14, 1], "uv": [22, 45]},
						{"origin": [7, 16, -8], "size": [1, 14, 1], "uv": [18, 45]}
					]
				},
				{
					"name": "3",
					"parent": "base",
					"pivot": [0, 30, 0]
				},
				{
					"name": "legs3",
					"parent": "3",
					"pivot": [0, 45, 0],
					"cubes": [
						{"origin": [7, 45, -8], "size": [1, 1, 16], "uv": [42, 0]},
						{"origin": [-8, 45, -8], "size": [1, 1, 16], "uv": [40, 40]},
						{"origin": [-7, 45, 7], "size": [14, 1, 1], "uv": [42, 36]},
						{"origin": [-7, 45, -8], "size": [14, 1, 1], "uv": [42, 34]}
					]
				},
				{
					"name": "platform3",
					"parent": "3",
					"pivot": [0, 30, 0],
					"cubes": [
						{"origin": [-8, 31, 7], "size": [1, 14, 1], "uv": [12, 45]},
						{"origin": [-8, 31, -8], "size": [1, 14, 1], "uv": [8, 45]},
						{"origin": [7, 31, 7], "size": [1, 14, 1], "uv": [4, 45]},
						{"origin": [7, 31, -8], "size": [1, 14, 1], "uv": [0, 45]}
					]
				},
				{
					"name": "surface",
					"parent": "main",
					"pivot": [0, 0, 0],
					"cubes": [
						{"origin": [-7, 0, -7], "size": [14, 1, 14], "uv": [0, 30]},
						{"origin": [-7, 15, -7], "size": [14, 1, 14], "uv": [0, 15]},
						{"origin": [-7, 30, -7], "size": [14, 1, 14], "uv": [0, 0]}
					]
				},
				{
					"name": "pot",
					"parent": "main",
					"pivot": [0.25, 0, -0.5],
					"cubes": [
						{"origin": [-2.25, 31, -2.25], "size": [4.5, 2.5, 4.5], "uv": [42, 6]},
						{"origin": [-2, 32, -2], "size": [4, 2.5, 4], "uv": [42, 0]},
						{"origin": [-2.25, 34, -2.25], "size": [4.5, 1, 4.5], "uv": [42, 17]},
						{"origin": [-0.75, 35, -0.75], "size": [1.5, 4, 1.5], "pivot": [0, 37, 0], "rotation": [-7.5, 20, 0], "uv": [0, 0]},
						{"origin": [-1.25, 35, -0.25], "size": [1.5, 2, 1.5], "pivot": [-0.5, 36, 0.5], "rotation": [-5, -25, 0], "uv": [3, 4]}
					]
				}
			]
		}
	]
}