{
	"format_version": "1.12.0",
	"minecraft:geometry": [
		{
			"description": {
				"identifier": "geometry.table",
				"texture_width": 256,
				"texture_height": 256,
				"visible_bounds_width": 4,
				"visible_bounds_height": 2.5,
				"visible_bounds_offset": [0, 0.75, 0]
			},
			"bones": [
				{
					"name": "legs",
					"pivot": [0, 0, 0],
					"cubes": [
						{"origin": [-24, 1, 23], "size": [1, 13, 1], "uv": [0, 0]},
						{"origin": [23, 1, 23], "size": [1, 13, 1], "uv": [4, 4]},
						{"origin": [23, 1, -8], "size": [1, 13, 1], "uv": [8, 8]},
						{"origin": [-24, 1, -8], "size": [1, 13, 1], "uv": [12, 12]}
					]
				},
				{
					"name": "feet",
					"pivot": [0, 0, 0],
					"cubes": [
						{"origin": [-23, 0, -8], "size": [46, 1, 1], "uv": [68, 35]},
						{"origin": [-23, 0, 23], "size": [46, 1, 1], "uv": [68, 37]},
						{"origin": [-24, 0, -8], "size": [1, 1, 32], "uv": [0, 66]},
						{"origin": [23, 0, -8], "size": [1, 1, 32], "uv": [34, 67]}
					]
				},
				{
					"name": "base",
					"pivot": [0, 0, 0],
					"cubes": [
						{"origin": [-24, 15, -8], "size": [48, 1, 32], "uv": [0, 0]},
						{"origin": [-24, 14, -8], "size": [1, 1, 32], "uv": [34, 34]},
						{"origin": [23, 14, -8], "size": [1, 1, 32], "uv": [0, 33]},
						{"origin": [-23, 14, 23], "size": [46, 1, 1], "uv": [68, 33]},
						{"origin": [-23, 14, -8], "size": [46, 1, 1], "uv": [68, 68]}
					]
				},
				{
					"name": "bone",
					"pivot": [0, 0, 0]
				}
			]
		}
	]
}