{
	"format_version": "1.12.0",
	"minecraft:geometry": [
		{
			"description": {
				"identifier": "geometry.wall_clock",
				"texture_width": 32,
				"texture_height": 32,
				"visible_bounds_width": 2,
				"visible_bounds_height": 2.5,
				"visible_bounds_offset": [0, 0.75, 0]
			},
			"bones": [
				{
					"name": "main",
					"pivot": [0, 0, 0]
				},
				{
					"name": "base",
					"parent": "main",
					"pivot": [0, 0, 0],
					"cubes": [
						{"origin": [-7, 1, 7], "size": [14, 14, 1], "uv": [0, 0]}
					]
				}
			]
		}
	]
}