{
	"format_version": "1.8.0",
	"minecraft:entity": {
		"description": {
			"identifier": "hp:angkot_suzuki.toys",
			"is_spawnable": true,
			"is_summonable": true,
			"is_experimental": false,
			"scripts": {
				"animate": [
					"startup"
				]
			},
			"animations": {
				"startup": "controller.animation.hp_angkot_suzuki_startup"
			}
		},
		"component_groups": {
			"red": {
				"minecraft:variant": {
					"value": 0
				}
			},
			"gray": {
				"minecraft:variant": {
					"value": 1
				}
			},
			"orange": {
				"minecraft:variant": {
					"value": 2
				}
			},
			"black": {
				"minecraft:variant": {
					"value": 3
				}
			},
			"pink": {
				"minecraft:variant": {
					"value": 4
				}
			},
			"blue": {
				"minecraft:variant": {
					"value": 5
				}
			},
			"hyperest": {
				"minecraft:variant": {
					"value": 6
				}
			}
		},
		"components": {
			"minecraft:type_family": {
				"family": [
					"vehicles"
				]
			},
			"minecraft:input_ground_controlled": {},
			"minecraft:nameable": {},
			"minecraft:is_stackable": {},
			"minecraft:physics": {},
			"minecraft:can_climb": {},
			"minecraft:movement.basic": {},
			"minecraft:jump.static": {},
			"minecraft:movement": {
				"value": 0.25
			},
			"minecraft:fall_damage": {
				"value": 0
			},
			"minecraft:knockback_resistance": {
				"value": 1
			},
			"minecraft:scale": {
				"value": 0.15
			},
			"minecraft:push_through": {
				"value": 1
			},
			"minecraft:navigation.walk": {
				"can_float": false
			},
			"minecraft:inventory": {
				"container_type": "container",
				"inventory_size": 10
			},
			"minecraft:collision_box": {
				"width": 1.58,
				"height": 1.3
			},
			"minecraft:health": {
				"value": {
					"range_min": 20,
					"range_max": 20
				}
			},
			"minecraft:healable": {
				"items": [{
					"item": "hp:wrench",
					"heal_amount": 1
				}]
			},
			"minecraft:damage_sensor": [{
					"on_damage": {
						"filters": {
							"all_of": [{
								"test": "is_sneaking",
								"subject": "player",
								"value": false
							}]
						}
					},
					"deals_damage": false
				},
				{
					"on_damage": {
						"filters": {
							"all_of": [{
								"test": "is_sneaking",
								"subject": "player",
								"value": true
							}]
						}
					},
					"deals_damage": true
				}
			],
			"minecraft:rideable": {
				"priority": 0,
				"seat_count": 1,
				"crouching_skip_interact": true,
				"family_types": [
					"player"
				],
				"interact_text": "Angkot Suzuki",
				"seats": [{
						"position": [
							0.0,
							0.0,
							0.0
						]
					}
				]
			},
			"minecraft:interact": [{
					"on_interact": {
						"filters": {
							"all_of": [{
								"test": "has_equipment",
								"subject": "other",
								"domain": "hand",
								"value": "hp:spray_red"
							}]
						},
						"event": "turn_red"
					},
					"use_item": true
				},
				{
					"on_interact": {
						"filters": {
							"all_of": [{
								"test": "has_equipment",
								"subject": "other",
								"domain": "hand",
								"value": "hp:spray_gray"
							}]
						},
						"event": "turn_gray"
					},
					"use_item": true
				},
				{
					"on_interact": {
						"filters": {
							"all_of": [{
								"test": "has_equipment",
								"subject": "other",
								"domain": "hand",
								"value": "hp:spray_orange"
							}]
						},
						"event": "turn_orange"
					},
					"use_item": true
				},
				{
					"on_interact": {
						"filters": {
							"all_of": [{
								"test": "has_equipment",
								"subject": "other",
								"domain": "hand",
								"value": "hp:spray_black"
							}]
						},

						"event": "turn_black"
					},
					"use_item": true
				},
				{
					"on_interact": {
						"filters": {
							"all_of": [{
								"test": "has_equipment",
								"subject": "other",
								"domain": "hand",
								"value": "hp:spray_pink"
							}]
						},
						"event": "turn_pink"
					},
					"use_item": true
				},
				{
					"on_interact": {
						"filters": {
							"all_of": [{
								"test": "has_equipment",
								"subject": "other",
								"domain": "hand",
								"value": "hp:spray_blue"
							}]
						},
						"event": "turn_blue"
					},
					"use_item": true
				},
				{
					"on_interact": {
						"filters": {
							"all_of": [{
								"test": "has_equipment",
								"subject": "other",
								"domain": "hand",
								"value": "hp:spray_hyperest"
							}]
						},
						"event": "turn_hyperest"
					},
					"use_item": true
				}
			]
		},
		"events": {
			"turn_red": {
				"add": {
					"component_groups": [
						"red"
					]
				}
			},
			"turn_gray": {
				"add": {
					"component_groups": [
						"gray"
					]
				}
			},
			"turn_orange": {
				"add": {
					"component_groups": [
						"orange"
					]
				}
			},
			"turn_black": {
				"add": {
					"component_groups": [
						"black"
					]
				}
			},
			"turn_pink": {
				"add": {
					"component_groups": [
						"pink"
					]
				}
			},
			"turn_blue": {
				"add": {
					"component_groups": [
						"blue"
					]
				}
			},
			"turn_hyperest": {
				"add": {
					"component_groups": [
						"hyperest"
					]
				}
			}
		}
	}
}