{
	"format_version": "1.8.0",
	"minecraft:entity": {
		"description": {
			"identifier": "hp:toyota_limo.toys",
			"is_spawnable": true,
			"is_summonable": true,
			"is_experimental": false,
			"scripts": {
				"animate": [
					"startup"
				]
			},
			"animations": {
				"startup": "controller.animation.hp_toyota_limo_startup"
			}
		},
		"component_groups": {
		},
		"components": {
			"minecraft:type_family": {
				"family": [
					"vehicles"
				]
			},
			"minecraft:input_ground_controlled": {},
			"minecraft:nameable": {},
			"minecraft:is_stackable": {},
			"minecraft:physics": {},
			"minecraft:can_climb": {},
			"minecraft:movement.basic": {},
			"minecraft:jump.static": {},
			"minecraft:movement": {
				"value": 0.25
			},
			"minecraft:fall_damage": {
				"value": 0
			},
			"minecraft:knockback_resistance": {
				"value": 1
			},
			"minecraft:scale": {
				"value": 0.15
			},
			"minecraft:push_through": {
				"value": 1
			},
			"minecraft:navigation.walk": {
				"can_float": false
			},
			"minecraft:inventory": {
				"container_type": "container",
				"inventory_size": 10
			},
			"minecraft:collision_box": {
				"width": 1.58,
				"height": 1.3
			},
			"minecraft:health": {
				"value": {
					"range_min": 20,
					"range_max": 20
				}
			},
			"minecraft:healable": {
				"items": [{
					"item": "hp:wrench",
					"heal_amount": 1
				}]
			},
			"minecraft:damage_sensor": [{
					"on_damage": {
						"filters": {
							"all_of": [{
								"test": "is_sneaking",
								"subject": "player",
								"value": false
							}]
						}
					},
					"deals_damage": false
				},
				{
					"on_damage": {
						"filters": {
							"all_of": [{
								"test": "is_sneaking",
								"subject": "player",
								"value": true
							}]
						}
					},
					"deals_damage": true
				}
			],
			"minecraft:rideable": {
				"priority": 0,
				"seat_count": 1,
				"crouching_skip_interact": true,
				"family_types": [
					"player"
				],
				"interact_text": "Toyota Limo",
				"seats": [{
						"position": [
							0.0,
							0.0,
							0.0
						]
					}
				]
			}
		}
	}
}