{
  "format_version": "1.8.0",
  "minecraft:client_entity": {
    "description": {
      "identifier": "vatonage:power_core",
      "materials": {
         "default": "zombie"
      },
      "textures": {
        "default": "textures/entity/power_core"
      },
      "geometry": {
        "default": "geometry.power_core"
      },
      "animation_controllers": [
        { "walk": "controller.animation.default" }
      ],
      "animations": {
        "walk": "animation.power_core_walk"
      },
      "render_controllers": [ "controller.render.default" ],
      "spawn_egg": {
        "texture": "spawn_power_core",
        "texture_index": 0
      }
    }
  }
}
