{
	"format_version": "1.10.0",
	"animation_controllers": {
"controller.animation.pokedex": {
  "initial_state": "default",
  "states": {
    "default": {
      "transitions": [
    {"1":"query.variant == 1"},
    {"2":"query.variant == 2"},
    {"3":"query.variant == 3"},
    {"4":"query.variant == 4"},
    {"5":"query.variant == 5"},
    {"6":"query.variant == 6"},
    {"7":"query.variant == 7"},
    {"8":"query.variant == 8"},
    {"9":"query.variant == 9"},
    {"10":"query.variant == 10"},
    {"11":"query.variant == 11"},
    {"12":"query.variant == 12"},
    {"13":"query.variant == 13"},
    {"14":"query.variant == 14"},
    {"15":"query.variant == 15"},
    {"16":"query.variant == 16"},
    {"17":"query.variant == 17"},
    {"18":"query.variant == 18"},
    {"19":"query.variant == 19"},
    {"20":"query.variant == 20"},
    {"21":"query.variant == 21"},
    {"22":"query.variant == 22"},
    {"23":"query.variant == 23"},
    {"24":"query.variant == 24"},
    {"25":"query.variant == 25"},
    {"26":"query.variant == 26"},
    {"27":"query.variant == 27"},
    {"28":"query.variant == 28"},
    {"29":"query.variant == 29"},
    {"30":"query.variant == 30"},
    {"31":"query.variant == 31"},
    {"32":"query.variant == 32"},
    {"33":"query.variant == 33"},
    {"34":"query.variant == 34"},
    {"35":"query.variant == 35"},
    {"36":"query.variant == 36"},
    {"37":"query.variant == 37"},
    {"38":"query.variant == 38"},
    {"39":"query.variant == 39"},
    {"40":"query.variant == 40"},
    {"41":"query.variant == 41"},
    {"42":"query.variant == 42"},
    {"43":"query.variant == 43"},
    {"44":"query.variant == 44"},
    {"45":"query.variant == 45"},
    {"46":"query.variant == 46"},
    {"47":"query.variant == 47"},
    {"48":"query.variant == 48"},
    {"49":"query.variant == 49"},
    {"50":"query.variant == 50"},
    {"51":"query.variant == 51"},
    {"52":"query.variant == 52"},
    {"53":"query.variant == 53"},
    {"54":"query.variant == 54"},
    {"55":"query.variant == 55"},
    {"56":"query.variant == 56"},
    {"57":"query.variant == 57"},
    {"58":"query.variant == 58"},
    {"59":"query.variant == 59"},
    {"60":"query.variant == 60"},
    {"61":"query.variant == 61"},
    {"62":"query.variant == 62"},
    {"63":"query.variant == 63"},
    {"64":"query.variant == 64"},
    {"65":"query.variant == 65"},
    {"66":"query.variant == 66"},
    {"67":"query.variant == 67"},
    {"68":"query.variant == 68"},
    {"69":"query.variant == 69"},
    {"70":"query.variant == 70"},
    {"71":"query.variant == 71"},
    {"72":"query.variant == 72"},
    {"73":"query.variant == 73"},
    {"74":"query.variant == 74"},
    {"75":"query.variant == 75"},
    {"76":"query.variant == 76"},
    {"77":"query.variant == 77"},
    {"78":"query.variant == 78"},
    {"79":"query.variant == 79"},
    {"80":"query.variant == 80"},
    {"81":"query.variant == 81"},
    {"82":"query.variant == 82"},
    {"83":"query.variant == 83"},
    {"84":"query.variant == 84"},
    {"85":"query.variant == 85"},
    {"86":"query.variant == 86"},
    {"87":"query.variant == 87"},
    {"88":"query.variant == 88"},
    {"89":"query.variant == 89"},
    {"90":"query.variant == 90"},
    {"91":"query.variant == 91"},
    {"92":"query.variant == 92"},
    {"93":"query.variant == 93"},
    {"94":"query.variant == 94"},
    {"95":"query.variant == 95"},
    {"96":"query.variant == 96"},
    {"97":"query.variant == 97"},
    {"98":"query.variant == 98"},
    {"99":"query.variant == 99"},
    {"100":"query.variant == 100"},
    {"101":"query.variant == 101"},
    {"102":"query.variant == 102"},
    {"103":"query.variant == 103"},
    {"104":"query.variant == 104"},
    {"105":"query.variant == 105"},
    {"106":"query.variant == 106"},
    {"107":"query.variant == 107"},
    {"108":"query.variant == 108"},
    {"109":"query.variant == 109"},
    {"110":"query.variant == 110"},
    {"111":"query.variant == 111"},
    {"112":"query.variant == 112"},
    {"113":"query.variant == 113"},
    {"114":"query.variant == 114"},
    {"115":"query.variant == 115"},
    {"116":"query.variant == 116"},
    {"117":"query.variant == 117"},
    {"118":"query.variant == 118"},
    {"119":"query.variant == 119"},
    {"120":"query.variant == 120"},
    {"121":"query.variant == 121"},
    {"122":"query.variant == 122"},
    {"123":"query.variant == 123"},
    {"124":"query.variant == 124"},
    {"125":"query.variant == 125"},
    {"126":"query.variant == 126"},
    {"127":"query.variant == 127"},
    {"128":"query.variant == 128"},
    {"129":"query.variant == 129"},
    {"130":"query.variant == 130"},
    {"131":"query.variant == 131"},
    {"132":"query.variant == 132"},
    {"133":"query.variant == 133"},
    {"134":"query.variant == 134"},
    {"135":"query.variant == 135"},
    {"136":"query.variant == 136"},
    {"137":"query.variant == 137"},
    {"138":"query.variant == 138"},
    {"139":"query.variant == 139"},
    {"140":"query.variant == 140"},
    {"141":"query.variant == 141"},
    {"142":"query.variant == 142"},
    {"143":"query.variant == 143"},
    {"144":"query.variant == 144"},
    {"145":"query.variant == 145"},
    {"146":"query.variant == 146"},
    {"147":"query.variant == 147"},
    {"148":"query.variant == 148"},
    {"149":"query.variant == 149"},
    {"150":"query.variant == 150"},
    {"151":"query.variant == 151"}
      ]
    },
    "1":{"on_entry":["/dialogue open @s @p bulbasaur"]},
    "2":{"on_entry":["/dialogue open @s @p ivysaur"]},
    "3":{"on_entry":["/dialogue open @s @p venusaur"]},
    "4":{"on_entry":["/dialogue open @s @p charmander"]},
    "5":{"on_entry":["/dialogue open @s @p charmeleon"]},
    "6":{"on_entry":["/dialogue open @s @p charizard"]},
    "7":{"on_entry":["/dialogue open @s @p squirtle"]},
    "8":{"on_entry":["/dialogue open @s @p wartortle"]},
    "9":{"on_entry":["/dialogue open @s @p blastoise"]},
    "10":{"on_entry":["/dialogue open @s @p caterpie"]},
    "11":{"on_entry":["/dialogue open @s @p metapod"]},
    "12":{"on_entry":["/dialogue open @s @p butterfree"]},
    "13":{"on_entry":["/dialogue open @s @p weedlee"]},
    "14":{"on_entry":["/dialogue open @s @p kakuna"]},
    "15":{"on_entry":["/dialogue open @s @p beedrill"]},
    "16":{"on_entry":["/dialogue open @s @p pidgey"]},
    "17":{"on_entry":["/dialogue open @s @p pidgeotto"]},
    "18":{"on_entry":["/dialogue open @s @p pidgeot"]},
    "19":{"on_entry":["/dialogue open @s @p rattata"]},
    "20":{"on_entry":["/dialogue open @s @p raticate"]},
    "21":{"on_entry":["/dialogue open @s @p spearow"]},
    "22":{"on_entry":["/dialogue open @s @p fearow"]},
    "23":{"on_entry":["/dialogue open @s @p ekans"]},
    "24":{"on_entry":["/dialogue open @s @p arbok"]},
    "25":{"on_entry":["/dialogue open @s @p pikachu"]},
    "26":{"on_entry":["/dialogue open @s @p raichu"]},
    "27":{"on_entry":["/dialogue open @s @p sandshrew"]},
    "28":{"on_entry":["/dialogue open @s @p sandslash"]},
    "29":{"on_entry":["/dialogue open @s @p nidoranh"]},
    "30":{"on_entry":["/dialogue open @s @p nidorina"]},
    "31":{"on_entry":["/dialogue open @s @p nidoqueen"]},
    "32":{"on_entry":["/dialogue open @s @p nidoranm"]},
    "33":{"on_entry":["/dialogue open @s @p nidorino"]},
    "34":{"on_entry":["/dialogue open @s @p nidoking"]},
    "35":{"on_entry":["/dialogue open @s @p clefairy"]},
    "36":{"on_entry":["/dialogue open @s @p clefable"]},
    "37":{"on_entry":["/dialogue open @s @p vulpix"]},
    "38":{"on_entry":["/dialogue open @s @p ninetales"]},
    "39":{"on_entry":["/dialogue open @s @p jigglypuff"]},
    "40":{"on_entry":["/dialogue open @s @p wigglytuff"]},
    "41":{"on_entry":["/dialogue open @s @p zubat"]},
    "42":{"on_entry":["/dialogue open @s @p golbat"]},
    "43":{"on_entry":["/dialogue open @s @p oddish"]},
    "44":{"on_entry":["/dialogue open @s @p gloom"]},
    "45":{"on_entry":["/dialogue open @s @p vileplume"]},
    "46":{"on_entry":["/dialogue open @s @p paras"]},
    "47":{"on_entry":["/dialogue open @s @p parasect"]},
    "48":{"on_entry":["/dialogue open @s @p venonat"]},
    "49":{"on_entry":["/dialogue open @s @p venomoth"]},
    "50":{"on_entry":["/dialogue open @s @p diglett"]},
    "51":{"on_entry":["/dialogue open @s @p dugtrio"]},
    "52":{"on_entry":["/dialogue open @s @p meowth"]},
    "53":{"on_entry":["/dialogue open @s @p persian"]},
    "54":{"on_entry":["/dialogue open @s @p psyduck"]},
    "55":{"on_entry":["/dialogue open @s @p golduck"]},
    "56":{"on_entry":["/dialogue open @s @p mankey"]},
    "57":{"on_entry":["/dialogue open @s @p primeape"]},
    "58":{"on_entry":["/dialogue open @s @p growlithe"]},
    "59":{"on_entry":["/dialogue open @s @p arcanine"]},
    "60":{"on_entry":["/dialogue open @s @p poliwag"]},
    "61":{"on_entry":["/dialogue open @s @p poliwhirl"]},
    "62":{"on_entry":["/dialogue open @s @p poliwrath"]},
    "63":{"on_entry":["/dialogue open @s @p abra"]},
    "64":{"on_entry":["/dialogue open @s @p kadabra"]},
    "65":{"on_entry":["/dialogue open @s @p alakazam"]},
    "66":{"on_entry":["/dialogue open @s @p machop"]},
    "67":{"on_entry":["/dialogue open @s @p machoke"]},
    "68":{"on_entry":["/dialogue open @s @p machamp"]},
    "69":{"on_entry":["/dialogue open @s @p bellsprout"]},
    "70":{"on_entry":["/dialogue open @s @p weepinbell"]},
    "71":{"on_entry":["/dialogue open @s @p victreebel"]},
    "72":{"on_entry":["/dialogue open @s @p tentacool"]},
    "73":{"on_entry":["/dialogue open @s @p tentacruel"]},
    "74":{"on_entry":["/dialogue open @s @p geodude"]},
    "75":{"on_entry":["/dialogue open @s @p graveler"]},
    "76":{"on_entry":["/dialogue open @s @p golem"]},
    "77":{"on_entry":["/dialogue open @s @p ponyta"]},
    "78":{"on_entry":["/dialogue open @s @p rapidash"]},
    "79":{"on_entry":["/dialogue open @s @p slowpoke"]},
    "80":{"on_entry":["/dialogue open @s @p slowbro"]},
    "81":{"on_entry":["/dialogue open @s @p magnemite"]},
    "82":{"on_entry":["/dialogue open @s @p magneton"]},
    "83":{"on_entry":["/dialogue open @s @p farfetchd"]},
    "84":{"on_entry":["/dialogue open @s @p doduo"]},
    "85":{"on_entry":["/dialogue open @s @p dodrio"]},
    "86":{"on_entry":["/dialogue open @s @p seel"]},
    "87":{"on_entry":["/dialogue open @s @p dewgong"]},
    "88":{"on_entry":["/dialogue open @s @p grimer"]},
    "89":{"on_entry":["/dialogue open @s @p muk"]},
    "90":{"on_entry":["/dialogue open @s @p shellder"]},
    "91":{"on_entry":["/dialogue open @s @p cloyster"]},
    "92":{"on_entry":["/dialogue open @s @p gastly"]},
    "93":{"on_entry":["/dialogue open @s @p haunter"]},
    "94":{"on_entry":["/dialogue open @s @p gengar"]},
    "95":{"on_entry":["/dialogue open @s @p onix"]},
    "96":{"on_entry":["/dialogue open @s @p drowzee"]},
    "97":{"on_entry":["/dialogue open @s @p hypno "]},
    "98":{"on_entry":["/dialogue open @s @p krabby"]},
    "99":{"on_entry":["/dialogue open @s @p kingler"]},
    "100":{"on_entry":["/dialogue open @s @p voltorb"]},
    "101":{"on_entry":["/dialogue open @s @p electrode"]},
    "102":{"on_entry":["/dialogue open @s @p exeggcute"]},
    "103":{"on_entry":["/dialogue open @s @p exeggutor"]},
    "104":{"on_entry":["/dialogue open @s @p cubone"]},
    "105":{"on_entry":["/dialogue open @s @p marowak"]},
    "106":{"on_entry":["/dialogue open @s @p hitmonlee"]},
    "107":{"on_entry":["/dialogue open @s @p hitmonchan"]},
    "108":{"on_entry":["/dialogue open @s @p lickitung"]},
    "109":{"on_entry":["/dialogue open @s @p koffing"]},
    "110":{"on_entry":["/dialogue open @s @p weezing"]},
    "111":{"on_entry":["/dialogue open @s @p rhyhorn"]},
    "112":{"on_entry":["/dialogue open @s @p rhydon"]},
    "113":{"on_entry":["/dialogue open @s @p chansey"]},
    "114":{"on_entry":["/dialogue open @s @p tangela"]},
    "115":{"on_entry":["/dialogue open @s @p kangaskhan"]},
    "116":{"on_entry":["/dialogue open @s @p horsea"]},
    "117":{"on_entry":["/dialogue open @s @p seadra"]},
    "118":{"on_entry":["/dialogue open @s @p goldeen"]},
    "119":{"on_entry":["/dialogue open @s @p seaking"]},
    "120":{"on_entry":["/dialogue open @s @p startu"]},
    "121":{"on_entry":["/dialogue open @s @p starmie"]},
    "122":{"on_entry":["/dialogue open @s @p mrmime"]},
    "123":{"on_entry":["/dialogue open @s @p scyther"]},
    "124":{"on_entry":["/dialogue open @s @p jynx"]},
    "125":{"on_entry":["/dialogue open @s @p electabuzz"]},
    "126":{"on_entry":["/dialogue open @s @p magmar"]},
    "127":{"on_entry":["/dialogue open @s @p pinsir"]},
    "128":{"on_entry":["/dialogue open @s @p tauros"]},
    "129":{"on_entry":["/dialogue open @s @p magikarp"]},
    "130":{"on_entry":["/dialogue open @s @p gyarados"]},
    "131":{"on_entry":["/dialogue open @s @p lapras"]},
    "132":{"on_entry":["/dialogue open @s @p ditto"]},
    "133":{"on_entry":["/dialogue open @s @p eevee"]},
    "134":{"on_entry":["/dialogue open @s @p vaporeon"]},
    "135":{"on_entry":["/dialogue open @s @p jolteon"]},
    "136":{"on_entry":["/dialogue open @s @p flareon"]},
    "137":{"on_entry":["/dialogue open @s @p porygon"]},
    "138":{"on_entry":["/dialogue open @s @p omanyte"]},
    "139":{"on_entry":["/dialogue open @s @p omastar"]},
    "140":{"on_entry":["/dialogue open @s @p kabuto"]},
    "141":{"on_entry":["/dialogue open @s @p kabutops"]},
    "142":{"on_entry":["/dialogue open @s @p aerodactyl"]},
    "143":{"on_entry":["/dialogue open @s @p snorlax"]},
    "144":{"on_entry":["/dialogue open @s @p articuno"]},
    "145":{"on_entry":["/dialogue open @s @p zapdos"]},
    "146":{"on_entry":["/dialogue open @s @p moltres"]},
    "147":{"on_entry":["/dialogue open @s @p dratini"]},
    "148":{"on_entry":["/dialogue open @s @p dragonair"]},
    "149":{"on_entry":["/dialogue open @s @p dragonite"]},
    "150":{"on_entry":["/dialogue open @s @p mewtwo"]},
    "151":{"on_entry":["/dialogue open @s @p mew"]}
      }
    }
  }
}