{
    "format_version": "1.13.0",
    "minecraft:entity": {
        "description": {
            "identifier": "entity:tau_am",
            "runtime_identifier": "minecraft:arrow",
            "is_spawnable": false,
            "is_summonable": true,
            "is_experimental": false
        },

        "component_groups": {
            "despawning": {
                "minecraft:type_family": {
                    "family": ["despawer", "despawer_despawning"
                    ]
                }
            }
        },

        "components": {

            "minecraft:type_family": {
                "family": ["tau_am"]
            },

            "minecraft:collision_box": {
                "width": 0.1,
                "height": 0.1
            },

            "minecraft:projectile": {

                "on_hit": {
                    "definition_event": {
                        "affect_projectile": false,
                        "event_trigger": {
                            "event": "minecraft:explode",
                            "target": "self"
                        }
                    },
                    "impact_damage": {
                        "damage": 2000,
                        "knockback": false,
                        "destroy_on_hit": false
                    }
                },
                "shoot_sound": "purr",
                "power": 5.0,
                "gravity": 0.0,
                "inertia": 1,
                "uncertainty_base": 16,
                "uncertainty_multiplier": 4,
                "anchor": 1,
                "offset": [-0.15, -0.1, -0.15],
                "reflect_on_hurt": false,
                "catch_fire": false
            },
			"minecraft:spawn_entity": [
              {
                "min_wait_time": 0,
                "max_wait_time": 0,
                "single_use": true,
                "spawn_entity": "xx:xx",
                "spawn_sound": "purr",
                "num_to_spawn": 1
              }
            ],
            "minecraft:physics": {},
            "minecraft:despawn": {
                "filters": {
                    "all_of": [{
                            "any_of": [{
                                    "test":
                                    "is_family",
                                    "subject": "self",
                                    "value": "despawer_despawning"
                                }
                            ]
                        }
                    ]
                }
            },
            "minecraft:timer": {
                "looping": true,
                "random_time_choices": [{
                        "weight": 50,
                        "value": 1
                    }
                ],
                "time_down_event": {
                    "event":
                    "minecraft:start_despawn",
                    "target": "self"
                }
            },
            "minecraft:pushable": {
                "is_pushable": false,
                "is_pushable_by_piston": false
            }
        },
        "events": {
            "minecraft:explode": {
                "add": {
                    "component_groups": [
                        "minecraft:exploding"
                    ]
                }
            },
            "minecraft:start_despawn": {
                "add": {
                    "component_groups": ["despawning"]
                }
            }
        }
    }
}
