{
  "format_version": "1.10.0",
  "animation_controllers": {
    "controller.animation.frost_staff_of_frost": {
      "initial_state": "default",
      "states": {
        "default": {
          "transitions": [
            {
              "shoot": "query.mark_variant == 1 && query.get_equipped_item_name=='staff_of_frost' && query.item_remaining_use_duration > 30"
            }
          ]
        },
        "shoot": {
          "transitions": [
            {
              "default": "query.mark_variant == 1 && query.get_equipped_item_name=='staff_of_frost' && query.item_remaining_use_duration > 30"
            }
          ],
          "on_entry": [
            "@s frost:staff_of_frost_fire",
            "/playsound frost_staff_of_frost_shot"
          ],
          "on_exit": [
            "/clear @s frost:staff_of_frost 0 1"
          ]
        }
      }
    }
  }
}