{
    "format_version": "1.13.0",
    "minecraft:single_block_feature": {
        "description": {
            "identifier": "093_house_rotd0_block_palette_ejei_target"
        },
        "places_block": {
            "name": "minecraft:blast_furnace",
            "states": {
                "facing_direction": 3
            }
        },
        "enforce_survivability_rules": false,
        "enforce_placement_rules": false,
        "may_replace": [
            "minecraft:air",
            "minecraft:grass",
            {
                "name": "minecraft:dirt",
                "states": {
                    "dirt_type": "normal"
                }
            },
            {
                "name": "minecraft:dirt",
                "states": {
                    "dirt_type": "coarse"
                }
            },
            "minecraft:log",
            "minecraft:log2",
            "minecraft:leaves",
            "minecraft:leaves2",
            "minecraft:double_plant",
            "minecraft:cactus",
            {
                "name": "minecraft:sand",
                "states": {
                    "sand_type": "normal"
                }
            },
            {
                "name": "minecraft:sand",
                "states": {
                    "sand_type": "red"
                }
            },
            "minecraft:gravel",
            {
                "name": "minecraft:stone",
                "states": {
                    "stone_type": "stone"
                }
            },
            {
                "name": "minecraft:stone",
                "states": {
                    "stone_type": "granite"
                }
            },
            {
                "name": "minecraft:stone",
                "states": {
                    "stone_type": "diorite"
                }
            },
            {
                "name": "minecraft:stone",
                "states": {
                    "stone_type": "andesite"
                }
            },
            "minecraft:water",
            "minecraft:wither_rose",
            "minecraft:yellow_flower",
            "minecraft:waterlily",
            "minecraft:reeds",
            "minecraft:deadbush",
            {
                "name": "minecraft:tallgrass",
                "states": {
                    "tall_grass_type": "tall"
                }
            },
            {
                "name": "minecraft:red_flower",
                "states": {
                    "flower_type": "poppy"
                }
            },
            {
                "name": "minecraft:red_flower",
                "states": {
                    "flower_type": "orchid"
                }
            },
            {
                "name": "minecraft:red_flower",
                "states": {
                    "flower_type": "allium"
                }
            },
            {
                "name": "minecraft:red_flower",
                "states": {
                    "flower_type": "houstonia"
                }
            },
            {
                "name": "minecraft:red_flower",
                "states": {
                    "flower_type": "tulip_red"
                }
            },
            {
                "name": "minecraft:red_flower",
                "states": {
                    "flower_type": "tulip_orange"
                }
            },
            {
                "name": "minecraft:red_flower",
                "states": {
                    "flower_type": "tulip_white"
                }
            },
            {
                "name": "minecraft:red_flower",
                "states": {
                    "flower_type": "tulip_pink"
                }
            },
            {
                "name": "minecraft:red_flower",
                "states": {
                    "flower_type": "oxeye"
                }
            },
            {
                "name": "minecraft:red_flower",
                "states": {
                    "flower_type": "cornflower"
                }
            },
            {
                "name": "minecraft:red_flower",
                "states": {
                    "flower_type": "lily_of_the_valley"
                }
            },
            {
                "name": "minecraft:double_plant",
                "states": {
                    "double_plant_type": "grass",
                    "upper_block_bit": false
                }
            },
            {
                "name": "minecraft:double_plant",
                "states": {
                    "double_plant_type": "grass",
                    "upper_block_bit": true
                }
            },
            {
                "name": "minecraft:double_plant",
                "states": {
                    "double_plant_type": "fern",
                    "upper_block_bit": false
                }
            },
            {
                "name": "minecraft:double_plant",
                "states": {
                    "double_plant_type": "fern",
                    "upper_block_bit": true
                }
            },
            {
                "name": "minecraft:double_plant",
                "states": {
                    "double_plant_type": "sunflower",
                    "upper_block_bit": false
                }
            },
            {
                "name": "minecraft:double_plant",
                "states": {
                    "double_plant_type": "sunflower",
                    "upper_block_bit": true
                }
            },
            {
                "name": "minecraft:double_plant",
                "states": {
                    "double_plant_type": "syringa",
                    "upper_block_bit": false
                }
            },
            {
                "name": "minecraft:double_plant",
                "states": {
                    "double_plant_type": "syringa",
                    "upper_block_bit": true
                }
            },
            {
                "name": "minecraft:double_plant",
                "states": {
                    "double_plant_type": "rose",
                    "upper_block_bit": false
                }
            },
            {
                "name": "minecraft:double_plant",
                "states": {
                    "double_plant_type": "rose",
                    "upper_block_bit": true
                }
            },
            {
                "name": "minecraft:double_plant",
                "states": {
                    "double_plant_type": "paeonia",
                    "upper_block_bit": true
                }
            },
            {
                "name": "minecraft:double_plant",
                "states": {
                    "double_plant_type": "paeonia",
                    "upper_block_bit": false
                }
            },
            {
                "name": "minecraft:vine",
                "states": {
                    "vine_direction_bits": 8
                }
            },
            {
                "name": "minecraft:vine",
                "states": {
                    "vine_direction_bits": 4
                }
            },
            {
                "name": "minecraft:vine",
                "states": {
                    "vine_direction_bits": 2
                }
            },
            {
                "name": "minecraft:vine",
                "states": {
                    "vine_direction_bits": 1
                }
            },
            {
                "name": "minecraft:pumpkin",
                "states": {
                    "direction": 0
                }
            },
            {
                "name": "minecraft:pumpkin",
                "states": {
                    "direction": 1
                }
            },
            {
                "name": "minecraft:pumpkin",
                "states": {
                    "direction": 2
                }
            },
            {
                "name": "minecraft:pumpkin",
                "states": {
                    "direction": 3
                }
            }
        ]
    }
}
// Exported from software by MACHINE_BUILDER on YouTube. Check out this video for more information : www.youtube.com/watch?v=LA852BJ5doA