{
    "format_version": "1.13.0",
    "minecraft:scatter_feature": {
        "description": {
            "identifier": "093_house_rotd0_sbf_00000064"
        },
        "iterations": 1,
        "x": 0,
        "y": -1,
        "z": 2,
        "project_input_to_floor": false,
        "places_feature": "093_house_rotd0_block_palette_fe_target"
    }
}
// Exported from software by MACHINE_BUILDER on YouTube. Check out this video for more information : www.youtube.com/watch?v=LA852BJ5doA