{
  "minecraft:item" : {
    "components" : {
      "minecraft:icon" : {
        "texture" : "cc:gears_truck"
      },
      "minecraft:armor" : {
        "texture_type" : "obsidian"
      },
      "minecraft:display_name" : {

      },
      "minecraft:creative_category" : {
        "parent" : "itemGroup.name.fourdskin"
      },
      "minecraft:render_offsets" : "fourdskins"
    },
    "description" : {
      "category" : "equipment",
      "identifier" : "cc:gears_truck"
    }
  },
  "format_version" : "1.10"
}