{
  "format_version": "1.16.0",
  "minecraft:entity": {
    "description": {
      "identifier": "serp:diveball",
      "is_spawnable": false,
      "is_summonable": true,
      "is_experimental": false,
      "scripts": {"animate": ["ball"]},
      "animations": {"ball":"controller.animation.ball"}
    },
    "components": {
        "minecraft:scale": {"value":0.4},
      "minecraft:damage_sensor": {"triggers":{"cause":"all","deals_damage":false}
      },
      "minecraft:collision_box":{"height":1,"width":0.7
      },
      "minecraft:knockback_resistance":{"max":100,"value":100
      },
      "minecraft:physics": {},
      "minecraft:pushable": {
        "is_pushable": false,
        "is_pushable_by_piston": true
      },
         "minecraft:breathable": {
        "total_supply": 15,
        "suffocate_time": 0,
        "breathes_air": true,
        "breathes_water": true
      },
      "minecraft:balloonable": {"mass":0},
      "minecraft:behavior.float":{"priority":0}
    },
    "component_groups": {
    "serp:pre_catch":{
        "minecraft:skin_id":{"value":1},
        "minecraft:timer":{"looping":false,"randomInterval":false,"time":4.2,
"time_down_event":{"event":"serp:take"}}
            },
    "serp:pre_free":{
        "minecraft:skin_id":{"value":1},
        "minecraft:timer":{"looping":false,"randomInterval":false,"time":3.9,"time_down_event":{"event":"serp:free"}}
            },
    "serp:pre_off":{
        "minecraft:skin_id":{"value":0}
            },
    "serp:take": {
        "minecraft:variant":{"value":1},
    "minecraft:interact":{
"interactions":[{"on_interact":{"filters":{"test":"is_variant","value":1},"event":"serp:despawn","target": "self"},"swing":true,"interact_text":"controller.buttonTip.take"}]}
      },
      "serp:free": {
        "minecraft:variant":{"value":2}
      },
      "serp:despawn": {
"minecraft:transformation":{"into":"serp:despawn","delay":0.2}
      }
    },
    "events": {
	"serp:take":{"add":{"component_groups":["serp:take","serp:pre_off"]}},
	"serp:free":{"add":{"component_groups":["serp:free","serp:despawn"]},"run_command":{"command":["function battle/ball_free"]}},
	"serp:despawn":{"add":{"component_groups":["serp:despawn"]},"remove":{"component_groups":["serp:take"]},"run_command":{"command":["function battle/ball_catch"]}
	},
	"minecraft:entity_transformed": {
        "sequence":[
{"filters":{"test":"is_mark_variant","subject":"other","value":1},
"run_command":{"command":["tag @s add shiny"]}},
{"filters":{"all_of":[{"test":"in_water","subject":"other","operator":"!="},{"test":"is_family","subject":"other","value":"tiny"}]},
"randomize":[
{"weight":10,"add":{"component_groups":["serp:pre_catch"]}},
{"weight":40,"add":{"component_groups":["serp:pre_free"]}}]
},
{"filters":{"all_of":[{"test":"in_water","subject":"other","operator":"!="},{"test":"is_family","subject":"other","value":"medium"}]},
"randomize":[
{"weight":10,"add":{"component_groups":["serp:pre_catch"]}},
{"weight":60,"add":{"component_groups":["serp:pre_free"]}}]
},
{"filters":{"all_of":[{"test":"in_water","subject":"other","operator":"!="},{"test":"is_family","subject":"other","value":"big"}]},
"randomize":[
{"weight":10,"add":{"component_groups":["serp:pre_catch"]}},
{"weight":80,"add":{"component_groups":["serp:pre_free"]}}]
},
{"filters":{"all_of":[{"test":"in_water","subject":"other","operator":"!="},{"test":"is_family","subject":"other","value":"legendary"}]},
"randomize":[
{"weight":10,"add":{"component_groups":["serp:pre_catch"]}},
{"weight":100,"add":{"component_groups":["serp:pre_free"]}}]
},
{"filters":{"all_of":[{"test":"in_water","subject":"other","operator":"="},{"test":"is_family","subject":"other","value":"tiny"}]},
"randomize":[
{"weight":40,"add":{"component_groups":["serp:pre_catch"]}},
{"weight":40,"add":{"component_groups":["serp:pre_free"]}}]
},
{"filters":{"all_of":[{"test":"in_water","subject":"other","operator":"="},{"test":"is_family","subject":"other","value":"medium"}]},
"randomize":[
{"weight":40,"add":{"component_groups":["serp:pre_catch"]}},
{"weight":60,"add":{"component_groups":["serp:pre_free"]}}]
},
{"filters":{"all_of":[{"test":"in_water","subject":"other","operator":"="},{"test":"is_family","subject":"other","value":"big"}]},
"randomize":[
{"weight":40,"add":{"component_groups":["serp:pre_catch"]}},
{"weight":80,"add":{"component_groups":["serp:pre_free"]}}]
},
{"filters":{"all_of":[{"test":"in_water","subject":"other","operator":"="},{"test":"is_family","subject":"other","value":"legendary"}]},
"randomize":[
{"weight":40,"add":{"component_groups":["serp:pre_catch"]}},
{"weight":100,"add":{"component_groups":["serp:pre_free"]}}]
},
{"filters":{"test":"is_family","subject":"other","value":"bulbasaur"},
"run_command":{"command":["tag @s add c1"]}},
{"filters":{"test":"is_family","subject":"other","value":"ivysaur"},
"run_command":{"command":["tag @s add c2"]}},
{"filters":{"test":"is_family","subject":"other","value":"venusaur"},
"run_command":{"command":["tag @s add c3"]}},
{"filters":{"test":"is_family","subject":"other","value":"charmander"},
"run_command":{"command":["tag @s add c4"]}},
{"filters":{"test":"is_family","subject":"other","value":"charmeleon"},
"run_command":{"command":["tag @s add c5"]}},
{"filters":{"test":"is_family","subject":"other","value":"charizard"},
"run_command":{"command":["tag @s add c6"]}},
{"filters":{"test":"is_family","subject":"other","value":"squirtle"},
"run_command":{"command":["tag @s add c7"]}},
{"filters":{"test":"is_family","subject":"other","value":"wartortle"},
"run_command":{"command":["tag @s add c8"]}},
{"filters":{"test":"is_family","subject":"other","value":"blastoise"},
"run_command":{"command":["tag @s add c9"]}},
{"filters":{"test":"is_family","subject":"other","value":"caterpie"},
"run_command":{"command":["tag @s add c10"]}},
{"filters":{"test":"is_family","subject":"other","value":"metapod"},
"run_command":{"command":["tag @s add c11"]}},
{"filters":{"test":"is_family","subject":"other","value":"butterfree"},
"run_command":{"command":["tag @s add c12"]}},
{"filters":{"test":"is_family","subject":"other","value":"weedle"},
"run_command":{"command":["tag @s add c13"]}},
{"filters":{"test":"is_family","subject":"other","value":"kakuna"},
"run_command":{"command":["tag @s add c14"]}},
{"filters":{"test":"is_family","subject":"other","value":"beedrill"},
"run_command":{"command":["tag @s add c15"]}},
{"filters":{"test":"is_family","subject":"other","value":"pidgey"},
"run_command":{"command":["tag @s add c16"]}},
{"filters":{"test":"is_family","subject":"other","value":"pidgeotto"},
"run_command":{"command":["tag @s add c17"]}},
{"filters":{"test":"is_family","subject":"other","value":"pidgeot"},
"run_command":{"command":["tag @s add c18"]}},
{"filters":{"test":"is_family","subject":"other","value":"rattata"},
"run_command":{"command":["tag @s add c19"]}},
{"filters":{"test":"is_family","subject":"other","value":"raticate"},
"run_command":{"command":["tag @s add c20"]}},
{"filters":{"test":"is_family","subject":"other","value":"spearow"},
"run_command":{"command":["tag @s add c21"]}},
{"filters":{"test":"is_family","subject":"other","value":"fearow"},
"run_command":{"command":["tag @s add c22"]}},
{"filters":{"test":"is_family","subject":"other","value":"ekans"},
"run_command":{"command":["tag @s add c23"]}},
{"filters":{"test":"is_family","subject":"other","value":"arbok"},
"run_command":{"command":["tag @s add c24"]}},
{"filters":{"test":"is_family","subject":"other","value":"pikachu"},
"run_command":{"command":["tag @s add c25"]}},
{"filters":{"test":"is_family","subject":"other","value":"raichu"},
"run_command":{"command":["tag @s add c26"]}},
{"filters":{"test":"is_family","subject":"other","value":"sandshrew"},
"run_command":{"command":["tag @s add c27"]}},
{"filters":{"test":"is_family","subject":"other","value":"sandslash"},
"run_command":{"command":["tag @s add c28"]}},
{"filters":{"test":"is_family","subject":"other","value":"nidoranh"},
"run_command":{"command":["tag @s add c29"]}},
{"filters":{"test":"is_family","subject":"other","value":"nidorina"},
"run_command":{"command":["tag @s add c30"]}},
{"filters":{"test":"is_family","subject":"other","value":"nidoqueen"},
"run_command":{"command":["tag @s add c31"]}},
{"filters":{"test":"is_family","subject":"other","value":"nidoranm"},
"run_command":{"command":["tag @s add c32"]}},
{"filters":{"test":"is_family","subject":"other","value":"nidorino"},
"run_command":{"command":["tag @s add c33"]}},
{"filters":{"test":"is_family","subject":"other","value":"nidoking"},
"run_command":{"command":["tag @s add c34"]}},
{"filters":{"test":"is_family","subject":"other","value":"clefairy"},
"run_command":{"command":["tag @s add c35"]}},
{"filters":{"test":"is_family","subject":"other","value":"clefable"},
"run_command":{"command":["tag @s add c36"]}},
{"filters":{"test":"is_family","subject":"other","value":"vulpix"},
"run_command":{"command":["tag @s add c37"]}},
{"filters":{"test":"is_family","subject":"other","value":"ninetales"},
"run_command":{"command":["tag @s add c38"]}},
{"filters":{"test":"is_family","subject":"other","value":"jigglypuff"},
"run_command":{"command":["tag @s add c39"]}},
{"filters":{"test":"is_family","subject":"other","value":"wigglytuff"},
"run_command":{"command":["tag @s add c40"]}},
{"filters":{"test":"is_family","subject":"other","value":"zubat"},
"run_command":{"command":["tag @s add c41"]}},
{"filters":{"test":"is_family","subject":"other","value":"golbat"},
"run_command":{"command":["tag @s add c42"]}},
{"filters":{"test":"is_family","subject":"other","value":"oddish"},
"run_command":{"command":["tag @s add c43"]}},
{"filters":{"test":"is_family","subject":"other","value":"gloom"},
"run_command":{"command":["tag @s add c44"]}},
{"filters":{"test":"is_family","subject":"other","value":"vileplume"},
"run_command":{"command":["tag @s add c45"]}},
{"filters":{"test":"is_family","subject":"other","value":"paras"},
"run_command":{"command":["tag @s add c46"]}},
{"filters":{"test":"is_family","subject":"other","value":"parasect"},
"run_command":{"command":["tag @s add c47"]}},
{"filters":{"test":"is_family","subject":"other","value":"venonat"},
"run_command":{"command":["tag @s add c48"]}},
{"filters":{"test":"is_family","subject":"other","value":"venomoth"},
"run_command":{"command":["tag @s add c49"]}},
{"filters":{"test":"is_family","subject":"other","value":"diglett"},
"run_command":{"command":["tag @s add c50"]}},
{"filters":{"test":"is_family","subject":"other","value":"dugtrio"},
"run_command":{"command":["tag @s add c51"]}},
{"filters":{"test":"is_family","subject":"other","value":"meowth"},
"run_command":{"command":["tag @s add c52"]}},
{"filters":{"test":"is_family","subject":"other","value":"persian"},
"run_command":{"command":["tag @s add c53"]}},
{"filters":{"test":"is_family","subject":"other","value":"psyduck"},
"run_command":{"command":["tag @s add c54"]}},
{"filters":{"test":"is_family","subject":"other","value":"golduck"},
"run_command":{"command":["tag @s add c55"]}},
{"filters":{"test":"is_family","subject":"other","value":"mankey"},
"run_command":{"command":["tag @s add c56"]}},
{"filters":{"test":"is_family","subject":"other","value":"primeape"},
"run_command":{"command":["tag @s add c57"]}},
{"filters":{"test":"is_family","subject":"other","value":"growlithe"},
"run_command":{"command":["tag @s add c58"]}},
{"filters":{"test":"is_family","subject":"other","value":"arcanine"},
"run_command":{"command":["tag @s add c59"]}},
{"filters":{"test":"is_family","subject":"other","value":"poliwag"},
"run_command":{"command":["tag @s add c60"]}},
{"filters":{"test":"is_family","subject":"other","value":"poliwhirl"},
"run_command":{"command":["tag @s add c61"]}},
{"filters":{"test":"is_family","subject":"other","value":"poliwrath"},
"run_command":{"command":["tag @s add c62"]}},
{"filters":{"test":"is_family","subject":"other","value":"abra"},
"run_command":{"command":["tag @s add c63"]}},
{"filters":{"test":"is_family","subject":"other","value":"kadabra"},
"run_command":{"command":["tag @s add c64"]}},
{"filters":{"test":"is_family","subject":"other","value":"alakazam"},
"run_command":{"command":["tag @s add c65"]}},
{"filters":{"test":"is_family","subject":"other","value":"machop"},
"run_command":{"command":["tag @s add c66"]}},
{"filters":{"test":"is_family","subject":"other","value":"machoke"},
"run_command":{"command":["tag @s add c67"]}},
{"filters":{"test":"is_family","subject":"other","value":"machamp"},
"run_command":{"command":["tag @s add c68"]}},
{"filters":{"test":"is_family","subject":"other","value":"bellsprout"},
"run_command":{"command":["tag @s add c69"]}},
{"filters":{"test":"is_family","subject":"other","value":"weepinbell"},
"run_command":{"command":["tag @s add c70"]}},
{"filters":{"test":"is_family","subject":"other","value":"victreebel"},
"run_command":{"command":["tag @s add c71"]}},
{"filters":{"test":"is_family","subject":"other","value":"tentacool"},
"run_command":{"command":["tag @s add c72"]}},
{"filters":{"test":"is_family","subject":"other","value":"tentacruel"},
"run_command":{"command":["tag @s add c73"]}},
{"filters":{"test":"is_family","subject":"other","value":"geodude"},
"run_command":{"command":["tag @s add c74"]}},
{"filters":{"test":"is_family","subject":"other","value":"graveler"},
"run_command":{"command":["tag @s add c75"]}},
{"filters":{"test":"is_family","subject":"other","value":"golem"},
"run_command":{"command":["tag @s add c76"]}},
{"filters":{"test":"is_family","subject":"other","value":"ponyta"},
"run_command":{"command":["tag @s add c77"]}},
{"filters":{"test":"is_family","subject":"other","value":"rapidash"},
"run_command":{"command":["tag @s add c78"]}},
{"filters":{"test":"is_family","subject":"other","value":"slowpoke"},
"run_command":{"command":["tag @s add c79"]}},
{"filters":{"test":"is_family","subject":"other","value":"slowbro"},
"run_command":{"command":["tag @s add c80"]}},
{"filters":{"test":"is_family","subject":"other","value":"magnemite"},
"run_command":{"command":["tag @s add c81"]}},
{"filters":{"test":"is_family","subject":"other","value":"magneton"},
"run_command":{"command":["tag @s add c82"]}},
{"filters":{"test":"is_family","subject":"other","value":"farfetchd"},
"run_command":{"command":["tag @s add c83"]}},
{"filters":{"test":"is_family","subject":"other","value":"doduo"},
"run_command":{"command":["tag @s add c84"]}},
{"filters":{"test":"is_family","subject":"other","value":"dodrio"},
"run_command":{"command":["tag @s add c85"]}},
{"filters":{"test":"is_family","subject":"other","value":"seel"},
"run_command":{"command":["tag @s add c86"]}},
{"filters":{"test":"is_family","subject":"other","value":"dewgong"},
"run_command":{"command":["tag @s add c87"]}},
{"filters":{"test":"is_family","subject":"other","value":"grimer"},
"run_command":{"command":["tag @s add c88"]}},
{"filters":{"test":"is_family","subject":"other","value":"muk"},
"run_command":{"command":["tag @s add c89"]}},
{"filters":{"test":"is_family","subject":"other","value":"shellder"},
"run_command":{"command":["tag @s add c90"]}},
{"filters":{"test":"is_family","subject":"other","value":"cloyster"},
"run_command":{"command":["tag @s add c91"]}},
{"filters":{"test":"is_family","subject":"other","value":"gastly"},
"run_command":{"command":["tag @s add c92"]}},
{"filters":{"test":"is_family","subject":"other","value":"haunter"},
"run_command":{"command":["tag @s add c93"]}},
{"filters":{"test":"is_family","subject":"other","value":"gengar"},
"run_command":{"command":["tag @s add c94"]}},
{"filters":{"test":"is_family","subject":"other","value":"onix"},
"run_command":{"command":["tag @s add c95"]}},
{"filters":{"test":"is_family","subject":"other","value":"drowzee"},
"run_command":{"command":["tag @s add c96"]}},
{"filters":{"test":"is_family","subject":"other","value":"hypno"},
"run_command":{"command":["tag @s add c97"]}},
{"filters":{"test":"is_family","subject":"other","value":"krabby"},
"run_command":{"command":["tag @s add c98"]}},
{"filters":{"test":"is_family","subject":"other","value":"kingler"},
"run_command":{"command":["tag @s add c99"]}},
{"filters":{"test":"is_family","subject":"other","value":"voltorb"},
"run_command":{"command":["tag @s add c100"]}},
{"filters":{"test":"is_family","subject":"other","value":"electrode"},
"run_command":{"command":["tag @s add c101"]}},
{"filters":{"test":"is_family","subject":"other","value":"exeggcute"},
"run_command":{"command":["tag @s add c102"]}},
{"filters":{"test":"is_family","subject":"other","value":"exeggutor"},
"run_command":{"command":["tag @s add c103"]}},
{"filters":{"test":"is_family","subject":"other","value":"cubone"},
"run_command":{"command":["tag @s add c104"]}},
{"filters":{"test":"is_family","subject":"other","value":"marowak"},
"run_command":{"command":["tag @s add c105"]}},
{"filters":{"test":"is_family","subject":"other","value":"hitmonlee"},
"run_command":{"command":["tag @s add c106"]}},
{"filters":{"test":"is_family","subject":"other","value":"hitmonchan"},
"run_command":{"command":["tag @s add c107"]}},
{"filters":{"test":"is_family","subject":"other","value":"lickitung"},
"run_command":{"command":["tag @s add c108"]}},
{"filters":{"test":"is_family","subject":"other","value":"koffing"},
"run_command":{"command":["tag @s add c109"]}},
{"filters":{"test":"is_family","subject":"other","value":"weezing"},
"run_command":{"command":["tag @s add c110"]}},
{"filters":{"test":"is_family","subject":"other","value":"rhyhorn"},
"run_command":{"command":["tag @s add c111"]}},
{"filters":{"test":"is_family","subject":"other","value":"rhydon"},
"run_command":{"command":["tag @s add c112"]}},
{"filters":{"test":"is_family","subject":"other","value":"chansey"},
"run_command":{"command":["tag @s add c113"]}},
{"filters":{"test":"is_family","subject":"other","value":"tangela"},
"run_command":{"command":["tag @s add c114"]}},
{"filters":{"test":"is_family","subject":"other","value":"kangaskhan"},
"run_command":{"command":["tag @s add c115"]}},
{"filters":{"test":"is_family","subject":"other","value":"horsea"},
"run_command":{"command":["tag @s add c116"]}},
{"filters":{"test":"is_family","subject":"other","value":"seadra"},
"run_command":{"command":["tag @s add c117"]}},
{"filters":{"test":"is_family","subject":"other","value":"goldeen"},
"run_command":{"command":["tag @s add c118"]}},
{"filters":{"test":"is_family","subject":"other","value":"seaking"},
"run_command":{"command":["tag @s add c119"]}},
{"filters":{"test":"is_family","subject":"other","value":"staryu"},
"run_command":{"command":["tag @s add c120"]}},
{"filters":{"test":"is_family","subject":"other","value":"starmie"},
"run_command":{"command":["tag @s add c121"]}},
{"filters":{"test":"is_family","subject":"other","value":"mrmime"},
"run_command":{"command":["tag @s add c122"]}},
{"filters":{"test":"is_family","subject":"other","value":"scyther"},
"run_command":{"command":["tag @s add c123"]}},
{"filters":{"test":"is_family","subject":"other","value":"jynx"},
"run_command":{"command":["tag @s add c124"]}},
{"filters":{"test":"is_family","subject":"other","value":"electabuzz"},
"run_command":{"command":["tag @s add c125"]}},
{"filters":{"test":"is_family","subject":"other","value":"magmar"},
"run_command":{"command":["tag @s add c126"]}},
{"filters":{"test":"is_family","subject":"other","value":"pinsir"},
"run_command":{"command":["tag @s add c127"]}},
{"filters":{"test":"is_family","subject":"other","value":"tauros"},
"run_command":{"command":["tag @s add c128"]}},
{"filters":{"test":"is_family","subject":"other","value":"magikarp"},
"run_command":{"command":["tag @s add c129"]}},
{"filters":{"test":"is_family","subject":"other","value":"gyarados"},
"run_command":{"command":["tag @s add c130"]}},
{"filters":{"test":"is_family","subject":"other","value":"lapras"},
"run_command":{"command":["tag @s add c131"]}},
{"filters":{"test":"is_family","subject":"other","value":"ditto"},
"run_command":{"command":["tag @s add c132"]}},
{"filters":{"test":"is_family","subject":"other","value":"eevee"},
"run_command":{"command":["tag @s add c133"]}},
{"filters":{"test":"is_family","subject":"other","value":"vaporeon"},
"run_command":{"command":["tag @s add c134"]}},
{"filters":{"test":"is_family","subject":"other","value":"jolteon"},
"run_command":{"command":["tag @s add c135"]}},
{"filters":{"test":"is_family","subject":"other","value":"flareon"},
"run_command":{"command":["tag @s add c136"]}},
{"filters":{"test":"is_family","subject":"other","value":"porygon"},
"run_command":{"command":["tag @s add c137"]}},
{"filters":{"test":"is_family","subject":"other","value":"omanyte"},
"run_command":{"command":["tag @s add c138"]}},
{"filters":{"test":"is_family","subject":"other","value":"omastar"},
"run_command":{"command":["tag @s add c139"]}},
{"filters":{"test":"is_family","subject":"other","value":"kabuto"},
"run_command":{"command":["tag @s add c140"]}},
{"filters":{"test":"is_family","subject":"other","value":"kabutops"},
"run_command":{"command":["tag @s add c141"]}},
{"filters":{"test":"is_family","subject":"other","value":"aerodactyl"},
"run_command":{"command":["tag @s add c142"]}},
{"filters":{"test":"is_family","subject":"other","value":"snorlax"},
"run_command":{"command":["tag @s add c143"]}},
{"filters":{"test":"is_family","subject":"other","value":"articuno"},
"run_command":{"command":["tag @s add c144"]}},
{"filters":{"test":"is_family","subject":"other","value":"zapdos"},
"run_command":{"command":["tag @s add c145"]}},
{"filters":{"test":"is_family","subject":"other","value":"moltres"},
"run_command":{"command":["tag @s add c146"]}},
{"filters":{"test":"is_family","subject":"other","value":"dratini"},
"run_command":{"command":["tag @s add c147"]}},
{"filters":{"test":"is_family","subject":"other","value":"dragonair"},
"run_command":{"command":["tag @s add c148"]}},
{"filters":{"test":"is_family","subject":"other","value":"dragonite"},
"run_command":{"command":["tag @s add c149"]}},
{"filters":{"test":"is_family","subject":"other","value":"mewtwo"},
"run_command":{"command":["tag @s add c150"]}},
{"filters":{"test":"is_family","subject":"other","value":"mew"},
"run_command":{"command":["tag @s add c151"]}},
{"filters":{"test":"is_family","subject":"other","value":"chikorita"},
"run_command":{"command":["tag @s add c152"]}},
{"filters":{"test":"is_family","subject":"other","value":"bayleef"},
"run_command":{"command":["tag @s add c153"]}},
{"filters":{"test":"is_family","subject":"other","value":"meganium"},
"run_command":{"command":["tag @s add c154"]}},
{"filters":{"test":"is_family","subject":"other","value":"cyndaquil"},
"run_command":{"command":["tag @s add c155"]}},
{"filters":{"test":"is_family","subject":"other","value":"quilava"},
"run_command":{"command":["tag @s add c156"]}},
{"filters":{"test":"is_family","subject":"other","value":"typhlosion"},
"run_command":{"command":["tag @s add c157"]}},
{"filters":{"test":"is_family","subject":"other","value":"totodile"},
"run_command":{"command":["tag @s add c158"]}},
{"filters":{"test":"is_family","subject":"other","value":"croconaw"},
"run_command":{"command":["tag @s add c159"]}},
{"filters":{"test":"is_family","subject":"other","value":"feraligatr"},
"run_command":{"command":["tag @s add c160"]}},
{"filters":{"test":"is_family","subject":"other","value":"sentret"},
"run_command":{"command":["tag @s add c161"]}},
{"filters":{"test":"is_family","subject":"other","value":"furret"},
"run_command":{"command":["tag @s add c162"]}},
{"filters":{"test":"is_family","subject":"other","value":"hoothoot"},
"run_command":{"command":["tag @s add c163"]}},
{"filters":{"test":"is_family","subject":"other","value":"noctowl"},
"run_command":{"command":["tag @s add c164"]}},
{"filters":{"test":"is_family","subject":"other","value":"ledyba"},
"run_command":{"command":["tag @s add c165"]}},
{"filters":{"test":"is_family","subject":"other","value":"ledian"},
"run_command":{"command":["tag @s add c166"]}},
{"filters":{"test":"is_family","subject":"other","value":"spinarak"},
"run_command":{"command":["tag @s add c167"]}},
{"filters":{"test":"is_family","subject":"other","value":"ariados"},
"run_command":{"command":["tag @s add c168"]}},
{"filters":{"test":"is_family","subject":"other","value":"crobat"},
"run_command":{"command":["tag @s add c169"]}},
{"filters":{"test":"is_family","subject":"other","value":"chinchou"},
"run_command":{"command":["tag @s add c170"]}},
{"filters":{"test":"is_family","subject":"other","value":"lanturn"},
"run_command":{"command":["tag @s add c171"]}},
{"filters":{"test":"is_family","subject":"other","value":"pichu"},
"run_command":{"command":["tag @s add c172"]}},
{"filters":{"test":"is_family","subject":"other","value":"cleffa"},
"run_command":{"command":["tag @s add c173"]}},
{"filters":{"test":"is_family","subject":"other","value":"igglybuff"},
"run_command":{"command":["tag @s add c174"]}},
{"filters":{"test":"is_family","subject":"other","value":"togepi"},
"run_command":{"command":["tag @s add c175"]}},
{"filters":{"test":"is_family","subject":"other","value":"togetic"},
"run_command":{"command":["tag @s add c176"]}},
{"filters":{"test":"is_family","subject":"other","value":"natu"},
"run_command":{"command":["tag @s add c177"]}},
{"filters":{"test":"is_family","subject":"other","value":"xatu"},
"run_command":{"command":["tag @s add c178"]}},
{"filters":{"test":"is_family","subject":"other","value":"mareep"},
"run_command":{"command":["tag @s add c179"]}},
{"filters":{"test":"is_family","subject":"other","value":"flaaffy"},
"run_command":{"command":["tag @s add c180"]}},
{"filters":{"test":"is_family","subject":"other","value":"ampharos"},
"run_command":{"command":["tag @s add c181"]}},
{"filters":{"test":"is_family","subject":"other","value":"bellossom"},
"run_command":{"command":["tag @s add c182"]}},
{"filters":{"test":"is_family","subject":"other","value":"marill"},
"run_command":{"command":["tag @s add c183"]}},
{"filters":{"test":"is_family","subject":"other","value":"azumarill"},
"run_command":{"command":["tag @s add c184"]}},
{"filters":{"test":"is_family","subject":"other","value":"sudowoodo"},
"run_command":{"command":["tag @s add c185"]}},
{"filters":{"test":"is_family","subject":"other","value":"politoed"},
"run_command":{"command":["tag @s add c186"]}},
{"filters":{"test":"is_family","subject":"other","value":"hoppip"},
"run_command":{"command":["tag @s add c187"]}},
{"filters":{"test":"is_family","subject":"other","value":"skiploom"},
"run_command":{"command":["tag @s add c188"]}},
{"filters":{"test":"is_family","subject":"other","value":"jumpluff"},
"run_command":{"command":["tag @s add c189"]}},
{"filters":{"test":"is_family","subject":"other","value":"aipom"},
"run_command":{"command":["tag @s add c190"]}},
{"filters":{"test":"is_family","subject":"other","value":"sunkern"},
"run_command":{"command":["tag @s add c191"]}},
{"filters":{"test":"is_family","subject":"other","value":"sunflora"},
"run_command":{"command":["tag @s add c192"]}},
{"filters":{"test":"is_family","subject":"other","value":"yanma"},
"run_command":{"command":["tag @s add c193"]}},
{"filters":{"test":"is_family","subject":"other","value":"wooper"},
"run_command":{"command":["tag @s add c194"]}},
{"filters":{"test":"is_family","subject":"other","value":"quagsire"},
"run_command":{"command":["tag @s add c195"]}},
{"filters":{"test":"is_family","subject":"other","value":"espeon"},
"run_command":{"command":["tag @s add c196"]}},
{"filters":{"test":"is_family","subject":"other","value":"umbreon"},
"run_command":{"command":["tag @s add c197"]}},
{"filters":{"test":"is_family","subject":"other","value":"murkrow"},
"run_command":{"command":["tag @s add c198"]}},
{"filters":{"test":"is_family","subject":"other","value":"slowking"},
"run_command":{"command":["tag @s add c199"]}},
{"filters":{"test":"is_family","subject":"other","value":"misdreavus"},
"run_command":{"command":["tag @s add c200"]}},
{"filters":{"test":"is_family","subject":"other","value":"unown"},
"run_command":{"command":["tag @s add c201"]}},
{"filters":{"test":"is_family","subject":"other","value":"wobbuffet"},
"run_command":{"command":["tag @s add c202"]}},
{"filters":{"test":"is_family","subject":"other","value":"girafarig"},
"run_command":{"command":["tag @s add c203"]}},
{"filters":{"test":"is_family","subject":"other","value":"pineco"},
"run_command":{"command":["tag @s add c204"]}},
{"filters":{"test":"is_family","subject":"other","value":"forretress"},
"run_command":{"command":["tag @s add c205"]}},
{"filters":{"test":"is_family","subject":"other","value":"dunsparce"},
"run_command":{"command":["tag @s add c206"]}},
{"filters":{"test":"is_family","subject":"other","value":"gligar"},
"run_command":{"command":["tag @s add c207"]}},
{"filters":{"test":"is_family","subject":"other","value":"steelix"},
"run_command":{"command":["tag @s add c208"]}},
{"filters":{"test":"is_family","subject":"other","value":"snubbull"},
"run_command":{"command":["tag @s add c209"]}},
{"filters":{"test":"is_family","subject":"other","value":"granbull"},
"run_command":{"command":["tag @s add c210"]}},
{"filters":{"test":"is_family","subject":"other","value":"qwilfish"},
"run_command":{"command":["tag @s add c211"]}},
{"filters":{"test":"is_family","subject":"other","value":"scizor"},
"run_command":{"command":["tag @s add c212"]}},
{"filters":{"test":"is_family","subject":"other","value":"shuckle"},
"run_command":{"command":["tag @s add c213"]}},
{"filters":{"test":"is_family","subject":"other","value":"heracross"},
"run_command":{"command":["tag @s add c214"]}},
{"filters":{"test":"is_family","subject":"other","value":"sneasel"},
"run_command":{"command":["tag @s add c215"]}},
{"filters":{"test":"is_family","subject":"other","value":"teddiursa"},
"run_command":{"command":["tag @s add c216"]}},
{"filters":{"test":"is_family","subject":"other","value":"ursaring"},
"run_command":{"command":["tag @s add c217"]}},
{"filters":{"test":"is_family","subject":"other","value":"slugma"},
"run_command":{"command":["tag @s add c218"]}},
{"filters":{"test":"is_family","subject":"other","value":"magcargo"},
"run_command":{"command":["tag @s add c219"]}},
{"filters":{"test":"is_family","subject":"other","value":"swinub"},
"run_command":{"command":["tag @s add c220"]}},
{"filters":{"test":"is_family","subject":"other","value":"piloswine"},
"run_command":{"command":["tag @s add c221"]}},
{"filters":{"test":"is_family","subject":"other","value":"corsola"},
"run_command":{"command":["tag @s add c222"]}},
{"filters":{"test":"is_family","subject":"other","value":"remoraid"},
"run_command":{"command":["tag @s add c223"]}},
{"filters":{"test":"is_family","subject":"other","value":"octillery"},
"run_command":{"command":["tag @s add c224"]}},
{"filters":{"test":"is_family","subject":"other","value":"delibird"},
"run_command":{"command":["tag @s add c225"]}},
{"filters":{"test":"is_family","subject":"other","value":"mantine"},
"run_command":{"command":["tag @s add c226"]}},
{"filters":{"test":"is_family","subject":"other","value":"skarmory"},
"run_command":{"command":["tag @s add c227"]}},
{"filters":{"test":"is_family","subject":"other","value":"houndour"},
"run_command":{"command":["tag @s add c228"]}},
{"filters":{"test":"is_family","subject":"other","value":"houndoom"},
"run_command":{"command":["tag @s add c229"]}},
{"filters":{"test":"is_family","subject":"other","value":"kingdra"},
"run_command":{"command":["tag @s add c230"]}},
{"filters":{"test":"is_family","subject":"other","value":"phanpy"},
"run_command":{"command":["tag @s add c231"]}},
{"filters":{"test":"is_family","subject":"other","value":"donphan"},
"run_command":{"command":["tag @s add c232"]}},
{"filters":{"test":"is_family","subject":"other","value":"porygon2"},
"run_command":{"command":["tag @s add c233"]}},
{"filters":{"test":"is_family","subject":"other","value":"stantler"},
"run_command":{"command":["tag @s add c234"]}},
{"filters":{"test":"is_family","subject":"other","value":"smeargle"},
"run_command":{"command":["tag @s add c235"]}},
{"filters":{"test":"is_family","subject":"other","value":"tyrogue"},
"run_command":{"command":["tag @s add c236"]}},
{"filters":{"test":"is_family","subject":"other","value":"hitmontop"},
"run_command":{"command":["tag @s add c237"]}},
{"filters":{"test":"is_family","subject":"other","value":"smoochum"},
"run_command":{"command":["tag @s add c238"]}},
{"filters":{"test":"is_family","subject":"other","value":"elekid"},
"run_command":{"command":["tag @s add c239"]}},
{"filters":{"test":"is_family","subject":"other","value":"magby"},
"run_command":{"command":["tag @s add c240"]}},
{"filters":{"test":"is_family","subject":"other","value":"miltank"},
"run_command":{"command":["tag @s add c241"]}},
{"filters":{"test":"is_family","subject":"other","value":"blissey"},
"run_command":{"command":["tag @s add c242"]}},
{"filters":{"test":"is_family","subject":"other","value":"raikou"},
"run_command":{"command":["tag @s add c243"]}},
{"filters":{"test":"is_family","subject":"other","value":"entei"},
"run_command":{"command":["tag @s add c244"]}},
{"filters":{"test":"is_family","subject":"other","value":"suicune"},
"run_command":{"command":["tag @s add c245"]}},
{"filters":{"test":"is_family","subject":"other","value":"larvitar"},
"run_command":{"command":["tag @s add c246"]}},
{"filters":{"test":"is_family","subject":"other","value":"pupitar"},
"run_command":{"command":["tag @s add c247"]}},
{"filters":{"test":"is_family","subject":"other","value":"tyranitar"},
"run_command":{"command":["tag @s add c248"]}},
{"filters":{"test":"is_family","subject":"other","value":"lugia"},
"run_command":{"command":["tag @s add c249"]}},
{"filters":{"test":"is_family","subject":"other","value":"hooh"},
"run_command":{"command":["tag @s add c250"]}},
{"filters":{"test":"is_family","subject":"other","value":"celebi"},
"run_command":{"command":["tag @s add c251"]}}
        ]
      }
    }
  }
}