{
	"file_path": "C:\\Users\\Freddy\\AppData\\Local\\Packages\\Microsoft.MinecraftUWP_8wekyb3d8bbwe\\LocalState\\games\\com.mojang\\development_behavior_packs\\Spry Conquest Overhaul\\items\\staffs\\staff_fireball.json",
	"file_type": "item",
	"format_version": 1,
	"file_uuid": "4e59541d_9312_4993_95f4_61544b373115",
	"file_version": 115,
	"cache_content": {
		"children": [
			{
				"data": "1.16.100",
				"key": "format_version"
			},
			{
				"open": {
					"format_version": "1.16.100",
					"minecraft:item": {
						"description": {
							"identifier": "sc:staff_fireball",
							"category": "equipment"
						},
						"components": {
							"minecraft:max_stack_size": 1,
							"minecraft:icon": {
								"texture": "staff_pyre"
							},
							"minecraft:creative_category": {
								"parent": "equipment"
							},
							"minecraft:display_name": {
								"value": "Fireball Staff"
							},
							"minecraft:on_use": {
								"on_use": {
									"event": "fire"
								}
							},
							"minecraft:cooldown": {
								"duration": 1,
								"category": "staff"
							},
							"minecraft:durability": {
								"max_durability": 1260,
								"damage_chance": {
									"min": 0,
									"max": 0
								}
							},
							"minecraft:hand_equipped": true,
							"minecraft:render_offsets": {
								"main_hand": {
									"first_person": {
										"scale": [
											0.03055,
											0.03055,
											0.03055
										],
										"position": [
											0.7,
											0.15,
											-0.7
										],
										"rotation": [
											125,
											-240,
											25
										]
									},
									"third_person": {
										"position": [
											0.826,
											1.413,
											-1.175
										],
										"scale": [
											0.09195,
											0.07,
											0.09195
										]
									}
								}
							},
							"minecraft:weapon": {
								"on_hurt_entity": {
									"event": "damage"
								},
								"on_not_hurt_entity": {
									"event": "damage"
								},
								"on_hit_block": {
									"event": "damage"
								}
							},
							"minecraft:damage": 1
						},
						"events": {
							"fire": {
								"sequence": [
									{
										"run_command": {
											"command": [
												"playsound pyre_staff.use @s ~ ~ ~ 1 1 1"
											]
										}
									},
									{
										"damage": {
											"type": "none",
											"amount": 12,
											"target": "self"
										}
									},
									{
										"shoot": {
											"projectile": "sc:fire_breath",
											"launch_power": 1,
											"angle_offset": 0.5
										}
									}
								]
							},
							"damage": {
								"damage": {
									"type": "none",
									"amount": 1,
									"target": "self"
								}
							}
						}
					}
				},
				"key": "minecraft:item",
				"children": [
					{
						"open": {
							"description": {
								"identifier": "sc:staff_fireball",
								"category": "equipment"
							},
							"components": {
								"minecraft:max_stack_size": 1,
								"minecraft:icon": {
									"texture": "staff_pyre"
								},
								"minecraft:creative_category": {
									"parent": "equipment"
								},
								"minecraft:display_name": {
									"value": "Fireball Staff"
								},
								"minecraft:on_use": {
									"on_use": {
										"event": "fire"
									}
								},
								"minecraft:cooldown": {
									"duration": 1,
									"category": "staff"
								},
								"minecraft:durability": {
									"max_durability": 1260,
									"damage_chance": {
										"min": 0,
										"max": 0
									}
								},
								"minecraft:hand_equipped": true,
								"minecraft:render_offsets": {
									"main_hand": {
										"first_person": {
											"scale": [
												0.03055,
												0.03055,
												0.03055
											],
											"position": [
												0.7,
												0.15,
												-0.7
											],
											"rotation": [
												125,
												-240,
												25
											]
										},
										"third_person": {
											"position": [
												0.826,
												1.413,
												-1.175
											],
											"scale": [
												0.09195,
												0.07,
												0.09195
											]
										}
									}
								},
								"minecraft:weapon": {
									"on_hurt_entity": {
										"event": "damage"
									},
									"on_not_hurt_entity": {
										"event": "damage"
									},
									"on_hit_block": {
										"event": "damage"
									}
								},
								"minecraft:damage": 1
							},
							"events": {
								"fire": {
									"sequence": [
										{
											"run_command": {
												"command": [
													"playsound pyre_staff.use @s ~ ~ ~ 1 1 1"
												]
											}
										},
										{
											"damage": {
												"type": "none",
												"amount": 12,
												"target": "self"
											}
										},
										{
											"shoot": {
												"projectile": "sc:fire_breath",
												"launch_power": 1,
												"angle_offset": 0.5
											}
										}
									]
								},
								"damage": {
									"damage": {
										"type": "none",
										"amount": 1,
										"target": "self"
									}
								}
							}
						},
						"key": "description",
						"is_minified": true,
						"children": {
							"identifier": "sc:staff_fireball",
							"category": "equipment"
						}
					},
					{
						"open": {
							"description": {
								"identifier": "sc:staff_fireball",
								"category": "equipment"
							},
							"components": {
								"minecraft:max_stack_size": 1,
								"minecraft:icon": {
									"texture": "staff_pyre"
								},
								"minecraft:creative_category": {
									"parent": "equipment"
								},
								"minecraft:display_name": {
									"value": "Fireball Staff"
								},
								"minecraft:on_use": {
									"on_use": {
										"event": "fire"
									}
								},
								"minecraft:cooldown": {
									"duration": 1,
									"category": "staff"
								},
								"minecraft:durability": {
									"max_durability": 1260,
									"damage_chance": {
										"min": 0,
										"max": 0
									}
								},
								"minecraft:hand_equipped": true,
								"minecraft:render_offsets": {
									"main_hand": {
										"first_person": {
											"scale": [
												0.03055,
												0.03055,
												0.03055
											],
											"position": [
												0.7,
												0.15,
												-0.7
											],
											"rotation": [
												125,
												-240,
												25
											]
										},
										"third_person": {
											"position": [
												0.826,
												1.413,
												-1.175
											],
											"scale": [
												0.09195,
												0.07,
												0.09195
											]
										}
									}
								},
								"minecraft:weapon": {
									"on_hurt_entity": {
										"event": "damage"
									},
									"on_not_hurt_entity": {
										"event": "damage"
									},
									"on_hit_block": {
										"event": "damage"
									}
								},
								"minecraft:damage": 1
							},
							"events": {
								"fire": {
									"sequence": [
										{
											"run_command": {
												"command": [
													"playsound pyre_staff.use @s ~ ~ ~ 1 1 1"
												]
											}
										},
										{
											"damage": {
												"type": "none",
												"amount": 12,
												"target": "self"
											}
										},
										{
											"shoot": {
												"projectile": "sc:fire_breath",
												"launch_power": 1,
												"angle_offset": 0.5
											}
										}
									]
								},
								"damage": {
									"damage": {
										"type": "none",
										"amount": 1,
										"target": "self"
									}
								}
							}
						},
						"key": "components",
						"children": [
							{
								"data": "1",
								"key": "minecraft:max_stack_size"
							},
							{
								"open": {
									"minecraft:max_stack_size": 1,
									"minecraft:icon": {
										"texture": "staff_pyre"
									},
									"minecraft:creative_category": {
										"parent": "equipment"
									},
									"minecraft:display_name": {
										"value": "Fireball Staff"
									},
									"minecraft:on_use": {
										"on_use": {
											"event": "fire"
										}
									},
									"minecraft:cooldown": {
										"duration": 1,
										"category": "staff"
									},
									"minecraft:durability": {
										"max_durability": 1260,
										"damage_chance": {
											"min": 0,
											"max": 0
										}
									},
									"minecraft:hand_equipped": true,
									"minecraft:render_offsets": {
										"main_hand": {
											"first_person": {
												"scale": [
													0.03055,
													0.03055,
													0.03055
												],
												"position": [
													0.7,
													0.15,
													-0.7
												],
												"rotation": [
													125,
													-240,
													25
												]
											},
											"third_person": {
												"position": [
													0.826,
													1.413,
													-1.175
												],
												"scale": [
													0.09195,
													0.07,
													0.09195
												]
											}
										}
									},
									"minecraft:weapon": {
										"on_hurt_entity": {
											"event": "damage"
										},
										"on_not_hurt_entity": {
											"event": "damage"
										},
										"on_hit_block": {
											"event": "damage"
										}
									},
									"minecraft:damage": 1
								},
								"key": "minecraft:icon",
								"is_minified": true,
								"children": {
									"texture": "staff_pyre"
								}
							},
							{
								"key": "minecraft:creative_category",
								"is_minified": true,
								"children": {
									"parent": "equipment"
								}
							},
							{
								"open": {
									"minecraft:max_stack_size": 1,
									"minecraft:icon": {
										"texture": "staff_pyre"
									},
									"minecraft:creative_category": {
										"parent": "equipment"
									},
									"minecraft:display_name": {
										"value": "Fireball Staff"
									},
									"minecraft:on_use": {
										"on_use": {
											"event": "fire"
										}
									},
									"minecraft:cooldown": {
										"duration": 1,
										"category": "staff"
									},
									"minecraft:durability": {
										"max_durability": 1260,
										"damage_chance": {
											"min": 0,
											"max": 0
										}
									},
									"minecraft:hand_equipped": true,
									"minecraft:render_offsets": {
										"main_hand": {
											"first_person": {
												"scale": [
													0.03055,
													0.03055,
													0.03055
												],
												"position": [
													0.7,
													0.15,
													-0.7
												],
												"rotation": [
													125,
													-240,
													25
												]
											},
											"third_person": {
												"position": [
													0.826,
													1.413,
													-1.175
												],
												"scale": [
													0.09195,
													0.07,
													0.09195
												]
											}
										}
									},
									"minecraft:weapon": {
										"on_hurt_entity": {
											"event": "damage"
										},
										"on_not_hurt_entity": {
											"event": "damage"
										},
										"on_hit_block": {
											"event": "damage"
										}
									},
									"minecraft:damage": 1
								},
								"key": "minecraft:display_name",
								"is_minified": true,
								"children": {
									"value": "Fireball Staff"
								}
							},
							{
								"key": "minecraft:on_use",
								"children": [
									{
										"open": {
											"on_use": {
												"event": "fire"
											}
										},
										"key": "on_use",
										"is_minified": true,
										"children": {
											"event": "fire"
										}
									}
								]
							},
							{
								"key": "minecraft:cooldown",
								"is_minified": true,
								"children": {
									"duration": 1,
									"category": "staff"
								}
							},
							{
								"open": {
									"minecraft:max_stack_size": 1,
									"minecraft:icon": {
										"texture": "staff_pyre"
									},
									"minecraft:creative_category": {
										"parent": "equipment"
									},
									"minecraft:display_name": {
										"value": "Fireball Staff"
									},
									"minecraft:on_use": {
										"on_use": {
											"event": "fire"
										}
									},
									"minecraft:cooldown": {
										"duration": 1,
										"category": "staff"
									},
									"minecraft:durability": {
										"max_durability": 1260,
										"damage_chance": {
											"min": 0,
											"max": 0
										}
									},
									"minecraft:hand_equipped": true,
									"minecraft:render_offsets": {
										"main_hand": {
											"first_person": {
												"scale": [
													0.03055,
													0.03055,
													0.03055
												],
												"position": [
													0.7,
													0.15,
													-0.7
												],
												"rotation": [
													125,
													-240,
													25
												]
											},
											"third_person": {
												"position": [
													0.826,
													1.413,
													-1.175
												],
												"scale": [
													0.09195,
													0.07,
													0.09195
												]
											}
										}
									},
									"minecraft:weapon": {
										"on_hurt_entity": {
											"event": "damage"
										},
										"on_not_hurt_entity": {
											"event": "damage"
										},
										"on_hit_block": {
											"event": "damage"
										}
									},
									"minecraft:damage": 1
								},
								"key": "minecraft:durability",
								"children": [
									{
										"open": {
											"max_durability": 1260,
											"damage_chance": {
												"min": 0,
												"max": 0
											}
										},
										"data": "1260",
										"key": "max_durability"
									},
									{
										"open": {
											"max_durability": 1260,
											"damage_chance": {
												"min": 0,
												"max": 0
											}
										},
										"key": "damage_chance",
										"is_minified": true,
										"children": {
											"min": 0,
											"max": 0
										}
									}
								]
							},
							{
								"data": "true",
								"key": "minecraft:hand_equipped"
							},
							{
								"key": "minecraft:render_offsets",
								"children": [
									{
										"open": {
											"main_hand": {
												"first_person": {
													"scale": [
														0.03055,
														0.03055,
														0.03055
													],
													"position": [
														0.7,
														0.15,
														-0.7
													],
													"rotation": [
														125,
														-240,
														25
													]
												},
												"third_person": {
													"position": [
														0.826,
														1.413,
														-1.175
													],
													"scale": [
														0.09195,
														0.07,
														0.09195
													]
												}
											}
										},
										"key": "main_hand",
										"children": [
											{
												"open": {
													"first_person": {
														"scale": [
															0.03055,
															0.03055,
															0.03055
														],
														"position": [
															0.7,
															0.15,
															-0.7
														],
														"rotation": [
															125,
															-240,
															25
														]
													},
													"third_person": {
														"position": [
															0.826,
															1.413,
															-1.175
														],
														"scale": [
															0.09195,
															0.07,
															0.09195
														]
													}
												},
												"key": "first_person",
												"children": [
													{
														"key": "scale",
														"is_minified": true,
														"children": [
															0.03055,
															0.03055,
															0.03055
														]
													},
													{
														"open": {
															"scale": [
																0.03055,
																0.03055,
																0.03055
															],
															"position": [
																0.7,
																0.15,
																-0.7
															],
															"rotation": [
																125,
																-240,
																25
															]
														},
														"key": "position",
														"is_minified": true,
														"children": [
															0.7,
															0.15,
															-0.7
														]
													},
													{
														"open": {
															"scale": [
																0.03055,
																0.03055,
																0.03055
															],
															"position": [
																0.7,
																0.15,
																-0.7
															],
															"rotation": [
																125,
																-240,
																25
															]
														},
														"key": "rotation",
														"is_minified": true,
														"children": [
															125,
															-240,
															25
														]
													}
												]
											},
											{
												"open": {
													"first_person": {
														"scale": [
															0.03055,
															0.03055,
															0.03055
														],
														"position": [
															0.7,
															0.15,
															-0.7
														],
														"rotation": [
															125,
															-240,
															25
														]
													},
													"third_person": {
														"position": [
															0.826,
															1.413,
															-1.175
														],
														"scale": [
															0.09195,
															0.07,
															0.09195
														]
													}
												},
												"key": "third_person",
												"children": [
													{
														"key": "position",
														"is_minified": true,
														"children": [
															0.826,
															1.413,
															-1.175
														]
													},
													{
														"open": {
															"position": [
																0.826,
																1.413,
																-1.175
															],
															"scale": [
																0.09195,
																0.07,
																0.09195
															]
														},
														"key": "scale",
														"is_minified": true,
														"children": [
															0.09195,
															0.07,
															0.09195
														]
													}
												]
											}
										]
									}
								]
							},
							{
								"key": "minecraft:weapon",
								"children": [
									{
										"open": {
											"on_hurt_entity": {
												"event": "damage"
											},
											"on_not_hurt_entity": {
												"event": "damage"
											},
											"on_hit_block": {
												"event": "damage"
											}
										},
										"key": "on_hurt_entity",
										"is_minified": true,
										"children": {
											"event": "damage"
										}
									},
									{
										"open": {
											"on_hurt_entity": {
												"event": "damage"
											},
											"on_not_hurt_entity": {
												"event": "damage"
											},
											"on_hit_block": {
												"event": "damage"
											}
										},
										"key": "on_not_hurt_entity",
										"is_minified": true,
										"children": {
											"event": "damage"
										}
									},
									{
										"open": {
											"on_hurt_entity": {
												"event": "damage"
											},
											"on_not_hurt_entity": {
												"event": "damage"
											},
											"on_hit_block": {
												"event": "damage"
											}
										},
										"key": "on_hit_block",
										"is_minified": true,
										"children": {
											"event": "damage"
										}
									}
								]
							},
							{
								"open": {
									"minecraft:max_stack_size": 1,
									"minecraft:icon": {
										"texture": "staff_pyre"
									},
									"minecraft:creative_category": {
										"parent": "equipment"
									},
									"minecraft:display_name": {
										"value": "Fireball Staff"
									},
									"minecraft:on_use": {
										"on_use": {
											"event": "fire"
										}
									},
									"minecraft:cooldown": {
										"duration": 1,
										"category": "staff"
									},
									"minecraft:durability": {
										"max_durability": 1260,
										"damage_chance": {
											"min": 0,
											"max": 0
										}
									},
									"minecraft:hand_equipped": true,
									"minecraft:render_offsets": {
										"main_hand": {
											"first_person": {
												"scale": [
													0.03055,
													0.03055,
													0.03055
												],
												"position": [
													0.7,
													0.15,
													-0.7
												],
												"rotation": [
													125,
													-240,
													25
												]
											},
											"third_person": {
												"position": [
													0.826,
													1.413,
													-1.175
												],
												"scale": [
													0.09195,
													0.07,
													0.09195
												]
											}
										}
									},
									"minecraft:weapon": {
										"on_hurt_entity": {
											"event": "damage"
										},
										"on_not_hurt_entity": {
											"event": "damage"
										},
										"on_hit_block": {
											"event": "damage"
										}
									},
									"minecraft:damage": 1
								},
								"data": "1",
								"key": "minecraft:damage"
							}
						]
					},
					{
						"open": {
							"description": {
								"identifier": "sc:staff_fireball",
								"category": "equipment"
							},
							"components": {
								"minecraft:max_stack_size": 1,
								"minecraft:icon": {
									"texture": "staff_pyre"
								},
								"minecraft:creative_category": {
									"parent": "equipment"
								},
								"minecraft:display_name": {
									"value": "Fireball Staff"
								},
								"minecraft:on_use": {
									"on_use": {
										"event": "fire"
									}
								},
								"minecraft:cooldown": {
									"duration": 1,
									"category": "staff"
								},
								"minecraft:durability": {
									"max_durability": 1260,
									"damage_chance": {
										"min": 0,
										"max": 0
									}
								},
								"minecraft:hand_equipped": true,
								"minecraft:render_offsets": {
									"main_hand": {
										"first_person": {
											"scale": [
												0.03055,
												0.03055,
												0.03055
											],
											"position": [
												0.7,
												0.15,
												-0.7
											],
											"rotation": [
												125,
												-240,
												25
											]
										},
										"third_person": {
											"position": [
												0.826,
												1.413,
												-1.175
											],
											"scale": [
												0.09195,
												0.07,
												0.09195
											]
										}
									}
								},
								"minecraft:weapon": {
									"on_hurt_entity": {
										"event": "damage"
									},
									"on_not_hurt_entity": {
										"event": "damage"
									},
									"on_hit_block": {
										"event": "damage"
									}
								},
								"minecraft:damage": 1
							},
							"events": {
								"fire": {
									"sequence": [
										{
											"run_command": {
												"command": [
													"playsound pyre_staff.use @s ~ ~ ~ 1 1 1"
												]
											}
										},
										{
											"damage": {
												"type": "none",
												"amount": 12,
												"target": "self"
											}
										},
										{
											"shoot": {
												"projectile": "sc:fire_breath",
												"launch_power": 1,
												"angle_offset": 0.5
											}
										}
									]
								},
								"damage": {
									"damage": {
										"type": "none",
										"amount": 1,
										"target": "self"
									}
								}
							}
						},
						"key": "events",
						"children": [
							{
								"open": {
									"fire": {
										"sequence": [
											{
												"run_command": {
													"command": [
														"playsound pyre_staff.use @s ~ ~ ~ 1 1 1"
													]
												}
											},
											{
												"damage": {
													"type": "none",
													"amount": 12,
													"target": "self"
												}
											},
											{
												"shoot": {
													"projectile": "sc:fire_breath",
													"launch_power": 1,
													"angle_offset": 0.5
												}
											}
										]
									},
									"damage": {
										"damage": {
											"type": "none",
											"amount": 1,
											"target": "self"
										}
									}
								},
								"key": "fire",
								"children": [
									{
										"open": {
											"sequence": [
												{
													"run_command": {
														"command": [
															"playsound pyre_staff.use @s ~ ~ ~ 1 1 1"
														]
													}
												},
												{
													"damage": {
														"type": "none",
														"amount": 12,
														"target": "self"
													}
												},
												{
													"shoot": {
														"projectile": "sc:fire_breath",
														"launch_power": 1,
														"angle_offset": 0.5
													}
												}
											]
										},
										"key": "sequence",
										"children": [
											{
												"open": [
													{
														"run_command": {
															"command": [
																"playsound pyre_staff.use @s ~ ~ ~ 1 1 1"
															]
														}
													},
													{
														"damage": {
															"type": "none",
															"amount": 12,
															"target": "self"
														}
													},
													{
														"shoot": {
															"projectile": "sc:fire_breath",
															"launch_power": 1,
															"angle_offset": 0.5
														}
													}
												],
												"children": [
													{
														"open": {
															"run_command": {
																"command": [
																	"playsound pyre_staff.use @s ~ ~ ~ 1 1 1"
																]
															}
														},
														"key": "run_command",
														"children": [
															{
																"open": {
																	"command": [
																		"playsound pyre_staff.use @s ~ ~ ~ 1 1 1"
																	]
																},
																"key": "command",
																"is_minified": true,
																"children": [
																	"playsound pyre_staff.use @s ~ ~ ~ 1 1 1"
																]
															}
														]
													}
												]
											},
											{
												"children": [
													{
														"open": {
															"damage": {
																"type": "none",
																"amount": 12,
																"target": "self"
															}
														},
														"key": "damage",
														"is_minified": true,
														"children": {
															"type": "none",
															"amount": 12,
															"target": "self"
														}
													}
												]
											},
											{
												"children": [
													{
														"open": {
															"shoot": {
																"projectile": "sc:fire_breath",
																"launch_power": 1,
																"angle_offset": 0.5
															}
														},
														"key": "shoot",
														"is_minified": true,
														"children": {
															"projectile": "sc:fire_breath",
															"launch_power": 1,
															"angle_offset": 0.5
														}
													}
												]
											}
										]
									}
								]
							},
							{
								"open": {
									"fire": {
										"sequence": [
											{
												"run_command": {
													"command": [
														"playsound pyre_staff.use @s ~ ~ ~ 1 1 1"
													]
												}
											},
											{
												"damage": {
													"type": "none",
													"amount": 12,
													"target": "self"
												}
											},
											{
												"shoot": {
													"projectile": "sc:fire_breath",
													"launch_power": 1,
													"angle_offset": 0.5
												}
											}
										]
									},
									"damage": {
										"damage": {
											"type": "none",
											"amount": 1,
											"target": "self"
										}
									}
								},
								"key": "damage",
								"children": [
									{
										"open": {
											"damage": {
												"type": "none",
												"amount": 1,
												"target": "self"
											}
										},
										"key": "damage",
										"is_minified": true,
										"children": {
											"type": "none",
											"amount": 1,
											"target": "self"
										}
									}
								]
							}
						]
					}
				]
			}
		]
	}
}