{
	"format_version": "1.8.0",
	"animations": {
		"animation.africano.walk": {
			"loop": true,
			"animation_length": 0.8,
			"bones": {
				"leg1a": {
					"rotation": {
						"0.0": [0, 0, 0],
						"0.2": [-20, 0, 0],
						"0.4": [0, 0, 0],
						"0.6": [20, 0, 0],
						"0.8": [0, 0, 0]
					}
				},
				"leg2a": {
					"rotation": {
						"0.0": [0, 0, 0],
						"0.2": [20, 0, 0],
						"0.4": [0, 0, 0],
						"0.6": [-20, 0, 0],
						"0.8": [0, 0, 0]
					}
				},
				"leg3a": {
					"rotation": {
						"0.0": [0, 0, 0],
						"0.2": [20, 0, 0],
						"0.4": [0, 0, 0],
						"0.6": [-20, 0, 0],
						"0.8": [0, 0, 0]
					}
				},
				"leg4a": {
					"rotation": {
						"0.0": [0, 0, 0],
						"0.2": [-20, 0, 0],
						"0.4": [0, 0, 0],
						"0.6": [20, 0, 0],
						"0.8": [0, 0, 0]
					}
				},
				"head": {
					"position": {
						"0.0": [0, 0, 0],
						"0.4": [0, -0.5, -0.5],
						"0.8": [0, 0, 0]
					}
				}
			}
		},
		"animation.africano.baby": {
			"loop": true,
			"bones": {
				"body": {
					"scale": [1.4, 1.3, 1]
				},
				"head": {
					"position": [0, 4, 4],
					"scale": [1.6, 1.6, 1.6]
				},
				"head6": {
					"position": [0, 3, 1.5],
					"scale": [1, 0.6, 1]
				},
				"head7": {
					"position": [0, 0, 1],
					"scale": [1, 0.7, 1]
				},
				"head8": {
					"position": [0, 1, 1],
					"scale": [1, 0.5, 1]
				},
				"head9": {
					"position": [0, 2, 1],
					"scale": [1, 0.4, 1]
				},
				"head10": {
					"position": [0, 4, 2]
				},
				"head11a": {
					"position": [-1, 2, 1],
					"scale": [0.8, 0.5, 1]
				},
				"head12a": {
					"position": [1, 2, 1],
					"scale": [0.8, 0.5, 1]
				},
				"tail": {
					"position": [0, 6, 0]
				}
			}
		}
	}
}