{
	"format_version": "1.8.0",
	"animations": {
		"animation.antab.walk": {
			"loop": true,
			"animation_length": 1.35333,
			"bones": {
				"leg2": {
					"rotation": {
						"0.0": [0, 0, 0],
						"0.3667": [30, 0, 0],
						"0.6833": [0, 0, 0],
						"1.0": [-30, 0, 0],
						"1.35": [0, 0, 0]
					},
					"position": {
						"0.0": [0, 0, 0],
						"0.3667": [0, -4, 5],
						"0.6833": [0, 0, 0],
						"1.0167": [0, 4, -3],
						"1.35": [0, 0, 0]
					}
				},
				"leg1": {
					"rotation": {
						"0.0": [0, 0, 0],
						"0.3667": [-30, 0, 0],
						"0.6833": [0, 0, 0],
						"1.0": [30, 0, 0],
						"1.35": [0, 0, 0]
					},
					"position": {
						"0.0": [0, 0, 0],
						"0.3667": [0, -5, -7],
						"0.6833": [0, 0, 0],
						"1.0167": [0, 5, 1],
						"1.0333": [0, 5, 1],
						"1.35": [0, 0, 0]
					}
				},
				"leg3": {
					"rotation": {
						"0.0": [0, 0, 0],
						"0.3667": [-30, 0, 0],
						"0.6833": [0, 0, 0],
						"1.0": [30, 0, 0],
						"1.35": [0, 0, 0]
					},
					"position": {
						"0.0": [0, 0, 0],
						"0.3667": [0, 4, -3],
						"0.6833": [0, 0, 0],
						"1.0167": [0, -4, 6],
						"1.35": [0, 0, 0]
					}
				},
				"leg0": {
					"rotation": {
						"0.0": [0, 0, 0],
						"0.3667": [30, 0, 0],
						"0.6833": [0, 0, 0],
						"1.0": [-30, 0, 0],
						"1.35": [0, 0, 0]
					},
					"position": {
						"0.0": [0, 0, 0],
						"0.3667": [0, 6, 1],
						"0.6833": [0, 0, 0],
						"1.0": [0, -5, -6],
						"1.35": [0, 0, 0]
					}
				},
				"body": {
					"rotation": [0, 0, 0],
					"position": [0, 0, 0]
				},
				"head": {
					"rotation": {
						"0.0": [0, 0, 0],
						"0.3333": [0, 0, 0]
					},
					"position": {
						"0.0": [0, 0, 0],
						"0.3333": [0, 0, 0],
						"0.5": [0, -0.5, 0],
						"0.65": [0, 0, 0]
					}
				},
				"tail": {
					"rotation": [0, 0, 0],
					"position": [0, 0, 0]
				}
			}
		},
		"animation.antab.base": {
			"loop": true,
			"animation_length": 0.61667,
			"bones": {
				"body": {
					"scale": [1, 1, 1]
				},
				"tail": {
					"scale": [1, 1, 1]
				},
				"bodyb": {
					"scale": [0.8, 1.1, 0.9]
				}
			}
		}
	}
}