{
	"format_version": "1.8.0",
	"animations": {
		"animation.cacatua.base": {
			"loop": true,
			"bones": {
				"bodyb": {
					"rotation": [0, 0, 0],
					"position": [0, 0, 0]
				}
			}
		},
		"animation.cacatua.dance": {
			"loop": true,
			"animation_length": 0.8,
			"bones": {
				"head": {
					"rotation": {
						"0.0": [0, 0, 0],
						"0.2": [0, 0, -30],
						"0.4": [0, 0, 0],
						"0.6": [0, 0, 30],
						"0.8": [0, 0, 0]
					}
				},
				"leg0": {
					"rotation": {
						"0.0": [0, 0, 0],
						"0.2": [0, 0, 10],
						"0.4": [0, 0, 0],
						"0.6": [0, 0, -10],
						"0.8": [0, 0, 0]
					},
					"position": {
						"0.0": [0, 0, 0],
						"0.2": [0, 0.5, 0],
						"0.4": [0, 0, 0]
					}
				},
				"wing0": {
					"rotation": {
						"0.0": [0, 0, 0],
						"0.4": [0, 25, 0],
						"0.8": [0, 0, 0]
					}
				},
				"bodyb": {
					"rotation": {
						"0.0": [0, 0, 0],
						"0.2": [0, 0, -10],
						"0.4": [0, 0, 0],
						"0.6": [0, 0, 10],
						"0.8": [0, 0, 0]
					}
				},
				"leg2": {
					"rotation": {
						"0.0": [0, 0, 0],
						"0.2": [0, 0, 10],
						"0.4": [0, 0, 0],
						"0.6": [0, 0, -10],
						"0.8": [0, 0, 0]
					},
					"position": {
						"0.0": [0, 0, 0],
						"0.6": [0, 0.5, 0],
						"0.8": [0, 0, 0]
					}
				},
				"wing2": {
					"rotation": {
						"0.0": [0, 0, 0],
						"0.4": [0, -25, 0],
						"0.8": [0, 0, 0]
					}
				}
			}
		},
		"animation.cacatua.flying": {
			"loop": true,
			"animation_length": 0.9667,
			"bones": {
				"leg0": {
					"rotation": [40, 0, 0]
				},
				"bodyb": {
					"rotation": {
						"0.0": [45, 0, 0],
						"0.4833": [30, 0, 0],
						"0.9667": [45, 0, 0]
					},
					"position": [0, 4, 2]
				},
				"tail": {
					"rotation": {
						"0.0": [0, 0, 0],
						"0.4833": [-15, 0, 0],
						"0.9667": [0, 0, 0]
					},
					"position": {
						"0.0": [0, 0, 0],
						"0.4833": [0, 1, -1],
						"0.9667": [0, 0, 0]
					}
				},
				"head": {
					"rotation": [-30, 0, 0]
				},
				"leg2": {
					"rotation": [40, 0, 0]
				},
				"wing0": {
					"rotation": {
						"0.0": [-95, 0, -90],
						"0.2333": [-95, 0, -45],
						"0.4833": [-95, 0, -90],
						"0.7167": [-95, 0, -140],
						"0.9667": [-95, 0, -90]
					},
					"position": [0, 0, 2]
				},
				"wing0a": {
					"rotation": [0, 0, 0]
				},
				"wing2": {
					"rotation": {
						"0.0": [-95, 0, 90],
						"0.2333": [-95, 0, 45],
						"0.4833": [-95, 0, 90],
						"0.7167": [-95, 0, 140],
						"0.9667": [-95, 0, 90]
					},
					"position": [0, 0, 2]
				}
			}
		},
		"animation.cacatua.moving": {
			"loop": true,
			"animation_length": 0.8
		},
		"animation.cacatua.sitting": {
			"loop": true,
			"bones": {
				"leg0": {
					"position": [0, 2, 0]
				},
				"bodyb": {
					"rotation": [10, 0, 0],
					"position": [0, -2, 0]
				},
				"leg2": {
					"position": [0, 2, 0]
				}
			}
		},
		"animation.cacatua.standing": {
			"loop": true,
			"bones": {
				"bodyb": {
					"rotation": [0, 0, 0],
					"position": [0, 0, 0]
				}
			}
		},
		"animation.cacatua.baby_transform": {
			"loop": true,
			"bones": {
				"head": {
					"position": [0, -2, 0],
					"scale": [2, 2, 2]
				},
				"tail": {
					"position": [0, 0, -1],
					"scale": [1, 1, 1.2]
				},
				"wing0": {
					"scale": [1, 0.7, 0.6]
				},
				"wing2": {
					"scale": [1, 0.7, 0.6]
				}
			}
		},
		"animation.cacatua_baby.walk": {
			"loop": true,
			"animation_length": 0.96,
			"bones": {
				"leg0": {
					"rotation": {
						"0.0": [0, 0, 0],
						"0.2333": [-65, 0, 0],
						"0.4833": [0, 0, 0],
						"0.7167": [65, 0, 0],
						"0.9667": [0, 0, 0]
					}
				},
				"leg2": {
					"rotation": {
						"0.0": [0, 0, 0],
						"0.2333": [65, 0, 0],
						"0.4833": [0, 0, 0],
						"0.7167": [-65, 0, 0],
						"0.9667": [0, 0, 0]
					}
				}
			}
		}
	}
}