{
	"format_version": "1.8.0",
	"animations": {
		"animation.caran.base": {
			"loop": true,
			"bones": {
				"body": {
					"rotation": [0, 0, 0],
					"position": [0, 0, 0]
				},
				"head": {
					"rotation": [0, 0, 0],
					"position": [0, 0, 0]
				},
				"leg1": {
					"rotation": [0, 0, 0],
					"position": [0, 0, 0]
				},
				"leg2": {
					"rotation": [0, 0, 0],
					"position": [0, 0, 0]
				},
				"leg3": {
					"rotation": [0, 0, 0],
					"position": [0, 0, 0]
				},
				"leg4": {
					"rotation": [0, 0, 0],
					"position": [0, 0, 0]
				},
				"leg5": {
					"rotation": [0, 0, 0],
					"position": [0, 0, 0]
				},
				"leg6": {
					"rotation": [0, 0, 0],
					"position": [0, 0, 0]
				},
				"leg7": {
					"rotation": [0, 0, 0],
					"position": [0, 0, 0]
				},
				"leg8": {
					"rotation": [0, 0, 0],
					"position": [0, 0, 0]
				},
				"arm1": {
					"rotation": [0, 0, 0],
					"position": [0, 0, 0]
				},
				"arm2": {
					"rotation": [0, 0, 0],
					"position": [0, 0, 0]
				}
			}
		},
		"animation.caran.walk": {
			"loop": true,
			"animation_length": 0.4833,
			"bones": {
				"body": {
					"rotation": [0, 0, 0]
				},
				"head": {
					"rotation": {
						"0.0": [0, 0, 0],
						"0.2333": [-5, 0, 0],
						"0.4833": [0, 0, 0]
					},
					"position": [0, 0, 0]
				},
				"leg3": {
					"rotation": {
						"0.0": [0, 0, 0],
						"0.2333": [0, 0, -15],
						"0.4833": [0, 0, 0]
					},
					"position": {
						"0.0": [0, 0, 0],
						"0.2333": [1, 0, 0],
						"0.4833": [0, 0, 0]
					}
				},
				"leg7": {
					"rotation": {
						"0.0": [0, 0, 0],
						"0.2333": [0, 0, 15],
						"0.4833": [0, 0, 0]
					},
					"position": {
						"0.0": [0, 0, 0],
						"0.2333": [-1, 0, 0],
						"0.4833": [0, 0, 0]
					}
				},
				"arm1": {
					"rotation": {
						"0.0": [0, 0, 0],
						"0.2333": [0, 0, -20],
						"0.4833": [0, 0, 0]
					},
					"position": {
						"0.0": [0, 0, 0],
						"0.2333": [0, 2, 0],
						"0.4833": [0, 0, 0]
					}
				},
				"arm2": {
					"rotation": {
						"0.0": [0, 0, 0],
						"0.2333": [0, 0, 20],
						"0.4833": [0, 0, 0]
					},
					"position": {
						"0.0": [0, 0, 0],
						"0.2333": [0, 2, 0],
						"0.4833": [0, 0, 0]
					}
				}
			}
		}
	}
}