{
	"format_version": "1.8.0",
	"animations": {
		"animation.javali.walk": {
			"loop": true,
			"animation_length": 1.04,
			"bones": {
				"leg2": {
					"rotation": {
						"0.0": [0, 0, 0],
						"0.25": [40, 0, 0],
						"0.5": [0, 0, 0],
						"0.7667": [-40, 0, 0],
						"1.0333": [0, 0, 0]
					},
					"position": {
						"0.0": [0, 0, 0],
						"0.25": [0, -3, 5],
						"0.5": [0, 0, 0],
						"0.7667": [0, 3, -2],
						"1.0333": [0, 0, 0]
					}
				},
				"leg1": {
					"rotation": {
						"0.0": [0, 0, 0],
						"0.25": [-40, 0, 0],
						"0.5": [0, 0, 0],
						"0.7667": [40, 0, 0],
						"1.0333": [0, 0, 0]
					},
					"position": {
						"0.0": [0, 0, 0],
						"0.25": [0, -4, -5],
						"0.5": [0, 0, 0],
						"0.7667": [0, 4, 1],
						"1.0333": [0, 0, 0]
					}
				},
				"leg3": {
					"rotation": {
						"0.0": [0, 0, 0],
						"0.25": [-40, 0, 0],
						"0.5": [0, 0, 0],
						"0.7667": [40, 0, 0],
						"1.0333": [0, 0, 0]
					},
					"position": {
						"0.0": [0, 0, 0],
						"0.25": [0, 3, -2],
						"0.5": [0, 0, 0],
						"0.7667": [0, -3, 5],
						"1.0333": [0, 0, 0]
					}
				},
				"leg0": {
					"rotation": {
						"0.0": [0, 0, 0],
						"0.25": [45, 0, 0],
						"0.5": [0, 0, 0],
						"0.7667": [-40, 0, 0],
						"1.0333": [0, 0, 0]
					},
					"position": {
						"0.0": [0, 0, 0],
						"0.25": [0, 5, 1],
						"0.5": [0, 0, 0],
						"0.7667": [0, -4, -5],
						"1.0333": [0, 0, 0]
					}
				},
				"head": {
					"rotation": {
						"0.0": [0, 0, 0],
						"0.5167": [0, 0, 0],
						"0.9333": [0, 0, 0]
					},
					"position": {
						"0.0": [0, 0, 0],
						"0.3": [0.6, -0.5, 0],
						"0.5167": [0, 0, 0],
						"0.7333": [-0.6, 0.5, 0],
						"0.9333": [0, 0, 0]
					}
				},
				"tail": {
					"rotation": {
						"0.0": [0, 0, 0],
						"0.5167": [-5, 0, 0],
						"0.95": [0, 0, 0]
					},
					"position": [0, 0, 0]
				},
				"tail1": {
					"rotation": {
						"0.0": [0, 0, 0],
						"0.5167": [0, 0, 0]
					},
					"position": [0, 0, 0]
				}
			}
		},
		"animation.javali.base": {
			"loop": true,
			"bones": {
				"leg2": {
					"rotation": [0, 0, 0],
					"position": [0, 0, 0]
				},
				"leg1": {
					"rotation": [0, 0, 0],
					"position": [0, 0, 0]
				},
				"body": {
					"rotation": [0, 0, 0],
					"position": [0, 0, 0]
				},
				"leg3": {
					"rotation": [0, 0, 0],
					"position": [0, 0, 0]
				},
				"leg0": {
					"rotation": [0, 0, 0],
					"position": [0, 0, 0]
				},
				"head": {
					"rotation": [0, 0, 0],
					"position": [0, 0, 0]
				},
				"tail": {
					"rotation": [0, 0, 0],
					"position": [0, 0, 0]
				}
			}
		}
	}
}