{
	"format_version": "1.8.0",
	"animations": {
		"animation.leoa.sit": {
			"loop": true,
			"bones": {
				"tail": {
					"position": [0, -5, 0]
				},
				"tail4": {
					"rotation": [25, 0, 0],
					"position": [0, -4, 3]
				},
				"tail5": {
					"rotation": [40, 0, 0],
					"position": [0, -7, 5]
				},
				"tail6": {
					"rotation": [10, 0, 0],
					"position": [0, 0, 1]
				},
				"tail7": {
					"rotation": [10, 0, 0],
					"position": [0, 0, 1]
				},
				"head": {
					"position": [0, -6, 0]
				},
				"body": {
					"position": [0, -5, 0]
				},
				"leg3": {
					"position": [-1, 0, 0]
				},
				"leg3b": {
					"position": [0, -3, 0]
				},
				"leg3c": {
					"position": [0, -4, 0]
				},
				"leg4": {
					"position": [1, 0, 0]
				},
				"leg4b": {
					"position": [0, -3, 0]
				},
				"leg4c": {
					"position": [0, -4, 0]
				},
				"leg2": {
					"position": [1, 0, 0]
				},
				"leg2b": {
					"position": [0, -2, 0]
				},
				"leg2c": {
					"position": [0, -4, 0]
				},
				"leg1": {
					"position": [-1, 0, 0]
				},
				"leg1b": {
					"position": [0, -2, 0]
				},
				"leg1c": {
					"position": [0, -4, 0]
				}
			}
		}
	}
}