{
  "format_version": "1.16.100",
  "minecraft:item": {
    "description": {
      "identifier": "js:netherite_leggings",
      "category": "Equipment"
    },
    "components": {
      "minecraft:display_name": {
        "value": "item.js:netherite_leggings.name"
      },
      "minecraft:creative_category": {
        "parent": "itemGroup.name.leggings"
      },
      "minecraft:max_stack_size": 1,
      "minecraft:enchantable": {
        "value": 25,
        "slot": "armor_legs"
      },
      "minecraft:armor": {
        "protection": 6
      },
	  "minecraft:knockback_resistance": {
		"protection": 0.1
	  },
      "minecraft:wearable": {
        "slot": "slot.armor.legs"
      },
      "minecraft:icon": {
        "texture": "netherite_leggings"
      }
    }
  }
}