{
  "format_version": "1.16.100",
  "minecraft:item": {
    "description": {
      "identifier": "js:scarlet_helmet",
      "category": "Equipment"
    },
    "components": {
      "minecraft:display_name": {
        "value": "item.js:scarlet_helmet.name"
      },
      "minecraft:creative_category": {
        "parent": "itemGroup.name.helmet"
      },
      "minecraft:max_stack_size": 1,
      "minecraft:enchantable": {
        "value": 25,
        "slot": "armor_head"
      },
      "minecraft:armor": {
        "protection": 3
      },
	  "minecraft:knockback_resistance": {
		"protection": 0.25
	  },
      "minecraft:wearable": {
        "slot": "slot.armor.head"
      },
      "minecraft:icon": {
        "texture": "scarlet_helmet"
      }
    }
  }
}