{
	"format_version": "1.12.0",
	"minecraft:geometry": [
		{
			"description": {
				"identifier": "geometry.carrot_chest",
				"texture_width": 128,
				"texture_height": 128,
				"visible_bounds_width": 3,
				"visible_bounds_height": 2.5,
				"visible_bounds_offset": [
					0,
					0.75,
					0
				]
			},
			"bones": [
				{
					"name": "bone",
					"pivot": [
						0,
						0,
						0
					],
					"cubes": [
						{
							"origin": [
								-8,
								0,
								-8
							],
							"size": [
								16,
								11.8,
								3
							],
							"uv": {
								"north": {
									"uv": [
										0,
										0
									],
									"uv_size": [
										16,
										12
									]
								},
								"east": {
									"uv": [
										16,
										65
									],
									"uv_size": [
										3,
										12
									]
								},
								"south": {
									"uv": [
										0,
										12
									],
									"uv_size": [
										16,
										12
									]
								},
								"west": {
									"uv": [
										19,
										65
									],
									"uv_size": [
										3,
										12
									]
								},
								"up": {
									"uv": [
										62,
										49
									],
									"uv_size": [
										16,
										3
									]
								},
								"down": {
									"uv": [
										62,
										55
									],
									"uv_size": [
										16,
										-3
									]
								}
							}
						},
						{
							"origin": [
								-8,
								0,
								-5
							],
							"size": [
								2,
								11.8,
								11
							],
							"uv": {
								"north": {
									"uv": [
										38,
										62
									],
									"uv_size": [
										2,
										12
									]
								},
								"east": {
									"uv": [
										36,
										13
									],
									"uv_size": [
										11,
										12
									]
								},
								"south": {
									"uv": [
										12,
										67
									],
									"uv_size": [
										2,
										12
									]
								},
								"west": {
									"uv": [
										36,
										25
									],
									"uv_size": [
										11,
										12
									]
								},
								"up": {
									"uv": [
										45,
										71
									],
									"uv_size": [
										2,
										11
									]
								},
								"down": {
									"uv": [
										47,
										82
									],
									"uv_size": [
										2,
										-11
									]
								}
							}
						},
						{
							"origin": [
								-6,
								0,
								-5
							],
							"size": [
								12,
								0.8,
								11
							],
							"uv": {
								"north": {
									"uv": [
										67,
										19
									],
									"uv_size": [
										12,
										1
									]
								},
								"east": {
									"uv": [
										71,
										38
									],
									"uv_size": [
										11,
										1
									]
								},
								"south": {
									"uv": [
										71,
										37
									],
									"uv_size": [
										12,
										1
									]
								},
								"west": {
									"uv": [
										76,
										36
									],
									"uv_size": [
										11,
										1
									]
								},
								"up": {
									"uv": [
										24,
										37
									],
									"uv_size": [
										12,
										11
									]
								},
								"down": {
									"uv": [
										36,
										48
									],
									"uv_size": [
										12,
										-11
									]
								}
							}
						},
						{
							"origin": [
								6,
								0,
								-5
							],
							"size": [
								2,
								11.8,
								11
							],
							"uv": {
								"north": {
									"uv": [
										14,
										67
									],
									"uv_size": [
										2,
										12
									]
								},
								"east": {
									"uv": [
										0,
										38
									],
									"uv_size": [
										11,
										12
									]
								},
								"south": {
									"uv": [
										63,
										68
									],
									"uv_size": [
										2,
										12
									]
								},
								"west": {
									"uv": [
										11,
										38
									],
									"uv_size": [
										11,
										12
									]
								},
								"up": {
									"uv": [
										49,
										71
									],
									"uv_size": [
										2,
										11
									]
								},
								"down": {
									"uv": [
										0,
										83
									],
									"uv_size": [
										2,
										-11
									]
								}
							}
						},
						{
							"origin": [
								-8,
								0,
								6
							],
							"size": [
								16,
								11.8,
								2
							],
							"uv": {
								"north": {
									"uv": [
										16,
										0
									],
									"uv_size": [
										16,
										12
									]
								},
								"east": {
									"uv": [
										65,
										68
									],
									"uv_size": [
										2,
										12
									]
								},
								"south": {
									"uv": [
										16,
										12
									],
									"uv_size": [
										16,
										12
									]
								},
								"west": {
									"uv": [
										67,
										68
									],
									"uv_size": [
										2,
										12
									]
								},
								"up": {
									"uv": [
										64,
										61
									],
									"uv_size": [
										16,
										2
									]
								},
								"down": {
									"uv": [
										66,
										41
									],
									"uv_size": [
										16,
										-2
									]
								}
							}
						},
						{
							"origin": [
								-7.9,
								11.8,
								6.3
							],
							"size": [
								15.9,
								7.9,
								1.7
							],
							"uv": {
								"north": {
									"uv": [
										44,
										0
									],
									"uv_size": [
										16,
										8
									]
								},
								"east": {
									"uv": [
										22,
										38
									],
									"uv_size": [
										1.5,
										8
									]
								},
								"south": {
									"uv": [
										47,
										8
									],
									"uv_size": [
										16,
										8
									]
								},
								"west": {
									"uv": [
										7,
										75
									],
									"uv_size": [
										1.5,
										8
									]
								},
								"up": {
									"uv": [
										67,
										15
									],
									"uv_size": [
										16,
										1.5
									]
								},
								"down": {
									"uv": [
										67,
										18.5
									],
									"uv_size": [
										16,
										-1.5
									]
								}
							}
						}
					]
				},
				{
					"name": "bone2",
					"parent": "bone",
					"pivot": [
						0,
						15,
						0
					],
					"cubes": [
						{
							"origin": [
								-7.1,
								13.5,
								-8
							],
							"size": [
								1,
								2.5,
								16
							],
							"pivot": [
								0,
								15,
								0
							],
							"rotation": [
								30,
								0,
								0
							],
							"uv": {
								"north": {
									"uv": [
										78,
										70
									],
									"uv_size": [
										1,
										2.5
									]
								},
								"east": {
									"uv": [
										63,
										26
									],
									"uv_size": [
										16,
										2.5
									]
								},
								"south": {
									"uv": [
										78,
										73
									],
									"uv_size": [
										1,
										2.5
									]
								},
								"west": {
									"uv": [
										58,
										63
									],
									"uv_size": [
										16,
										2.5
									]
								},
								"up": {
									"uv": [
										51,
										71
									],
									"uv_size": [
										1,
										16
									]
								},
								"down": {
									"uv": [
										9,
										88
									],
									"uv_size": [
										1,
										-16
									]
								}
							}
						},
						{
							"origin": [
								5.9,
								9.1,
								-8
							],
							"size": [
								1,
								2.4,
								14
							],
							"pivot": [
								0,
								15,
								0
							],
							"rotation": [
								30,
								0,
								0
							],
							"uv": {
								"north": {
									"uv": [
										78,
										76
									],
									"uv_size": [
										1,
										2.5
									]
								},
								"east": {
									"uv": [
										64,
										58
									],
									"uv_size": [
										14,
										2.5
									]
								},
								"south": {
									"uv": [
										3,
										79
									],
									"uv_size": [
										1,
										2.5
									]
								},
								"west": {
									"uv": [
										66,
										29
									],
									"uv_size": [
										14,
										2.5
									]
								},
								"up": {
									"uv": [
										62,
										73
									],
									"uv_size": [
										1,
										14
									]
								},
								"down": {
									"uv": [
										38,
										88
									],
									"uv_size": [
										1,
										-14
									]
								}
							}
						},
						{
							"origin": [
								5.9,
								11.5,
								-8
							],
							"size": [
								1,
								2,
								15
							],
							"pivot": [
								0,
								15,
								0
							],
							"rotation": [
								30,
								0,
								0
							],
							"uv": {
								"north": {
									"uv": [
										22,
										46
									],
									"uv_size": [
										1,
										2
									]
								},
								"east": {
									"uv": [
										66,
										41
									],
									"uv_size": [
										15,
										2
									]
								},
								"south": {
									"uv": [
										23,
										46
									],
									"uv_size": [
										1,
										2
									]
								},
								"west": {
									"uv": [
										63,
										66
									],
									"uv_size": [
										15,
										2
									]
								},
								"up": {
									"uv": [
										58,
										73
									],
									"uv_size": [
										1,
										15
									]
								},
								"down": {
									"uv": [
										59,
										88
									],
									"uv_size": [
										1,
										-15
									]
								}
							}
						},
						{
							"origin": [
								5.9,
								13.5,
								-8
							],
							"size": [
								1,
								2.5,
								16
							],
							"pivot": [
								0,
								15,
								0
							],
							"rotation": [
								30,
								0,
								0
							],
							"uv": {
								"north": {
									"uv": [
										4,
										79
									],
									"uv_size": [
										1,
										2.5
									]
								},
								"east": {
									"uv": [
										0,
										64
									],
									"uv_size": [
										16,
										2.5
									]
								},
								"south": {
									"uv": [
										5,
										79
									],
									"uv_size": [
										1,
										2.5
									]
								},
								"west": {
									"uv": [
										64,
										55
									],
									"uv_size": [
										16,
										2.5
									]
								},
								"up": {
									"uv": [
										10,
										72
									],
									"uv_size": [
										1,
										16
									]
								},
								"down": {
									"uv": [
										11,
										88
									],
									"uv_size": [
										1,
										-16
									]
								}
							}
						},
						{
							"origin": [
								-6.1,
								13.5,
								5.8
							],
							"size": [
								12,
								2.5,
								2.2
							],
							"pivot": [
								0,
								15,
								0
							],
							"rotation": [
								30,
								0,
								0
							],
							"uv": {
								"north": {
									"uv": [
										0,
										67
									],
									"uv_size": [
										12,
										2.5
									]
								},
								"east": {
									"uv": [
										36,
										76
									],
									"uv_size": [
										2,
										2.5
									]
								},
								"south": {
									"uv": [
										67,
										6
									],
									"uv_size": [
										12,
										2.5
									]
								},
								"west": {
									"uv": [
										43,
										76
									],
									"uv_size": [
										2,
										2.5
									]
								},
								"up": {
									"uv": [
										40,
										69
									],
									"uv_size": [
										12,
										2
									]
								},
								"down": {
									"uv": [
										69,
										70
									],
									"uv_size": [
										12,
										-2
									]
								}
							}
						},
						{
							"origin": [
								-6.1,
								13.5,
								-8.2
							],
							"size": [
								12,
								2.5,
								2.2
							],
							"pivot": [
								0,
								15,
								0
							],
							"rotation": [
								30,
								0,
								0
							],
							"uv": {
								"north": {
									"uv": [
										67,
										9
									],
									"uv_size": [
										12,
										2.5
									]
								},
								"east": {
									"uv": [
										56,
										78
									],
									"uv_size": [
										2,
										2.5
									]
								},
								"south": {
									"uv": [
										67,
										12
									],
									"uv_size": [
										12,
										2.5
									]
								},
								"west": {
									"uv": [
										78,
										58
									],
									"uv_size": [
										2,
										2.5
									]
								},
								"up": {
									"uv": [
										0,
										70
									],
									"uv_size": [
										12,
										2
									]
								},
								"down": {
									"uv": [
										70,
										2
									],
									"uv_size": [
										12,
										-2
									]
								}
							}
						},
						{
							"origin": [
								-7.1,
								12,
								-8
							],
							"size": [
								1,
								1.5,
								15
							],
							"pivot": [
								0,
								15,
								0
							],
							"rotation": [
								30,
								0,
								0
							],
							"uv": {
								"north": {
									"uv": [
										61,
										6
									],
									"uv_size": [
										1,
										1.5
									]
								},
								"east": {
									"uv": [
										70,
										2
									],
									"uv_size": [
										15,
										1.5
									]
								},
								"south": {
									"uv": [
										62,
										6
									],
									"uv_size": [
										1,
										1.5
									]
								},
								"west": {
									"uv": [
										70,
										4
									],
									"uv_size": [
										15,
										1.5
									]
								},
								"up": {
									"uv": [
										60,
										73
									],
									"uv_size": [
										1,
										15
									]
								},
								"down": {
									"uv": [
										61,
										88
									],
									"uv_size": [
										1,
										-15
									]
								}
							}
						},
						{
							"origin": [
								-7.1,
								9.1,
								-8
							],
							"size": [
								1,
								2.9,
								14
							],
							"pivot": [
								0,
								15,
								0
							],
							"rotation": [
								30,
								0,
								0
							],
							"uv": {
								"north": {
									"uv": [
										47,
										29
									],
									"uv_size": [
										1,
										3
									]
								},
								"east": {
									"uv": [
										63,
										20
									],
									"uv_size": [
										14,
										3
									]
								},
								"south": {
									"uv": [
										47,
										32
									],
									"uv_size": [
										1,
										3
									]
								},
								"west": {
									"uv": [
										63,
										23
									],
									"uv_size": [
										14,
										3
									]
								},
								"up": {
									"uv": [
										39,
										74
									],
									"uv_size": [
										1,
										14
									]
								},
								"down": {
									"uv": [
										2,
										89
									],
									"uv_size": [
										1,
										-14
									]
								}
							}
						}
					]
				},
				{
					"name": "bone3",
					"pivot": [
						-1.40752,
						14.81089,
						-3.01417
					],
					"cubes": [
						{
							"origin": [
								-6,
								0,
								-1
							],
							"size": [
								12,
								14,
								8
							],
							"uv": {
								"north": {
									"uv": [
										0,
										24
									],
									"uv_size": [
										12,
										14
									]
								},
								"east": {
									"uv": [
										48,
										29
									],
									"uv_size": [
										8,
										14
									]
								},
								"south": {
									"uv": [
										12,
										24
									],
									"uv_size": [
										12,
										14
									]
								},
								"west": {
									"uv": [
										32,
										48
									],
									"uv_size": [
										8,
										14
									]
								},
								"up": {
									"uv": [
										40,
										48
									],
									"uv_size": [
										12,
										8
									]
								},
								"down": {
									"uv": [
										0,
										58
									],
									"uv_size": [
										12,
										-8
									]
								}
							}
						},
						{
							"origin": [
								-3.3,
								2.4,
								1.5
							],
							"size": [
								9.3,
								12.7,
								5.5
							],
							"uv": {
								"north": {
									"uv": [
										47,
										16
									],
									"uv_size": [
										9.5,
										12.5
									]
								},
								"east": {
									"uv": [
										46,
										56
									],
									"uv_size": [
										5.5,
										12.5
									]
								},
								"south": {
									"uv": [
										22,
										48
									],
									"uv_size": [
										9.5,
										12.5
									]
								},
								"west": {
									"uv": [
										57,
										16
									],
									"uv_size": [
										5.5,
										12.5
									]
								},
								"up": {
									"uv": [
										60,
										0
									],
									"uv_size": [
										9.5,
										5.5
									]
								},
								"down": {
									"uv": [
										62,
										48.5
									],
									"uv_size": [
										9.5,
										-5.5
									]
								}
							}
						},
						{
							"origin": [
								-1.7,
								14.6,
								-0.8
							],
							"size": [
								5.2,
								2.8,
								4.6
							],
							"pivot": [
								-1.05,
								15.9,
								3.05
							],
							"rotation": [
								28,
								0,
								24
							],
							"uv": {
								"north": {
									"uv": [
										72,
										46
									],
									"uv_size": [
										5,
										3
									]
								},
								"east": {
									"uv": [
										26,
										76
									],
									"uv_size": [
										4.5,
										3
									]
								},
								"south": {
									"uv": [
										73,
										70
									],
									"uv_size": [
										5,
										3
									]
								},
								"west": {
									"uv": [
										31,
										76
									],
									"uv_size": [
										4.5,
										3
									]
								},
								"up": {
									"uv": [
										71,
										32
									],
									"uv_size": [
										5,
										4.5
									]
								},
								"down": {
									"uv": [
										40,
										75.5
									],
									"uv_size": [
										5,
										-4.5
									]
								}
							}
						},
						{
							"origin": [
								-4.47708,
								11.30828,
								-3.04182
							],
							"size": [
								5.2,
								2.8,
								6.3
							],
							"pivot": [
								-2.27708,
								10.80828,
								-3.44182
							],
							"rotation": [
								-26.59465,
								-27.00117,
								85.2387
							],
							"uv": {
								"north": {
									"uv": [
										73,
										73
									],
									"uv_size": [
										5,
										3
									]
								},
								"east": {
									"uv": [
										2,
										72
									],
									"uv_size": [
										6.5,
										3
									]
								},
								"south": {
									"uv": [
										74,
										63
									],
									"uv_size": [
										5,
										3
									]
								},
								"west": {
									"uv": [
										72,
										43
									],
									"uv_size": [
										6.5,
										3
									]
								},
								"up": {
									"uv": [
										66,
										32
									],
									"uv_size": [
										5,
										6.5
									]
								},
								"down": {
									"uv": [
										58,
										72.5
									],
									"uv_size": [
										5,
										-6.5
									]
								}
							}
						},
						{
							"origin": [
								-5.2,
								14.7,
								1.6
							],
							"size": [
								3.2,
								4.1,
								3.3
							],
							"pivot": [
								-2.65,
								15.75,
								4.25
							],
							"rotation": [
								17,
								0,
								-17
							],
							"uv": {
								"north": {
									"uv": [
										44,
										8
									],
									"uv_size": [
										3,
										4
									]
								},
								"east": {
									"uv": [
										32,
										19
									],
									"uv_size": [
										3.5,
										4
									]
								},
								"south": {
									"uv": [
										76,
										32
									],
									"uv_size": [
										3,
										4
									]
								},
								"west": {
									"uv": [
										48,
										43
									],
									"uv_size": [
										3.5,
										4
									]
								},
								"up": {
									"uv": [
										72,
										76
									],
									"uv_size": [
										3,
										3.5
									]
								},
								"down": {
									"uv": [
										75,
										79.5
									],
									"uv_size": [
										3,
										-3.5
									]
								}
							}
						},
						{
							"origin": [
								-6.2,
								0,
								-6.5
							],
							"size": [
								12.2,
								13,
								5.5
							],
							"uv": {
								"north": {
									"uv": [
										24,
										24
									],
									"uv_size": [
										12,
										13
									]
								},
								"east": {
									"uv": [
										56,
										29
									],
									"uv_size": [
										5.5,
										13
									]
								},
								"south": {
									"uv": [
										32,
										0
									],
									"uv_size": [
										12,
										13
									]
								},
								"west": {
									"uv": [
										40,
										56
									],
									"uv_size": [
										5.5,
										13
									]
								},
								"up": {
									"uv": [
										52,
										57
									],
									"uv_size": [
										12,
										5.5
									]
								},
								"down": {
									"uv": [
										0,
										63.5
									],
									"uv_size": [
										12,
										-5.5
									]
								}
							}
						},
						{
							"origin": [
								-6,
								0,
								-5.1
							],
							"size": [
								3.2,
								14.5,
								4.1
							],
							"uv": {
								"north": {
									"uv": [
										52,
										63
									],
									"uv_size": [
										3,
										14.5
									]
								},
								"east": {
									"uv": [
										18,
										50
									],
									"uv_size": [
										4,
										14.5
									]
								},
								"south": {
									"uv": [
										55,
										63
									],
									"uv_size": [
										3,
										14.5
									]
								},
								"west": {
									"uv": [
										58,
										42
									],
									"uv_size": [
										4,
										14.5
									]
								},
								"up": {
									"uv": [
										40,
										76
									],
									"uv_size": [
										3,
										4
									]
								},
								"down": {
									"uv": [
										69,
										80
									],
									"uv_size": [
										3,
										-4
									]
								}
							}
						},
						{
							"origin": [
								3.9,
								14.1,
								-0.7
							],
							"size": [
								3.5,
								1.9,
								1.1
							],
							"pivot": [
								4.4,
								7.25,
								-3.55
							],
							"rotation": [
								0,
								-14,
								0
							],
							"uv": {
								"north": {
									"uv": [
										52,
										78
									],
									"uv_size": [
										3.5,
										2
									]
								},
								"east": {
									"uv": [
										47,
										35
									],
									"uv_size": [
										1,
										2
									]
								},
								"south": {
									"uv": [
										78,
										52
									],
									"uv_size": [
										3.5,
										2
									]
								},
								"west": {
									"uv": [
										60,
										6
									],
									"uv_size": [
										1,
										2
									]
								},
								"up": {
									"uv": [
										32,
										23
									],
									"uv_size": [
										3.5,
										1
									]
								},
								"down": {
									"uv": [
										48,
										48
									],
									"uv_size": [
										3.5,
										-1
									]
								}
							}
						},
						{
							"origin": [
								3.6,
								2.8,
								0.4
							],
							"size": [
								3.8,
								13.6,
								6.1
							],
							"pivot": [
								4.4,
								7.25,
								-3.55
							],
							"rotation": [
								0,
								-14,
								0
							],
							"uv": {
								"north": {
									"uv": [
										62,
										29
									],
									"uv_size": [
										4,
										13.5
									]
								},
								"east": {
									"uv": [
										12,
										50
									],
									"uv_size": [
										6,
										13.5
									]
								},
								"south": {
									"uv": [
										30,
										62
									],
									"uv_size": [
										4,
										13.5
									]
								},
								"west": {
									"uv": [
										52,
										43
									],
									"uv_size": [
										6,
										13.5
									]
								},
								"up": {
									"uv": [
										32,
										13
									],
									"uv_size": [
										4,
										6
									]
								},
								"down": {
									"uv": [
										69,
										76
									],
									"uv_size": [
										4,
										-6
									]
								}
							}
						},
						{
							"origin": [
								1.7,
								0,
								-4.1
							],
							"size": [
								3.8,
								13.6,
								3.7
							],
							"pivot": [
								4.4,
								7.25,
								-3.55
							],
							"rotation": [
								0,
								-14,
								0
							],
							"uv": {
								"north": {
									"uv": [
										22,
										61
									],
									"uv_size": [
										4,
										13.5
									]
								},
								"east": {
									"uv": [
										34,
										62
									],
									"uv_size": [
										3.5,
										13.5
									]
								},
								"south": {
									"uv": [
										26,
										61
									],
									"uv_size": [
										4,
										13.5
									]
								},
								"west": {
									"uv": [
										63,
										6
									],
									"uv_size": [
										3.5,
										13.5
									]
								},
								"up": {
									"uv": [
										3,
										75
									],
									"uv_size": [
										4,
										3.5
									]
								},
								"down": {
									"uv": [
										22,
										78.5
									],
									"uv_size": [
										4,
										-3.5
									]
								}
							}
						},
						{
							"origin": [
								-0.90752,
								12.91089,
								-6.36417
							],
							"size": [
								3,
								2.9,
								2.5
							],
							"pivot": [
								-1.40752,
								14.81089,
								-3.01417
							],
							"rotation": [
								46.66997,
								-46.57794,
								-2.59384
							],
							"uv": {
								"north": {
									"uv": [
										16,
										77
									],
									"uv_size": [
										3,
										3
									]
								},
								"east": {
									"uv": [
										77,
										20
									],
									"uv_size": [
										2.5,
										3
									]
								},
								"south": {
									"uv": [
										19,
										77
									],
									"uv_size": [
										3,
										3
									]
								},
								"west": {
									"uv": [
										77,
										23
									],
									"uv_size": [
										2.5,
										3
									]
								},
								"up": {
									"uv": [
										77,
										46
									],
									"uv_size": [
										3,
										2.5
									]
								},
								"down": {
									"uv": [
										78,
										51.5
									],
									"uv_size": [
										3,
										-2.5
									]
								}
							}
						}
					]
				}
			]
		}
	]
}