{
	"format_version": "1.12.0",
	"minecraft:geometry": [
		{
			"description": {
				"identifier": "geometry.dishes",
				"texture_width": 64,
				"texture_height": 64,
				"visible_bounds_width": 3,
				"visible_bounds_height": 2.5,
				"visible_bounds_offset": [
					0,
					0.75,
					0
				]
			},
			"bones": [
				{
					"name": "bone4",
					"pivot": [
						0,
						0,
						0
					],
					"rotation": [
						0,
						180,
						0
					]
				},
				{
					"name": "bone",
					"parent": "bone4",
					"pivot": [
						1,
						2,
						0
					],
					"cubes": [
						{
							"origin": [
								-4,
								3,
								-6
							],
							"size": [
								1,
								13,
								13
							],
							"pivot": [
								-4,
								9.5,
								0.5
							],
							"rotation": [
								0,
								-25,
								12.5
							],
							"uv": {
								"north": {
									"uv": [
										0,
										40
									],
									"uv_size": [
										1,
										13
									]
								},
								"east": {
									"uv": [
										16,
										0
									],
									"uv_size": [
										13,
										13
									]
								},
								"south": {
									"uv": [
										1,
										40
									],
									"uv_size": [
										1,
										13
									]
								},
								"west": {
									"uv": [
										16,
										13
									],
									"uv_size": [
										13,
										13
									]
								},
								"up": {
									"uv": [
										2,
										40
									],
									"uv_size": [
										1,
										13
									]
								},
								"down": {
									"uv": [
										3,
										53
									],
									"uv_size": [
										1,
										-13
									]
								}
							}
						},
						{
							"origin": [
								-4,
								4,
								-7
							],
							"size": [
								1,
								11,
								1
							],
							"pivot": [
								-4,
								9.5,
								0.5
							],
							"rotation": [
								0,
								-25,
								12.5
							],
							"uv": {
								"north": {
									"uv": [
										44,
										1
									],
									"uv_size": [
										1,
										11
									]
								},
								"east": {
									"uv": [
										44,
										16
									],
									"uv_size": [
										1,
										11
									]
								},
								"south": {
									"uv": [
										44,
										42
									],
									"uv_size": [
										1,
										11
									]
								},
								"west": {
									"uv": [
										45,
										1
									],
									"uv_size": [
										1,
										11
									]
								},
								"up": {
									"uv": [
										44,
										35
									],
									"uv_size": [
										1,
										1
									]
								},
								"down": {
									"uv": [
										44,
										37
									],
									"uv_size": [
										1,
										-1
									]
								}
							}
						},
						{
							"origin": [
								-4,
								4,
								7
							],
							"size": [
								1,
								11,
								1
							],
							"pivot": [
								-4,
								9.5,
								0.5
							],
							"rotation": [
								0,
								-25,
								12.5
							],
							"uv": {
								"north": {
									"uv": [
										45,
										16
									],
									"uv_size": [
										1,
										11
									]
								},
								"east": {
									"uv": [
										45,
										42
									],
									"uv_size": [
										1,
										11
									]
								},
								"south": {
									"uv": [
										46,
										1
									],
									"uv_size": [
										1,
										11
									]
								},
								"west": {
									"uv": [
										46,
										16
									],
									"uv_size": [
										1,
										11
									]
								},
								"up": {
									"uv": [
										44,
										37
									],
									"uv_size": [
										1,
										1
									]
								},
								"down": {
									"uv": [
										44,
										39
									],
									"uv_size": [
										1,
										-1
									]
								}
							}
						},
						{
							"origin": [
								-4,
								16,
								-5
							],
							"size": [
								1,
								1,
								11
							],
							"pivot": [
								-4,
								9.5,
								0.5
							],
							"rotation": [
								0,
								-25,
								12.5
							],
							"uv": {
								"north": {
									"uv": [
										45,
										35
									],
									"uv_size": [
										1,
										1
									]
								},
								"east": {
									"uv": [
										42,
										33
									],
									"uv_size": [
										11,
										1
									]
								},
								"south": {
									"uv": [
										45,
										36
									],
									"uv_size": [
										1,
										1
									]
								},
								"west": {
									"uv": [
										42,
										34
									],
									"uv_size": [
										11,
										1
									]
								},
								"up": {
									"uv": [
										46,
										35
									],
									"uv_size": [
										1,
										11
									]
								},
								"down": {
									"uv": [
										46,
										57
									],
									"uv_size": [
										1,
										-11
									]
								}
							}
						},
						{
							"origin": [
								-4,
								2,
								-5
							],
							"size": [
								1,
								1,
								11
							],
							"pivot": [
								-4,
								9.5,
								0.5
							],
							"rotation": [
								0,
								-25,
								12.5
							],
							"uv": {
								"north": {
									"uv": [
										45,
										37
									],
									"uv_size": [
										1,
										1
									]
								},
								"east": {
									"uv": [
										44,
										12
									],
									"uv_size": [
										11,
										1
									]
								},
								"south": {
									"uv": [
										45,
										38
									],
									"uv_size": [
										1,
										1
									]
								},
								"west": {
									"uv": [
										44,
										13
									],
									"uv_size": [
										11,
										1
									]
								},
								"up": {
									"uv": [
										47,
										1
									],
									"uv_size": [
										1,
										11
									]
								},
								"down": {
									"uv": [
										47,
										27
									],
									"uv_size": [
										1,
										-11
									]
								}
							}
						},
						{
							"origin": [
								-5,
								16,
								-6
							],
							"size": [
								1,
								1,
								13
							],
							"pivot": [
								-4,
								9.5,
								0.5
							],
							"rotation": [
								0,
								-25,
								12.5
							],
							"uv": {
								"north": {
									"uv": [
										42,
										35
									],
									"uv_size": [
										1,
										1
									]
								},
								"east": {
									"uv": [
										4,
										40
									],
									"uv_size": [
										13,
										1
									]
								},
								"south": {
									"uv": [
										42,
										36
									],
									"uv_size": [
										1,
										1
									]
								},
								"west": {
									"uv": [
										17,
										40
									],
									"uv_size": [
										13,
										1
									]
								},
								"up": {
									"uv": [
										30,
										40
									],
									"uv_size": [
										1,
										13
									]
								},
								"down": {
									"uv": [
										31,
										53
									],
									"uv_size": [
										1,
										-13
									]
								}
							}
						},
						{
							"origin": [
								-5,
								2,
								-6
							],
							"size": [
								1,
								1,
								13
							],
							"pivot": [
								-4,
								9.5,
								0.5
							],
							"rotation": [
								0,
								-25,
								12.5
							],
							"uv": {
								"north": {
									"uv": [
										42,
										37
									],
									"uv_size": [
										1,
										1
									]
								},
								"east": {
									"uv": [
										32,
										40
									],
									"uv_size": [
										13,
										1
									]
								},
								"south": {
									"uv": [
										42,
										38
									],
									"uv_size": [
										1,
										1
									]
								},
								"west": {
									"uv": [
										4,
										41
									],
									"uv_size": [
										13,
										1
									]
								},
								"up": {
									"uv": [
										17,
										41
									],
									"uv_size": [
										1,
										13
									]
								},
								"down": {
									"uv": [
										18,
										54
									],
									"uv_size": [
										1,
										-13
									]
								}
							}
						},
						{
							"origin": [
								-5,
								3,
								-7
							],
							"size": [
								1,
								13,
								1
							],
							"pivot": [
								-4,
								9.5,
								0.5
							],
							"rotation": [
								0,
								-25,
								12.5
							],
							"uv": {
								"north": {
									"uv": [
										19,
										41
									],
									"uv_size": [
										1,
										13
									]
								},
								"east": {
									"uv": [
										20,
										41
									],
									"uv_size": [
										1,
										13
									]
								},
								"south": {
									"uv": [
										21,
										41
									],
									"uv_size": [
										1,
										13
									]
								},
								"west": {
									"uv": [
										22,
										41
									],
									"uv_size": [
										1,
										13
									]
								},
								"up": {
									"uv": [
										43,
										35
									],
									"uv_size": [
										1,
										1
									]
								},
								"down": {
									"uv": [
										43,
										37
									],
									"uv_size": [
										1,
										-1
									]
								}
							}
						},
						{
							"origin": [
								-5,
								3,
								-6
							],
							"size": [
								1,
								1,
								1
							],
							"pivot": [
								-4,
								9.5,
								0.5
							],
							"rotation": [
								0,
								-25,
								12.5
							],
							"uv": {
								"north": {
									"uv": [
										45,
										40
									],
									"uv_size": [
										1,
										1
									]
								},
								"east": {
									"uv": [
										50,
										7
									],
									"uv_size": [
										1,
										1
									]
								},
								"south": {
									"uv": [
										50,
										8
									],
									"uv_size": [
										1,
										1
									]
								},
								"west": {
									"uv": [
										50,
										9
									],
									"uv_size": [
										1,
										1
									]
								},
								"up": {
									"uv": [
										50,
										10
									],
									"uv_size": [
										1,
										1
									]
								},
								"down": {
									"uv": [
										50,
										12
									],
									"uv_size": [
										1,
										-1
									]
								}
							}
						},
						{
							"origin": [
								-5,
								15,
								-6
							],
							"size": [
								1,
								1,
								1
							],
							"pivot": [
								-4,
								9.5,
								0.5
							],
							"rotation": [
								0,
								-25,
								12.5
							],
							"uv": {
								"north": {
									"uv": [
										51,
										7
									],
									"uv_size": [
										1,
										1
									]
								},
								"east": {
									"uv": [
										51,
										8
									],
									"uv_size": [
										1,
										1
									]
								},
								"south": {
									"uv": [
										51,
										9
									],
									"uv_size": [
										1,
										1
									]
								},
								"west": {
									"uv": [
										51,
										10
									],
									"uv_size": [
										1,
										1
									]
								},
								"up": {
									"uv": [
										51,
										11
									],
									"uv_size": [
										1,
										1
									]
								},
								"down": {
									"uv": [
										52,
										8
									],
									"uv_size": [
										1,
										-1
									]
								}
							}
						},
						{
							"origin": [
								-5,
								15,
								6
							],
							"size": [
								1,
								1,
								1
							],
							"pivot": [
								-4,
								9.5,
								0.5
							],
							"rotation": [
								0,
								-25,
								12.5
							],
							"uv": {
								"north": {
									"uv": [
										52,
										8
									],
									"uv_size": [
										1,
										1
									]
								},
								"east": {
									"uv": [
										52,
										9
									],
									"uv_size": [
										1,
										1
									]
								},
								"south": {
									"uv": [
										52,
										10
									],
									"uv_size": [
										1,
										1
									]
								},
								"west": {
									"uv": [
										52,
										11
									],
									"uv_size": [
										1,
										1
									]
								},
								"up": {
									"uv": [
										53,
										7
									],
									"uv_size": [
										1,
										1
									]
								},
								"down": {
									"uv": [
										53,
										9
									],
									"uv_size": [
										1,
										-1
									]
								}
							}
						},
						{
							"origin": [
								-5,
								3,
								6
							],
							"size": [
								1,
								1,
								1
							],
							"pivot": [
								-4,
								9.5,
								0.5
							],
							"rotation": [
								0,
								-25,
								12.5
							],
							"uv": {
								"north": {
									"uv": [
										53,
										9
									],
									"uv_size": [
										1,
										1
									]
								},
								"east": {
									"uv": [
										53,
										10
									],
									"uv_size": [
										1,
										1
									]
								},
								"south": {
									"uv": [
										53,
										11
									],
									"uv_size": [
										1,
										1
									]
								},
								"west": {
									"uv": [
										54,
										7
									],
									"uv_size": [
										1,
										1
									]
								},
								"up": {
									"uv": [
										54,
										8
									],
									"uv_size": [
										1,
										1
									]
								},
								"down": {
									"uv": [
										54,
										10
									],
									"uv_size": [
										1,
										-1
									]
								}
							}
						},
						{
							"origin": [
								-5,
								3,
								7
							],
							"size": [
								1,
								13,
								1
							],
							"pivot": [
								-4,
								9.5,
								0.5
							],
							"rotation": [
								0,
								-25,
								12.5
							],
							"uv": {
								"north": {
									"uv": [
										23,
										41
									],
									"uv_size": [
										1,
										13
									]
								},
								"east": {
									"uv": [
										24,
										41
									],
									"uv_size": [
										1,
										13
									]
								},
								"south": {
									"uv": [
										25,
										41
									],
									"uv_size": [
										1,
										13
									]
								},
								"west": {
									"uv": [
										26,
										41
									],
									"uv_size": [
										1,
										13
									]
								},
								"up": {
									"uv": [
										43,
										37
									],
									"uv_size": [
										1,
										1
									]
								},
								"down": {
									"uv": [
										43,
										39
									],
									"uv_size": [
										1,
										-1
									]
								}
							}
						}
					]
				},
				{
					"name": "bone2",
					"parent": "bone4",
					"pivot": [
						5,
						2,
						0
					],
					"cubes": [
						{
							"origin": [
								0,
								3,
								-6
							],
							"size": [
								1,
								13,
								13
							],
							"pivot": [
								0,
								9.5,
								0.5
							],
							"rotation": [
								0,
								-25,
								12.5
							],
							"uv": {
								"north": {
									"uv": [
										27,
										41
									],
									"uv_size": [
										1,
										13
									]
								},
								"east": {
									"uv": [
										16,
										26
									],
									"uv_size": [
										13,
										13
									]
								},
								"south": {
									"uv": [
										28,
										41
									],
									"uv_size": [
										1,
										13
									]
								},
								"west": {
									"uv": [
										29,
										0
									],
									"uv_size": [
										13,
										13
									]
								},
								"up": {
									"uv": [
										29,
										41
									],
									"uv_size": [
										1,
										13
									]
								},
								"down": {
									"uv": [
										32,
										54
									],
									"uv_size": [
										1,
										-13
									]
								}
							}
						},
						{
							"origin": [
								0,
								4,
								-7
							],
							"size": [
								1,
								11,
								1
							],
							"pivot": [
								0,
								9.5,
								0.5
							],
							"rotation": [
								0,
								-25,
								12.5
							],
							"uv": {
								"north": {
									"uv": [
										47,
										35
									],
									"uv_size": [
										1,
										11
									]
								},
								"east": {
									"uv": [
										47,
										46
									],
									"uv_size": [
										1,
										11
									]
								},
								"south": {
									"uv": [
										48,
										1
									],
									"uv_size": [
										1,
										11
									]
								},
								"west": {
									"uv": [
										48,
										16
									],
									"uv_size": [
										1,
										11
									]
								},
								"up": {
									"uv": [
										54,
										10
									],
									"uv_size": [
										1,
										1
									]
								},
								"down": {
									"uv": [
										54,
										12
									],
									"uv_size": [
										1,
										-1
									]
								}
							}
						},
						{
							"origin": [
								0,
								4,
								7
							],
							"size": [
								1,
								11,
								1
							],
							"pivot": [
								0,
								9.5,
								0.5
							],
							"rotation": [
								0,
								-25,
								12.5
							],
							"uv": {
								"north": {
									"uv": [
										48,
										35
									],
									"uv_size": [
										1,
										11
									]
								},
								"east": {
									"uv": [
										48,
										46
									],
									"uv_size": [
										1,
										11
									]
								},
								"south": {
									"uv": [
										49,
										1
									],
									"uv_size": [
										1,
										11
									]
								},
								"west": {
									"uv": [
										49,
										16
									],
									"uv_size": [
										1,
										11
									]
								},
								"up": {
									"uv": [
										54,
										22
									],
									"uv_size": [
										1,
										1
									]
								},
								"down": {
									"uv": [
										54,
										24
									],
									"uv_size": [
										1,
										-1
									]
								}
							}
						},
						{
							"origin": [
								0,
								16,
								-5
							],
							"size": [
								1,
								1,
								11
							],
							"pivot": [
								0,
								9.5,
								0.5
							],
							"rotation": [
								0,
								-25,
								12.5
							],
							"uv": {
								"north": {
									"uv": [
										54,
										24
									],
									"uv_size": [
										1,
										1
									]
								},
								"east": {
									"uv": [
										44,
										27
									],
									"uv_size": [
										11,
										1
									]
								},
								"south": {
									"uv": [
										54,
										25
									],
									"uv_size": [
										1,
										1
									]
								},
								"west": {
									"uv": [
										44,
										28
									],
									"uv_size": [
										11,
										1
									]
								},
								"up": {
									"uv": [
										49,
										35
									],
									"uv_size": [
										1,
										11
									]
								},
								"down": {
									"uv": [
										49,
										57
									],
									"uv_size": [
										1,
										-11
									]
								}
							}
						},
						{
							"origin": [
								0,
								2,
								-5
							],
							"size": [
								1,
								1,
								11
							],
							"pivot": [
								0,
								9.5,
								0.5
							],
							"rotation": [
								0,
								-25,
								12.5
							],
							"uv": {
								"north": {
									"uv": [
										54,
										26
									],
									"uv_size": [
										1,
										1
									]
								},
								"east": {
									"uv": [
										50,
										1
									],
									"uv_size": [
										11,
										1
									]
								},
								"south": {
									"uv": [
										55,
										0
									],
									"uv_size": [
										1,
										1
									]
								},
								"west": {
									"uv": [
										50,
										2
									],
									"uv_size": [
										11,
										1
									]
								},
								"up": {
									"uv": [
										50,
										16
									],
									"uv_size": [
										1,
										11
									]
								},
								"down": {
									"uv": [
										50,
										46
									],
									"uv_size": [
										1,
										-11
									]
								}
							}
						},
						{
							"origin": [
								-1,
								16,
								-6
							],
							"size": [
								1,
								1,
								13
							],
							"pivot": [
								0,
								9.5,
								0.5
							],
							"rotation": [
								0,
								-25,
								12.5
							],
							"uv": {
								"north": {
									"uv": [
										8,
										55
									],
									"uv_size": [
										1,
										1
									]
								},
								"east": {
									"uv": [
										33,
										41
									],
									"uv_size": [
										13,
										1
									]
								},
								"south": {
									"uv": [
										9,
										55
									],
									"uv_size": [
										1,
										1
									]
								},
								"west": {
									"uv": [
										42,
										0
									],
									"uv_size": [
										13,
										1
									]
								},
								"up": {
									"uv": [
										42,
										1
									],
									"uv_size": [
										1,
										13
									]
								},
								"down": {
									"uv": [
										4,
										55
									],
									"uv_size": [
										1,
										-13
									]
								}
							}
						},
						{
							"origin": [
								-1,
								2,
								-6
							],
							"size": [
								1,
								1,
								13
							],
							"pivot": [
								0,
								9.5,
								0.5
							],
							"rotation": [
								0,
								-25,
								12.5
							],
							"uv": {
								"north": {
									"uv": [
										10,
										55
									],
									"uv_size": [
										1,
										1
									]
								},
								"east": {
									"uv": [
										42,
										14
									],
									"uv_size": [
										13,
										1
									]
								},
								"south": {
									"uv": [
										11,
										55
									],
									"uv_size": [
										1,
										1
									]
								},
								"west": {
									"uv": [
										42,
										15
									],
									"uv_size": [
										13,
										1
									]
								},
								"up": {
									"uv": [
										5,
										42
									],
									"uv_size": [
										1,
										13
									]
								},
								"down": {
									"uv": [
										6,
										55
									],
									"uv_size": [
										1,
										-13
									]
								}
							}
						},
						{
							"origin": [
								-1,
								3,
								-7
							],
							"size": [
								1,
								13,
								1
							],
							"pivot": [
								0,
								9.5,
								0.5
							],
							"rotation": [
								0,
								-25,
								12.5
							],
							"uv": {
								"north": {
									"uv": [
										7,
										42
									],
									"uv_size": [
										1,
										13
									]
								},
								"east": {
									"uv": [
										8,
										42
									],
									"uv_size": [
										1,
										13
									]
								},
								"south": {
									"uv": [
										9,
										42
									],
									"uv_size": [
										1,
										13
									]
								},
								"west": {
									"uv": [
										10,
										42
									],
									"uv_size": [
										1,
										13
									]
								},
								"up": {
									"uv": [
										12,
										55
									],
									"uv_size": [
										1,
										1
									]
								},
								"down": {
									"uv": [
										13,
										56
									],
									"uv_size": [
										1,
										-1
									]
								}
							}
						},
						{
							"origin": [
								-1,
								3,
								-6
							],
							"size": [
								1,
								1,
								1
							],
							"pivot": [
								0,
								9.5,
								0.5
							],
							"rotation": [
								0,
								-25,
								12.5
							],
							"uv": {
								"north": {
									"uv": [
										55,
										13
									],
									"uv_size": [
										1,
										1
									]
								},
								"east": {
									"uv": [
										14,
										55
									],
									"uv_size": [
										1,
										1
									]
								},
								"south": {
									"uv": [
										55,
										14
									],
									"uv_size": [
										1,
										1
									]
								},
								"west": {
									"uv": [
										15,
										55
									],
									"uv_size": [
										1,
										1
									]
								},
								"up": {
									"uv": [
										55,
										15
									],
									"uv_size": [
										1,
										1
									]
								},
								"down": {
									"uv": [
										16,
										56
									],
									"uv_size": [
										1,
										-1
									]
								}
							}
						},
						{
							"origin": [
								-1,
								15,
								-6
							],
							"size": [
								1,
								1,
								1
							],
							"pivot": [
								0,
								9.5,
								0.5
							],
							"rotation": [
								0,
								-25,
								12.5
							],
							"uv": {
								"north": {
									"uv": [
										55,
										16
									],
									"uv_size": [
										1,
										1
									]
								},
								"east": {
									"uv": [
										55,
										17
									],
									"uv_size": [
										1,
										1
									]
								},
								"south": {
									"uv": [
										55,
										18
									],
									"uv_size": [
										1,
										1
									]
								},
								"west": {
									"uv": [
										55,
										19
									],
									"uv_size": [
										1,
										1
									]
								},
								"up": {
									"uv": [
										55,
										20
									],
									"uv_size": [
										1,
										1
									]
								},
								"down": {
									"uv": [
										55,
										22
									],
									"uv_size": [
										1,
										-1
									]
								}
							}
						},
						{
							"origin": [
								-1,
								15,
								6
							],
							"size": [
								1,
								1,
								1
							],
							"pivot": [
								0,
								9.5,
								0.5
							],
							"rotation": [
								0,
								-25,
								12.5
							],
							"uv": {
								"north": {
									"uv": [
										55,
										22
									],
									"uv_size": [
										1,
										1
									]
								},
								"east": {
									"uv": [
										55,
										23
									],
									"uv_size": [
										1,
										1
									]
								},
								"south": {
									"uv": [
										55,
										24
									],
									"uv_size": [
										1,
										1
									]
								},
								"west": {
									"uv": [
										55,
										25
									],
									"uv_size": [
										1,
										1
									]
								},
								"up": {
									"uv": [
										55,
										26
									],
									"uv_size": [
										1,
										1
									]
								},
								"down": {
									"uv": [
										55,
										28
									],
									"uv_size": [
										1,
										-1
									]
								}
							}
						},
						{
							"origin": [
								-1,
								3,
								6
							],
							"size": [
								1,
								1,
								1
							],
							"pivot": [
								0,
								9.5,
								0.5
							],
							"rotation": [
								0,
								-25,
								12.5
							],
							"uv": {
								"north": {
									"uv": [
										55,
										28
									],
									"uv_size": [
										1,
										1
									]
								},
								"east": {
									"uv": [
										55,
										29
									],
									"uv_size": [
										1,
										1
									]
								},
								"south": {
									"uv": [
										55,
										30
									],
									"uv_size": [
										1,
										1
									]
								},
								"west": {
									"uv": [
										55,
										31
									],
									"uv_size": [
										1,
										1
									]
								},
								"up": {
									"uv": [
										55,
										32
									],
									"uv_size": [
										1,
										1
									]
								},
								"down": {
									"uv": [
										33,
										56
									],
									"uv_size": [
										1,
										-1
									]
								}
							}
						},
						{
							"origin": [
								-1,
								3,
								7
							],
							"size": [
								1,
								13,
								1
							],
							"pivot": [
								0,
								9.5,
								0.5
							],
							"rotation": [
								0,
								-25,
								12.5
							],
							"uv": {
								"north": {
									"uv": [
										11,
										42
									],
									"uv_size": [
										1,
										13
									]
								},
								"east": {
									"uv": [
										12,
										42
									],
									"uv_size": [
										1,
										13
									]
								},
								"south": {
									"uv": [
										13,
										42
									],
									"uv_size": [
										1,
										13
									]
								},
								"west": {
									"uv": [
										14,
										42
									],
									"uv_size": [
										1,
										13
									]
								},
								"up": {
									"uv": [
										55,
										33
									],
									"uv_size": [
										1,
										1
									]
								},
								"down": {
									"uv": [
										34,
										56
									],
									"uv_size": [
										1,
										-1
									]
								}
							}
						}
					]
				},
				{
					"name": "bone3",
					"parent": "bone4",
					"pivot": [
						9,
						2,
						0
					],
					"cubes": [
						{
							"origin": [
								4,
								3,
								-6
							],
							"size": [
								1,
								13,
								13
							],
							"pivot": [
								4,
								9.5,
								0.5
							],
							"rotation": [
								0,
								-25,
								12.5
							],
							"uv": {
								"north": {
									"uv": [
										15,
										42
									],
									"uv_size": [
										1,
										13
									]
								},
								"east": {
									"uv": [
										29,
										13
									],
									"uv_size": [
										13,
										13
									]
								},
								"south": {
									"uv": [
										16,
										42
									],
									"uv_size": [
										1,
										13
									]
								},
								"west": {
									"uv": [
										29,
										26
									],
									"uv_size": [
										13,
										13
									]
								},
								"up": {
									"uv": [
										42,
										16
									],
									"uv_size": [
										1,
										13
									]
								},
								"down": {
									"uv": [
										33,
										55
									],
									"uv_size": [
										1,
										-13
									]
								}
							}
						},
						{
							"origin": [
								4,
								4,
								-7
							],
							"size": [
								1,
								11,
								1
							],
							"pivot": [
								4,
								9.5,
								0.5
							],
							"rotation": [
								0,
								-25,
								12.5
							],
							"uv": {
								"north": {
									"uv": [
										50,
										46
									],
									"uv_size": [
										1,
										11
									]
								},
								"east": {
									"uv": [
										51,
										16
									],
									"uv_size": [
										1,
										11
									]
								},
								"south": {
									"uv": [
										51,
										35
									],
									"uv_size": [
										1,
										11
									]
								},
								"west": {
									"uv": [
										51,
										46
									],
									"uv_size": [
										1,
										11
									]
								},
								"up": {
									"uv": [
										55,
										34
									],
									"uv_size": [
										1,
										1
									]
								},
								"down": {
									"uv": [
										35,
										56
									],
									"uv_size": [
										1,
										-1
									]
								}
							}
						},
						{
							"origin": [
								4,
								4,
								7
							],
							"size": [
								1,
								11,
								1
							],
							"pivot": [
								4,
								9.5,
								0.5
							],
							"rotation": [
								0,
								-25,
								12.5
							],
							"uv": {
								"north": {
									"uv": [
										52,
										16
									],
									"uv_size": [
										1,
										11
									]
								},
								"east": {
									"uv": [
										52,
										35
									],
									"uv_size": [
										1,
										11
									]
								},
								"south": {
									"uv": [
										52,
										46
									],
									"uv_size": [
										1,
										11
									]
								},
								"west": {
									"uv": [
										0,
										53
									],
									"uv_size": [
										1,
										11
									]
								},
								"up": {
									"uv": [
										55,
										35
									],
									"uv_size": [
										1,
										1
									]
								},
								"down": {
									"uv": [
										36,
										56
									],
									"uv_size": [
										1,
										-1
									]
								}
							}
						},
						{
							"origin": [
								4,
								16,
								-5
							],
							"size": [
								1,
								1,
								11
							],
							"pivot": [
								4,
								9.5,
								0.5
							],
							"rotation": [
								0,
								-25,
								12.5
							],
							"uv": {
								"north": {
									"uv": [
										55,
										36
									],
									"uv_size": [
										1,
										1
									]
								},
								"east": {
									"uv": [
										50,
										3
									],
									"uv_size": [
										11,
										1
									]
								},
								"south": {
									"uv": [
										37,
										55
									],
									"uv_size": [
										1,
										1
									]
								},
								"west": {
									"uv": [
										50,
										4
									],
									"uv_size": [
										11,
										1
									]
								},
								"up": {
									"uv": [
										1,
										53
									],
									"uv_size": [
										1,
										11
									]
								},
								"down": {
									"uv": [
										2,
										64
									],
									"uv_size": [
										1,
										-11
									]
								}
							}
						},
						{
							"origin": [
								4,
								2,
								-5
							],
							"size": [
								1,
								1,
								11
							],
							"pivot": [
								4,
								9.5,
								0.5
							],
							"rotation": [
								0,
								-25,
								12.5
							],
							"uv": {
								"north": {
									"uv": [
										55,
										37
									],
									"uv_size": [
										1,
										1
									]
								},
								"east": {
									"uv": [
										50,
										5
									],
									"uv_size": [
										11,
										1
									]
								},
								"south": {
									"uv": [
										38,
										55
									],
									"uv_size": [
										1,
										1
									]
								},
								"west": {
									"uv": [
										50,
										6
									],
									"uv_size": [
										11,
										1
									]
								},
								"up": {
									"uv": [
										3,
										53
									],
									"uv_size": [
										1,
										11
									]
								},
								"down": {
									"uv": [
										53,
										27
									],
									"uv_size": [
										1,
										-11
									]
								}
							}
						},
						{
							"origin": [
								3,
								16,
								-6
							],
							"size": [
								1,
								1,
								13
							],
							"pivot": [
								4,
								9.5,
								0.5
							],
							"rotation": [
								0,
								-25,
								12.5
							],
							"uv": {
								"north": {
									"uv": [
										55,
										38
									],
									"uv_size": [
										1,
										1
									]
								},
								"east": {
									"uv": [
										42,
										29
									],
									"uv_size": [
										13,
										1
									]
								},
								"south": {
									"uv": [
										39,
										55
									],
									"uv_size": [
										1,
										1
									]
								},
								"west": {
									"uv": [
										42,
										30
									],
									"uv_size": [
										13,
										1
									]
								},
								"up": {
									"uv": [
										34,
										42
									],
									"uv_size": [
										1,
										13
									]
								},
								"down": {
									"uv": [
										35,
										55
									],
									"uv_size": [
										1,
										-13
									]
								}
							}
						},
						{
							"origin": [
								3,
								2,
								-6
							],
							"size": [
								1,
								1,
								13
							],
							"pivot": [
								4,
								9.5,
								0.5
							],
							"rotation": [
								0,
								-25,
								12.5
							],
							"uv": {
								"north": {
									"uv": [
										55,
										39
									],
									"uv_size": [
										1,
										1
									]
								},
								"east": {
									"uv": [
										42,
										31
									],
									"uv_size": [
										13,
										1
									]
								},
								"south": {
									"uv": [
										40,
										55
									],
									"uv_size": [
										1,
										1
									]
								},
								"west": {
									"uv": [
										42,
										32
									],
									"uv_size": [
										13,
										1
									]
								},
								"up": {
									"uv": [
										36,
										42
									],
									"uv_size": [
										1,
										13
									]
								},
								"down": {
									"uv": [
										37,
										55
									],
									"uv_size": [
										1,
										-13
									]
								}
							}
						},
						{
							"origin": [
								3,
								3,
								-7
							],
							"size": [
								1,
								13,
								1
							],
							"pivot": [
								4,
								9.5,
								0.5
							],
							"rotation": [
								0,
								-25,
								12.5
							],
							"uv": {
								"north": {
									"uv": [
										38,
										42
									],
									"uv_size": [
										1,
										13
									]
								},
								"east": {
									"uv": [
										39,
										42
									],
									"uv_size": [
										1,
										13
									]
								},
								"south": {
									"uv": [
										40,
										42
									],
									"uv_size": [
										1,
										13
									]
								},
								"west": {
									"uv": [
										41,
										42
									],
									"uv_size": [
										1,
										13
									]
								},
								"up": {
									"uv": [
										55,
										40
									],
									"uv_size": [
										1,
										1
									]
								},
								"down": {
									"uv": [
										41,
										56
									],
									"uv_size": [
										1,
										-1
									]
								}
							}
						},
						{
							"origin": [
								3,
								3,
								-6
							],
							"size": [
								1,
								1,
								1
							],
							"pivot": [
								4,
								9.5,
								0.5
							],
							"rotation": [
								0,
								-25,
								12.5
							],
							"uv": {
								"north": {
									"uv": [
										55,
										41
									],
									"uv_size": [
										1,
										1
									]
								},
								"east": {
									"uv": [
										42,
										55
									],
									"uv_size": [
										1,
										1
									]
								},
								"south": {
									"uv": [
										55,
										42
									],
									"uv_size": [
										1,
										1
									]
								},
								"west": {
									"uv": [
										43,
										55
									],
									"uv_size": [
										1,
										1
									]
								},
								"up": {
									"uv": [
										55,
										43
									],
									"uv_size": [
										1,
										1
									]
								},
								"down": {
									"uv": [
										55,
										45
									],
									"uv_size": [
										1,
										-1
									]
								}
							}
						},
						{
							"origin": [
								3,
								15,
								-6
							],
							"size": [
								1,
								1,
								1
							],
							"pivot": [
								4,
								9.5,
								0.5
							],
							"rotation": [
								0,
								-25,
								12.5
							],
							"uv": {
								"north": {
									"uv": [
										55,
										45
									],
									"uv_size": [
										1,
										1
									]
								},
								"east": {
									"uv": [
										55,
										46
									],
									"uv_size": [
										1,
										1
									]
								},
								"south": {
									"uv": [
										55,
										47
									],
									"uv_size": [
										1,
										1
									]
								},
								"west": {
									"uv": [
										55,
										48
									],
									"uv_size": [
										1,
										1
									]
								},
								"up": {
									"uv": [
										55,
										49
									],
									"uv_size": [
										1,
										1
									]
								},
								"down": {
									"uv": [
										55,
										51
									],
									"uv_size": [
										1,
										-1
									]
								}
							}
						},
						{
							"origin": [
								3,
								15,
								6
							],
							"size": [
								1,
								1,
								1
							],
							"pivot": [
								4,
								9.5,
								0.5
							],
							"rotation": [
								0,
								-25,
								12.5
							],
							"uv": {
								"north": {
									"uv": [
										55,
										51
									],
									"uv_size": [
										1,
										1
									]
								},
								"east": {
									"uv": [
										55,
										52
									],
									"uv_size": [
										1,
										1
									]
								},
								"south": {
									"uv": [
										55,
										53
									],
									"uv_size": [
										1,
										1
									]
								},
								"west": {
									"uv": [
										55,
										54
									],
									"uv_size": [
										1,
										1
									]
								},
								"up": {
									"uv": [
										55,
										55
									],
									"uv_size": [
										1,
										1
									]
								},
								"down": {
									"uv": [
										56,
										1
									],
									"uv_size": [
										1,
										-1
									]
								}
							}
						},
						{
							"origin": [
								3,
								3,
								6
							],
							"size": [
								1,
								1,
								1
							],
							"pivot": [
								4,
								9.5,
								0.5
							],
							"rotation": [
								0,
								-25,
								12.5
							],
							"uv": {
								"north": {
									"uv": [
										56,
										7
									],
									"uv_size": [
										1,
										1
									]
								},
								"east": {
									"uv": [
										8,
										56
									],
									"uv_size": [
										1,
										1
									]
								},
								"south": {
									"uv": [
										56,
										8
									],
									"uv_size": [
										1,
										1
									]
								},
								"west": {
									"uv": [
										9,
										56
									],
									"uv_size": [
										1,
										1
									]
								},
								"up": {
									"uv": [
										56,
										9
									],
									"uv_size": [
										1,
										1
									]
								},
								"down": {
									"uv": [
										10,
										57
									],
									"uv_size": [
										1,
										-1
									]
								}
							}
						},
						{
							"origin": [
								3,
								3,
								7
							],
							"size": [
								1,
								13,
								1
							],
							"pivot": [
								4,
								9.5,
								0.5
							],
							"rotation": [
								0,
								-25,
								12.5
							],
							"uv": {
								"north": {
									"uv": [
										42,
										42
									],
									"uv_size": [
										1,
										13
									]
								},
								"east": {
									"uv": [
										43,
										1
									],
									"uv_size": [
										1,
										13
									]
								},
								"south": {
									"uv": [
										43,
										16
									],
									"uv_size": [
										1,
										13
									]
								},
								"west": {
									"uv": [
										43,
										42
									],
									"uv_size": [
										1,
										13
									]
								},
								"up": {
									"uv": [
										56,
										10
									],
									"uv_size": [
										1,
										1
									]
								},
								"down": {
									"uv": [
										11,
										57
									],
									"uv_size": [
										1,
										-1
									]
								}
							}
						}
					]
				},
				{
					"name": "bone5",
					"parent": "bone4",
					"pivot": [
						1,
						2,
						0
					],
					"cubes": [
						{
							"origin": [
								-8,
								0,
								-7
							],
							"size": [
								16,
								1,
								15
							],
							"uv": {
								"north": {
									"uv": [
										0,
										30
									],
									"uv_size": [
										16,
										1
									]
								},
								"east": {
									"uv": [
										16,
										39
									],
									"uv_size": [
										15,
										1
									]
								},
								"south": {
									"uv": [
										0,
										31
									],
									"uv_size": [
										16,
										1
									]
								},
								"west": {
									"uv": [
										31,
										39
									],
									"uv_size": [
										15,
										1
									]
								},
								"up": {
									"uv": [
										0,
										0
									],
									"uv_size": [
										16,
										15
									]
								},
								"down": {
									"uv": [
										0,
										30
									],
									"uv_size": [
										16,
										-15
									]
								}
							}
						},
						{
							"origin": [
								-8,
								1,
								7
							],
							"size": [
								16,
								1,
								1
							],
							"uv": {
								"north": {
									"uv": [
										0,
										32
									],
									"uv_size": [
										16,
										1
									]
								},
								"east": {
									"uv": [
										56,
										11
									],
									"uv_size": [
										1,
										1
									]
								},
								"south": {
									"uv": [
										0,
										33
									],
									"uv_size": [
										16,
										1
									]
								},
								"west": {
									"uv": [
										12,
										56
									],
									"uv_size": [
										1,
										1
									]
								},
								"up": {
									"uv": [
										0,
										34
									],
									"uv_size": [
										16,
										1
									]
								},
								"down": {
									"uv": [
										0,
										36
									],
									"uv_size": [
										16,
										-1
									]
								}
							}
						},
						{
							"origin": [
								-8,
								1,
								-7
							],
							"size": [
								16,
								1,
								1
							],
							"uv": {
								"north": {
									"uv": [
										0,
										36
									],
									"uv_size": [
										16,
										1
									]
								},
								"east": {
									"uv": [
										56,
										12
									],
									"uv_size": [
										1,
										1
									]
								},
								"south": {
									"uv": [
										0,
										37
									],
									"uv_size": [
										16,
										1
									]
								},
								"west": {
									"uv": [
										13,
										56
									],
									"uv_size": [
										1,
										1
									]
								},
								"up": {
									"uv": [
										0,
										38
									],
									"uv_size": [
										16,
										1
									]
								},
								"down": {
									"uv": [
										0,
										40
									],
									"uv_size": [
										16,
										-1
									]
								}
							}
						},
						{
							"origin": [
								-2,
								1,
								6
							],
							"size": [
								1,
								6,
								1
							],
							"uv": {
								"north": {
									"uv": [
										30,
										53
									],
									"uv_size": [
										1,
										6
									]
								},
								"east": {
									"uv": [
										31,
										53
									],
									"uv_size": [
										1,
										6
									]
								},
								"south": {
									"uv": [
										53,
										33
									],
									"uv_size": [
										1,
										6
									]
								},
								"west": {
									"uv": [
										53,
										39
									],
									"uv_size": [
										1,
										6
									]
								},
								"up": {
									"uv": [
										56,
										13
									],
									"uv_size": [
										1,
										1
									]
								},
								"down": {
									"uv": [
										14,
										57
									],
									"uv_size": [
										1,
										-1
									]
								}
							}
						},
						{
							"origin": [
								2,
								1,
								6
							],
							"size": [
								1,
								6,
								1
							],
							"uv": {
								"north": {
									"uv": [
										20,
										54
									],
									"uv_size": [
										1,
										6
									]
								},
								"east": {
									"uv": [
										21,
										54
									],
									"uv_size": [
										1,
										6
									]
								},
								"south": {
									"uv": [
										22,
										54
									],
									"uv_size": [
										1,
										6
									]
								},
								"west": {
									"uv": [
										23,
										54
									],
									"uv_size": [
										1,
										6
									]
								},
								"up": {
									"uv": [
										56,
										16
									],
									"uv_size": [
										1,
										1
									]
								},
								"down": {
									"uv": [
										56,
										18
									],
									"uv_size": [
										1,
										-1
									]
								}
							}
						},
						{
							"origin": [
								-6,
								1,
								6
							],
							"size": [
								1,
								6,
								1
							],
							"uv": {
								"north": {
									"uv": [
										54,
										16
									],
									"uv_size": [
										1,
										6
									]
								},
								"east": {
									"uv": [
										17,
										54
									],
									"uv_size": [
										1,
										6
									]
								},
								"south": {
									"uv": [
										18,
										54
									],
									"uv_size": [
										1,
										6
									]
								},
								"west": {
									"uv": [
										19,
										54
									],
									"uv_size": [
										1,
										6
									]
								},
								"up": {
									"uv": [
										56,
										15
									],
									"uv_size": [
										1,
										1
									]
								},
								"down": {
									"uv": [
										16,
										57
									],
									"uv_size": [
										1,
										-1
									]
								}
							}
						},
						{
							"origin": [
								3,
								1,
								-6
							],
							"size": [
								1,
								6,
								1
							],
							"uv": {
								"north": {
									"uv": [
										44,
										53
									],
									"uv_size": [
										1,
										6
									]
								},
								"east": {
									"uv": [
										45,
										53
									],
									"uv_size": [
										1,
										6
									]
								},
								"south": {
									"uv": [
										53,
										45
									],
									"uv_size": [
										1,
										6
									]
								},
								"west": {
									"uv": [
										53,
										51
									],
									"uv_size": [
										1,
										6
									]
								},
								"up": {
									"uv": [
										56,
										14
									],
									"uv_size": [
										1,
										1
									]
								},
								"down": {
									"uv": [
										15,
										57
									],
									"uv_size": [
										1,
										-1
									]
								}
							}
						},
						{
							"origin": [
								7,
								1,
								-6
							],
							"size": [
								1,
								6,
								1
							],
							"uv": {
								"north": {
									"uv": [
										54,
										39
									],
									"uv_size": [
										1,
										6
									]
								},
								"east": {
									"uv": [
										54,
										45
									],
									"uv_size": [
										1,
										6
									]
								},
								"south": {
									"uv": [
										54,
										51
									],
									"uv_size": [
										1,
										6
									]
								},
								"west": {
									"uv": [
										4,
										55
									],
									"uv_size": [
										1,
										6
									]
								},
								"up": {
									"uv": [
										56,
										22
									],
									"uv_size": [
										1,
										1
									]
								},
								"down": {
									"uv": [
										56,
										24
									],
									"uv_size": [
										1,
										-1
									]
								}
							}
						},
						{
							"origin": [
								4.5,
								1,
								0.8
							],
							"size": [
								1,
								6,
								1
							],
							"uv": {
								"north": {
									"uv": [
										5,
										55
									],
									"uv_size": [
										1,
										6
									]
								},
								"east": {
									"uv": [
										6,
										55
									],
									"uv_size": [
										1,
										6
									]
								},
								"south": {
									"uv": [
										7,
										55
									],
									"uv_size": [
										1,
										6
									]
								},
								"west": {
									"uv": [
										55,
										7
									],
									"uv_size": [
										1,
										6
									]
								},
								"up": {
									"uv": [
										56,
										24
									],
									"uv_size": [
										1,
										1
									]
								},
								"down": {
									"uv": [
										56,
										26
									],
									"uv_size": [
										1,
										-1
									]
								}
							}
						},
						{
							"origin": [
								-1,
								1,
								-6
							],
							"size": [
								1,
								6,
								1
							],
							"uv": {
								"north": {
									"uv": [
										24,
										54
									],
									"uv_size": [
										1,
										6
									]
								},
								"east": {
									"uv": [
										25,
										54
									],
									"uv_size": [
										1,
										6
									]
								},
								"south": {
									"uv": [
										26,
										54
									],
									"uv_size": [
										1,
										6
									]
								},
								"west": {
									"uv": [
										27,
										54
									],
									"uv_size": [
										1,
										6
									]
								},
								"up": {
									"uv": [
										56,
										18
									],
									"uv_size": [
										1,
										1
									]
								},
								"down": {
									"uv": [
										56,
										20
									],
									"uv_size": [
										1,
										-1
									]
								}
							}
						},
						{
							"origin": [
								-5,
								1,
								-6
							],
							"size": [
								1,
								6,
								1
							],
							"uv": {
								"north": {
									"uv": [
										28,
										54
									],
									"uv_size": [
										1,
										6
									]
								},
								"east": {
									"uv": [
										29,
										54
									],
									"uv_size": [
										1,
										6
									]
								},
								"south": {
									"uv": [
										32,
										54
									],
									"uv_size": [
										1,
										6
									]
								},
								"west": {
									"uv": [
										54,
										33
									],
									"uv_size": [
										1,
										6
									]
								},
								"up": {
									"uv": [
										56,
										20
									],
									"uv_size": [
										1,
										1
									]
								},
								"down": {
									"uv": [
										56,
										22
									],
									"uv_size": [
										1,
										-1
									]
								}
							}
						}
					]
				}
			]
		}
	]
}