{
	"format_version": "1.12.0",
	"minecraft:geometry": [
		{
			"description": {
				"identifier": "geometry.soup_plate",
				"texture_width": 64,
				"texture_height": 64,
				"visible_bounds_width": 2,
				"visible_bounds_height": 1.5,
				"visible_bounds_offset": [
					0,
					0.25,
					0
				]
			},
			"bones": [
				{
					"name": "bone",
					"pivot": [
						0,
						0,
						0
					],
					"cubes": [
						{
							"origin": [
								-6,
								0,
								-6
							],
							"size": [
								12,
								1,
								12
							],
							"uv": {
								"north": {
									"uv": [
										26,
										11
									],
									"uv_size": [
										12,
										1
									]
								},
								"east": {
									"uv": [
										27,
										26
									],
									"uv_size": [
										12,
										1
									]
								},
								"south": {
									"uv": [
										27,
										27
									],
									"uv_size": [
										12,
										1
									]
								},
								"west": {
									"uv": [
										20,
										28
									],
									"uv_size": [
										12,
										1
									]
								},
								"up": {
									"uv": [
										0,
										0
									],
									"uv_size": [
										12,
										12
									]
								},
								"down": {
									"uv": [
										0,
										24
									],
									"uv_size": [
										12,
										-12
									]
								}
							}
						},
						{
							"origin": [
								-7,
								0,
								-5
							],
							"size": [
								1,
								1,
								10
							],
							"uv": {
								"north": {
									"uv": [
										14,
										26
									],
									"uv_size": [
										1,
										1
									]
								},
								"east": {
									"uv": [
										0,
										30
									],
									"uv_size": [
										10,
										1
									]
								},
								"south": {
									"uv": [
										12,
										29
									],
									"uv_size": [
										1,
										1
									]
								},
								"west": {
									"uv": [
										10,
										30
									],
									"uv_size": [
										10,
										1
									]
								},
								"up": {
									"uv": [
										20,
										30
									],
									"uv_size": [
										1,
										10
									]
								},
								"down": {
									"uv": [
										21,
										40
									],
									"uv_size": [
										1,
										-10
									]
								}
							}
						},
						{
							"origin": [
								6,
								0,
								-5
							],
							"size": [
								1,
								1,
								10
							],
							"uv": {
								"north": {
									"uv": [
										13,
										29
									],
									"uv_size": [
										1,
										1
									]
								},
								"east": {
									"uv": [
										30,
										12
									],
									"uv_size": [
										10,
										1
									]
								},
								"south": {
									"uv": [
										14,
										29
									],
									"uv_size": [
										1,
										1
									]
								},
								"west": {
									"uv": [
										30,
										13
									],
									"uv_size": [
										10,
										1
									]
								},
								"up": {
									"uv": [
										22,
										30
									],
									"uv_size": [
										1,
										10
									]
								},
								"down": {
									"uv": [
										23,
										40
									],
									"uv_size": [
										1,
										-10
									]
								}
							}
						},
						{
							"origin": [
								-5,
								0,
								6
							],
							"size": [
								10,
								1,
								1
							],
							"uv": {
								"north": {
									"uv": [
										30,
										14
									],
									"uv_size": [
										10,
										1
									]
								},
								"east": {
									"uv": [
										27,
										34
									],
									"uv_size": [
										1,
										1
									]
								},
								"south": {
									"uv": [
										30,
										15
									],
									"uv_size": [
										10,
										1
									]
								},
								"west": {
									"uv": [
										28,
										34
									],
									"uv_size": [
										1,
										1
									]
								},
								"up": {
									"uv": [
										24,
										30
									],
									"uv_size": [
										10,
										1
									]
								},
								"down": {
									"uv": [
										0,
										32
									],
									"uv_size": [
										10,
										-1
									]
								}
							}
						},
						{
							"origin": [
								-5,
								0,
								-7
							],
							"size": [
								10,
								1,
								1
							],
							"uv": {
								"north": {
									"uv": [
										10,
										31
									],
									"uv_size": [
										10,
										1
									]
								},
								"east": {
									"uv": [
										34,
										28
									],
									"uv_size": [
										1,
										1
									]
								},
								"south": {
									"uv": [
										24,
										31
									],
									"uv_size": [
										10,
										1
									]
								},
								"west": {
									"uv": [
										29,
										34
									],
									"uv_size": [
										1,
										1
									]
								},
								"up": {
									"uv": [
										0,
										32
									],
									"uv_size": [
										10,
										1
									]
								},
								"down": {
									"uv": [
										10,
										33
									],
									"uv_size": [
										10,
										-1
									]
								}
							}
						},
						{
							"origin": [
								6,
								1,
								-7
							],
							"size": [
								2,
								2,
								14
							],
							"uv": {
								"north": {
									"uv": [
										24,
										32
									],
									"uv_size": [
										2,
										2
									]
								},
								"east": {
									"uv": [
										12,
										8
									],
									"uv_size": [
										14,
										2
									]
								},
								"south": {
									"uv": [
										26,
										32
									],
									"uv_size": [
										2,
										2
									]
								},
								"west": {
									"uv": [
										12,
										10
									],
									"uv_size": [
										14,
										2
									]
								},
								"up": {
									"uv": [
										12,
										12
									],
									"uv_size": [
										2,
										14
									]
								},
								"down": {
									"uv": [
										14,
										26
									],
									"uv_size": [
										2,
										-14
									]
								}
							}
						},
						{
							"origin": [
								5,
								1,
								5
							],
							"size": [
								1,
								2,
								1
							],
							"uv": {
								"north": {
									"uv": [
										4,
										33
									],
									"uv_size": [
										1,
										2
									]
								},
								"east": {
									"uv": [
										5,
										33
									],
									"uv_size": [
										1,
										2
									]
								},
								"south": {
									"uv": [
										6,
										33
									],
									"uv_size": [
										1,
										2
									]
								},
								"west": {
									"uv": [
										7,
										33
									],
									"uv_size": [
										1,
										2
									]
								},
								"up": {
									"uv": [
										34,
										29
									],
									"uv_size": [
										1,
										1
									]
								},
								"down": {
									"uv": [
										34,
										31
									],
									"uv_size": [
										1,
										-1
									]
								}
							}
						},
						{
							"origin": [
								5,
								1,
								-6
							],
							"size": [
								1,
								2,
								1
							],
							"uv": {
								"north": {
									"uv": [
										8,
										33
									],
									"uv_size": [
										1,
										2
									]
								},
								"east": {
									"uv": [
										9,
										33
									],
									"uv_size": [
										1,
										2
									]
								},
								"south": {
									"uv": [
										10,
										33
									],
									"uv_size": [
										1,
										2
									]
								},
								"west": {
									"uv": [
										11,
										33
									],
									"uv_size": [
										1,
										2
									]
								},
								"up": {
									"uv": [
										34,
										31
									],
									"uv_size": [
										1,
										1
									]
								},
								"down": {
									"uv": [
										34,
										34
									],
									"uv_size": [
										1,
										-1
									]
								}
							}
						},
						{
							"origin": [
								-6,
								1,
								-6
							],
							"size": [
								1,
								2,
								1
							],
							"uv": {
								"north": {
									"uv": [
										12,
										33
									],
									"uv_size": [
										1,
										2
									]
								},
								"east": {
									"uv": [
										13,
										33
									],
									"uv_size": [
										1,
										2
									]
								},
								"south": {
									"uv": [
										14,
										33
									],
									"uv_size": [
										1,
										2
									]
								},
								"west": {
									"uv": [
										15,
										33
									],
									"uv_size": [
										1,
										2
									]
								},
								"up": {
									"uv": [
										34,
										34
									],
									"uv_size": [
										1,
										1
									]
								},
								"down": {
									"uv": [
										35,
										1
									],
									"uv_size": [
										1,
										-1
									]
								}
							}
						},
						{
							"origin": [
								-6,
								1,
								5
							],
							"size": [
								1,
								2,
								1
							],
							"uv": {
								"north": {
									"uv": [
										16,
										33
									],
									"uv_size": [
										1,
										2
									]
								},
								"east": {
									"uv": [
										17,
										33
									],
									"uv_size": [
										1,
										2
									]
								},
								"south": {
									"uv": [
										18,
										33
									],
									"uv_size": [
										1,
										2
									]
								},
								"west": {
									"uv": [
										19,
										33
									],
									"uv_size": [
										1,
										2
									]
								},
								"up": {
									"uv": [
										35,
										1
									],
									"uv_size": [
										1,
										1
									]
								},
								"down": {
									"uv": [
										35,
										3
									],
									"uv_size": [
										1,
										-1
									]
								}
							}
						},
						{
							"origin": [
								-8,
								1,
								-7
							],
							"size": [
								2,
								2,
								14
							],
							"uv": {
								"north": {
									"uv": [
										28,
										32
									],
									"uv_size": [
										2,
										2
									]
								},
								"east": {
									"uv": [
										16,
										12
									],
									"uv_size": [
										14,
										2
									]
								},
								"south": {
									"uv": [
										32,
										28
									],
									"uv_size": [
										2,
										2
									]
								},
								"west": {
									"uv": [
										16,
										14
									],
									"uv_size": [
										14,
										2
									]
								},
								"up": {
									"uv": [
										16,
										16
									],
									"uv_size": [
										2,
										14
									]
								},
								"down": {
									"uv": [
										18,
										30
									],
									"uv_size": [
										2,
										-14
									]
								}
							}
						},
						{
							"origin": [
								-7,
								1,
								7
							],
							"size": [
								14,
								2,
								1
							],
							"uv": {
								"north": {
									"uv": [
										20,
										0
									],
									"uv_size": [
										14,
										2
									]
								},
								"east": {
									"uv": [
										31,
										33
									],
									"uv_size": [
										1,
										2
									]
								},
								"south": {
									"uv": [
										20,
										2
									],
									"uv_size": [
										14,
										2
									]
								},
								"west": {
									"uv": [
										32,
										33
									],
									"uv_size": [
										1,
										2
									]
								},
								"up": {
									"uv": [
										0,
										26
									],
									"uv_size": [
										14,
										1
									]
								},
								"down": {
									"uv": [
										26,
										9
									],
									"uv_size": [
										14,
										-1
									]
								}
							}
						},
						{
							"origin": [
								-7,
								1,
								-8
							],
							"size": [
								14,
								2,
								1
							],
							"uv": {
								"north": {
									"uv": [
										20,
										4
									],
									"uv_size": [
										14,
										2
									]
								},
								"east": {
									"uv": [
										33,
										33
									],
									"uv_size": [
										1,
										2
									]
								},
								"south": {
									"uv": [
										20,
										6
									],
									"uv_size": [
										14,
										2
									]
								},
								"west": {
									"uv": [
										0,
										34
									],
									"uv_size": [
										1,
										2
									]
								},
								"up": {
									"uv": [
										26,
										9
									],
									"uv_size": [
										14,
										1
									]
								},
								"down": {
									"uv": [
										26,
										11
									],
									"uv_size": [
										14,
										-1
									]
								}
							}
						},
						{
							"origin": [
								-6,
								1,
								-7
							],
							"size": [
								12,
								2,
								1
							],
							"uv": {
								"north": {
									"uv": [
										20,
										16
									],
									"uv_size": [
										12,
										2
									]
								},
								"east": {
									"uv": [
										34,
										0
									],
									"uv_size": [
										1,
										2
									]
								},
								"south": {
									"uv": [
										20,
										18
									],
									"uv_size": [
										12,
										2
									]
								},
								"west": {
									"uv": [
										1,
										34
									],
									"uv_size": [
										1,
										2
									]
								},
								"up": {
									"uv": [
										28,
										24
									],
									"uv_size": [
										12,
										1
									]
								},
								"down": {
									"uv": [
										28,
										26
									],
									"uv_size": [
										12,
										-1
									]
								}
							}
						},
						{
							"origin": [
								-6,
								1,
								6
							],
							"size": [
								12,
								2,
								1
							],
							"uv": {
								"north": {
									"uv": [
										20,
										20
									],
									"uv_size": [
										12,
										2
									]
								},
								"east": {
									"uv": [
										2,
										34
									],
									"uv_size": [
										1,
										2
									]
								},
								"south": {
									"uv": [
										20,
										22
									],
									"uv_size": [
										12,
										2
									]
								},
								"west": {
									"uv": [
										34,
										2
									],
									"uv_size": [
										1,
										2
									]
								},
								"up": {
									"uv": [
										0,
										29
									],
									"uv_size": [
										12,
										1
									]
								},
								"down": {
									"uv": [
										20,
										30
									],
									"uv_size": [
										12,
										-1
									]
								}
							}
						}
					]
				}
			]
		}
	]
}