{
	"format_version": "1.12.0",
	"minecraft:geometry": [
		{
			"description": {
				"identifier": "geometry.regen_bread",
				"texture_width": 64,
				"texture_height": 64,
				"visible_bounds_width": 3,
				"visible_bounds_height": 2.5,
				"visible_bounds_offset": [
					0,
					0.75,
					0
				]
			},
			"bones": [
				{
					"name": "bone5",
					"pivot": [
						0,
						0,
						0
					],
					"rotation": [
						0,
						-35,
						0
					]
				},
				{
					"name": "bone",
					"parent": "bone5",
					"pivot": [
						0,
						0,
						0
					],
					"cubes": [
						{
							"origin": [
								-5,
								0,
								-5
							],
							"size": [
								10,
								1,
								10
							],
							"uv": {
								"north": {
									"uv": [
										30,
										11
									],
									"uv_size": [
										10,
										1
									]
								},
								"east": {
									"uv": [
										32,
										8
									],
									"uv_size": [
										10,
										1
									]
								},
								"south": {
									"uv": [
										34,
										2
									],
									"uv_size": [
										10,
										1
									]
								},
								"west": {
									"uv": [
										34,
										3
									],
									"uv_size": [
										10,
										1
									]
								},
								"up": {
									"uv": [
										0,
										0
									],
									"uv_size": [
										10,
										10
									]
								},
								"down": {
									"uv": [
										0,
										20
									],
									"uv_size": [
										10,
										-10
									]
								}
							}
						},
						{
							"origin": [
								-5,
								1,
								-1
							],
							"size": [
								10,
								1,
								6
							],
							"uv": {
								"north": {
									"uv": [
										31,
										34
									],
									"uv_size": [
										10,
										1
									]
								},
								"east": {
									"uv": [
										6,
										40
									],
									"uv_size": [
										6,
										1
									]
								},
								"south": {
									"uv": [
										31,
										35
									],
									"uv_size": [
										10,
										1
									]
								},
								"west": {
									"uv": [
										40,
										11
									],
									"uv_size": [
										6,
										1
									]
								},
								"up": {
									"uv": [
										10,
										0
									],
									"uv_size": [
										10,
										6
									]
								},
								"down": {
									"uv": [
										10,
										12
									],
									"uv_size": [
										10,
										-6
									]
								}
							}
						},
						{
							"origin": [
								-6,
								0,
								-4
							],
							"size": [
								1,
								1,
								8
							],
							"uv": {
								"north": {
									"uv": [
										42,
										40
									],
									"uv_size": [
										1,
										1
									]
								},
								"east": {
									"uv": [
										38,
										16
									],
									"uv_size": [
										8,
										1
									]
								},
								"south": {
									"uv": [
										43,
										40
									],
									"uv_size": [
										1,
										1
									]
								},
								"west": {
									"uv": [
										17,
										38
									],
									"uv_size": [
										8,
										1
									]
								},
								"up": {
									"uv": [
										12,
										32
									],
									"uv_size": [
										1,
										8
									]
								},
								"down": {
									"uv": [
										25,
										46
									],
									"uv_size": [
										1,
										-8
									]
								}
							}
						},
						{
							"origin": [
								-4,
								0,
								5
							],
							"size": [
								7,
								1,
								1
							],
							"uv": {
								"north": {
									"uv": [
										38,
										36
									],
									"uv_size": [
										7,
										1
									]
								},
								"east": {
									"uv": [
										43,
										44
									],
									"uv_size": [
										1,
										1
									]
								},
								"south": {
									"uv": [
										38,
										37
									],
									"uv_size": [
										7,
										1
									]
								},
								"west": {
									"uv": [
										44,
										43
									],
									"uv_size": [
										1,
										1
									]
								},
								"up": {
									"uv": [
										17,
										39
									],
									"uv_size": [
										7,
										1
									]
								},
								"down": {
									"uv": [
										31,
										40
									],
									"uv_size": [
										7,
										-1
									]
								}
							}
						},
						{
							"origin": [
								5,
								0,
								-4
							],
							"size": [
								1,
								1,
								8
							],
							"uv": {
								"north": {
									"uv": [
										44,
										40
									],
									"uv_size": [
										1,
										1
									]
								},
								"east": {
									"uv": [
										38,
										17
									],
									"uv_size": [
										8,
										1
									]
								},
								"south": {
									"uv": [
										44,
										42
									],
									"uv_size": [
										1,
										1
									]
								},
								"west": {
									"uv": [
										31,
										38
									],
									"uv_size": [
										8,
										1
									]
								},
								"up": {
									"uv": [
										26,
										38
									],
									"uv_size": [
										1,
										8
									]
								},
								"down": {
									"uv": [
										27,
										46
									],
									"uv_size": [
										1,
										-8
									]
								}
							}
						},
						{
							"origin": [
								5,
								1,
								-3
							],
							"size": [
								2,
								4,
								8
							],
							"uv": {
								"north": {
									"uv": [
										8,
										32
									],
									"uv_size": [
										2,
										4
									]
								},
								"east": {
									"uv": [
										20,
										12
									],
									"uv_size": [
										8,
										4
									]
								},
								"south": {
									"uv": [
										10,
										32
									],
									"uv_size": [
										2,
										4
									]
								},
								"west": {
									"uv": [
										20,
										16
									],
									"uv_size": [
										8,
										4
									]
								},
								"up": {
									"uv": [
										17,
										30
									],
									"uv_size": [
										2,
										8
									]
								},
								"down": {
									"uv": [
										19,
										38
									],
									"uv_size": [
										2,
										-8
									]
								}
							}
						},
						{
							"origin": [
								5,
								1,
								-5
							],
							"size": [
								2,
								3,
								2
							],
							"uv": {
								"north": {
									"uv": [
										40,
										12
									],
									"uv_size": [
										2,
										3
									]
								},
								"east": {
									"uv": [
										17,
										40
									],
									"uv_size": [
										2,
										3
									]
								},
								"south": {
									"uv": [
										19,
										40
									],
									"uv_size": [
										2,
										3
									]
								},
								"west": {
									"uv": [
										21,
										40
									],
									"uv_size": [
										2,
										3
									]
								},
								"up": {
									"uv": [
										8,
										43
									],
									"uv_size": [
										2,
										2
									]
								},
								"down": {
									"uv": [
										10,
										45
									],
									"uv_size": [
										2,
										-2
									]
								}
							}
						},
						{
							"origin": [
								-7,
								1,
								-5
							],
							"size": [
								2,
								3,
								2
							],
							"uv": {
								"north": {
									"uv": [
										31,
										40
									],
									"uv_size": [
										2,
										3
									]
								},
								"east": {
									"uv": [
										33,
										40
									],
									"uv_size": [
										2,
										3
									]
								},
								"south": {
									"uv": [
										35,
										40
									],
									"uv_size": [
										2,
										3
									]
								},
								"west": {
									"uv": [
										40,
										38
									],
									"uv_size": [
										2,
										3
									]
								},
								"up": {
									"uv": [
										13,
										43
									],
									"uv_size": [
										2,
										2
									]
								},
								"down": {
									"uv": [
										15,
										45
									],
									"uv_size": [
										2,
										-2
									]
								}
							}
						},
						{
							"origin": [
								5,
								5,
								-1
							],
							"size": [
								1,
								4,
								2
							],
							"uv": {
								"north": {
									"uv": [
										12,
										40
									],
									"uv_size": [
										1,
										4
									]
								},
								"east": {
									"uv": [
										0,
										39
									],
									"uv_size": [
										2,
										4
									]
								},
								"south": {
									"uv": [
										23,
										40
									],
									"uv_size": [
										1,
										4
									]
								},
								"west": {
									"uv": [
										2,
										39
									],
									"uv_size": [
										2,
										4
									]
								},
								"up": {
									"uv": [
										30,
										26
									],
									"uv_size": [
										1,
										2
									]
								},
								"down": {
									"uv": [
										30,
										43
									],
									"uv_size": [
										1,
										-2
									]
								}
							}
						},
						{
							"origin": [
								-6,
								5,
								-1
							],
							"size": [
								1,
								4,
								2
							],
							"uv": {
								"north": {
									"uv": [
										37,
										40
									],
									"uv_size": [
										1,
										4
									]
								},
								"east": {
									"uv": [
										13,
										39
									],
									"uv_size": [
										2,
										4
									]
								},
								"south": {
									"uv": [
										29,
										41
									],
									"uv_size": [
										1,
										4
									]
								},
								"west": {
									"uv": [
										15,
										39
									],
									"uv_size": [
										2,
										4
									]
								},
								"up": {
									"uv": [
										36,
										43
									],
									"uv_size": [
										1,
										2
									]
								},
								"down": {
									"uv": [
										44,
										2
									],
									"uv_size": [
										1,
										-2
									]
								}
							}
						},
						{
							"origin": [
								-5,
								8,
								-1
							],
							"size": [
								10,
								2,
								2
							],
							"uv": {
								"north": {
									"uv": [
										10,
										28
									],
									"uv_size": [
										10,
										2
									]
								},
								"east": {
									"uv": [
										42,
										0
									],
									"uv_size": [
										2,
										2
									]
								},
								"south": {
									"uv": [
										28,
										12
									],
									"uv_size": [
										10,
										2
									]
								},
								"west": {
									"uv": [
										42,
										12
									],
									"uv_size": [
										2,
										2
									]
								},
								"up": {
									"uv": [
										28,
										14
									],
									"uv_size": [
										10,
										2
									]
								},
								"down": {
									"uv": [
										28,
										18
									],
									"uv_size": [
										10,
										-2
									]
								}
							}
						},
						{
							"origin": [
								-5,
								0,
								-7
							],
							"size": [
								10,
								2,
								2
							],
							"uv": {
								"north": {
									"uv": [
										0,
										24
									],
									"uv_size": [
										10,
										2
									]
								},
								"east": {
									"uv": [
										18,
										22
									],
									"uv_size": [
										2,
										2
									]
								},
								"south": {
									"uv": [
										18,
										24
									],
									"uv_size": [
										10,
										2
									]
								},
								"west": {
									"uv": [
										10,
										41
									],
									"uv_size": [
										2,
										2
									]
								},
								"up": {
									"uv": [
										0,
										26
									],
									"uv_size": [
										10,
										2
									]
								},
								"down": {
									"uv": [
										10,
										28
									],
									"uv_size": [
										10,
										-2
									]
								}
							}
						},
						{
							"origin": [
								-5,
								1,
								5
							],
							"size": [
								10,
								4,
								2
							],
							"uv": {
								"north": {
									"uv": [
										0,
										20
									],
									"uv_size": [
										10,
										4
									]
								},
								"east": {
									"uv": [
										29,
										37
									],
									"uv_size": [
										2,
										4
									]
								},
								"south": {
									"uv": [
										20,
										0
									],
									"uv_size": [
										10,
										4
									]
								},
								"west": {
									"uv": [
										38,
										12
									],
									"uv_size": [
										2,
										4
									]
								},
								"up": {
									"uv": [
										20,
										26
									],
									"uv_size": [
										10,
										2
									]
								},
								"down": {
									"uv": [
										0,
										30
									],
									"uv_size": [
										10,
										-2
									]
								}
							}
						},
						{
							"origin": [
								-5,
								5,
								1
							],
							"size": [
								10,
								1,
								4
							],
							"uv": {
								"north": {
									"uv": [
										34,
										4
									],
									"uv_size": [
										10,
										1
									]
								},
								"east": {
									"uv": [
										42,
										8
									],
									"uv_size": [
										4,
										1
									]
								},
								"south": {
									"uv": [
										34,
										5
									],
									"uv_size": [
										10,
										1
									]
								},
								"west": {
									"uv": [
										42,
										14
									],
									"uv_size": [
										4,
										1
									]
								},
								"up": {
									"uv": [
										20,
										4
									],
									"uv_size": [
										10,
										4
									]
								},
								"down": {
									"uv": [
										20,
										12
									],
									"uv_size": [
										10,
										-4
									]
								}
							}
						},
						{
							"origin": [
								-5,
								5,
								-5
							],
							"size": [
								10,
								1,
								5
							],
							"pivot": [
								0,
								5.5,
								-1
							],
							"rotation": [
								-47.5,
								0,
								0
							],
							"uv": {
								"north": {
									"uv": [
										34,
										6
									],
									"uv_size": [
										10,
										1
									]
								},
								"east": {
									"uv": [
										40,
										15
									],
									"uv_size": [
										5,
										1
									]
								},
								"south": {
									"uv": [
										34,
										7
									],
									"uv_size": [
										10,
										1
									]
								},
								"west": {
									"uv": [
										40,
										41
									],
									"uv_size": [
										5,
										1
									]
								},
								"up": {
									"uv": [
										10,
										12
									],
									"uv_size": [
										10,
										5
									]
								},
								"down": {
									"uv": [
										10,
										22
									],
									"uv_size": [
										10,
										-5
									]
								}
							}
						},
						{
							"origin": [
								-7,
								1,
								-3
							],
							"size": [
								2,
								4,
								8
							],
							"uv": {
								"north": {
									"uv": [
										8,
										36
									],
									"uv_size": [
										2,
										4
									]
								},
								"east": {
									"uv": [
										20,
										20
									],
									"uv_size": [
										8,
										4
									]
								},
								"south": {
									"uv": [
										10,
										36
									],
									"uv_size": [
										2,
										4
									]
								},
								"west": {
									"uv": [
										10,
										22
									],
									"uv_size": [
										8,
										4
									]
								},
								"up": {
									"uv": [
										21,
										30
									],
									"uv_size": [
										2,
										8
									]
								},
								"down": {
									"uv": [
										23,
										38
									],
									"uv_size": [
										2,
										-8
									]
								}
							}
						}
					]
				},
				{
					"name": "bone2",
					"parent": "bone5",
					"pivot": [
						3.425,
						1.925,
						-3.9875
					],
					"rotation": [
						-17.89244,
						9.08661,
						26.06663
					],
					"cubes": [
						{
							"origin": [
								2,
								1,
								-8
							],
							"size": [
								2,
								2,
								9
							],
							"uv": {
								"north": {
									"uv": [
										42,
										38
									],
									"uv_size": [
										2,
										2
									]
								},
								"east": {
									"uv": [
										28,
										18
									],
									"uv_size": [
										9,
										2
									]
								},
								"south": {
									"uv": [
										40,
										42
									],
									"uv_size": [
										2,
										2
									]
								},
								"west": {
									"uv": [
										20,
										28
									],
									"uv_size": [
										9,
										2
									]
								},
								"up": {
									"uv": [
										29,
										28
									],
									"uv_size": [
										2,
										9
									]
								},
								"down": {
									"uv": [
										0,
										39
									],
									"uv_size": [
										2,
										-9
									]
								}
							}
						},
						{
							"origin": [
								4,
								1.1,
								-7.7
							],
							"size": [
								0.6,
								1.7,
								3.4
							],
							"uv": {
								"north": {
									"uv": [
										44,
										44
									],
									"uv_size": [
										0.5,
										1.5
									]
								},
								"east": {
									"uv": [
										6,
										41
									],
									"uv_size": [
										3.5,
										1.5
									]
								},
								"south": {
									"uv": [
										0,
										45
									],
									"uv_size": [
										0.5,
										1.5
									]
								},
								"west": {
									"uv": [
										41,
										26
									],
									"uv_size": [
										3.5,
										1.5
									]
								},
								"up": {
									"uv": [
										44,
										2
									],
									"uv_size": [
										0.5,
										3.5
									]
								},
								"down": {
									"uv": [
										12,
										47.5
									],
									"uv_size": [
										0.5,
										-3.5
									]
								}
							}
						},
						{
							"origin": [
								4,
								1.2,
								-6
							],
							"size": [
								0.8,
								1.4,
								6.4
							],
							"uv": {
								"north": {
									"uv": [
										44,
										6
									],
									"uv_size": [
										1,
										1.5
									]
								},
								"east": {
									"uv": [
										31,
										36
									],
									"uv_size": [
										6.5,
										1.5
									]
								},
								"south": {
									"uv": [
										44,
										12
									],
									"uv_size": [
										1,
										1.5
									]
								},
								"west": {
									"uv": [
										37,
										18
									],
									"uv_size": [
										6.5,
										1.5
									]
								},
								"up": {
									"uv": [
										28,
										38
									],
									"uv_size": [
										1,
										6.5
									]
								},
								"down": {
									"uv": [
										24,
										45.5
									],
									"uv_size": [
										1,
										-6.5
									]
								}
							}
						},
						{
							"origin": [
								1,
								1,
								-7.6
							],
							"size": [
								2,
								1.7,
								7.9
							],
							"uv": {
								"north": {
									"uv": [
										17,
										43
									],
									"uv_size": [
										2,
										1.5
									]
								},
								"east": {
									"uv": [
										30,
										9
									],
									"uv_size": [
										8,
										1.5
									]
								},
								"south": {
									"uv": [
										19,
										43
									],
									"uv_size": [
										2,
										1.5
									]
								},
								"west": {
									"uv": [
										33,
										26
									],
									"uv_size": [
										8,
										1.5
									]
								},
								"up": {
									"uv": [
										25,
										30
									],
									"uv_size": [
										2,
										8
									]
								},
								"down": {
									"uv": [
										27,
										38
									],
									"uv_size": [
										2,
										-8
									]
								}
							}
						}
					]
				},
				{
					"name": "bone3",
					"parent": "bone5",
					"pivot": [
						-1.575,
						1.925,
						-2.9875
					],
					"rotation": [
						-40.78157,
						22.88616,
						-21.2358
					],
					"cubes": [
						{
							"origin": [
								-3,
								1,
								-7
							],
							"size": [
								2,
								2,
								9
							],
							"uv": {
								"north": {
									"uv": [
										42,
										42
									],
									"uv_size": [
										2,
										2
									]
								},
								"east": {
									"uv": [
										28,
										20
									],
									"uv_size": [
										9,
										2
									]
								},
								"south": {
									"uv": [
										0,
										43
									],
									"uv_size": [
										2,
										2
									]
								},
								"west": {
									"uv": [
										28,
										22
									],
									"uv_size": [
										9,
										2
									]
								},
								"up": {
									"uv": [
										30,
										0
									],
									"uv_size": [
										2,
										9
									]
								},
								"down": {
									"uv": [
										2,
										39
									],
									"uv_size": [
										2,
										-9
									]
								}
							}
						},
						{
							"origin": [
								-1,
								1.1,
								-6.7
							],
							"size": [
								0.6,
								1.7,
								3.4
							],
							"uv": {
								"north": {
									"uv": [
										45,
										0
									],
									"uv_size": [
										0.5,
										1.5
									]
								},
								"east": {
									"uv": [
										41,
										28
									],
									"uv_size": [
										3.5,
										1.5
									]
								},
								"south": {
									"uv": [
										1,
										45
									],
									"uv_size": [
										0.5,
										1.5
									]
								},
								"west": {
									"uv": [
										41,
										30
									],
									"uv_size": [
										3.5,
										1.5
									]
								},
								"up": {
									"uv": [
										44,
										18
									],
									"uv_size": [
										0.5,
										3.5
									]
								},
								"down": {
									"uv": [
										44,
										25.5
									],
									"uv_size": [
										0.5,
										-3.5
									]
								}
							}
						},
						{
							"origin": [
								-1,
								1.2,
								-5
							],
							"size": [
								0.8,
								1.4,
								6.4
							],
							"uv": {
								"north": {
									"uv": [
										44,
										38
									],
									"uv_size": [
										1,
										1.5
									]
								},
								"east": {
									"uv": [
										37,
										20
									],
									"uv_size": [
										6.5,
										1.5
									]
								},
								"south": {
									"uv": [
										40,
										44
									],
									"uv_size": [
										1,
										1.5
									]
								},
								"west": {
									"uv": [
										37,
										22
									],
									"uv_size": [
										6.5,
										1.5
									]
								},
								"up": {
									"uv": [
										38,
										39
									],
									"uv_size": [
										1,
										6.5
									]
								},
								"down": {
									"uv": [
										39,
										44.5
									],
									"uv_size": [
										1,
										-6.5
									]
								}
							}
						},
						{
							"origin": [
								-4,
								1,
								-6.6
							],
							"size": [
								2,
								1.7,
								7.9
							],
							"uv": {
								"north": {
									"uv": [
										21,
										43
									],
									"uv_size": [
										2,
										1.5
									]
								},
								"east": {
									"uv": [
										33,
										28
									],
									"uv_size": [
										8,
										1.5
									]
								},
								"south": {
									"uv": [
										30,
										43
									],
									"uv_size": [
										2,
										1.5
									]
								},
								"west": {
									"uv": [
										33,
										30
									],
									"uv_size": [
										8,
										1.5
									]
								},
								"up": {
									"uv": [
										31,
										26
									],
									"uv_size": [
										2,
										8
									]
								},
								"down": {
									"uv": [
										32,
										8
									],
									"uv_size": [
										2,
										-8
									]
								}
							}
						}
					]
				},
				{
					"name": "bone4",
					"parent": "bone5",
					"pivot": [
						0.925,
						3.925,
						-2.5875
					],
					"rotation": [
						-26.05593,
						12.02786,
						2.43186
					],
					"cubes": [
						{
							"origin": [
								-0.5,
								3,
								-6.6
							],
							"size": [
								2,
								2,
								9
							],
							"uv": {
								"north": {
									"uv": [
										2,
										43
									],
									"uv_size": [
										2,
										2
									]
								},
								"east": {
									"uv": [
										28,
										24
									],
									"uv_size": [
										9,
										2
									]
								},
								"south": {
									"uv": [
										6,
										43
									],
									"uv_size": [
										2,
										2
									]
								},
								"west": {
									"uv": [
										4,
										30
									],
									"uv_size": [
										9,
										2
									]
								},
								"up": {
									"uv": [
										13,
										30
									],
									"uv_size": [
										2,
										9
									]
								},
								"down": {
									"uv": [
										15,
										39
									],
									"uv_size": [
										2,
										-9
									]
								}
							}
						},
						{
							"origin": [
								1.5,
								3.1,
								-6.3
							],
							"size": [
								0.6,
								1.7,
								3.4
							],
							"uv": {
								"north": {
									"uv": [
										2,
										45
									],
									"uv_size": [
										0.5,
										1.5
									]
								},
								"east": {
									"uv": [
										41,
										32
									],
									"uv_size": [
										3.5,
										1.5
									]
								},
								"south": {
									"uv": [
										45,
										2
									],
									"uv_size": [
										0.5,
										1.5
									]
								},
								"west": {
									"uv": [
										41,
										34
									],
									"uv_size": [
										3.5,
										1.5
									]
								},
								"up": {
									"uv": [
										23,
										44
									],
									"uv_size": [
										0.5,
										3.5
									]
								},
								"down": {
									"uv": [
										37,
										47.5
									],
									"uv_size": [
										0.5,
										-3.5
									]
								}
							}
						},
						{
							"origin": [
								1.5,
								3.2,
								-4.6
							],
							"size": [
								0.8,
								1.4,
								6.4
							],
							"uv": {
								"north": {
									"uv": [
										41,
										44
									],
									"uv_size": [
										1,
										1.5
									]
								},
								"east": {
									"uv": [
										37,
										24
									],
									"uv_size": [
										6.5,
										1.5
									]
								},
								"south": {
									"uv": [
										42,
										44
									],
									"uv_size": [
										1,
										1.5
									]
								},
								"west": {
									"uv": [
										38,
										9
									],
									"uv_size": [
										6.5,
										1.5
									]
								},
								"up": {
									"uv": [
										4,
										40
									],
									"uv_size": [
										1,
										6.5
									]
								},
								"down": {
									"uv": [
										5,
										46.5
									],
									"uv_size": [
										1,
										-6.5
									]
								}
							}
						},
						{
							"origin": [
								-1.5,
								3,
								-6.2
							],
							"size": [
								2,
								1.7,
								7.9
							],
							"uv": {
								"north": {
									"uv": [
										32,
										43
									],
									"uv_size": [
										2,
										1.5
									]
								},
								"east": {
									"uv": [
										33,
										32
									],
									"uv_size": [
										8,
										1.5
									]
								},
								"south": {
									"uv": [
										34,
										43
									],
									"uv_size": [
										2,
										1.5
									]
								},
								"west": {
									"uv": [
										34,
										0
									],
									"uv_size": [
										8,
										1.5
									]
								},
								"up": {
									"uv": [
										4,
										32
									],
									"uv_size": [
										2,
										8
									]
								},
								"down": {
									"uv": [
										6,
										40
									],
									"uv_size": [
										2,
										-8
									]
								}
							}
						}
					]
				}
			]
		}
	]
}