{
	"format_version": "1.12.0",
	"minecraft:geometry": [
		{
			"description": {
				"identifier": "geometry.soup",
				"texture_width": 64,
				"texture_height": 64,
				"visible_bounds_width": 2,
				"visible_bounds_height": 1.5,
				"visible_bounds_offset": [
					0,
					0.25,
					0
				]
			},
			"bones": [
				{
					"name": "bone5",
					"pivot": [
						0,
						0,
						0
					]
				},
				{
					"name": "bone",
					"parent": "bone5",
					"pivot": [
						0,
						0,
						0
					],
					"cubes": [
						{
							"origin": [
								-6,
								0,
								-6
							],
							"size": [
								12,
								1,
								12
							],
							"uv": {
								"north": {
									"uv": [
										16,
										26
									],
									"uv_size": [
										12,
										1
									]
								},
								"east": {
									"uv": [
										16,
										27
									],
									"uv_size": [
										12,
										1
									]
								},
								"south": {
									"uv": [
										16,
										28
									],
									"uv_size": [
										12,
										1
									]
								},
								"west": {
									"uv": [
										28,
										26
									],
									"uv_size": [
										12,
										1
									]
								},
								"up": {
									"uv": [
										0,
										0
									],
									"uv_size": [
										12,
										12
									]
								},
								"down": {
									"uv": [
										0,
										24
									],
									"uv_size": [
										12,
										-12
									]
								}
							}
						},
						{
							"origin": [
								-7,
								0,
								-5
							],
							"size": [
								1,
								1,
								10
							],
							"uv": {
								"north": {
									"uv": [
										7,
										38
									],
									"uv_size": [
										1,
										1
									]
								},
								"east": {
									"uv": [
										4,
										26
									],
									"uv_size": [
										10,
										1
									]
								},
								"south": {
									"uv": [
										8,
										38
									],
									"uv_size": [
										1,
										1
									]
								},
								"west": {
									"uv": [
										4,
										27
									],
									"uv_size": [
										10,
										1
									]
								},
								"up": {
									"uv": [
										4,
										28
									],
									"uv_size": [
										1,
										10
									]
								},
								"down": {
									"uv": [
										5,
										38
									],
									"uv_size": [
										1,
										-10
									]
								}
							}
						},
						{
							"origin": [
								6,
								0,
								-5
							],
							"size": [
								1,
								1,
								10
							],
							"uv": {
								"north": {
									"uv": [
										38,
										8
									],
									"uv_size": [
										1,
										1
									]
								},
								"east": {
									"uv": [
										16,
										31
									],
									"uv_size": [
										10,
										1
									]
								},
								"south": {
									"uv": [
										9,
										38
									],
									"uv_size": [
										1,
										1
									]
								},
								"west": {
									"uv": [
										26,
										31
									],
									"uv_size": [
										10,
										1
									]
								},
								"up": {
									"uv": [
										6,
										28
									],
									"uv_size": [
										1,
										10
									]
								},
								"down": {
									"uv": [
										7,
										38
									],
									"uv_size": [
										1,
										-10
									]
								}
							}
						},
						{
							"origin": [
								-5,
								0,
								6
							],
							"size": [
								10,
								1,
								1
							],
							"uv": {
								"north": {
									"uv": [
										16,
										32
									],
									"uv_size": [
										10,
										1
									]
								},
								"east": {
									"uv": [
										38,
										9
									],
									"uv_size": [
										1,
										1
									]
								},
								"south": {
									"uv": [
										26,
										32
									],
									"uv_size": [
										10,
										1
									]
								},
								"west": {
									"uv": [
										10,
										38
									],
									"uv_size": [
										1,
										1
									]
								},
								"up": {
									"uv": [
										16,
										33
									],
									"uv_size": [
										10,
										1
									]
								},
								"down": {
									"uv": [
										26,
										34
									],
									"uv_size": [
										10,
										-1
									]
								}
							}
						},
						{
							"origin": [
								-5,
								0,
								-7
							],
							"size": [
								10,
								1,
								1
							],
							"uv": {
								"north": {
									"uv": [
										16,
										34
									],
									"uv_size": [
										10,
										1
									]
								},
								"east": {
									"uv": [
										38,
										10
									],
									"uv_size": [
										1,
										1
									]
								},
								"south": {
									"uv": [
										26,
										34
									],
									"uv_size": [
										10,
										1
									]
								},
								"west": {
									"uv": [
										11,
										38
									],
									"uv_size": [
										1,
										1
									]
								},
								"up": {
									"uv": [
										16,
										35
									],
									"uv_size": [
										10,
										1
									]
								},
								"down": {
									"uv": [
										26,
										36
									],
									"uv_size": [
										10,
										-1
									]
								}
							}
						},
						{
							"origin": [
								6,
								1,
								-7
							],
							"size": [
								2,
								2,
								14
							],
							"uv": {
								"north": {
									"uv": [
										8,
										28
									],
									"uv_size": [
										2,
										2
									]
								},
								"east": {
									"uv": [
										0,
										24
									],
									"uv_size": [
										14,
										2
									]
								},
								"south": {
									"uv": [
										10,
										28
									],
									"uv_size": [
										2,
										2
									]
								},
								"west": {
									"uv": [
										24,
										0
									],
									"uv_size": [
										14,
										2
									]
								},
								"up": {
									"uv": [
										24,
										2
									],
									"uv_size": [
										2,
										14
									]
								},
								"down": {
									"uv": [
										14,
										38
									],
									"uv_size": [
										2,
										-14
									]
								}
							}
						},
						{
							"origin": [
								5,
								1,
								5
							],
							"size": [
								1,
								2,
								1
							],
							"uv": {
								"north": {
									"uv": [
										18,
										36
									],
									"uv_size": [
										1,
										2
									]
								},
								"east": {
									"uv": [
										19,
										36
									],
									"uv_size": [
										1,
										2
									]
								},
								"south": {
									"uv": [
										20,
										36
									],
									"uv_size": [
										1,
										2
									]
								},
								"west": {
									"uv": [
										21,
										36
									],
									"uv_size": [
										1,
										2
									]
								},
								"up": {
									"uv": [
										38,
										11
									],
									"uv_size": [
										1,
										1
									]
								},
								"down": {
									"uv": [
										12,
										39
									],
									"uv_size": [
										1,
										-1
									]
								}
							}
						},
						{
							"origin": [
								5,
								1,
								-6
							],
							"size": [
								1,
								2,
								1
							],
							"uv": {
								"north": {
									"uv": [
										22,
										36
									],
									"uv_size": [
										1,
										2
									]
								},
								"east": {
									"uv": [
										23,
										36
									],
									"uv_size": [
										1,
										2
									]
								},
								"south": {
									"uv": [
										24,
										36
									],
									"uv_size": [
										1,
										2
									]
								},
								"west": {
									"uv": [
										25,
										36
									],
									"uv_size": [
										1,
										2
									]
								},
								"up": {
									"uv": [
										13,
										38
									],
									"uv_size": [
										1,
										1
									]
								},
								"down": {
									"uv": [
										14,
										39
									],
									"uv_size": [
										1,
										-1
									]
								}
							}
						},
						{
							"origin": [
								-6,
								1,
								-6
							],
							"size": [
								1,
								2,
								1
							],
							"uv": {
								"north": {
									"uv": [
										26,
										36
									],
									"uv_size": [
										1,
										2
									]
								},
								"east": {
									"uv": [
										27,
										36
									],
									"uv_size": [
										1,
										2
									]
								},
								"south": {
									"uv": [
										28,
										36
									],
									"uv_size": [
										1,
										2
									]
								},
								"west": {
									"uv": [
										29,
										36
									],
									"uv_size": [
										1,
										2
									]
								},
								"up": {
									"uv": [
										15,
										38
									],
									"uv_size": [
										1,
										1
									]
								},
								"down": {
									"uv": [
										16,
										39
									],
									"uv_size": [
										1,
										-1
									]
								}
							}
						},
						{
							"origin": [
								-6,
								1,
								5
							],
							"size": [
								1,
								2,
								1
							],
							"uv": {
								"north": {
									"uv": [
										30,
										36
									],
									"uv_size": [
										1,
										2
									]
								},
								"east": {
									"uv": [
										31,
										36
									],
									"uv_size": [
										1,
										2
									]
								},
								"south": {
									"uv": [
										36,
										31
									],
									"uv_size": [
										1,
										2
									]
								},
								"west": {
									"uv": [
										32,
										36
									],
									"uv_size": [
										1,
										2
									]
								},
								"up": {
									"uv": [
										38,
										16
									],
									"uv_size": [
										1,
										1
									]
								},
								"down": {
									"uv": [
										17,
										39
									],
									"uv_size": [
										1,
										-1
									]
								}
							}
						},
						{
							"origin": [
								-8,
								1,
								-7
							],
							"size": [
								2,
								2,
								14
							],
							"uv": {
								"north": {
									"uv": [
										12,
										28
									],
									"uv_size": [
										2,
										2
									]
								},
								"east": {
									"uv": [
										16,
										24
									],
									"uv_size": [
										14,
										2
									]
								},
								"south": {
									"uv": [
										8,
										30
									],
									"uv_size": [
										2,
										2
									]
								},
								"west": {
									"uv": [
										24,
										16
									],
									"uv_size": [
										14,
										2
									]
								},
								"up": {
									"uv": [
										0,
										26
									],
									"uv_size": [
										2,
										14
									]
								},
								"down": {
									"uv": [
										2,
										40
									],
									"uv_size": [
										2,
										-14
									]
								}
							}
						},
						{
							"origin": [
								-7,
								1,
								7
							],
							"size": [
								14,
								2,
								1
							],
							"uv": {
								"north": {
									"uv": [
										24,
										18
									],
									"uv_size": [
										14,
										2
									]
								},
								"east": {
									"uv": [
										33,
										36
									],
									"uv_size": [
										1,
										2
									]
								},
								"south": {
									"uv": [
										24,
										20
									],
									"uv_size": [
										14,
										2
									]
								},
								"west": {
									"uv": [
										36,
										33
									],
									"uv_size": [
										1,
										2
									]
								},
								"up": {
									"uv": [
										26,
										12
									],
									"uv_size": [
										14,
										1
									]
								},
								"down": {
									"uv": [
										26,
										14
									],
									"uv_size": [
										14,
										-1
									]
								}
							}
						},
						{
							"origin": [
								-7,
								1,
								-8
							],
							"size": [
								14,
								2,
								1
							],
							"uv": {
								"north": {
									"uv": [
										24,
										22
									],
									"uv_size": [
										14,
										2
									]
								},
								"east": {
									"uv": [
										34,
										36
									],
									"uv_size": [
										1,
										2
									]
								},
								"south": {
									"uv": [
										26,
										2
									],
									"uv_size": [
										14,
										2
									]
								},
								"west": {
									"uv": [
										35,
										36
									],
									"uv_size": [
										1,
										2
									]
								},
								"up": {
									"uv": [
										26,
										14
									],
									"uv_size": [
										14,
										1
									]
								},
								"down": {
									"uv": [
										26,
										16
									],
									"uv_size": [
										14,
										-1
									]
								}
							}
						},
						{
							"origin": [
								-6,
								1,
								-7
							],
							"size": [
								12,
								2,
								1
							],
							"uv": {
								"north": {
									"uv": [
										26,
										4
									],
									"uv_size": [
										12,
										2
									]
								},
								"east": {
									"uv": [
										36,
										35
									],
									"uv_size": [
										1,
										2
									]
								},
								"south": {
									"uv": [
										26,
										6
									],
									"uv_size": [
										12,
										2
									]
								},
								"west": {
									"uv": [
										37,
										31
									],
									"uv_size": [
										1,
										2
									]
								},
								"up": {
									"uv": [
										28,
										27
									],
									"uv_size": [
										12,
										1
									]
								},
								"down": {
									"uv": [
										28,
										29
									],
									"uv_size": [
										12,
										-1
									]
								}
							}
						},
						{
							"origin": [
								-6,
								1,
								6
							],
							"size": [
								12,
								2,
								1
							],
							"uv": {
								"north": {
									"uv": [
										26,
										8
									],
									"uv_size": [
										12,
										2
									]
								},
								"east": {
									"uv": [
										37,
										33
									],
									"uv_size": [
										1,
										2
									]
								},
								"south": {
									"uv": [
										26,
										10
									],
									"uv_size": [
										12,
										2
									]
								},
								"west": {
									"uv": [
										37,
										35
									],
									"uv_size": [
										1,
										2
									]
								},
								"up": {
									"uv": [
										16,
										29
									],
									"uv_size": [
										12,
										1
									]
								},
								"down": {
									"uv": [
										28,
										30
									],
									"uv_size": [
										12,
										-1
									]
								}
							}
						}
					]
				},
				{
					"name": "bone2",
					"parent": "bone5",
					"pivot": [
						0,
						0,
						0
					]
				},
				{
					"name": "bone3",
					"parent": "bone5",
					"pivot": [
						0,
						0,
						0
					],
					"cubes": [
						{
							"origin": [
								-6,
								1,
								-6
							],
							"size": [
								12,
								1,
								12
							],
							"uv": {
								"north": {
									"uv": [
										16,
										30
									],
									"uv_size": [
										12,
										1
									]
								},
								"east": {
									"uv": [
										30,
										24
									],
									"uv_size": [
										12,
										1
									]
								},
								"south": {
									"uv": [
										30,
										25
									],
									"uv_size": [
										12,
										1
									]
								},
								"west": {
									"uv": [
										28,
										30
									],
									"uv_size": [
										12,
										1
									]
								},
								"up": {
									"uv": [
										12,
										0
									],
									"uv_size": [
										12,
										12
									]
								},
								"down": {
									"uv": [
										12,
										24
									],
									"uv_size": [
										12,
										-12
									]
								}
							}
						},
						{
							"origin": [
								-5,
								1,
								-1
							],
							"size": [
								2,
								2,
								2
							],
							"pivot": [
								0,
								2,
								0
							],
							"rotation": [
								-31.39218,
								18.05776,
								-8.74472
							],
							"uv": {
								"north": {
									"uv": [
										10,
										30
									],
									"uv_size": [
										2,
										2
									]
								},
								"east": {
									"uv": [
										12,
										30
									],
									"uv_size": [
										2,
										2
									]
								},
								"south": {
									"uv": [
										8,
										32
									],
									"uv_size": [
										2,
										2
									]
								},
								"west": {
									"uv": [
										10,
										32
									],
									"uv_size": [
										2,
										2
									]
								},
								"up": {
									"uv": [
										12,
										32
									],
									"uv_size": [
										2,
										2
									]
								},
								"down": {
									"uv": [
										8,
										36
									],
									"uv_size": [
										2,
										-2
									]
								}
							}
						},
						{
							"origin": [
								5,
								1,
								-7
							],
							"size": [
								1,
								2,
								2
							],
							"pivot": [
								3.5,
								2,
								-3
							],
							"rotation": [
								-89.09044,
								19.98015,
								-127.33978
							],
							"uv": {
								"north": {
									"uv": [
										36,
										37
									],
									"uv_size": [
										1,
										2
									]
								},
								"east": {
									"uv": [
										10,
										34
									],
									"uv_size": [
										2,
										2
									]
								},
								"south": {
									"uv": [
										37,
										37
									],
									"uv_size": [
										1,
										2
									]
								},
								"west": {
									"uv": [
										12,
										34
									],
									"uv_size": [
										2,
										2
									]
								},
								"up": {
									"uv": [
										38,
										0
									],
									"uv_size": [
										1,
										2
									]
								},
								"down": {
									"uv": [
										4,
										40
									],
									"uv_size": [
										1,
										-2
									]
								}
							}
						},
						{
							"origin": [
								0.75,
								1,
								2
							],
							"size": [
								1,
								2,
								2
							],
							"pivot": [
								1.25,
								2,
								3
							],
							"rotation": [
								-37.5,
								0,
								27.5
							],
							"uv": {
								"north": {
									"uv": [
										38,
										4
									],
									"uv_size": [
										1,
										2
									]
								},
								"east": {
									"uv": [
										8,
										36
									],
									"uv_size": [
										2,
										2
									]
								},
								"south": {
									"uv": [
										5,
										38
									],
									"uv_size": [
										1,
										2
									]
								},
								"west": {
									"uv": [
										10,
										36
									],
									"uv_size": [
										2,
										2
									]
								},
								"up": {
									"uv": [
										6,
										38
									],
									"uv_size": [
										1,
										2
									]
								},
								"down": {
									"uv": [
										38,
										8
									],
									"uv_size": [
										1,
										-2
									]
								}
							}
						}
					]
				},
				{
					"name": "bone4",
					"parent": "bone5",
					"pivot": [
						3.025,
						2.25,
						-2.125
					],
					"rotation": [
						19.96509,
						-5.24788,
						17.42935
					],
					"cubes": [
						{
							"origin": [
								2,
								2,
								-2.4
							],
							"size": [
								2,
								0.5,
								1.7
							],
							"uv": {
								"north": {
									"uv": [
										38,
										17
									],
									"uv_size": [
										2,
										0.5
									]
								},
								"east": {
									"uv": [
										38,
										18
									],
									"uv_size": [
										1.5,
										0.5
									]
								},
								"south": {
									"uv": [
										18,
										38
									],
									"uv_size": [
										2,
										0.5
									]
								},
								"west": {
									"uv": [
										38,
										19
									],
									"uv_size": [
										1.5,
										0.5
									]
								},
								"up": {
									"uv": [
										12,
										36
									],
									"uv_size": [
										2,
										1.5
									]
								},
								"down": {
									"uv": [
										16,
										37.5
									],
									"uv_size": [
										2,
										-1.5
									]
								}
							}
						},
						{
							"origin": [
								2.4,
								2,
								-3
							],
							"size": [
								1.3,
								0.5,
								0.6
							],
							"uv": {
								"north": {
									"uv": [
										20,
										38
									],
									"uv_size": [
										1.5,
										0.5
									]
								},
								"east": {
									"uv": [
										38,
										22
									],
									"uv_size": [
										0.5,
										0.5
									]
								},
								"south": {
									"uv": [
										38,
										20
									],
									"uv_size": [
										1.5,
										0.5
									]
								},
								"west": {
									"uv": [
										38,
										23
									],
									"uv_size": [
										0.5,
										0.5
									]
								},
								"up": {
									"uv": [
										38,
										21
									],
									"uv_size": [
										1.5,
										0.5
									]
								},
								"down": {
									"uv": [
										22,
										38.5
									],
									"uv_size": [
										1.5,
										-0.5
									]
								}
							}
						}
					]
				}
			]
		}
	]
}