{
	"format_version": "1.12.0",
	"minecraft:geometry": [
		{
			"description": {
				"identifier": "geometry.start",
				"texture_width": 32,
				"texture_height": 32,
				"visible_bounds_width": 2,
				"visible_bounds_height": 2.5,
				"visible_bounds_offset": [
					0,
					0.75,
					0
				]
			},
			"bones": [
				{
					"name": "bone",
					"pivot": [
						0,
						5,
						0
					],
					"rotation": [
						0,
						0,
						7.5
					],
					"cubes": [
						{
							"origin": [
								-1,
								11,
								-7
							],
							"size": [
								2,
								2,
								14
							],
							"uv": {
								"north": {
									"uv": [
										20,
										16
									],
									"uv_size": [
										2,
										2
									]
								},
								"east": {
									"uv": [
										0,
										0
									],
									"uv_size": [
										14,
										2
									]
								},
								"south": {
									"uv": [
										20,
										18
									],
									"uv_size": [
										2,
										2
									]
								},
								"west": {
									"uv": [
										0,
										2
									],
									"uv_size": [
										14,
										2
									]
								},
								"up": {
									"uv": [
										0,
										4
									],
									"uv_size": [
										2,
										14
									]
								},
								"down": {
									"uv": [
										2,
										18
									],
									"uv_size": [
										2,
										-14
									]
								}
							}
						},
						{
							"origin": [
								-1,
								9,
								-6
							],
							"size": [
								2,
								2,
								14
							],
							"uv": {
								"north": {
									"uv": [
										22,
										9
									],
									"uv_size": [
										2,
										2
									]
								},
								"east": {
									"uv": [
										4,
										4
									],
									"uv_size": [
										14,
										2
									]
								},
								"south": {
									"uv": [
										22,
										16
									],
									"uv_size": [
										2,
										2
									]
								},
								"west": {
									"uv": [
										4,
										6
									],
									"uv_size": [
										14,
										2
									]
								},
								"up": {
									"uv": [
										4,
										8
									],
									"uv_size": [
										2,
										14
									]
								},
								"down": {
									"uv": [
										6,
										22
									],
									"uv_size": [
										2,
										-14
									]
								}
							}
						},
						{
							"origin": [
								-1,
								7,
								-7
							],
							"size": [
								2,
								2,
								14
							],
							"uv": {
								"north": {
									"uv": [
										22,
										18
									],
									"uv_size": [
										2,
										2
									]
								},
								"east": {
									"uv": [
										8,
										8
									],
									"uv_size": [
										14,
										2
									]
								},
								"south": {
									"uv": [
										20,
										22
									],
									"uv_size": [
										2,
										2
									]
								},
								"west": {
									"uv": [
										8,
										10
									],
									"uv_size": [
										14,
										2
									]
								},
								"up": {
									"uv": [
										8,
										12
									],
									"uv_size": [
										2,
										14
									]
								},
								"down": {
									"uv": [
										10,
										26
									],
									"uv_size": [
										2,
										-14
									]
								}
							}
						},
						{
							"origin": [
								-1,
								5,
								-6
							],
							"size": [
								2,
								2,
								14
							],
							"uv": {
								"north": {
									"uv": [
										22,
										22
									],
									"uv_size": [
										2,
										2
									]
								},
								"east": {
									"uv": [
										12,
										12
									],
									"uv_size": [
										14,
										2
									]
								},
								"south": {
									"uv": [
										4,
										23
									],
									"uv_size": [
										2,
										2
									]
								},
								"west": {
									"uv": [
										14,
										0
									],
									"uv_size": [
										14,
										2
									]
								},
								"up": {
									"uv": [
										12,
										14
									],
									"uv_size": [
										2,
										14
									]
								},
								"down": {
									"uv": [
										14,
										28
									],
									"uv_size": [
										2,
										-14
									]
								}
							}
						},
						{
							"origin": [
								-1,
								3,
								-7
							],
							"size": [
								2,
								2,
								14
							],
							"uv": {
								"north": {
									"uv": [
										6,
										23
									],
									"uv_size": [
										2,
										2
									]
								},
								"east": {
									"uv": [
										14,
										2
									],
									"uv_size": [
										14,
										2
									]
								},
								"south": {
									"uv": [
										24,
										9
									],
									"uv_size": [
										2,
										2
									]
								},
								"west": {
									"uv": [
										16,
										14
									],
									"uv_size": [
										14,
										2
									]
								},
								"up": {
									"uv": [
										16,
										16
									],
									"uv_size": [
										2,
										14
									]
								},
								"down": {
									"uv": [
										0,
										32
									],
									"uv_size": [
										2,
										-14
									]
								}
							}
						}
					]
				},
				{
					"name": "bone2",
					"parent": "bone",
					"pivot": [
						0,
						5,
						0
					],
					"cubes": [
						{
							"origin": [
								-0.5,
								11,
								-1.2
							],
							"size": [
								1,
								1,
								8.2
							],
							"pivot": [
								0,
								13,
								7
							],
							"rotation": [
								-40,
								0,
								0
							],
							"uv": {
								"north": {
									"uv": [
										22,
										11
									],
									"uv_size": [
										1,
										1
									]
								},
								"east": {
									"uv": [
										18,
										6
									],
									"uv_size": [
										8,
										1
									]
								},
								"south": {
									"uv": [
										23,
										11
									],
									"uv_size": [
										1,
										1
									]
								},
								"west": {
									"uv": [
										18,
										7
									],
									"uv_size": [
										8,
										1
									]
								},
								"up": {
									"uv": [
										18,
										16
									],
									"uv_size": [
										1,
										8
									]
								},
								"down": {
									"uv": [
										19,
										24
									],
									"uv_size": [
										1,
										-8
									]
								}
							}
						},
						{
							"origin": [
								-0.5,
								11,
								-7
							],
							"size": [
								1,
								1,
								8.3
							],
							"pivot": [
								0,
								13,
								-7
							],
							"rotation": [
								40,
								0,
								0
							],
							"uv": {
								"north": {
									"uv": [
										24,
										11
									],
									"uv_size": [
										1,
										1
									]
								},
								"east": {
									"uv": [
										18,
										4
									],
									"uv_size": [
										8.5,
										1
									]
								},
								"south": {
									"uv": [
										24,
										16
									],
									"uv_size": [
										1,
										1
									]
								},
								"west": {
									"uv": [
										18,
										5
									],
									"uv_size": [
										8.5,
										1
									]
								},
								"up": {
									"uv": [
										2,
										18
									],
									"uv_size": [
										1,
										8.5
									]
								},
								"down": {
									"uv": [
										3,
										26.5
									],
									"uv_size": [
										1,
										-8.5
									]
								}
							}
						},
						{
							"origin": [
								-2,
								16.2,
								-0.5
							],
							"size": [
								4,
								1,
								1
							],
							"uv": {
								"north": {
									"uv": [
										20,
										20
									],
									"uv_size": [
										4,
										1
									]
								},
								"east": {
									"uv": [
										24,
										17
									],
									"uv_size": [
										1,
										1
									]
								},
								"south": {
									"uv": [
										20,
										21
									],
									"uv_size": [
										4,
										1
									]
								},
								"west": {
									"uv": [
										18,
										24
									],
									"uv_size": [
										1,
										1
									]
								},
								"up": {
									"uv": [
										4,
										22
									],
									"uv_size": [
										4,
										1
									]
								},
								"down": {
									"uv": [
										22,
										9
									],
									"uv_size": [
										4,
										-1
									]
								}
							}
						}
					]
				}
			]
		}
	]
}