{
  "format_version": "1.10.0",
  "animation_controllers": {
    "controller.animation.elements_elemental_bow": {
      "initial_state": "default",
      "states": {
        "default": {
          "transitions": [
            {
              "shoot": "query.mark_variant == 1 && query.get_equipped_item_name=='elemental_bow' && query.item_remaining_use_duration > 0"
            }
          ]
        },
        "shoot": {
          "transitions": [
            {
              "default": "query.mark_variant == 1 && query.get_equipped_item_name=='elemental_bow' && query.item_remaining_use_duration > 0"
            }
          ],
          "on_entry": [
            "@s elements:elemental_bow_fire",
            "/replaceitem entity @s slot.weapon.mainhand 0 elements:elemental_bow 1 1",
            "/playsound elements_elemental_bow_shot"
          ]
        }
      }
    }
  }
}