{
    "format_version": "1.10.0",
    "minecraft:entity": {
        "description": {
            "identifier": "entity:scp111_1",
            "is_spawnable": false,
            "is_summonable": true,
            "is_experimental": false
        },
        "component_groups": {
            "minecraft:scp111_angry": {
                "minecraft:angry": {
                    "duration": 4,
                    "broadcast_anger": false,
                    "calm_event": {
                        "event": "minecraft:on_calm",
                        "target": "self"
                    }
                },
                "minecraft:behavior.ranged_attack": {
                    "priority": 2,
                    "attack_radius": 64,
                    "charge_shoot_trigger": 2,
                    "charge_charged_trigger": 1,
					"speed_multiplier": 0.2
                }
            }
        },
        "components": {
            "minecraft:nameable": {},

            "minecraft:type_family": {
                "family": ["scp111", "scp"]
            },
            "minecraft:collision_box": {
                "width": 0.4,
                "height": 0.4
            },
            "minecraft:movement.basic": {},
            "minecraft:navigation.walk": {
                "is_amphibious": true,
                "can_pass_doors": true,
                "can_break_doors": true,
                "can_walk": true
            },
			"minecraft:fire_immune": true,
            "minecraft:fall_damage": {
                "value": 0.0
            },
            "minecraft:shooter": {
                "type": "fireball",
                "def": "bd:scp111_breath"
            },
            "minecraft:annotation.break_door": {},
            "minecraft:jump.static": {},
            "minecraft:can_climb": {},
            "minecraft:pushable": {
                "is_pushable": true,
                "is_pushable_by_piston": true
            },
            "minecraft:behavior.float": {
                "priority": 0
            },

            "minecraft:health": {
                "value": 20,
                "max": 20
            },
            "minecraft:spawn_entity": {
                "min_wait_time": 300,
                "max_wait_time": 600,
                "spawn_sound": "plop",
                "single_use": "true",
                "spawn_entity": "entity:scp111_egg"
            },
            "minecraft:breathable": {
                "totalSupply": 15,
                "suffocateTime": 0,
                "breathesAir": true,
                "breathesWater": true
            },
            "minecraft:loot": {
                "table": "loot_tables/entities/scp111.json"
            },

            "minecraft:behavior.move_towards_restriction": {
                "priority": 5,
                "speed_multiplier": 0.3
            },
            "minecraft:behavior.random_stroll": {
                "priority": 6,
                "speed_multiplier": 0.3
            },
            "minecraft:behavior.look_at_player": {
                "priority": 7,
                "look_distance": 6,
                "probability": 0.02
            },
			"minecraft:damage_sensor": {
                "triggers": {
                    "cause": "all",
                    "deals_damage": true,
                    "on_damage": {
                        "filters": {
                            "test": "in_caravan",
                            "value": false
                        },
                        "event": "minecraft:become_angry"
                    }
                }
            },
            "minecraft:behavior.random_look_around": {
                "priority": 7
            },
            "minecraft:behavior.hurt_by_target": {
                "priority": 1
            },
            "minecraft:physics": {}
        },

        "events": {
            "minecraft:entity_spawned": {
                "randomize": [{
                        "weight": 100,
                        "add": {
                            "component_groups": ["e1"]
                        }
                    }, {
                        "weight": 100,
                        "add": {
                            "component_groups": ["e2"]
                        }
                    }, {
                        "weight": 5,
                        "add": {
                            "component_groups": ["ex"]
                        }
                    }
                ]
            },
			"minecraft:become_angry": {
                "add": {
                    "component_groups": [
                        "minecraft:scp111_angry"
                    ]
                }
            },
            "minecraft:on_calm": {
                "remove": {
                    "component_groups": [
                        "minecraft:scp111_angry"
                    ]
                }
            }
        }
    }
}
