{
  "format_version": "1.16.0",
  "minecraft:entity": {
    "description": {
      "identifier": "serp:seel",
      "is_spawnable": false,
      "is_summonable": true,
      "is_experimental": false,
      "scripts":{"animate":["root"]},
      "animations":{"root":"controller.animation.root","timer":"animation.timer","attacks":"controller.animation.attacks"}
    },
    "component_groups": {
            "serp:shiny":{
    "minecraft:mark_variant":{"value": 1}
            },
            "serp:wild": {
        "minecraft:loot":{"table": "loot_tables/entities/empty.json"},
    "minecraft:despawn":{"filters":{"test":"distance_to_nearest_player","subject":"self","operator":">","value":35}},
      "minecraft:behavior.random_look_around_and_sit": {
        "priority": 8,
"min_look_count": 2,"max_look_count": 5,
"min_look_time": 80,"max_look_time": 100,
    "probability": 0.005
      },
    "minecraft:behavior.avoid_mob_type":{ "priority":1,"entity_types":[
{"filters":{"all_of":[{"test":"has_equipment","subject":"other","domain":"hand","operator":"!=","value":"serp:vs_seeker"},{"test":"has_equipment","subject":"other","domain":"hand","operator":"!=","value":"compass"},{"test":"is_family","subject":"other","value":"player"}]},"max_dist":20,"walk_speed_multiplier":1.5,"sprint_speed_multiplier":1.5}],"on_escape_event":{"event":"serp:wild_attack","target":"self"}
    },
    "minecraft:behavior.tempt":{"priority":3,"speed_multiplier":0.5,"within_radius":10,"can_get_scared":true,"items":["serp:fluffy_tail"]
    },
      "minecraft:damage_sensor": {
        "triggers": [
{"on_damage":{"filters":{"test":"has_damage","value":"fall"}},"deals_damage":false},
{"on_damage":{"filters":{"test":"is_family","subject":"other","value":"pokeball"},"event":"serp:capture1"},"deals_damage":false},
{"on_damage":{"filters":{"test":"is_family","subject":"other","value":"greatball"},"event":"serp:capture2"},"deals_damage":false},
{"on_damage":{"filters":{"test":"is_family","subject":"other","value":"ultraball"},"event":"serp:capture3"},"deals_damage":false},
{"on_damage":{"filters":{"test":"is_family","subject":"other","value":"masterball"},"event":"serp:capture4"},"deals_damage":false},
{"on_damage":{"filters":{"test":"is_family","subject":"other","value":"diveball"},"event":"serp:capture5"},"deals_damage":false},
{"on_damage":{"filters":{"test":"is_family","subject":"other","value":"duskball"},"event":"serp:capture6"},"deals_damage":false},
{"on_damage":{"filters":{"test":"is_family","subject":"other","value":"fastball"},"event":"serp:capture7"},"deals_damage":false},
{"on_damage":{"filters":{"test":"is_family","subject":"other","value":"heavyball"},"event":"serp:capture8"},"deals_damage":false},
{"on_damage":{"filters":{"test":"is_family","subject":"other","value":"lureball"},"event":"serp:capture9"},"deals_damage":false},
{"on_damage":{"filters":{"test":"is_family","subject":"other","value":"moonball"},"event":"serp:capture10"},"deals_damage":false},
{"on_damage":{"filters":{"test":"is_family","subject":"other","value":"nestball"},"event":"serp:capture11"},"deals_damage":false},
{"on_damage":{"filters":{"test":"is_family","subject":"other","value":"netball"},"event":"serp:capture12"},"deals_damage":false},
{"on_damage":{"filters":{"test":"is_family","subject":"other","value":"parkball"},"event":"serp:capture13"},"deals_damage":false},
{"on_damage":{"filters":{"test":"is_family","subject":"other","value":"premierball"},"event":"serp:capture14"},"deals_damage":false},
{"on_damage":{"filters":{"test":"is_family","subject":"other","value":"safariball"},"event":"serp:capture15"},"deals_damage":false},
{"on_damage":{"filters":{"test":"is_family","subject":"other","value":"timerball"},"event":"serp:capture16"},"deals_damage":false}
        ]
      },
"minecraft:interact":{
"interactions":[
{"on_interact":{"filters":{"all_of":[{"test":"has_tag","operator":"!=","value":"on_fight"},{"test":"has_equipment","subject":"other","domain":"hand","value":"serp:vs_seeker"}]},
	"event":"serp:fight","target":"self"},
    "swing":true,"interact_text":"action.interact.to_fight"}]},
      "minecraft:behavior.panic": {
"priority":1,"speed_multiplier":1.5}
    },
"serp:capture1":{"minecraft:transformation":{"into":"serp:pokeball"}},"serp:capture2":{"minecraft:transformation":{"into":"serp:greatball"}},"serp:capture3":{"minecraft:transformation":{"into":"serp:ultraball"}},"serp:capture4":{"minecraft:transformation":{"into":"serp:masterball"}},"serp:capture5":{"minecraft:transformation":{"into":"serp:diveball"}},"serp:capture6":{"minecraft:transformation":{"into":"serp:duskball"}},"serp:capture7":{"minecraft:transformation":{"into":"serp:fastball"}},"serp:capture8":{"minecraft:transformation":{"into":"serp:heavyball"}},"serp:capture9":{"minecraft:transformation":{"into":"serp:lureball"}},"serp:capture10":{"minecraft:transformation":{"into":"serp:moonball"}},"serp:capture11":{"minecraft:transformation":{"into":"serp:nestball"}},"serp:capture12":{"minecraft:transformation":{"into":"serp:netball"}},"serp:capture13":{"minecraft:transformation":{"into":"serp:parkball"}},"serp:capture14":{"minecraft:transformation":{"into":"serp:premierball"}},"serp:capture15":{"minecraft:transformation":{"into":"serp:safariball"}},"serp:capture16":{"minecraft:transformation":{"into":"serp:timerball"}},
      "serp:return": {
        "minecraft:instant_despawn": {}},
      "serp:from_trainer": {
      "minecraft:loot":{"table": "loot_tables/entities/win_trainer.json"},
      "minecraft:damage_sensor": {
          "triggers": [
{"on_damage":{"filters":{"test":"has_damage","value":"fall"}},"deals_damage":false},
{"on_damage":{"filters":{"test":"has_damage","value":"fatal"},"event":"serp:trainer_lose"}}
        ]
      }
    },
      "serp:on_attack": {
        "minecraft:is_sheared": {}
      },
      "serp:ratk": {
        "minecraft:behavior.nearest_attackable_target": {
    "priority":2,"entity_types":[{"filters":{"test":"is_family","subject":"other","value":"mob"},"max_dist":7},{"filters":{"test":"has_tag","subject":"other","value":"ratk"},"max_dist":15}],"must_see":true},
      "minecraft:behavior.melee_attack":{
    "on_kill":{"event":"serp:end_attack"},"track_target":true,"speed_multiplier":1.2},
      "minecraft:behavior.leap_at_target": {"priority":4,"target_dist":3},
      "minecraft:attack":{"damage":{"range_min":4,"range_max":8}}
    },
      "serp:defeated": {
        "minecraft:is_shaking":{},
        "minecraft:behavior.random_look_around_and_sit": {
        "priority": 0,
"min_look_count": 0,"max_look_count": 0,
"min_look_time": 0,"max_look_time": 0,
    "probability": 1
      }
    },
      "serp:tame": {
        "minecraft:is_tamed": {},
      "minecraft:type_family": {
"family": ["pokemon","tamed","evolv","seel","tiny","water","ice"]},
      "minecraft:leashable": {
"soft_distance": 4.0,"hard_distance": 6.0,
"max_distance": 10.0,"can_be_stolen": false
      },
      "minecraft:boss": {
        "should_darken_sky": false,
        "hud_range": 10,
        "name":"entity.serp:seel.name"
      },
    "minecraft:npc":{
        "npc_data": {
    "portrait_offsets": {
    "translate": [0, 0, 0],
    "scale": [0,0,0]}}},
    "minecraft:behavior.tempt":{"priority":1,"speed_multiplier":1,"within_radius":16,"items":["serp:poke_toy"]
    },
      "minecraft:healable": {
        "force_use": true,
        "items": [
{"item":"serp:potion","heal_amount":10},
{"item":"serp:super_potion","heal_amount":30},
{"item":"serp:hyper_potion","heal_amount":60},
{"item":"serp:max_potion","heal_amount":999},
{"item":"serp:fresh_water","heal_amount":15},
{"item":"serp:soda_pop","heal_amount":25},
{"item":"serp:lemonade","heal_amount":50},
{"item":"serp:oran_berry","heal_amount":5},
{"item":"serp:sitrus_berry","heal_amount":10},
{"item":"serp:mago_berry","heal_amount":15},
{"item":"serp:enigma_berry","heal_amount":0,"effects":[{"name":"invisibility","chance":1.0,"duration":10,"amplifier":0}]},
{"item":"serp:chery_berry","heal_amount":5},
{"item":"serp:leppa_berry","heal_amount":5},
{"item":"serp:lum_berry","heal_amount":5},
{"item":"serp:nanab_berry","heal_amount":5},
{"item":"serp:razz_berry","heal_amount":5},
{"item":"serp:hondew_berry","heal_amount":5},
{"item":"serp:pamtre_berry","heal_amount":5},
{"item":"serp:rindo_berry","heal_amount":5},
{"item":"serp:pinap_berry","heal_amount":5},
{"item":"serp:tamato_berry","heal_amount":5},
{"item":"serp:pokepuff_sweet","heal_amount":10},
{"item":"serp:pokepuff_mint","heal_amount":10},
{"item":"serp:pokepuff_citrus","heal_amount":10},
{"item":"serp:pokepuff_mocha","heal_amount":10},
{"item":"serp:pokepuff_spice","heal_amount":10}
        ]
      },
      "minecraft:damage_sensor": {
        "triggers": [
{"on_damage":{"filters":{"test":"has_damage","value":"fall"}},"deals_damage":false},
{"on_damage":{"filters":{"test":"has_damage","value":"fatal"},"event":"serp:defeated"},"deals_damage":false},
{"on_damage":{"filters":{"all_of":[{"test":"is_owner","subject":"other"},{"test":"has_tag","operator":"!=","value":"defeated"}]},"event":"serp:fight"},"deals_damage":false},
{"on_damage":{"filters":{"all_of":[{"test":"is_owner","subject":"other"},{"test":"has_tag","operator":"=","value":"defeated"}]}},"deals_damage":false}
        ]
      },
"minecraft:interact": {
"interactions": [
            {
              "on_interact": {
            "filters":{"all_of":[
{"test":"is_sneaking","subject":"other"},{"test":"has_tag","operator":"!=","value":"defeated"},{"test":"is_owner","subject":"other"}]},
		"event": "serp:return",
		"target": "self" },
        "add_items": {"table":"loot_tables/pokemon/086seel.json"},
	"play_sounds": "camera.take_picture",
    "swing": true,
    "interact_text": "action.interact.return"
            },
            {
              "on_interact": {
            "filters":{"all_of":[
{"test":"is_sneaking","subject":"other"},{"test":"has_tag","operator":"=","value":"defeated"},{"test":"is_owner","subject":"other"}]},
		"event": "serp:return",
		"target": "self" },
        "add_items": {"table":"loot_tables/defeated/086seel.json"},
	"play_sounds": "camera.take_picture",
    "swing": true,
    "interact_text": "action.interact.return"
            },
            {
              "on_interact": {
            "filters":{"all_of":[
{"test":"has_equipment","subject":"other","domain":"hand","value":"serp:revive"},{"test":"has_tag","operator":"=","value":"defeated"},{"test":"is_owner","subject":"other"}]},
		"event": "serp:revive",
		"target": "self" },
    "swing": true,
    "use_item": true,
    "interact_text": "deathScreen.respawn"
            }
        ]
    },
      "minecraft:persistent": {},
        "minecraft:behavior.follow_owner": {
          "priority": 4, 
          "speed_multiplier": 1,
          "start_distance": 6,
          "stop_distance": 3
        },
        "minecraft:sittable": {}
      },
            "serp:evolve": {
    "minecraft:variant": {"value":1},
		"minecraft:transformation": {
			"into": "serp:dewgong",
			  "delay": {"value":10},
			"keep_owner": true },
      "minecraft:movement": {"value":0}
            },
            "serp:max": {
        "minecraft:variant": {"value":4},
        "minecraft:scale": {"value":6},
        "minecraft:timer": {
        "time":15,"looping": false,
        "time_down_event": {
        "event": "serp:normalize",
        "target": "self"
            }
          }
        },
            "serp:normalize": {
        "minecraft:variant": {"value":0},
        "minecraft:scale": {"value":1}
            }
        },
    "components": {
      "minecraft:type_family": {
"family": ["pokemon","seel","tiny","water","ice"]},
      "minecraft:boss": {
        "should_darken_sky": false,
        "hud_range": 10,
        "name":"entity.serp:seelw.name"
      },
        "minecraft:experience_reward":{
"on_death":"query.last_hit_by_player?Math.Random(20,30):0"},
      "minecraft:breathable": {
        "total_supply": 15,
        "suffocate_time": 0,
        "breathes_water": true,
        "breathes_air": true,
        "generates_bubbles": false
      },
      "minecraft:collision_box": {
        "width": 0.8,
        "height": 0.7
      },
      "minecraft:health": {
        "value": 40,
        "max": 40
        },
      "minecraft:movement": {"value":0.5},
      "minecraft:navigation.generic": {
"is_amphibious": true,"can_path_over_water": true,"can_swim": true,"can_walk": true, "can_sink":false,"avoid_damage_blocks": true},
        "minecraft:movement.amphibious": {
        "max_turn":90.0},
        "minecraft:underwater_movement": {
          "value":0.3},
      "minecraft:jump.static": {},
      "minecraft:can_climb": {},
		"minecraft:behavior.move_towards_restriction":{"priority":7},
      "minecraft:behavior.look_at_entity": {"priority":8,"look_distance":8,"probability":0.02,"look_time":1,"angle_of_view_vertical":120,"filters":{"test":"has_equipment","subject":"other","domain":"hand","operator":"!=","value":"serp:vs_seeker"}},
      "minecraft:behavior.random_stroll": {
        "priority": 10,"speed_multiplier":0.7},
      "minecraft:knockback_resistance":{"value":10},
      "minecraft:behavior.random_look_around":{"priority":8},
	    "minecraft:physics": {},
        "minecraft:behavior.stay_while_sitting":{"priority":0},
      "minecraft:pushable": {
        "is_pushable": true,
        "is_pushable_by_piston": true
      }
    },
    "events": {
      "minecraft:entity_spawned":{
          "randomize":[
{"weight":99,"add": {
"component_groups": ["serp:wild"]}},
{"weight":1,"add": {
"component_groups": ["serp:wild","serp:shiny"]}}
      ]
    },
      "serp:normal":{
"add":{"component_groups":["serp:wild"]}},
      "serp:shiny":{
"add":{"component_groups":["serp:wild","serp:shiny"]}},
      "minecraft:entity_transformed": {
        "sequence":[
{"filters":{"test":"is_mark_variant","subject":"other","value":0},"add":{"component_groups":["serp:tame"]}},
{"filters":{"test":"is_mark_variant","subject":"other","value":1},"add":{"component_groups":["serp:tame","serp:shiny"]}}
        ]
    },
      "serp:from_trainer": {
        "sequence":[
{"randomize":[{"weight":95},{"weight":5,"add":{"component_groups":["serp:shiny"]}}]},
{"run_command":{"command":["tag @s add from_trainer","tag @s add on_fight"]}},
{"add":{"component_groups":["serp:from_trainer"]}},
{"randomize":[{"weight":80},{"weight":10,"add":{"component_groups":["serp:max"]}},{"weight":10,"add":{"component_groups": ["serp:mega"]}}]}
        ]
    },
      "serp:trainer_lose": {
"run_command":{"command":["function battle/battle_round"]}
    },
      "serp:fight": {
"run_command":{"command":["function battle/battle_start"]}
    },
      "serp:on_attack": {
        "add":{
"component_groups":["serp:on_attack"]}
      },
      "serp:end_attack": {
"remove":{"component_groups":["serp:on_attack","serp:ratk"]}
      },
      "serp:ratk": {
"add":{"component_groups":["serp:ratk"]}
      },
      "serp:defeated": {
    "add":{"component_groups":["serp:defeated"]},"remove":{"component_groups":["serp:ratk"]},"run_command":{"command":["function battle/battle_defeated"]}
    },
      "serp:revive": {
        "remove": {
"component_groups": ["serp:defeated"]},
        "run_command": {
"command": ["tag @s remove defeated","effect @s regeneration 1 4 true"]}
    },
      "serp:return": {
        "sequence":[
{"run_command":{"command":["tag @p add p37"]}},
{"filters":{"test":"has_tag","operator":"!=","value":"defeated"},"add":{"component_groups":["serp:return"]}},
{"filters":{"test":"has_tag","operator":"=","value":"defeated"},"add":{"component_groups":["serp:return"]},"run_command":{"command":["xp -1L @p"]}}
        ]
    },
      "serp:evolve": {
        "add": {
"component_groups": ["serp:evolve"]}
      },
      "serp:max": {
        "add": {
"component_groups": ["serp:max"]},
        "run_command": {
"command": ["tag @s add special"]}
      },
      "serp:normalize": {
        "remove": {
"component_groups": ["serp:max"]},
        "add": {
"component_groups": ["serp:normalize"]},
        "run_command": {
"command": ["tag @s remove special"]}
      },
      "serp:skill1":{
    "sequence":[
{"randomize": [{"weight":90},{"weight":10,"run_command":{"command":["tag @s add critic"]}}]},
{"run_command":{"command":["tag @s add water","function battle/battle_atk"]}}]
      },
      "serp:skill2":{
    "sequence":[
{"randomize": [{"weight":90},{"weight":10,"run_command":{"command":["tag @s add critic"]}}]},
{"run_command":{"command":["tag @s add ice","function battle/battle_atk"]}}]
      },
      "serp:skill3":{
    "sequence":[
{"randomize": [{"weight":90},{"weight":10,"run_command":{"command":["tag @s add critic"]}}]},
{"run_command":{"command":["tag @s add rock","function battle/battle_atk"]}}]
      },
      "serp:wild_attack":{
"run_command":{"command":["damage @p 4 lava entity @s"]}
      },
      "serp:attack_switch": {
    "sequence":[
{"randomize": [{"weight":90},{"weight":10,"run_command":{"command":["tag @s add critic"]}}]},
{"randomize": [
{"run_command":{"command":["tag @s add water"]}},
{"run_command":{"command":["tag @s add ice"]}},
{"run_command":{"command":["tag @s add rock"]}}]},
{"run_command":{"command":["function battle/battle_atk"]}}
        ]
      },
"serp:capture1": {"add":{ "component_groups":["serp:capture1"]}},"serp:capture2": {"add": {"component_groups": ["serp:capture2"]}}, "serp:capture3": {"add": {"component_groups": ["serp:capture3"]}},"serp:capture4": {"add": { "component_groups": ["serp:capture4"]}}, "serp:capture5": {"add": {"component_groups": ["serp:capture5"]}},"serp:capture6": {"add": {"component_groups": ["serp:capture6"]}}, "serp:capture7": {"add": {"component_groups": ["serp:capture7"]}},"serp:capture8": {"add": {"component_groups": ["serp:capture8"]}}, "serp:capture9": {"add": {"component_groups": ["serp:capture9"]}},"serp:capture10": {"add":{ "component_groups": ["serp:capture10"]}}, "serp:capture11": {"add":{ "component_groups": ["serp:capture11"]}},"serp:capture12":{ "add":{"component_groups":["serp:capture12"]}}, "serp:capture13": {"add":{ "component_groups": ["serp:capture13"]}}, "serp:capture14":{"add":{"component_groups": ["serp:capture14"]}}, "serp:capture15": {"add":{"component_groups":["serp:capture15"]}},"serp:capture16":{"add":{"component_groups": ["serp:capture16"]}}
        }
    }
}