{
 "format_version": "1.8.0",
 "minecraft:entity": {
  "description": {
   "identifier": "pl:dilofosaurio_huevo",
   "is_spawnable": true,
   "is_summonable": true,
   "is_experimental": false
  },
  "component_groups": {
   "fase_1": {
    "minecraft:variant": {
     "value": 0
    },
    "minecraft:ageable": {
     "duration": 900,
     "grow_up": {
      "event": "pl:bebe",
      "target": "self"
     }
    }
   },
   "fase_2": {
    "minecraft:variant": {
     "value": 1
    },
    "minecraft:transformation": {
     "into": "pl:dilofosaurio<pl:bebe>",
     "delay": {
      "value": 100
     }
    },
    "minecraft:is_shaking": {}
   }
  },
  "components": {
   "minecraft:loot": {
    "table": "loot_tables/huevos/dilo_huevo.json"
   },
   "minecraft:type_family": {
    "family": [
     "cryolophosaurio",
     "huevo",
     "egg"
    ]
   },
   "minecraft:breathable": {
    "totalSupply": 15,
    "suffocateTime": 0
   },
   "minecraft:collision_box": {
    "width": 0.2,
    "height": 0.4
   },
   "minecraft:movement": {
    "value": 0
   },
   "minecraft:leashable": {
    "soft_distance": 4,
    "hard_distance": 6,
    "max_distance": 10
   },
   "minecraft:is_stackable": {},
   "minecraft:physics": {},
   "minecraft:pushable": {
    "is_pushable": true,
    "is_pushable_by_piston": true
   },
   "minecraft:persistent": {},
   "minecraft:scale": {
    "value": 1.3
   },
   "minecraft:health": {
    "value": {
     "range_max": 1,
     "range_min": 1
    }
   },
   "minecraft:boss": {
    "hud_range": 10,
    "name": "Huevo De Dilofosaurio",
    "should_darken_sky": false
   },
   "minecraft:is_baby": {},
   "minecraft:timer": {
    "time": [
     1000,
     900
    ],
    "time_down_event": {
     "event": "pl:fase_1",
     "target": "self"
    }
   }
  },
  "events": {
   "pl:fase_1": {
    "remove": {},
    "add": {
     "component_groups": [
      "fase_1"
     ]
    }
   },
   "pl:fase_2": {
    "remove": {
     "component_groups": [
      "fase_1"
     ]
    },
    "add": {
     "component_groups": [
      "fase_2"
     ]
    }
   },
   "pl:bebe": {
    "remove": {
     "component_groups": [
      "fase_1"
     ]
    },
    "add": {
     "component_groups": [
      "fase_2"
     ]
    }
   },
   "minecraft:entity_spawned": {
    "sequence": [
     {
      "randomize": [
       {
        "weight": 50,
        "remove": {},
        "add": {
         "component_groups": [
          "fase_1"
         ]
        }
       }
      ]
     }
    ]
   }
  }
 }
}