{
    "format_version": "1.16.100",
    "particle_effect": {
        "description": {
            "identifier": "chetty:blueflameparticle",
            "basic_render_parameters": {
                "material": "particles_alpha",
                "texture": "textures/particle/particles"
            }
        },
        "components": {
            "minecraft:emitter_rate_steady": {
                "spawn_rate": 300,
                "max_particles": 5000
            },
            "minecraft:emitter_lifetime_once": {
                "active_time": 2
            },
            "minecraft:emitter_shape_sphere": {
                "surface_only": true,
                "radius": "math.sin(variable.emitter_age*40)*10",
                "direction": "outwards"
            },
            "minecraft:particle_lifetime_expression": {
                "max_lifetime": 1
            },
            "minecraft:particle_motion_dynamic": {
                "linear_acceleration": [
                    0.0,
                    0.0,
                    0.0
                ]
            },
            "minecraft:particle_initial_speed": 8,
            "minecraft:particle_appearance_billboard": {
                "size": [
                    "(0.1+variable.particle_random_1*0.1)-(0.1*variable.particle_age)",
                    "(0.1+variable.particle_random_1*0.1)-(0.1*variable.particle_age)"
                ],
                "facing_camera_mode": "lookat_xyz",
                "uv": {
                    "texture_width": 128,
                    "texture_height": 128,
                    "uv": [
                        16,
                        24
                    ],
                    "uv_size": [
                        8,
                        8
                    ]
                }
            }
        }
    }
}
