{
  "format_version": "1.18",
  "particle_effect": {
    "description": {
      "identifier": "chetty:lavadripparticle",
      "basic_render_parameters": {
        "material": "particles_alpha",
        "texture": "textures/particle/particles"
      }
    },
    "components": {
      "minecraft:emitter_rate_steady": {
        "spawn_rate": 10,
        "max_particles": 100
      },
      "minecraft:emitter_shape_sphere": {
        "surface_only": true,
        "radius": "math.sin(variable.emitter_age*40)*10",
        "direction": "outwards"
      },
      "minecraft:emitter_lifetime_once": {
        "active_time": 3.0
      },
      "minecraft:particle_initialization": {
        "per_update_expression": "variable.stuck_time = 2.0;",
        "per_render_expression": "variable.stuck_time = 2.0;"
      },
      "minecraft:particle_initial_speed": 0.0,
      "minecraft:particle_lifetime_expression": {
        "max_lifetime": 3.0
      },
      "minecraft:particle_motion_dynamic": {
        "linear_acceleration": [ 0.0, -6.0, 0.0 ],
        "linear_drag_coefficient": "variable.stuck_time = 2.0; return variable.particle_age < variable.stuck_time ? 277 : 0.01;"
      },
      "minecraft:particle_motion_collision": {
        "coefficient_of_restitution": 0.1,
        "collision_drag": 10.0,
        "collision_radius": 0.01
      },
      "minecraft:particle_appearance_billboard": {
        "size": [ 0.15, 0.15 ],
        "facing_camera_mode": "lookat_xyz",
        "uv": {
          "texture_width": 128,
          "texture_height": 128,
          "uv": [ 8, 56 ],
          "uv_size": [ 8, 8 ]
        }
      },
      "minecraft:particle_appearance_tinting": {
        "color": [
          1.0,
          "0.8 / (variable.stuck_time - (variable.stuck_time-variable.particle_age) + 0.8)",
          "0.2 / (variable.stuck_time - (variable.stuck_time-variable.particle_age) + 0.4)",
          1.0
        ]
      }
    }
  }
}
