{
	"file_path": "C:\\Users\\User\\AppData\\Local\\Packages\\Microsoft.MinecraftUWP_8wekyb3d8bbwe\\LocalState\\games\\com.mojang\\development_behavior_packs\\Project Terracotta\\features\\cattail_tree_feature.json",
	"file_type": "feature",
	"format_version": 1,
	"file_uuid": "4035ad9f_7d05_46c4_8a83_8c8259464637",
	"file_version": 6,
	"cache_content": {
		"children": [
			{
				"open": {
					"format_version": "1.13.0",
					"minecraft:tree_feature": {
						"description": {
							"identifier": "ilosemypotato:cattail_tree_feature"
						},
						"trunk": {
							"trunk_height": 1,
							"trunk_block": "ilosemypotato:cattail"
						},
						"base_block": [
							"minecraft:grass"
						],
						"may_grow_on": [
							"minecraft:dirt",
							"minecraft:grass",
							{
								"name": "minecraft:dirt",
								"states": {
									"dirt_type": "coarse"
								}
							},
							{
								"name": "minecraft:farmland",
								"states": {
									"moisturized_amount": 0
								}
							},
							{
								"name": "minecraft:farmland",
								"states": {
									"moisturized_amount": 1
								}
							},
							{
								"name": "minecraft:farmland",
								"states": {
									"moisturized_amount": 2
								}
							},
							{
								"name": "minecraft:farmland",
								"states": {
									"moisturized_amount": 3
								}
							},
							{
								"name": "minecraft:farmland",
								"states": {
									"moisturized_amount": 4
								}
							},
							{
								"name": "minecraft:farmland",
								"states": {
									"moisturized_amount": 5
								}
							},
							{
								"name": "minecraft:farmland",
								"states": {
									"moisturized_amount": 6
								}
							},
							{
								"name": "minecraft:farmland",
								"states": {
									"moisturized_amount": 7
								}
							}
						],
						"may_replace": [
							"minecraft:air"
						]
					}
				},
				"data": "1.13.0",
				"key": "format_version"
			},
			{
				"open": {
					"format_version": "1.13.0",
					"minecraft:tree_feature": {
						"description": {
							"identifier": "ilosemypotato:cattail_tree_feature"
						},
						"trunk": {
							"trunk_height": 1,
							"trunk_block": "ilosemypotato:cattail"
						},
						"base_block": [
							"minecraft:grass"
						],
						"may_grow_on": [
							"minecraft:dirt",
							"minecraft:grass",
							{
								"name": "minecraft:dirt",
								"states": {
									"dirt_type": "coarse"
								}
							},
							{
								"name": "minecraft:farmland",
								"states": {
									"moisturized_amount": 0
								}
							},
							{
								"name": "minecraft:farmland",
								"states": {
									"moisturized_amount": 1
								}
							},
							{
								"name": "minecraft:farmland",
								"states": {
									"moisturized_amount": 2
								}
							},
							{
								"name": "minecraft:farmland",
								"states": {
									"moisturized_amount": 3
								}
							},
							{
								"name": "minecraft:farmland",
								"states": {
									"moisturized_amount": 4
								}
							},
							{
								"name": "minecraft:farmland",
								"states": {
									"moisturized_amount": 5
								}
							},
							{
								"name": "minecraft:farmland",
								"states": {
									"moisturized_amount": 6
								}
							},
							{
								"name": "minecraft:farmland",
								"states": {
									"moisturized_amount": 7
								}
							}
						],
						"may_replace": [
							"minecraft:air"
						]
					}
				},
				"key": "minecraft:tree_feature",
				"children": [
					{
						"open": {
							"description": {
								"identifier": "ilosemypotato:cattail_tree_feature"
							},
							"trunk": {
								"trunk_height": 1,
								"trunk_block": "ilosemypotato:cattail"
							},
							"base_block": [
								"minecraft:grass"
							],
							"may_grow_on": [
								"minecraft:dirt",
								"minecraft:grass",
								{
									"name": "minecraft:dirt",
									"states": {
										"dirt_type": "coarse"
									}
								},
								{
									"name": "minecraft:farmland",
									"states": {
										"moisturized_amount": 0
									}
								},
								{
									"name": "minecraft:farmland",
									"states": {
										"moisturized_amount": 1
									}
								},
								{
									"name": "minecraft:farmland",
									"states": {
										"moisturized_amount": 2
									}
								},
								{
									"name": "minecraft:farmland",
									"states": {
										"moisturized_amount": 3
									}
								},
								{
									"name": "minecraft:farmland",
									"states": {
										"moisturized_amount": 4
									}
								},
								{
									"name": "minecraft:farmland",
									"states": {
										"moisturized_amount": 5
									}
								},
								{
									"name": "minecraft:farmland",
									"states": {
										"moisturized_amount": 6
									}
								},
								{
									"name": "minecraft:farmland",
									"states": {
										"moisturized_amount": 7
									}
								}
							],
							"may_replace": [
								"minecraft:air"
							]
						},
						"key": "description",
						"is_minified": true,
						"children": {
							"identifier": "ilosemypotato:cattail_tree_feature"
						}
					},
					{
						"open": {
							"description": {
								"identifier": "ilosemypotato:cattail_tree_feature"
							},
							"trunk": {
								"trunk_height": 1,
								"trunk_block": "ilosemypotato:cattail"
							},
							"base_block": [
								"minecraft:grass"
							],
							"may_grow_on": [
								"minecraft:dirt",
								"minecraft:grass",
								{
									"name": "minecraft:dirt",
									"states": {
										"dirt_type": "coarse"
									}
								},
								{
									"name": "minecraft:farmland",
									"states": {
										"moisturized_amount": 0
									}
								},
								{
									"name": "minecraft:farmland",
									"states": {
										"moisturized_amount": 1
									}
								},
								{
									"name": "minecraft:farmland",
									"states": {
										"moisturized_amount": 2
									}
								},
								{
									"name": "minecraft:farmland",
									"states": {
										"moisturized_amount": 3
									}
								},
								{
									"name": "minecraft:farmland",
									"states": {
										"moisturized_amount": 4
									}
								},
								{
									"name": "minecraft:farmland",
									"states": {
										"moisturized_amount": 5
									}
								},
								{
									"name": "minecraft:farmland",
									"states": {
										"moisturized_amount": 6
									}
								},
								{
									"name": "minecraft:farmland",
									"states": {
										"moisturized_amount": 7
									}
								}
							],
							"may_replace": [
								"minecraft:air"
							]
						},
						"key": "trunk",
						"is_minified": true,
						"children": {
							"trunk_height": 1,
							"trunk_block": "ilosemypotato:cattail"
						}
					},
					{
						"open": {
							"description": {
								"identifier": "ilosemypotato:cattail_tree_feature"
							},
							"trunk": {
								"trunk_height": 1,
								"trunk_block": "ilosemypotato:cattail"
							},
							"base_block": [
								"minecraft:grass"
							],
							"may_grow_on": [
								"minecraft:dirt",
								"minecraft:grass",
								{
									"name": "minecraft:dirt",
									"states": {
										"dirt_type": "coarse"
									}
								},
								{
									"name": "minecraft:farmland",
									"states": {
										"moisturized_amount": 0
									}
								},
								{
									"name": "minecraft:farmland",
									"states": {
										"moisturized_amount": 1
									}
								},
								{
									"name": "minecraft:farmland",
									"states": {
										"moisturized_amount": 2
									}
								},
								{
									"name": "minecraft:farmland",
									"states": {
										"moisturized_amount": 3
									}
								},
								{
									"name": "minecraft:farmland",
									"states": {
										"moisturized_amount": 4
									}
								},
								{
									"name": "minecraft:farmland",
									"states": {
										"moisturized_amount": 5
									}
								},
								{
									"name": "minecraft:farmland",
									"states": {
										"moisturized_amount": 6
									}
								},
								{
									"name": "minecraft:farmland",
									"states": {
										"moisturized_amount": 7
									}
								}
							],
							"may_replace": [
								"minecraft:air"
							]
						},
						"key": "base_block",
						"is_minified": true,
						"children": [
							"minecraft:grass"
						]
					},
					{
						"key": "may_grow_on",
						"children": [
							{
								"data": "minecraft:dirt"
							},
							{
								"open": [
									"minecraft:dirt",
									"minecraft:grass",
									{
										"name": "minecraft:dirt",
										"states": {
											"dirt_type": "coarse"
										}
									},
									{
										"name": "minecraft:farmland",
										"states": {
											"moisturized_amount": 0
										}
									},
									{
										"name": "minecraft:farmland",
										"states": {
											"moisturized_amount": 1
										}
									},
									{
										"name": "minecraft:farmland",
										"states": {
											"moisturized_amount": 2
										}
									},
									{
										"name": "minecraft:farmland",
										"states": {
											"moisturized_amount": 3
										}
									},
									{
										"name": "minecraft:farmland",
										"states": {
											"moisturized_amount": 4
										}
									},
									{
										"name": "minecraft:farmland",
										"states": {
											"moisturized_amount": 5
										}
									},
									{
										"name": "minecraft:farmland",
										"states": {
											"moisturized_amount": 6
										}
									},
									{
										"name": "minecraft:farmland",
										"states": {
											"moisturized_amount": 7
										}
									}
								],
								"data": "minecraft:grass"
							},
							{
								"open": [
									"minecraft:dirt",
									"minecraft:grass",
									{
										"name": "minecraft:dirt",
										"states": {
											"dirt_type": "coarse"
										}
									},
									{
										"name": "minecraft:farmland",
										"states": {
											"moisturized_amount": 0
										}
									},
									{
										"name": "minecraft:farmland",
										"states": {
											"moisturized_amount": 1
										}
									},
									{
										"name": "minecraft:farmland",
										"states": {
											"moisturized_amount": 2
										}
									},
									{
										"name": "minecraft:farmland",
										"states": {
											"moisturized_amount": 3
										}
									},
									{
										"name": "minecraft:farmland",
										"states": {
											"moisturized_amount": 4
										}
									},
									{
										"name": "minecraft:farmland",
										"states": {
											"moisturized_amount": 5
										}
									},
									{
										"name": "minecraft:farmland",
										"states": {
											"moisturized_amount": 6
										}
									},
									{
										"name": "minecraft:farmland",
										"states": {
											"moisturized_amount": 7
										}
									}
								],
								"children": [
									{
										"open": {
											"name": "minecraft:dirt",
											"states": {
												"dirt_type": "coarse"
											}
										},
										"data": "minecraft:dirt",
										"key": "name"
									},
									{
										"open": {
											"name": "minecraft:dirt",
											"states": {
												"dirt_type": "coarse"
											}
										},
										"key": "states",
										"is_minified": true,
										"children": {
											"dirt_type": "coarse"
										}
									}
								]
							},
							{
								"open": [
									"minecraft:dirt",
									"minecraft:grass",
									{
										"name": "minecraft:dirt",
										"states": {
											"dirt_type": "coarse"
										}
									},
									{
										"name": "minecraft:farmland",
										"states": {
											"moisturized_amount": 0
										}
									},
									{
										"name": "minecraft:farmland",
										"states": {
											"moisturized_amount": 1
										}
									},
									{
										"name": "minecraft:farmland",
										"states": {
											"moisturized_amount": 2
										}
									},
									{
										"name": "minecraft:farmland",
										"states": {
											"moisturized_amount": 3
										}
									},
									{
										"name": "minecraft:farmland",
										"states": {
											"moisturized_amount": 4
										}
									},
									{
										"name": "minecraft:farmland",
										"states": {
											"moisturized_amount": 5
										}
									},
									{
										"name": "minecraft:farmland",
										"states": {
											"moisturized_amount": 6
										}
									},
									{
										"name": "minecraft:farmland",
										"states": {
											"moisturized_amount": 7
										}
									}
								],
								"children": [
									{
										"open": {
											"name": "minecraft:farmland",
											"states": {
												"moisturized_amount": 0
											}
										},
										"data": "minecraft:farmland",
										"key": "name"
									},
									{
										"open": {
											"name": "minecraft:farmland",
											"states": {
												"moisturized_amount": 0
											}
										},
										"key": "states",
										"is_minified": true,
										"children": {
											"moisturized_amount": 0
										}
									}
								]
							},
							{
								"is_minified": true,
								"children": {
									"name": "minecraft:farmland",
									"states": {
										"moisturized_amount": 1
									}
								}
							},
							{
								"is_minified": true,
								"children": {
									"name": "minecraft:farmland",
									"states": {
										"moisturized_amount": 2
									}
								}
							},
							{
								"is_minified": true,
								"children": {
									"name": "minecraft:farmland",
									"states": {
										"moisturized_amount": 3
									}
								}
							},
							{
								"is_minified": true,
								"children": {
									"name": "minecraft:farmland",
									"states": {
										"moisturized_amount": 4
									}
								}
							},
							{
								"is_minified": true,
								"children": {
									"name": "minecraft:farmland",
									"states": {
										"moisturized_amount": 5
									}
								}
							},
							{
								"open": [
									"minecraft:dirt",
									"minecraft:grass",
									{
										"name": "minecraft:dirt",
										"states": {
											"dirt_type": "coarse"
										}
									},
									{
										"name": "minecraft:farmland",
										"states": {
											"moisturized_amount": 0
										}
									},
									{
										"name": "minecraft:farmland",
										"states": {
											"moisturized_amount": 1
										}
									},
									{
										"name": "minecraft:farmland",
										"states": {
											"moisturized_amount": 2
										}
									},
									{
										"name": "minecraft:farmland",
										"states": {
											"moisturized_amount": 3
										}
									},
									{
										"name": "minecraft:farmland",
										"states": {
											"moisturized_amount": 4
										}
									},
									{
										"name": "minecraft:farmland",
										"states": {
											"moisturized_amount": 5
										}
									},
									{
										"name": "minecraft:farmland",
										"states": {
											"moisturized_amount": 6
										}
									},
									{
										"name": "minecraft:farmland",
										"states": {
											"moisturized_amount": 7
										}
									}
								],
								"is_minified": true,
								"children": {
									"name": "minecraft:farmland",
									"states": {
										"moisturized_amount": 6
									}
								}
							},
							{
								"open": [
									"minecraft:dirt",
									"minecraft:grass",
									{
										"name": "minecraft:dirt",
										"states": {
											"dirt_type": "coarse"
										}
									},
									{
										"name": "minecraft:farmland",
										"states": {
											"moisturized_amount": 0
										}
									},
									{
										"name": "minecraft:farmland",
										"states": {
											"moisturized_amount": 1
										}
									},
									{
										"name": "minecraft:farmland",
										"states": {
											"moisturized_amount": 2
										}
									},
									{
										"name": "minecraft:farmland",
										"states": {
											"moisturized_amount": 3
										}
									},
									{
										"name": "minecraft:farmland",
										"states": {
											"moisturized_amount": 4
										}
									},
									{
										"name": "minecraft:farmland",
										"states": {
											"moisturized_amount": 5
										}
									},
									{
										"name": "minecraft:farmland",
										"states": {
											"moisturized_amount": 6
										}
									},
									{
										"name": "minecraft:farmland",
										"states": {
											"moisturized_amount": 7
										}
									}
								],
								"is_minified": true,
								"children": {
									"name": "minecraft:farmland",
									"states": {
										"moisturized_amount": 7
									}
								}
							}
						]
					},
					{
						"key": "may_replace",
						"is_minified": true,
						"children": [
							"minecraft:air"
						]
					}
				]
			}
		]
	}
}