{
	"file_path": "C:\\Users\\User\\AppData\\Local\\Packages\\Microsoft.MinecraftUWP_8wekyb3d8bbwe\\LocalState\\games\\com.mojang\\development_behavior_packs\\Project Terracotta\\features\\fern_in_semiarid_desert_tree_feature.json",
	"file_type": "feature",
	"format_version": 1,
	"file_uuid": "668ab8e8_6bbd_464c_8da4_1f2b01817e17",
	"file_version": 9,
	"cache_content": {
		"children": [
			{
				"open": {
					"format_version": "1.13.0",
					"minecraft:tree_feature": {
						"description": {
							"identifier": "ilosemypotato:fern_in_semiarid_desert_tree_feature"
						},
						"trunk": {
							"trunk_height": 1,
							"trunk_block": {
								"name": "minecraft:tallgrass",
								"states": {
									"tall_grass_type": "fern"
								}
							}
						},
						"base_block": [
							{
								"name": "minecraft:dirt",
								"states": {
									"dirt_type": "coarse"
								}
							}
						],
						"may_grow_on": [
							{
								"name": "minecraft:dirt",
								"states": {
									"dirt_type": "coarse"
								}
							}
						],
						"may_replace": [
							"minecraft:air"
						]
					}
				},
				"data": "1.13.0",
				"key": "format_version"
			},
			{
				"open": {
					"format_version": "1.13.0",
					"minecraft:tree_feature": {
						"description": {
							"identifier": "ilosemypotato:fern_in_semiarid_desert_tree_feature"
						},
						"trunk": {
							"trunk_height": 1,
							"trunk_block": {
								"name": "minecraft:tallgrass",
								"states": {
									"tall_grass_type": "fern"
								}
							}
						},
						"base_block": [
							{
								"name": "minecraft:dirt",
								"states": {
									"dirt_type": "coarse"
								}
							}
						],
						"may_grow_on": [
							{
								"name": "minecraft:dirt",
								"states": {
									"dirt_type": "coarse"
								}
							}
						],
						"may_replace": [
							"minecraft:air"
						]
					}
				},
				"key": "minecraft:tree_feature",
				"children": [
					{
						"open": {
							"description": {
								"identifier": "ilosemypotato:fern_in_semiarid_desert_tree_feature"
							},
							"trunk": {
								"trunk_height": 1,
								"trunk_block": {
									"name": "minecraft:tallgrass",
									"states": {
										"tall_grass_type": "fern"
									}
								}
							},
							"base_block": [
								{
									"name": "minecraft:dirt",
									"states": {
										"dirt_type": "coarse"
									}
								}
							],
							"may_grow_on": [
								{
									"name": "minecraft:dirt",
									"states": {
										"dirt_type": "coarse"
									}
								}
							],
							"may_replace": [
								"minecraft:air"
							]
						},
						"key": "description",
						"is_minified": true,
						"children": {
							"identifier": "ilosemypotato:fern_in_semiarid_desert_tree_feature"
						}
					},
					{
						"open": {
							"description": {
								"identifier": "ilosemypotato:fern_in_semiarid_desert_tree_feature"
							},
							"trunk": {
								"trunk_height": 1,
								"trunk_block": {
									"name": "minecraft:tallgrass",
									"states": {
										"tall_grass_type": "fern"
									}
								}
							},
							"base_block": [
								{
									"name": "minecraft:dirt",
									"states": {
										"dirt_type": "coarse"
									}
								}
							],
							"may_grow_on": [
								{
									"name": "minecraft:dirt",
									"states": {
										"dirt_type": "coarse"
									}
								}
							],
							"may_replace": [
								"minecraft:air"
							]
						},
						"key": "trunk",
						"children": [
							{
								"open": {
									"trunk_height": 1,
									"trunk_block": {
										"name": "minecraft:tallgrass",
										"states": {
											"tall_grass_type": "fern"
										}
									}
								},
								"data": "1",
								"key": "trunk_height"
							},
							{
								"open": {
									"trunk_height": 1,
									"trunk_block": {
										"name": "minecraft:tallgrass",
										"states": {
											"tall_grass_type": "fern"
										}
									}
								},
								"key": "trunk_block",
								"children": [
									{
										"open": {
											"name": "minecraft:tallgrass",
											"states": {
												"tall_grass_type": "fern"
											}
										},
										"data": "minecraft:tallgrass",
										"key": "name"
									},
									{
										"open": {
											"name": "minecraft:tallgrass",
											"states": {
												"tall_grass_type": "fern"
											}
										},
										"key": "states",
										"is_minified": true,
										"children": {
											"tall_grass_type": "fern"
										}
									}
								]
							}
						]
					},
					{
						"open": {
							"description": {
								"identifier": "ilosemypotato:fern_in_semiarid_desert_tree_feature"
							},
							"trunk": {
								"trunk_height": 1,
								"trunk_block": {
									"name": "minecraft:tallgrass",
									"states": {
										"tall_grass_type": "fern"
									}
								}
							},
							"base_block": [
								{
									"name": "minecraft:dirt",
									"states": {
										"dirt_type": "coarse"
									}
								}
							],
							"may_grow_on": [
								{
									"name": "minecraft:dirt",
									"states": {
										"dirt_type": "coarse"
									}
								}
							],
							"may_replace": [
								"minecraft:air"
							]
						},
						"key": "base_block",
						"children": [
							{
								"open": [
									{
										"name": "minecraft:dirt",
										"states": {
											"dirt_type": "coarse"
										}
									}
								],
								"children": [
									{
										"open": {
											"name": "minecraft:dirt",
											"states": {
												"dirt_type": "coarse"
											}
										},
										"data": "minecraft:dirt",
										"key": "name"
									},
									{
										"open": {
											"name": "minecraft:dirt",
											"states": {
												"dirt_type": "coarse"
											}
										},
										"key": "states",
										"is_minified": true,
										"children": {
											"dirt_type": "coarse"
										}
									}
								]
							}
						]
					},
					{
						"open": {
							"description": {
								"identifier": "ilosemypotato:fern_in_semiarid_desert_tree_feature"
							},
							"trunk": {
								"trunk_height": 1,
								"trunk_block": {
									"name": "minecraft:tallgrass",
									"states": {
										"tall_grass_type": "fern"
									}
								}
							},
							"base_block": [
								{
									"name": "minecraft:dirt",
									"states": {
										"dirt_type": "coarse"
									}
								}
							],
							"may_grow_on": [
								{
									"name": "minecraft:dirt",
									"states": {
										"dirt_type": "coarse"
									}
								}
							],
							"may_replace": [
								"minecraft:air"
							]
						},
						"key": "may_grow_on",
						"children": [
							{
								"open": [
									{
										"name": "minecraft:dirt",
										"states": {
											"dirt_type": "coarse"
										}
									}
								],
								"children": [
									{
										"open": {
											"name": "minecraft:dirt",
											"states": {
												"dirt_type": "coarse"
											}
										},
										"data": "minecraft:dirt",
										"key": "name"
									},
									{
										"open": {
											"name": "minecraft:dirt",
											"states": {
												"dirt_type": "coarse"
											}
										},
										"key": "states",
										"is_minified": true,
										"children": {
											"dirt_type": "coarse"
										}
									}
								]
							}
						]
					},
					{
						"open": {
							"description": {
								"identifier": "ilosemypotato:fern_in_semiarid_desert_tree_feature"
							},
							"trunk": {
								"trunk_height": 1,
								"trunk_block": {
									"name": "minecraft:tallgrass",
									"states": {
										"tall_grass_type": "fern"
									}
								}
							},
							"base_block": [
								{
									"name": "minecraft:dirt",
									"states": {
										"dirt_type": "coarse"
									}
								}
							],
							"may_grow_on": [
								{
									"name": "minecraft:dirt",
									"states": {
										"dirt_type": "coarse"
									}
								}
							],
							"may_replace": [
								"minecraft:air"
							]
						},
						"key": "may_replace",
						"is_minified": true,
						"children": [
							"minecraft:air"
						]
					}
				]
			}
		]
	}
}