{
	"file_path": "C:\\Users\\User\\AppData\\Local\\Packages\\Microsoft.MinecraftUWP_8wekyb3d8bbwe\\LocalState\\games\\com.mojang\\development_behavior_packs\\Terracotta Expansion BP\\features\\yellow_maple_leaves_tree_feature.json",
	"file_type": "feature",
	"format_version": 1,
	"file_uuid": "5868bd11_db59_45ea_bd2b_257fcea570de",
	"file_version": 43,
	"cache_content": {
		"children": [
			{
				"data": "1.13.0",
				"key": "format_version"
			},
			{
				"open": {
					"format_version": "1.13.0",
					"minecraft:tree_feature": {
						"description": {
							"identifier": "ilosemypotato:yellow_maple_leaves_tree_feature"
						},
						"fancy_trunk": {
							"trunk_height": {
								"base": 4,
								"variance": 12,
								"scale": 0.428
							},
							"trunk_width": 1,
							"trunk_block": "ilosemypotato:log_maple",
							"branches": {
								"slope": 0.18,
								"density": 1,
								"min_altitude_factor": 0.24
							},
							"width_scale": 1,
							"foliage_altitude_factor": 0.24
						},
						"fancy_canopy": {
							"height": 4,
							"radius": 3,
							"leaf_block": "ilosemypotato:leaves_maple_yellow"
						},
						"base_block": [
							"minecraft:dirt",
							{
								"name": "minecraft:dirt",
								"states": {
									"dirt_type": "coarse"
								}
							}
						],
						"may_grow_on": [
							"minecraft:dirt",
							"minecraft:grass",
							"minecraft:podzol",
							{
								"name": "minecraft:dirt",
								"states": {
									"dirt_type": "coarse"
								}
							},
							{
								"name": "minecraft:farmland",
								"states": {
									"moisturized_amount": 0
								}
							},
							{
								"name": "minecraft:farmland",
								"states": {
									"moisturized_amount": 1
								}
							},
							{
								"name": "minecraft:farmland",
								"states": {
									"moisturized_amount": 2
								}
							},
							{
								"name": "minecraft:farmland",
								"states": {
									"moisturized_amount": 3
								}
							},
							{
								"name": "minecraft:farmland",
								"states": {
									"moisturized_amount": 4
								}
							},
							{
								"name": "minecraft:farmland",
								"states": {
									"moisturized_amount": 5
								}
							},
							{
								"name": "minecraft:farmland",
								"states": {
									"moisturized_amount": 6
								}
							},
							{
								"name": "minecraft:farmland",
								"states": {
									"moisturized_amount": 7
								}
							}
						],
						"may_replace": [
							"minecraft:air",
							{
								"name": "minecraft:leaves",
								"states": {
									"old_leaf_type": "oak"
								}
							},
							{
								"name": "minecraft:leaves",
								"states": {
									"old_leaf_type": "spruce"
								}
							},
							{
								"name": "minecraft:leaves",
								"states": {
									"old_leaf_type": "birch"
								}
							},
							{
								"name": "minecraft:leaves",
								"states": {
									"old_leaf_type": "jungle"
								}
							},
							{
								"name": "minecraft:leaves2",
								"states": {
									"new_leaf_type": "acacia"
								}
							},
							{
								"name": "minecraft:leaves2",
								"states": {
									"new_leaf_type": "dark_oak"
								}
							}
						],
						"may_grow_through": [
							"minecraft:dirt",
							"minecraft:grass",
							{
								"name": "minecraft:dirt",
								"states": {
									"dirt_type": "coarse"
								}
							}
						]
					}
				},
				"key": "minecraft:tree_feature",
				"children": [
					{
						"key": "description",
						"is_minified": true,
						"children": {
							"identifier": "ilosemypotato:yellow_maple_leaves_tree_feature"
						}
					},
					{
						"open": {
							"description": {
								"identifier": "ilosemypotato:yellow_maple_leaves_tree_feature"
							},
							"fancy_trunk": {
								"trunk_height": {
									"base": 4,
									"variance": 12,
									"scale": 0.428
								},
								"trunk_width": 1,
								"trunk_block": "ilosemypotato:log_maple",
								"branches": {
									"slope": 0.18,
									"density": 1,
									"min_altitude_factor": 0.24
								},
								"width_scale": 1,
								"foliage_altitude_factor": 0.24
							},
							"fancy_canopy": {
								"height": 4,
								"radius": 3,
								"leaf_block": "ilosemypotato:leaves_maple_yellow"
							},
							"base_block": [
								"minecraft:dirt",
								{
									"name": "minecraft:dirt",
									"states": {
										"dirt_type": "coarse"
									}
								}
							],
							"may_grow_on": [
								"minecraft:dirt",
								"minecraft:grass",
								"minecraft:podzol",
								{
									"name": "minecraft:dirt",
									"states": {
										"dirt_type": "coarse"
									}
								},
								{
									"name": "minecraft:farmland",
									"states": {
										"moisturized_amount": 0
									}
								},
								{
									"name": "minecraft:farmland",
									"states": {
										"moisturized_amount": 1
									}
								},
								{
									"name": "minecraft:farmland",
									"states": {
										"moisturized_amount": 2
									}
								},
								{
									"name": "minecraft:farmland",
									"states": {
										"moisturized_amount": 3
									}
								},
								{
									"name": "minecraft:farmland",
									"states": {
										"moisturized_amount": 4
									}
								},
								{
									"name": "minecraft:farmland",
									"states": {
										"moisturized_amount": 5
									}
								},
								{
									"name": "minecraft:farmland",
									"states": {
										"moisturized_amount": 6
									}
								},
								{
									"name": "minecraft:farmland",
									"states": {
										"moisturized_amount": 7
									}
								}
							],
							"may_replace": [
								"minecraft:air",
								{
									"name": "minecraft:leaves",
									"states": {
										"old_leaf_type": "oak"
									}
								},
								{
									"name": "minecraft:leaves",
									"states": {
										"old_leaf_type": "spruce"
									}
								},
								{
									"name": "minecraft:leaves",
									"states": {
										"old_leaf_type": "birch"
									}
								},
								{
									"name": "minecraft:leaves",
									"states": {
										"old_leaf_type": "jungle"
									}
								},
								{
									"name": "minecraft:leaves2",
									"states": {
										"new_leaf_type": "acacia"
									}
								},
								{
									"name": "minecraft:leaves2",
									"states": {
										"new_leaf_type": "dark_oak"
									}
								}
							],
							"may_grow_through": [
								"minecraft:dirt",
								"minecraft:grass",
								{
									"name": "minecraft:dirt",
									"states": {
										"dirt_type": "coarse"
									}
								}
							]
						},
						"key": "fancy_trunk",
						"children": [
							{
								"open": {
									"trunk_height": {
										"base": 4,
										"variance": 12,
										"scale": 0.428
									},
									"trunk_width": 1,
									"trunk_block": "ilosemypotato:log_maple",
									"branches": {
										"slope": 0.18,
										"density": 1,
										"min_altitude_factor": 0.24
									},
									"width_scale": 1,
									"foliage_altitude_factor": 0.24
								},
								"key": "trunk_height",
								"is_minified": true,
								"children": {
									"base": 4,
									"variance": 12,
									"scale": 0.428
								}
							},
							{
								"open": {
									"trunk_height": {
										"base": 4,
										"variance": 12,
										"scale": 0.428
									},
									"trunk_width": 1,
									"trunk_block": "ilosemypotato:log_maple",
									"branches": {
										"slope": 0.18,
										"density": 1,
										"min_altitude_factor": 0.24
									},
									"width_scale": 1,
									"foliage_altitude_factor": 0.24
								},
								"data": "1",
								"key": "trunk_width"
							},
							{
								"data": "ilosemypotato:log_maple",
								"key": "trunk_block"
							},
							{
								"open": {
									"trunk_height": {
										"base": 4,
										"variance": 12,
										"scale": 0.428
									},
									"trunk_width": 1,
									"trunk_block": "ilosemypotato:log_maple",
									"branches": {
										"slope": 0.18,
										"density": 1,
										"min_altitude_factor": 0.24
									},
									"width_scale": 1,
									"foliage_altitude_factor": 0.24
								},
								"key": "branches",
								"is_minified": true,
								"children": {
									"slope": 0.18,
									"density": 1,
									"min_altitude_factor": 0.24
								}
							},
							{
								"open": {
									"trunk_height": {
										"base": 4,
										"variance": 12,
										"scale": 0.428
									},
									"trunk_width": 1,
									"trunk_block": "ilosemypotato:log_maple",
									"branches": {
										"slope": 0.18,
										"density": 1,
										"min_altitude_factor": 0.24
									},
									"width_scale": 1,
									"foliage_altitude_factor": 0.24
								},
								"data": "1",
								"key": "width_scale"
							},
							{
								"open": {
									"trunk_height": {
										"base": 4,
										"variance": 12,
										"scale": 0.428
									},
									"trunk_width": 1,
									"trunk_block": "ilosemypotato:log_maple",
									"branches": {
										"slope": 0.18,
										"density": 1,
										"min_altitude_factor": 0.24
									},
									"width_scale": 1,
									"foliage_altitude_factor": 0.24
								},
								"data": "0.24",
								"key": "foliage_altitude_factor"
							}
						]
					},
					{
						"open": {
							"description": {
								"identifier": "ilosemypotato:yellow_maple_leaves_tree_feature"
							},
							"fancy_trunk": {
								"trunk_height": {
									"base": 4,
									"variance": 12,
									"scale": 0.428
								},
								"trunk_width": 1,
								"trunk_block": "ilosemypotato:log_maple",
								"branches": {
									"slope": 0.18,
									"density": 1,
									"min_altitude_factor": 0.24
								},
								"width_scale": 1,
								"foliage_altitude_factor": 0.24
							},
							"fancy_canopy": {
								"height": 4,
								"radius": 3,
								"leaf_block": "ilosemypotato:leaves_maple_yellow"
							},
							"base_block": [
								"minecraft:dirt",
								{
									"name": "minecraft:dirt",
									"states": {
										"dirt_type": "coarse"
									}
								}
							],
							"may_grow_on": [
								"minecraft:dirt",
								"minecraft:grass",
								"minecraft:podzol",
								{
									"name": "minecraft:dirt",
									"states": {
										"dirt_type": "coarse"
									}
								},
								{
									"name": "minecraft:farmland",
									"states": {
										"moisturized_amount": 0
									}
								},
								{
									"name": "minecraft:farmland",
									"states": {
										"moisturized_amount": 1
									}
								},
								{
									"name": "minecraft:farmland",
									"states": {
										"moisturized_amount": 2
									}
								},
								{
									"name": "minecraft:farmland",
									"states": {
										"moisturized_amount": 3
									}
								},
								{
									"name": "minecraft:farmland",
									"states": {
										"moisturized_amount": 4
									}
								},
								{
									"name": "minecraft:farmland",
									"states": {
										"moisturized_amount": 5
									}
								},
								{
									"name": "minecraft:farmland",
									"states": {
										"moisturized_amount": 6
									}
								},
								{
									"name": "minecraft:farmland",
									"states": {
										"moisturized_amount": 7
									}
								}
							],
							"may_replace": [
								"minecraft:air",
								{
									"name": "minecraft:leaves",
									"states": {
										"old_leaf_type": "oak"
									}
								},
								{
									"name": "minecraft:leaves",
									"states": {
										"old_leaf_type": "spruce"
									}
								},
								{
									"name": "minecraft:leaves",
									"states": {
										"old_leaf_type": "birch"
									}
								},
								{
									"name": "minecraft:leaves",
									"states": {
										"old_leaf_type": "jungle"
									}
								},
								{
									"name": "minecraft:leaves2",
									"states": {
										"new_leaf_type": "acacia"
									}
								},
								{
									"name": "minecraft:leaves2",
									"states": {
										"new_leaf_type": "dark_oak"
									}
								}
							],
							"may_grow_through": [
								"minecraft:dirt",
								"minecraft:grass",
								{
									"name": "minecraft:dirt",
									"states": {
										"dirt_type": "coarse"
									}
								}
							]
						},
						"key": "fancy_canopy",
						"is_minified": true,
						"children": {
							"height": 4,
							"radius": 3,
							"leaf_block": "ilosemypotato:leaves_maple_yellow"
						}
					},
					{
						"key": "base_block",
						"is_minified": true,
						"children": [
							"minecraft:dirt",
							{
								"name": "minecraft:dirt",
								"states": {
									"dirt_type": "coarse"
								}
							}
						]
					},
					{
						"key": "may_grow_on",
						"is_minified": true,
						"children": [
							"minecraft:dirt",
							"minecraft:grass",
							"minecraft:podzol",
							{
								"name": "minecraft:dirt",
								"states": {
									"dirt_type": "coarse"
								}
							},
							{
								"name": "minecraft:farmland",
								"states": {
									"moisturized_amount": 0
								}
							},
							{
								"name": "minecraft:farmland",
								"states": {
									"moisturized_amount": 1
								}
							},
							{
								"name": "minecraft:farmland",
								"states": {
									"moisturized_amount": 2
								}
							},
							{
								"name": "minecraft:farmland",
								"states": {
									"moisturized_amount": 3
								}
							},
							{
								"name": "minecraft:farmland",
								"states": {
									"moisturized_amount": 4
								}
							},
							{
								"name": "minecraft:farmland",
								"states": {
									"moisturized_amount": 5
								}
							},
							{
								"name": "minecraft:farmland",
								"states": {
									"moisturized_amount": 6
								}
							},
							{
								"name": "minecraft:farmland",
								"states": {
									"moisturized_amount": 7
								}
							}
						]
					},
					{
						"key": "may_replace",
						"is_minified": true,
						"children": [
							"minecraft:air",
							{
								"name": "minecraft:leaves",
								"states": {
									"old_leaf_type": "oak"
								}
							},
							{
								"name": "minecraft:leaves",
								"states": {
									"old_leaf_type": "spruce"
								}
							},
							{
								"name": "minecraft:leaves",
								"states": {
									"old_leaf_type": "birch"
								}
							},
							{
								"name": "minecraft:leaves",
								"states": {
									"old_leaf_type": "jungle"
								}
							},
							{
								"name": "minecraft:leaves2",
								"states": {
									"new_leaf_type": "acacia"
								}
							},
							{
								"name": "minecraft:leaves2",
								"states": {
									"new_leaf_type": "dark_oak"
								}
							}
						]
					},
					{
						"key": "may_grow_through",
						"is_minified": true,
						"children": [
							"minecraft:dirt",
							"minecraft:grass",
							{
								"name": "minecraft:dirt",
								"states": {
									"dirt_type": "coarse"
								}
							}
						]
					}
				]
			}
		]
	}
}