{
	"file_path": "C:\\Users\\Freddy\\AppData\\Local\\Packages\\Microsoft.MinecraftUWP_8wekyb3d8bbwe\\LocalState\\games\\com.mojang\\development_behavior_packs\\Spry Conquest Overhaul\\feature_rules\\glacis_cave_rule.json",
	"file_type": "feature_rule",
	"format_version": 1,
	"file_uuid": "4578f868_823f_4cd1_9789_a4861a20fc36",
	"file_version": 56,
	"cache_content": {
		"children": [
			{
				"data": "1.16.0",
				"key": "format_version"
			},
			{
				"open": {
					"format_version": "1.16.0",
					"minecraft:feature_rules": {
						"description": {
							"identifier": "sc:glacis_cave_rule",
							"places_feature": "sc:cave_feature"
						},
						"conditions": {
							"minecraft:biome_filter": {
								"any_of": [
									{
										"test": "has_biome_tag",
										"operator": "==",
										"value": "glacis"
									}
								]
							},
							"placement_pass": "first_pass"
						},
						"distribution": {
							"iterations": 3,
							"scatter_chance": 50,
							"x": {
								"distribution": "uniform",
								"extent": [
									0,
									16
								]
							},
							"z": {
								"distribution": "uniform",
								"extent": [
									0,
									16
								]
							},
							"y": {
								"distribution": "uniform",
								"extent": [
									25,
									26
								]
							}
						}
					}
				},
				"key": "minecraft:feature_rules",
				"children": [
					{
						"open": {
							"description": {
								"identifier": "sc:glacis_cave_rule",
								"places_feature": "sc:cave_feature"
							},
							"conditions": {
								"minecraft:biome_filter": {
									"any_of": [
										{
											"test": "has_biome_tag",
											"operator": "==",
											"value": "glacis"
										}
									]
								},
								"placement_pass": "first_pass"
							},
							"distribution": {
								"iterations": 3,
								"scatter_chance": 50,
								"x": {
									"distribution": "uniform",
									"extent": [
										0,
										16
									]
								},
								"z": {
									"distribution": "uniform",
									"extent": [
										0,
										16
									]
								},
								"y": {
									"distribution": "uniform",
									"extent": [
										25,
										26
									]
								}
							}
						},
						"key": "description",
						"is_minified": true,
						"children": {
							"identifier": "sc:glacis_cave_rule",
							"places_feature": "sc:cave_feature"
						}
					},
					{
						"open": {
							"description": {
								"identifier": "sc:glacis_cave_rule",
								"places_feature": "sc:cave_feature"
							},
							"conditions": {
								"minecraft:biome_filter": {
									"any_of": [
										{
											"test": "has_biome_tag",
											"operator": "==",
											"value": "glacis"
										}
									]
								},
								"placement_pass": "first_pass"
							},
							"distribution": {
								"iterations": 3,
								"scatter_chance": 50,
								"x": {
									"distribution": "uniform",
									"extent": [
										0,
										16
									]
								},
								"z": {
									"distribution": "uniform",
									"extent": [
										0,
										16
									]
								},
								"y": {
									"distribution": "uniform",
									"extent": [
										25,
										26
									]
								}
							}
						},
						"key": "conditions",
						"children": [
							{
								"open": {
									"minecraft:biome_filter": {
										"any_of": [
											{
												"test": "has_biome_tag",
												"operator": "==",
												"value": "glacis"
											}
										]
									},
									"placement_pass": "first_pass"
								},
								"key": "minecraft:biome_filter",
								"children": [
									{
										"open": {
											"any_of": [
												{
													"test": "has_biome_tag",
													"operator": "==",
													"value": "glacis"
												}
											]
										},
										"key": "any_of",
										"children": [
											{
												"open": [
													{
														"test": "has_biome_tag",
														"operator": "==",
														"value": "glacis"
													}
												],
												"is_minified": true,
												"children": {
													"test": "has_biome_tag",
													"operator": "==",
													"value": "glacis"
												}
											}
										]
									}
								]
							},
							{
								"open": {
									"minecraft:biome_filter": {
										"any_of": [
											{
												"test": "has_biome_tag",
												"operator": "==",
												"value": "glacis"
											}
										]
									},
									"placement_pass": "first_pass"
								},
								"data": "first_pass",
								"key": "placement_pass"
							}
						]
					},
					{
						"open": {
							"description": {
								"identifier": "sc:glacis_cave_rule",
								"places_feature": "sc:cave_feature"
							},
							"conditions": {
								"minecraft:biome_filter": {
									"any_of": [
										{
											"test": "has_biome_tag",
											"operator": "==",
											"value": "glacis"
										}
									]
								},
								"placement_pass": "first_pass"
							},
							"distribution": {
								"iterations": 3,
								"scatter_chance": 50,
								"x": {
									"distribution": "uniform",
									"extent": [
										0,
										16
									]
								},
								"z": {
									"distribution": "uniform",
									"extent": [
										0,
										16
									]
								},
								"y": {
									"distribution": "uniform",
									"extent": [
										25,
										26
									]
								}
							}
						},
						"key": "distribution",
						"children": [
							{
								"open": {
									"iterations": 3,
									"scatter_chance": 50,
									"x": {
										"distribution": "uniform",
										"extent": [
											0,
											16
										]
									},
									"z": {
										"distribution": "uniform",
										"extent": [
											0,
											16
										]
									},
									"y": {
										"distribution": "uniform",
										"extent": [
											25,
											26
										]
									}
								},
								"data": "3",
								"key": "iterations"
							},
							{
								"open": {
									"iterations": 3,
									"scatter_chance": 50,
									"x": {
										"distribution": "uniform",
										"extent": [
											0,
											16
										]
									},
									"z": {
										"distribution": "uniform",
										"extent": [
											0,
											16
										]
									},
									"y": {
										"distribution": "uniform",
										"extent": [
											25,
											26
										]
									}
								},
								"data": "50",
								"key": "scatter_chance"
							},
							{
								"key": "x",
								"is_minified": true,
								"children": {
									"distribution": "uniform",
									"extent": [
										0,
										16
									]
								}
							},
							{
								"key": "z",
								"is_minified": true,
								"children": {
									"distribution": "uniform",
									"extent": [
										0,
										16
									]
								}
							},
							{
								"open": {
									"iterations": 3,
									"scatter_chance": 50,
									"x": {
										"distribution": "uniform",
										"extent": [
											0,
											16
										]
									},
									"z": {
										"distribution": "uniform",
										"extent": [
											0,
											16
										]
									},
									"y": {
										"distribution": "uniform",
										"extent": [
											25,
											26
										]
									}
								},
								"key": "y",
								"children": [
									{
										"data": "uniform",
										"key": "distribution"
									},
									{
										"open": {
											"distribution": "uniform",
											"extent": [
												25,
												26
											]
										},
										"key": "extent",
										"is_minified": true,
										"children": [
											25,
											26
										]
									}
								]
							}
						]
					}
				]
			}
		]
	}
}