{
	"file_path": "C:\\Users\\Freddy\\AppData\\Local\\Packages\\Microsoft.MinecraftUWP_8wekyb3d8bbwe\\LocalState\\games\\com.mojang\\development_behavior_packs\\Spry Conquest Overhaul\\feature_rules\\oasis_tall_grass_rule.json",
	"file_type": "feature_rule",
	"format_version": 1,
	"file_uuid": "225f52f9_919b_4fa8_a08b_4c59de517cd6",
	"file_version": 10,
	"cache_content": {
		"children": [
			{
				"data": "1.13.0",
				"key": "format_version"
			},
			{
				"open": {
					"format_version": "1.13.0",
					"minecraft:feature_rules": {
						"description": {
							"identifier": "sc:oasis_tall_grass_rule",
							"places_feature": "minecraft:scatter_tall_grass_feature"
						},
						"conditions": {
							"placement_pass": "surface_pass",
							"minecraft:biome_filter": [
								{
									"any_of": [
										{
											"test": "has_biome_tag",
											"operator": "==",
											"value": "oasis"
										}
									]
								}
							]
						},
						"distribution": {
							"iterations": 25,
							"scatter_chance": "variable.is_legacy ? 0.0 : 100.0",
							"x": {
								"distribution": "uniform",
								"extent": [
									0,
									16
								]
							},
							"y": {
								"distribution": "uniform",
								"extent": [
									0,
									"query.heightmap(variable.worldx, variable.worldz) * 2"
								]
							},
							"z": {
								"distribution": "uniform",
								"extent": [
									0,
									16
								]
							}
						}
					}
				},
				"key": "minecraft:feature_rules",
				"children": [
					{
						"open": {
							"description": {
								"identifier": "sc:oasis_tall_grass_rule",
								"places_feature": "minecraft:scatter_tall_grass_feature"
							},
							"conditions": {
								"placement_pass": "surface_pass",
								"minecraft:biome_filter": [
									{
										"any_of": [
											{
												"test": "has_biome_tag",
												"operator": "==",
												"value": "oasis"
											}
										]
									}
								]
							},
							"distribution": {
								"iterations": 25,
								"scatter_chance": "variable.is_legacy ? 0.0 : 100.0",
								"x": {
									"distribution": "uniform",
									"extent": [
										0,
										16
									]
								},
								"y": {
									"distribution": "uniform",
									"extent": [
										0,
										"query.heightmap(variable.worldx, variable.worldz) * 2"
									]
								},
								"z": {
									"distribution": "uniform",
									"extent": [
										0,
										16
									]
								}
							}
						},
						"key": "description",
						"is_minified": true,
						"children": {
							"identifier": "sc:oasis_tall_grass_rule",
							"places_feature": "minecraft:scatter_tall_grass_feature"
						}
					},
					{
						"open": {
							"description": {
								"identifier": "sc:oasis_tall_grass_rule",
								"places_feature": "minecraft:scatter_tall_grass_feature"
							},
							"conditions": {
								"placement_pass": "surface_pass",
								"minecraft:biome_filter": [
									{
										"any_of": [
											{
												"test": "has_biome_tag",
												"operator": "==",
												"value": "oasis"
											}
										]
									}
								]
							},
							"distribution": {
								"iterations": 25,
								"scatter_chance": "variable.is_legacy ? 0.0 : 100.0",
								"x": {
									"distribution": "uniform",
									"extent": [
										0,
										16
									]
								},
								"y": {
									"distribution": "uniform",
									"extent": [
										0,
										"query.heightmap(variable.worldx, variable.worldz) * 2"
									]
								},
								"z": {
									"distribution": "uniform",
									"extent": [
										0,
										16
									]
								}
							}
						},
						"key": "conditions",
						"children": [
							{
								"data": "surface_pass",
								"key": "placement_pass"
							},
							{
								"open": {
									"placement_pass": "surface_pass",
									"minecraft:biome_filter": [
										{
											"any_of": [
												{
													"test": "has_biome_tag",
													"operator": "==",
													"value": "oasis"
												}
											]
										}
									]
								},
								"key": "minecraft:biome_filter",
								"children": [
									{
										"open": [
											{
												"any_of": [
													{
														"test": "has_biome_tag",
														"operator": "==",
														"value": "oasis"
													}
												]
											}
										],
										"children": [
											{
												"open": {
													"any_of": [
														{
															"test": "has_biome_tag",
															"operator": "==",
															"value": "oasis"
														}
													]
												},
												"key": "any_of",
												"children": [
													{
														"open": [
															{
																"test": "has_biome_tag",
																"operator": "==",
																"value": "oasis"
															}
														],
														"is_minified": true,
														"children": {
															"test": "has_biome_tag",
															"operator": "==",
															"value": "oasis"
														}
													}
												]
											}
										]
									}
								]
							}
						]
					},
					{
						"open": {
							"description": {
								"identifier": "sc:oasis_tall_grass_rule",
								"places_feature": "minecraft:scatter_tall_grass_feature"
							},
							"conditions": {
								"placement_pass": "surface_pass",
								"minecraft:biome_filter": [
									{
										"any_of": [
											{
												"test": "has_biome_tag",
												"operator": "==",
												"value": "oasis"
											}
										]
									}
								]
							},
							"distribution": {
								"iterations": 25,
								"scatter_chance": "variable.is_legacy ? 0.0 : 100.0",
								"x": {
									"distribution": "uniform",
									"extent": [
										0,
										16
									]
								},
								"y": {
									"distribution": "uniform",
									"extent": [
										0,
										"query.heightmap(variable.worldx, variable.worldz) * 2"
									]
								},
								"z": {
									"distribution": "uniform",
									"extent": [
										0,
										16
									]
								}
							}
						},
						"key": "distribution",
						"children": [
							{
								"open": {
									"iterations": 25,
									"scatter_chance": "variable.is_legacy ? 0.0 : 100.0",
									"x": {
										"distribution": "uniform",
										"extent": [
											0,
											16
										]
									},
									"y": {
										"distribution": "uniform",
										"extent": [
											0,
											"query.heightmap(variable.worldx, variable.worldz) * 2"
										]
									},
									"z": {
										"distribution": "uniform",
										"extent": [
											0,
											16
										]
									}
								},
								"data": "25",
								"key": "iterations"
							},
							{
								"data": "variable.is_legacy ? 0.0 : 100.0",
								"key": "scatter_chance"
							},
							{
								"key": "x",
								"is_minified": true,
								"children": {
									"distribution": "uniform",
									"extent": [
										0,
										16
									]
								}
							},
							{
								"open": {
									"iterations": 25,
									"scatter_chance": "variable.is_legacy ? 0.0 : 100.0",
									"x": {
										"distribution": "uniform",
										"extent": [
											0,
											16
										]
									},
									"y": {
										"distribution": "uniform",
										"extent": [
											0,
											"query.heightmap(variable.worldx, variable.worldz) * 2"
										]
									},
									"z": {
										"distribution": "uniform",
										"extent": [
											0,
											16
										]
									}
								},
								"key": "y",
								"children": [
									{
										"data": "uniform",
										"key": "distribution"
									},
									{
										"open": {
											"distribution": "uniform",
											"extent": [
												0,
												"query.heightmap(variable.worldx, variable.worldz) * 2"
											]
										},
										"key": "extent",
										"is_minified": true,
										"children": [
											0,
											"query.heightmap(variable.worldx, variable.worldz) * 2"
										]
									}
								]
							},
							{
								"key": "z",
								"is_minified": true,
								"children": {
									"distribution": "uniform",
									"extent": [
										0,
										16
									]
								}
							}
						]
					}
				]
			}
		]
	}
}