{
	"file_path": "C:\\Users\\Freddy\\AppData\\Local\\Packages\\Microsoft.MinecraftUWP_8wekyb3d8bbwe\\LocalState\\games\\com.mojang\\development_behavior_packs\\Spry Conquest Overhaul\\feature_rules\\podzol_rule.json",
	"file_type": "feature_rule",
	"format_version": 1,
	"file_uuid": "97bc4cad_33d1_4ef5_938e_7afca23e48cf",
	"file_version": 11,
	"cache_content": {
		"children": [
			{
				"open": {
					"format_version": "1.13.0",
					"minecraft:feature_rules": {
						"description": {
							"identifier": "sc:podzol_rule",
							"places_feature": "sc:podzol_feature"
						},
						"conditions": {
							"placement_pass": "underground_pass",
							"minecraft:biome_filter": [
								{
									"any_of": [
										{
											"test": "has_biome_tag",
											"operator": "==",
											"value": "forest"
										},
										{
											"test": "has_biome_tag",
											"operator": "==",
											"value": "pines"
										}
									]
								}
							]
						},
						"distribution": {
							"iterations": 30,
							"coordinate_eval_order": "zyx",
							"x": {
								"distribution": "uniform",
								"extent": [
									0,
									16
								]
							},
							"y": {
								"distribution": "uniform",
								"extent": [
									0,
									100
								]
							},
							"z": {
								"distribution": "uniform",
								"extent": [
									0,
									16
								]
							},
							"scatter_chance": 50
						}
					}
				},
				"data": "1.13.0",
				"key": "format_version"
			},
			{
				"open": {
					"format_version": "1.13.0",
					"minecraft:feature_rules": {
						"description": {
							"identifier": "sc:podzol_rule",
							"places_feature": "sc:podzol_feature"
						},
						"conditions": {
							"placement_pass": "underground_pass",
							"minecraft:biome_filter": [
								{
									"any_of": [
										{
											"test": "has_biome_tag",
											"operator": "==",
											"value": "forest"
										},
										{
											"test": "has_biome_tag",
											"operator": "==",
											"value": "pines"
										}
									]
								}
							]
						},
						"distribution": {
							"iterations": 30,
							"coordinate_eval_order": "zyx",
							"x": {
								"distribution": "uniform",
								"extent": [
									0,
									16
								]
							},
							"y": {
								"distribution": "uniform",
								"extent": [
									0,
									100
								]
							},
							"z": {
								"distribution": "uniform",
								"extent": [
									0,
									16
								]
							},
							"scatter_chance": 50
						}
					}
				},
				"key": "minecraft:feature_rules",
				"children": [
					{
						"open": {
							"description": {
								"identifier": "sc:podzol_rule",
								"places_feature": "sc:podzol_feature"
							},
							"conditions": {
								"placement_pass": "underground_pass",
								"minecraft:biome_filter": [
									{
										"any_of": [
											{
												"test": "has_biome_tag",
												"operator": "==",
												"value": "forest"
											},
											{
												"test": "has_biome_tag",
												"operator": "==",
												"value": "pines"
											}
										]
									}
								]
							},
							"distribution": {
								"iterations": 30,
								"coordinate_eval_order": "zyx",
								"x": {
									"distribution": "uniform",
									"extent": [
										0,
										16
									]
								},
								"y": {
									"distribution": "uniform",
									"extent": [
										0,
										100
									]
								},
								"z": {
									"distribution": "uniform",
									"extent": [
										0,
										16
									]
								},
								"scatter_chance": 50
							}
						},
						"key": "description",
						"is_minified": true,
						"children": {
							"identifier": "sc:podzol_rule",
							"places_feature": "sc:podzol_feature"
						}
					},
					{
						"open": {
							"description": {
								"identifier": "sc:podzol_rule",
								"places_feature": "sc:podzol_feature"
							},
							"conditions": {
								"placement_pass": "underground_pass",
								"minecraft:biome_filter": [
									{
										"any_of": [
											{
												"test": "has_biome_tag",
												"operator": "==",
												"value": "forest"
											},
											{
												"test": "has_biome_tag",
												"operator": "==",
												"value": "pines"
											}
										]
									}
								]
							},
							"distribution": {
								"iterations": 30,
								"coordinate_eval_order": "zyx",
								"x": {
									"distribution": "uniform",
									"extent": [
										0,
										16
									]
								},
								"y": {
									"distribution": "uniform",
									"extent": [
										0,
										100
									]
								},
								"z": {
									"distribution": "uniform",
									"extent": [
										0,
										16
									]
								},
								"scatter_chance": 50
							}
						},
						"key": "conditions",
						"children": [
							{
								"data": "underground_pass",
								"key": "placement_pass"
							},
							{
								"open": {
									"placement_pass": "underground_pass",
									"minecraft:biome_filter": [
										{
											"any_of": [
												{
													"test": "has_biome_tag",
													"operator": "==",
													"value": "forest"
												},
												{
													"test": "has_biome_tag",
													"operator": "==",
													"value": "pines"
												}
											]
										}
									]
								},
								"key": "minecraft:biome_filter",
								"children": [
									{
										"open": [
											{
												"any_of": [
													{
														"test": "has_biome_tag",
														"operator": "==",
														"value": "forest"
													},
													{
														"test": "has_biome_tag",
														"operator": "==",
														"value": "pines"
													}
												]
											}
										],
										"children": [
											{
												"open": {
													"any_of": [
														{
															"test": "has_biome_tag",
															"operator": "==",
															"value": "forest"
														},
														{
															"test": "has_biome_tag",
															"operator": "==",
															"value": "pines"
														}
													]
												},
												"key": "any_of",
												"children": [
													{
														"open": [
															{
																"test": "has_biome_tag",
																"operator": "==",
																"value": "forest"
															},
															{
																"test": "has_biome_tag",
																"operator": "==",
																"value": "pines"
															}
														],
														"is_minified": true,
														"children": {
															"test": "has_biome_tag",
															"operator": "==",
															"value": "forest"
														}
													},
													{
														"open": [
															{
																"test": "has_biome_tag",
																"operator": "==",
																"value": "forest"
															},
															{
																"test": "has_biome_tag",
																"operator": "==",
																"value": "pines"
															}
														],
														"is_minified": true,
														"children": {
															"test": "has_biome_tag",
															"operator": "==",
															"value": "pines"
														}
													}
												]
											}
										]
									}
								]
							}
						]
					},
					{
						"open": {
							"description": {
								"identifier": "sc:podzol_rule",
								"places_feature": "sc:podzol_feature"
							},
							"conditions": {
								"placement_pass": "underground_pass",
								"minecraft:biome_filter": [
									{
										"any_of": [
											{
												"test": "has_biome_tag",
												"operator": "==",
												"value": "forest"
											},
											{
												"test": "has_biome_tag",
												"operator": "==",
												"value": "pines"
											}
										]
									}
								]
							},
							"distribution": {
								"iterations": 30,
								"coordinate_eval_order": "zyx",
								"x": {
									"distribution": "uniform",
									"extent": [
										0,
										16
									]
								},
								"y": {
									"distribution": "uniform",
									"extent": [
										0,
										100
									]
								},
								"z": {
									"distribution": "uniform",
									"extent": [
										0,
										16
									]
								},
								"scatter_chance": 50
							}
						},
						"key": "distribution",
						"is_minified": true,
						"children": {
							"iterations": 30,
							"coordinate_eval_order": "zyx",
							"x": {
								"distribution": "uniform",
								"extent": [
									0,
									16
								]
							},
							"y": {
								"distribution": "uniform",
								"extent": [
									0,
									100
								]
							},
							"z": {
								"distribution": "uniform",
								"extent": [
									0,
									16
								]
							},
							"scatter_chance": 50
						}
					}
				]
			}
		]
	}
}