{
	"file_path": "C:\\Users\\Freddy\\AppData\\Local\\Packages\\Microsoft.MinecraftUWP_8wekyb3d8bbwe\\LocalState\\games\\com.mojang\\development_behavior_packs\\Spry Conquest Overhaul\\feature_rules\\sand_rock_rule.json",
	"file_type": "feature_rule",
	"format_version": 1,
	"file_uuid": "1c0b9957_d511_47a3_a39e_63896b4600e0",
	"file_version": 43,
	"cache_content": {
		"children": [
			{
				"data": "1.16.0",
				"key": "format_version"
			},
			{
				"open": {
					"format_version": "1.16.0",
					"minecraft:feature_rules": {
						"description": {
							"identifier": "sc:sand_rock_rule",
							"places_feature": "sc:sand_rock_feature"
						},
						"conditions": {
							"placement_pass": "surface_pass",
							"minecraft:biome_filter": {
								"any_of": [
									{
										"test": "has_biome_tag",
										"operator": "==",
										"value": "desert"
									}
								]
							}
						},
						"distribution": {
							"iterations": 1,
							"x": 0,
							"y": "query.heightmap(variable.worldx, variable.worldz) - 1",
							"z": 0,
							"scatter_chance": 7
						}
					}
				},
				"key": "minecraft:feature_rules",
				"children": [
					{
						"open": {
							"description": {
								"identifier": "sc:sand_rock_rule",
								"places_feature": "sc:sand_rock_feature"
							},
							"conditions": {
								"placement_pass": "surface_pass",
								"minecraft:biome_filter": {
									"any_of": [
										{
											"test": "has_biome_tag",
											"operator": "==",
											"value": "desert"
										}
									]
								}
							},
							"distribution": {
								"iterations": 1,
								"x": 0,
								"y": "query.heightmap(variable.worldx, variable.worldz) - 1",
								"z": 0,
								"scatter_chance": 7
							}
						},
						"key": "description",
						"is_minified": true,
						"children": {
							"identifier": "sc:sand_rock_rule",
							"places_feature": "sc:sand_rock_feature"
						}
					},
					{
						"open": {
							"description": {
								"identifier": "sc:sand_rock_rule",
								"places_feature": "sc:sand_rock_feature"
							},
							"conditions": {
								"placement_pass": "surface_pass",
								"minecraft:biome_filter": {
									"any_of": [
										{
											"test": "has_biome_tag",
											"operator": "==",
											"value": "desert"
										}
									]
								}
							},
							"distribution": {
								"iterations": 1,
								"x": 0,
								"y": "query.heightmap(variable.worldx, variable.worldz) - 1",
								"z": 0,
								"scatter_chance": 7
							}
						},
						"key": "conditions",
						"children": [
							{
								"data": "surface_pass",
								"key": "placement_pass"
							},
							{
								"open": {
									"placement_pass": "surface_pass",
									"minecraft:biome_filter": {
										"any_of": [
											{
												"test": "has_biome_tag",
												"operator": "==",
												"value": "desert"
											}
										]
									}
								},
								"key": "minecraft:biome_filter",
								"children": [
									{
										"open": {
											"any_of": [
												{
													"test": "has_biome_tag",
													"operator": "==",
													"value": "desert"
												}
											]
										},
										"key": "any_of",
										"children": [
											{
												"open": [
													{
														"test": "has_biome_tag",
														"operator": "==",
														"value": "desert"
													}
												],
												"is_minified": true,
												"children": {
													"test": "has_biome_tag",
													"operator": "==",
													"value": "desert"
												}
											}
										]
									}
								]
							}
						]
					},
					{
						"open": {
							"description": {
								"identifier": "sc:sand_rock_rule",
								"places_feature": "sc:sand_rock_feature"
							},
							"conditions": {
								"placement_pass": "surface_pass",
								"minecraft:biome_filter": {
									"any_of": [
										{
											"test": "has_biome_tag",
											"operator": "==",
											"value": "desert"
										}
									]
								}
							},
							"distribution": {
								"iterations": 1,
								"x": 0,
								"y": "query.heightmap(variable.worldx, variable.worldz) - 1",
								"z": 0,
								"scatter_chance": 7
							}
						},
						"key": "distribution",
						"is_minified": true,
						"children": {
							"iterations": 1,
							"x": 0,
							"y": "query.heightmap(variable.worldx, variable.worldz) - 1",
							"z": 0,
							"scatter_chance": 7
						}
					}
				]
			}
		]
	}
}