{
	"file_path": "C:\\Users\\Freddy\\AppData\\Local\\Packages\\Microsoft.MinecraftUWP_8wekyb3d8bbwe\\LocalState\\games\\com.mojang\\development_behavior_packs\\Spry Conquest Overhaul\\feature_rules\\sandstone_rule.json",
	"file_type": "feature_rule",
	"format_version": 1,
	"file_uuid": "fdd45571_0cb4_4b74_91c2_6025afc011b6",
	"file_version": 26,
	"cache_content": {
		"children": [
			{
				"open": {
					"format_version": "1.13.0",
					"minecraft:feature_rules": {
						"description": {
							"identifier": "sc:sandstone_rule",
							"places_feature": "sc:sandstone_scatter"
						},
						"conditions": {
							"placement_pass": "underground_pass",
							"minecraft:biome_filter": [
								{
									"any_of": [
										{
											"test": "has_biome_tag",
											"operator": "==",
											"value": "desert"
										}
									]
								}
							]
						},
						"distribution": {
							"iterations": 50,
							"coordinate_eval_order": "zyx",
							"x": {
								"distribution": "uniform",
								"extent": [
									-8,
									8
								]
							},
							"y": {
								"distribution": "uniform",
								"extent": [
									0,
									200
								]
							},
							"z": {
								"distribution": "uniform",
								"extent": [
									-8,
									8
								]
							},
							"scatter_chance": 85
						}
					}
				},
				"data": "1.13.0",
				"key": "format_version"
			},
			{
				"open": {
					"format_version": "1.13.0",
					"minecraft:feature_rules": {
						"description": {
							"identifier": "sc:sandstone_rule",
							"places_feature": "sc:sandstone_scatter"
						},
						"conditions": {
							"placement_pass": "underground_pass",
							"minecraft:biome_filter": [
								{
									"any_of": [
										{
											"test": "has_biome_tag",
											"operator": "==",
											"value": "desert"
										}
									]
								}
							]
						},
						"distribution": {
							"iterations": 50,
							"coordinate_eval_order": "zyx",
							"x": {
								"distribution": "uniform",
								"extent": [
									-8,
									8
								]
							},
							"y": {
								"distribution": "uniform",
								"extent": [
									0,
									200
								]
							},
							"z": {
								"distribution": "uniform",
								"extent": [
									-8,
									8
								]
							},
							"scatter_chance": 85
						}
					}
				},
				"key": "minecraft:feature_rules",
				"children": [
					{
						"open": {
							"description": {
								"identifier": "sc:sandstone_rule",
								"places_feature": "sc:sandstone_scatter"
							},
							"conditions": {
								"placement_pass": "underground_pass",
								"minecraft:biome_filter": [
									{
										"any_of": [
											{
												"test": "has_biome_tag",
												"operator": "==",
												"value": "desert"
											}
										]
									}
								]
							},
							"distribution": {
								"iterations": 50,
								"coordinate_eval_order": "zyx",
								"x": {
									"distribution": "uniform",
									"extent": [
										-8,
										8
									]
								},
								"y": {
									"distribution": "uniform",
									"extent": [
										0,
										200
									]
								},
								"z": {
									"distribution": "uniform",
									"extent": [
										-8,
										8
									]
								},
								"scatter_chance": 85
							}
						},
						"key": "description",
						"is_minified": true,
						"children": {
							"identifier": "sc:sandstone_rule",
							"places_feature": "sc:sandstone_scatter"
						}
					},
					{
						"open": {
							"description": {
								"identifier": "sc:sandstone_rule",
								"places_feature": "sc:sandstone_scatter"
							},
							"conditions": {
								"placement_pass": "underground_pass",
								"minecraft:biome_filter": [
									{
										"any_of": [
											{
												"test": "has_biome_tag",
												"operator": "==",
												"value": "desert"
											}
										]
									}
								]
							},
							"distribution": {
								"iterations": 50,
								"coordinate_eval_order": "zyx",
								"x": {
									"distribution": "uniform",
									"extent": [
										-8,
										8
									]
								},
								"y": {
									"distribution": "uniform",
									"extent": [
										0,
										200
									]
								},
								"z": {
									"distribution": "uniform",
									"extent": [
										-8,
										8
									]
								},
								"scatter_chance": 85
							}
						},
						"key": "conditions",
						"children": [
							{
								"data": "underground_pass",
								"key": "placement_pass"
							},
							{
								"open": {
									"placement_pass": "underground_pass",
									"minecraft:biome_filter": [
										{
											"any_of": [
												{
													"test": "has_biome_tag",
													"operator": "==",
													"value": "desert"
												}
											]
										}
									]
								},
								"key": "minecraft:biome_filter",
								"children": [
									{
										"open": [
											{
												"any_of": [
													{
														"test": "has_biome_tag",
														"operator": "==",
														"value": "desert"
													}
												]
											}
										],
										"children": [
											{
												"open": {
													"any_of": [
														{
															"test": "has_biome_tag",
															"operator": "==",
															"value": "desert"
														}
													]
												},
												"key": "any_of",
												"children": [
													{
														"open": [
															{
																"test": "has_biome_tag",
																"operator": "==",
																"value": "desert"
															}
														],
														"is_minified": true,
														"children": {
															"test": "has_biome_tag",
															"operator": "==",
															"value": "desert"
														}
													}
												]
											}
										]
									}
								]
							}
						]
					},
					{
						"open": {
							"description": {
								"identifier": "sc:sandstone_rule",
								"places_feature": "sc:sandstone_scatter"
							},
							"conditions": {
								"placement_pass": "underground_pass",
								"minecraft:biome_filter": [
									{
										"any_of": [
											{
												"test": "has_biome_tag",
												"operator": "==",
												"value": "desert"
											}
										]
									}
								]
							},
							"distribution": {
								"iterations": 50,
								"coordinate_eval_order": "zyx",
								"x": {
									"distribution": "uniform",
									"extent": [
										-8,
										8
									]
								},
								"y": {
									"distribution": "uniform",
									"extent": [
										0,
										200
									]
								},
								"z": {
									"distribution": "uniform",
									"extent": [
										-8,
										8
									]
								},
								"scatter_chance": 85
							}
						},
						"key": "distribution",
						"children": [
							{
								"open": {
									"iterations": 50,
									"coordinate_eval_order": "zyx",
									"x": {
										"distribution": "uniform",
										"extent": [
											-8,
											8
										]
									},
									"y": {
										"distribution": "uniform",
										"extent": [
											0,
											200
										]
									},
									"z": {
										"distribution": "uniform",
										"extent": [
											-8,
											8
										]
									},
									"scatter_chance": 85
								},
								"data": "50",
								"key": "iterations"
							},
							{
								"open": {
									"iterations": 50,
									"coordinate_eval_order": "zyx",
									"x": {
										"distribution": "uniform",
										"extent": [
											-8,
											8
										]
									},
									"y": {
										"distribution": "uniform",
										"extent": [
											0,
											200
										]
									},
									"z": {
										"distribution": "uniform",
										"extent": [
											-8,
											8
										]
									},
									"scatter_chance": 85
								},
								"data": "zyx",
								"key": "coordinate_eval_order"
							},
							{
								"open": {
									"iterations": 50,
									"coordinate_eval_order": "zyx",
									"x": {
										"distribution": "uniform",
										"extent": [
											-8,
											8
										]
									},
									"y": {
										"distribution": "uniform",
										"extent": [
											0,
											200
										]
									},
									"z": {
										"distribution": "uniform",
										"extent": [
											-8,
											8
										]
									},
									"scatter_chance": 85
								},
								"key": "x",
								"children": [
									{
										"data": "uniform",
										"key": "distribution"
									},
									{
										"open": {
											"distribution": "uniform",
											"extent": [
												-8,
												8
											]
										},
										"key": "extent",
										"is_minified": true,
										"children": [
											-8,
											8
										]
									}
								]
							},
							{
								"open": {
									"iterations": 50,
									"coordinate_eval_order": "zyx",
									"x": {
										"distribution": "uniform",
										"extent": [
											-8,
											8
										]
									},
									"y": {
										"distribution": "uniform",
										"extent": [
											0,
											200
										]
									},
									"z": {
										"distribution": "uniform",
										"extent": [
											-8,
											8
										]
									},
									"scatter_chance": 85
								},
								"key": "y",
								"children": [
									{
										"data": "uniform",
										"key": "distribution"
									},
									{
										"open": {
											"distribution": "uniform",
											"extent": [
												0,
												200
											]
										},
										"key": "extent",
										"is_minified": true,
										"children": [
											0,
											200
										]
									}
								]
							},
							{
								"key": "z",
								"children": [
									{
										"data": "uniform",
										"key": "distribution"
									},
									{
										"open": {
											"distribution": "uniform",
											"extent": [
												-8,
												8
											]
										},
										"key": "extent",
										"is_minified": true,
										"children": [
											-8,
											8
										]
									}
								]
							},
							{
								"open": {
									"iterations": 50,
									"coordinate_eval_order": "zyx",
									"x": {
										"distribution": "uniform",
										"extent": [
											-8,
											8
										]
									},
									"y": {
										"distribution": "uniform",
										"extent": [
											0,
											200
										]
									},
									"z": {
										"distribution": "uniform",
										"extent": [
											-8,
											8
										]
									},
									"scatter_chance": 85
								},
								"data": "85",
								"key": "scatter_chance"
							}
						]
					}
				]
			}
		]
	}
}