{
	"format_version": "1.10.0",
	"animation_controllers": {
		"controller.animation.svd_shoot_mechanic": {
			"initial_state": "default",
			"states": {
				"default": {
					"transitions": [
						{ "shoot": "q.get_equipped_item_name(0) == 'svd' && q.is_using_item && q.is_alive" }
					]
				},
				"shoot": {
					"animations": [
						"svd_shooting"
					],
					"transitions": [
						{ "default": "q.all_animations_finished || q.get_equipped_item_name(0) != 'svd'" }
					]
				}
			}
		},
		"controller.animation.svd_scope": {
			"initial_state": "default",
			"states": {
                "default": {
                    "transitions": [
						{
                            "svd_holding": "q.is_item_name_any('slot.weapon.mainhand', 'js:svd')"
                        }
                    ]
                },
				"svd_holding": {
					"transitions": [
						{ "scope": "(q.is_item_name_any('slot.weapon.mainhand', 'js:svd')) && q.is_sneaking && q.is_alive && !q.is_powered" },
						{ "default": "!q.is_item_name_any('slot.weapon.mainhand', 'js:svd')" }
					]
				},
				"scope": {
					"on_entry": [
						"/playsound gun.svd.scope_in @a[r=12]",
						"v.delay = q.life_time;"
					],
					"transitions": [
						{ "scope_overlay": "(q.life_time - v.delay) >= 0.1 && q.is_alive" }
					]
				},
				"scope_overlay": {
					"on_entry": [
						"/title @s actionbar scope",
						"/effect @s slowness 100000 5 true",
						"/tag @s add scoped"
					],
					"on_exit": [
						"/title @s actionbar reset",
						"/effect @s slowness 0",
						"/tag @s remove scoped",
						"/playsound gun.svd.scope_out @a[r=12]"
					],
					"transitions": [
						{ "svd_holding": "(!q.is_item_name_any('slot.weapon.mainhand', 'js:svd')) || !q.is_sneaking || q.is_powered" }
					]
				}
			}
		},
		"controller.animation.svd_ammo_display": {
			"initial_state": "default",
			"states": {
				"default": {
					"transitions": [
						{ "svd_ammo_display": "q.get_equipped_item_name(0) == 'svd' && !q.is_sneaking" },
						{ "out": "q.get_equipped_item_name(0) == 'svd_empty'" }
					]
				},
				"svd_ammo_display": {
					"on_entry": [
						"/function bullets/svd"
					],
					"transitions": [
						{ "default": "1.0 || q.is_sneaking" }
					]
				},
				"out": {
					"on_entry": [
						"/titleraw @s[scores={svd=..0}] actionbar {\"rawtext\":[{\"translate\":\"game.weapon.out_of_ammo\"}]}"
					],
					"transitions": [
						{ "default": "q.get_equipped_item_name(0) != 'svd_empty'" }
					]
				}
			}
		},
		"controller.animation.svd.reload": {
			"initial_state": "default",
			"states": {
				"default": {
					"transitions": [
						{ "check": "q.get_equipped_item_name(0) == 'svd_empty' && q.is_using_item" }
					]
				},
				"check": {
					"on_entry": [
						"/scoreboard players set @s[tag=\"has_svd_ammo\"] svdrel 1",
						"/scoreboard players set @s[tag=!\"has_svd_ammo\"] svdrel 0"
					],
					"transitions": [
						{ "default": "q.scoreboard('svdrel') == 0" },
						{ "reload": "q.scoreboard('svdrel') == 1" }
					]
				},
				"reload": {
					"on_entry": [
						"/event entity @s js:reloading",
						"/playsound gun.svd.reload @a[r=15]",
						"v.delay = q.life_time;"
					],
					"transitions": [
						{ "cancel": "q.get_equipped_item_name(0) != 'svd_empty'" },
						{ "success": "(q.life_time - v.delay) >= 3 && q.get_equipped_item_name(0) == 'svd_empty'" }
					]
				},
				"success": {
					"on_entry": [
						"/function reload/svd"
					],
					"transitions": [
						{ "default": "1.0" }
					]
				},
				"cancel": {
					"on_entry": [
						"/stopsound @a[r=15] gun.svd.reload",
						"/event entity @s js:reload_done"
					],
					"transitions": [
						{ "default": "1.0" }
					]
				}
			}
		},
		"controller.animation.svd.no_mag": {
			"initial_state": "default",
			"states": {
				"default": {
					"transitions": [
						{ "check": "q.get_equipped_item_name(0) == 'svd_empty' && q.is_using_item && q.scoreboard('svdrel') == 0" }
					]
				},
				"check": {
					"transitions": [
						{ "default": "q.get_equipped_item_name(0) != 'svd_empty' || !q.is_using_item" }
					],
					"on_entry": [
						"/titleraw @s[tag=!\"has svd_ammo\"] actionbar {\"rawtext\":[{\"translate\":\"game.weapon.no_mag\"}]}",
						"/playsound block.false_permissions @s[tag=!\"has svd_ammo\"]"
					]
				}
			}
		},
		"controller.animation.bullet.svd_damage": {
			"initial_state": "default",
			"states": {
				"default": {
					"transitions": [
						{ "damage": "q.variant == 1" },
						{ "damage_scoped": "q.variant == 0" }
					]
				},
				"damage_scoped": {
					"on_entry": [
						"/tag @s add svd_bullet"
					]
				},
				"damage": {
					"on_entry": [
						"/tag @s add svd_bullet"
					]
				}
			}
		}
	}
}