{
	"format_version": "1.10.0",
	"animation_controllers": {
		/*
		"controller.animation.plasma_blast_ui": {
			"initial_state": "default",
			"states": {
				"default": {
					"transitions": [
						{ "plasma_blast_ui": "(q.get_equipped_item_name(0) == 'sh_plasma_cannon' || q.get_equipped_item_name(0) == 'sh_plasma_cannon_empty') && q.is_alive" }
					]
				},
				"plasma_blast_ui": {
					"on_entry": [
						"/title @s actionbar plasma_blast_ui"
					],
					"on_exit": [
						"/title @s actionbar reset"
					],
					"transitions": [
						{ "default": "(q.get_equipped_item_name(0) != 'sh_plasma_cannon' && q.get_equipped_item_name(0) != 'sh_plasma_cannon_empty')" }
					]
				}
			}
		},
		*/
		"controller.animation.sh_plasma_cannon_shoot_mechanic": {
			"initial_state": "default",
			"states": {
				"default": {
					"transitions": [
						{ "shoot": "q.get_equipped_item_name(0) == 'sh_plasma_cannon' && q.is_using_item && q.is_alive" }
					]
				},
				"shoot": {
					"on_entry": [
						"/playsound gun.sh_plasma_cannon.shoot @a[r=6]",
						"/playanimation @s[scores={shpc=1..}] animation.sh_plasma_cannon.first_person.shooting js 0 \"query.get_equipped_item_name(0)!='sh_plasma_cannon' && query.get_equipped_item_name(0)!='sh_plasma_cannon_empty'\"",
						"@s js:sh_plasma_cannon_shoot",
						"/function shooting/sh_plasma_cannon"
					],
					"transitions": [
						{ "shooting": "1.0" }
					]
				},
				"shooting": {
					"transitions": [
						{ "default": "q.get_equipped_item_name(0) != 'sh_plasma_cannon' || q.is_using_item == 0" },
						{ "shoot": "q.is_alive" }
					]
				}
			}
		},
		"controller.animation.sh_plasma_cannon_blast": {
			"initial_state": "default",
			"states": {
				"default": {
					"transitions": [
						{ "can": "q.get_equipped_item_name(0) == 'sh_plasma_cannon' && q.scoreboard('plasma_blast') >= 75" }
					]
				},
				"can": {
					"on_entry": [
						"/playanimation @s animation.plasma_cannon_charged1 JS 0 \"q.is_alive\" plasma_blast",
						"/playanimation @s animation.sh_plasma_cannon.first_person.plasma_blast_ready JS 0 \"query.get_equipped_item_name(0)!='sh_plasma_cannon' && query.get_equipped_item_name(0)!='sh_plasma_cannon_empty'\"",
						"/playsound gun.plasma_blast_ready @a[r=7]"
					],
					"transitions": [
						{ "sh_plasma_cannon_blast": "q.get_equipped_item_name(0) == 'sh_plasma_cannon' && q.scoreboard('plasma_blast') >= 75 && v.attack_time > 0" }
					]
				},
				"sh_plasma_cannon_blast": {
					"on_entry": [
						"/summon js:plasma_blast ^^^1",
						"/playsound gun.plasma_blast @a[r=16]",
						"/scoreboard players set @s plasma_blast 0",
						"/playanimation @s animation.plasma_cannon_charged0 JS 0 \"q.is_alive\" plasma_blast",
						"/playanimation @s animation.sh_plasma_cannon.first_person.plasma_blast js 0 \"query.get_equipped_item_name(0)!='sh_plasma_cannon' && query.get_equipped_item_name(0)!='sh_plasma_cannon_empty'\""
						
					],
					"transitions": [
						{ "default": "1.0" }
					]
				}
			}
		},
		"controller.animation.sh_plasma_cannon_ammo_display": {
			"initial_state": "default",
			"states": {
				"default": {
					"transitions": [
						{ "sh_plasma_cannon_ammo_display": "q.get_equipped_item_name(0) == 'sh_plasma_cannon'" },
						{ "out": "q.get_equipped_item_name(0) == 'sh_plasma_cannon_empty'" }
					]
				},
				"sh_plasma_cannon_ammo_display": {
					"on_entry": [
						"/function bullets/sh_plasma_cannon"
					],
					"transitions": [
						{ "default": "1.0" }
					]
				},
				"out": {
					"on_entry": [
						"/titleraw @s[scores={sh_plasma_cannon=..0}] actionbar {\"rawtext\":[{\"translate\":\"game.weapon.out_of_ammo\"}]}"
					],
					"transitions": [
						{ "default": "q.get_equipped_item_name(0) != 'sh_plasma_cannon_empty'" }
					]
				}
			}
		},
		"controller.animation.sh_plasma_cannon.reload": {
			"initial_state": "default",
			"states": {
				"default": {
					"transitions": [
						{ "check": "q.get_equipped_item_name(0) == 'sh_plasma_cannon_empty' && q.is_using_item" }
					]
				},
				"check": {
					"on_entry": [
						"/scoreboard players set @s[tag=\"has_sh_plasma_cannon_ammo\"] shpcrel 1",
						"/scoreboard players set @s[tag=!\"has_sh_plasma_cannon_ammo\"] shpcrel 0"
					],
					"transitions": [
						{ "default": "q.scoreboard('shpcrel') == 0" },
						{ "reload": "q.scoreboard('shpcrel') == 1" }
					]
				},
				"reload": {
					"on_entry": [
						"/event entity @s js:reloading",
						"/playsound gun.sh_plasma_cannon.reload @a[r=15]",
						"v.delay = q.life_time;"
					],
					"transitions": [
						{ "cancel": "q.get_equipped_item_name(0) != 'sh_plasma_cannon_empty'" },
						{ "success": "(q.life_time - v.delay) >= 2.75 && q.get_equipped_item_name(0) == 'sh_plasma_cannon_empty'" }
					]
				},
				"success": {
					"on_entry": [
						"/function reload/sh_plasma_cannon"
					],
					"transitions": [
						{ "default": "1.0" }
					]
				},
				"cancel": {
					"on_entry": [
						"/stopsound @a[r=15] gun.sh_plasma_cannon.reload",
						"/event entity @s js:reload_done"
					],
					"transitions": [
						{ "default": "1.0" }
					]
				}
			}
		},
		"controller.animation.sh_plasma_cannon.no_mag": {
			"initial_state": "default",
			"states": {
				"default": {
					"transitions": [
						{ "check": "q.get_equipped_item_name(0) == 'sh_plasma_cannon_empty' && q.is_using_item && q.scoreboard('shpcrel') == 0" }
					]
				},
				"check": {
					"transitions": [
						{ "default": "q.get_equipped_item_name(0) != 'sh_plasma_cannon_empty' || !q.is_using_item" }
					],
					"on_entry": [
						"/titleraw @s[tag=!\"has sh_plasma_cannon_ammo\"] actionbar {\"rawtext\":[{\"translate\":\"game.weapon.no_mag\"}]}",
						"/playsound block.false_permissions @s[tag=!\"has sh_plasma_cannon_ammo\"]"
					]
				}
			}
		},
		"controller.animation.bullet.sh_plasma_cannon_damage": {
			"initial_state": "default",
			"states": {
				"default": {
					"transitions": [
						{ "damage": "q.variant == 1" },
						{ "damage_scoped": "q.variant == 0" }
					]
				},
				"damage_scoped": {
					"on_entry": [
						"/tag @s add sh_plasma_cannon_bullet"
					]
				},
				"damage": {
					"on_entry": [
						"/tag @s add sh_plasma_cannon_bullet"
					]
				}
			}
		}
	}
}