{
	"format_version": "1.10.0",
	"animation_controllers": {
		"controller.animation.chainsaw_draw": {
			"initial_state": "default",
			"states": {
				"default": {
					"on_entry": [
						"/stopsound @a[r=8] gun.chainsaw.draw",
						"/stopsound @a[r=8] gun.chainsaw.loop"
					],
					"transitions": [
						{ "draw_out": "(q.get_equipped_item_name(0) == 'chainsaw') && q.is_alive" },
						{ "draw_out2": "(q.get_equipped_item_name(0) == 'chainsaw_empty') && q.is_alive" }
					]
				},
				"draw_out": {
					"transitions": [
						{ "default": "q.get_equipped_item_name(0) != 'chainsaw'" },
						{ "out_of_range": "q.get_equipped_item_name(0) == 'chainsaw' && v.attack_time > 0 && (q.count(q.get_nearby_entities_except_self(5, 'minecraft:zombie')) == 0) && !q.is_saddled" }
					]
				},
				"out_of_range": {
					"on_entry": [
						"v.delay = q.life_time;",
						"/function shooting/chainsaw_out_of_range"
					],
					"transitions": [
						{ "draw_out": "(q.life_time - v.delay) >= 0.88" },
						{ "default": "q.get_equipped_item_name(0) != 'chainsaw'" }
					]
				},
				"draw_out2": {
					"transitions": [
						{ "default": "q.get_equipped_item_name(0) != 'chainsaw_empty'" },
						{ "out_of_range2": "q.get_equipped_item_name(0) == 'chainsaw_empty' && v.attack_time > 0 && (q.count(q.get_nearby_entities_except_self(5, 'minecraft:zombie')) == 0) && !q.is_saddled" }
					]
				},
				"out_of_range2": {
					"on_entry": [
						"v.delay = q.life_time;",
						"/function shooting/chainsaw_out_of_range"
					],
					"transitions": [
						{ "draw_out": "(q.life_time - v.delay) >= 0.88" },
						{ "default": "q.get_equipped_item_name(0) != 'chainsaw_empty'" }
					]
				}
			}
		},
		"controller.animation.chainsaw.reload": {
			"initial_state": "default",
			"states": {
				"default": {
					"transitions": [
						{ "no_ammo": "q.scoreboard('chainsaw') == 0 && (q.get_equipped_item_name(0) == 'chainsaw' || q.get_equipped_item_name(0) == 'chainsaw_empty')" },
						{ "no_ammo_2": "q.scoreboard('chainsaw') == -1 && (q.get_equipped_item_name(0) == 'chainsaw' || q.get_equipped_item_name(0) == 'chainsaw_empty')" },
						{ "ammo": "q.scoreboard('chainsaw') == 1 && q.get_equipped_item_name(0) == 'chainsaw_empty'" }
					]
				},
				"no_ammo": {
					"on_entry": [
						"/replaceitem entity @s slot.weapon.mainhand 0  js:chainsaw_empty 1 0 {\"minecraft:item_lock\":{\"mode\":\"lock_in_inventory\"}}",
						"/scoreboard players set @s chainsaw 0",
						"/playsound gun.dry @a[r=10]",
						"/title @s title chainsaw_cooldown",
						"v.cooldown = q.life_time;"
					],
					"on_exit": [
						"/playsound gun.chainsaw.refuelled @s",
						"/scoreboard players set @s chainsaw 1"
					],
					"transitions": [
						{ "default": "((q.life_time - v.cooldown) >= 60) || (q.scoreboard('chainsaw') == 1)" }
					]
				},
				"no_ammo_2": {
					"on_entry": [
						"/replaceitem entity @s slot.weapon.mainhand 0  js:chainsaw_empty 1 0 {\"minecraft:item_lock\":{\"mode\":\"lock_in_inventory\"}}",
						"/scoreboard players set @s chainsaw 0",
						"/playsound gun.dry @a[r=10]",
						"/title @s title chainsaw_cooldown2",
						"v.cooldown = q.life_time;"
					],
					"on_exit": [
						"/playsound gun.chainsaw.refuelled @s",
						"/scoreboard players set @s chainsaw 1"
					],
					"transitions": [
						{ "default": "((q.life_time - v.cooldown) >= 90) || (q.scoreboard('chainsaw') == 1)" }
					]
				},
				"ammo": {
					"on_entry": [
						"/replaceitem entity @s slot.weapon.mainhand 0  js:chainsaw 1 0 {\"minecraft:item_lock\":{\"mode\":\"lock_in_inventory\"}}",
						"/scoreboard players set @s chainsaw 1",
						"/playsound gun.dry @a[r=10]"
					],
					"transitions": [
						{ "default": "1.0" }
					]
				}
			}
		},
		"controller.animation.chainsaw.no_mag": {
			"initial_state": "default",
			"states": {
				"default": {
					"transitions": [
						{ "check": "q.get_equipped_item_name(0) == 'chainsaw_empty' && q.is_using_item && q.scoreboard('chainsawrel') == 0" }
					]
				},
				"check": {
					"transitions": [
						{ "default": "q.get_equipped_item_name(0) != 'chainsaw_empty' || !q.is_using_item" }
					],
					"on_entry": [
						"/titleraw @s[tag=!\"has chainsaw_ammo\"] actionbar {\"rawtext\":[{\"translate\":\"game.weapon.no_mag\"}]}",
						"/playsound block.false_permissions @s[tag=!\"has chainsaw_ammo\"]"
					]
				}
			}
		},
		"controller.animation.chainsaw.chainsaw_killing_done_fixer": {
			"initial_state": "default",
			"states": {
				"default": {
					"transitions": [
						{ "check": "q.is_saddled && q.mark_variant >= 0" }
					]
				},
				"check": {
					"transitions": [
						{ "default": "(q.life_time - v.cooldown) >= 68" }
					],
					"on_entry": [
						"v.cooldown = q.life_time;"
					],
					"on_exit": [
						"@s js:chainsaw_killing_done_fixer"
					]
				}
			}
		},
		"controller.animation.bullet.chainsaw_damage": {
			"initial_state": "default",
			"states": {
				"default": {
					"transitions": [
						{ "damage": "q.variant == 1" },
						{ "damage_scoped": "q.variant == 0" }
					]
				},
				"damage_scoped": {
					"on_entry": [
						"/tag @s add chainsaw_bullet"
					]
				},
				"damage": {
					"on_entry": [
						"/tag @s add chainsaw_bullet"
					]
				}
			}
		}
	}
}