{
	"format_version": "1.10.0",
	"animation_controllers": {
		"controller.animation.hk417_shoot_mechanic": {
			"initial_state": "default",
			"states": {
				"default": {
					"transitions": [
						{ "shoot": "q.get_equipped_item_name(0) == 'hk417' && q.is_using_item && q.is_alive" }
					]
				},
				"shoot": {
					"animations": [
						"hk417_shooting"
					],
					"transitions": [
						{ "default": "q.all_animations_finished || q.get_equipped_item_name(0) != 'hk417'" }
					]
				}
			}
		},
		"controller.animation.hk417_ammo_display": {
			"initial_state": "default",
			"states": {
				"default": {
					"transitions": [
						{ "hk417_ammo_display": "q.get_equipped_item_name(0) == 'hk417'" },
						{ "out": "q.get_equipped_item_name(0) == 'hk417_empty'" }
					]
				},
				"hk417_ammo_display": {
					"on_entry": [
						"/function bullets/hk417"
					],
					"transitions": [
						{ "default": "1.0" }
					]
				},
				"out": {
					"on_entry": [
						"/titleraw @s[scores={hk417=..0}] actionbar {\"rawtext\":[{\"translate\":\"game.weapon.out_of_ammo\"}]}"
					],
					"transitions": [
						{ "default": "q.get_equipped_item_name(0) != 'hk417_empty'" }
					]
				}
			}
		},
		"controller.animation.hk417.reload": {
			"initial_state": "default",
			"states": {
				"default": {
					"transitions": [
						{ "check": "q.get_equipped_item_name(0) == 'hk417_empty' && q.is_using_item" }
					]
				},
				"check": {
					"on_entry": [
						"/scoreboard players set @s[tag=\"has_hk417_ammo\"] hk417rel 1",
						"/scoreboard players set @s[tag=!\"has_hk417_ammo\"] hk417rel 0"
					],
					"transitions": [
						{ "default": "q.scoreboard('hk417rel') == 0" },
						{ "reload": "q.scoreboard('hk417rel') == 1" }
					]
				},
				"reload": {
					"on_entry": [
						"/event entity @s js:reloading",
						"/playsound gun.hk417.reload @a[r=15]",
						"v.delay = q.life_time;"
					],
					"transitions": [
						{ "cancel": "q.get_equipped_item_name(0) != 'hk417_empty'" },
						{ "success": "(q.life_time - v.delay) >= 3.4 && q.get_equipped_item_name(0) == 'hk417_empty'" }
					]
				},
				"success": {
					"on_entry": [
						"/function reload/hk417"
					],
					"transitions": [
						{ "default": "1.0" }
					]
				},
				"cancel": {
					"on_entry": [
						"/stopsound @a[r=15] gun.hk417.reload",
						"/event entity @s js:reload_done"
					],
					"transitions": [
						{ "default": "1.0" }
					]
				}
			}
		},
		"controller.animation.hk417.no_mag": {
			"initial_state": "default",
			"states": {
				"default": {
					"transitions": [
						{ "check": "q.get_equipped_item_name(0) == 'hk417_empty' && q.is_using_item && q.scoreboard('hk417rel') == 0" }
					]
				},
				"check": {
					"transitions": [
						{ "default": "q.get_equipped_item_name(0) != 'hk417_empty' || !q.is_using_item" }
					],
					"on_entry": [
						"/titleraw @s[tag=!\"has hk417_ammo\"] actionbar {\"rawtext\":[{\"translate\":\"game.weapon.no_mag\"}]}",
						"/playsound block.false_permissions @s[tag=!\"has hk417_ammo\"]"
					]
				}
			}
		},
		"controller.animation.bullet.hk417_damage": {
			"initial_state": "default",
			"states": {
				"default": {
					"transitions": [
						{ "damage": "q.variant == 1" },
						{ "damage_scoped": "q.variant == 0" }
					]
				},
				"damage_scoped": {
					"on_entry": [
						"/tag @s add hk417_bullet"
					]
				},
				"damage": {
					"on_entry": [
						"/tag @s add hk417_bullet"
					]
				}
			}
		}
	}
}