{
  "format_version": "1.10.0",
  "minecraft:client_entity": {
    "description": {
      "identifier": "cre:coiote",
      "materials": { "default": "fox" },
      "textures": {
        "default": "textures/entity/coiote"
      },
      "geometry": {
        "default": "geometry.coiote"
      },
      "animations": {
        "walk": "animation.coiote.walk",
        "look_at_target": "animation.common.look_at_target",
        "baby_transform": "animation.fox.baby_transform",
        "crouch": "animation.coiote.pounce",
        "setup": "animation.coiote.setup",
        "sit": "animation.coiote.sit",
        "wiggle": "animation.coiote.wiggle",
        "stuck": "animation.non.stuck",
        "pounce": "animation.coiote.pounce",
        "move": "controller.animation.fox.move"
      },
      "scripts": {
        "animate": [
          "setup",
          { "baby_transform": "query.is_baby" },
          "move"
        ]
      },
      "render_controllers": [ "controller.render.elefante" ],
      "spawn_egg": {
       "base_color": "#D2B48C",
       "overlay_color": "#DAA520"
      }
    }
  }
}