{
  "format_version": "1.8.0",
  "minecraft:entity": {
    "description": {
      "identifier": "raigen:er_bed_late",
      "is_spawnable": false,
      "is_summonable": true,
      "is_experimental": false,
	  "runtime_identifier": "minecraft:shulker"
    },
	
	"component_groups": {
	  "minecraft:hori": {
	    "minecraft:transformation": {
		  "into": "raigen:er_bed_hori"
		}
	  },
	  "minecraft:death": {
	    "minecraft:spell_effects": {
		  "add_effects": [
		    {
			  "effect": "wither",
			  "amplifier": 3,
              "visible": false,
              "ambient": false,
              "duration": 25
			}
		  ]
		},
		"minecraft:damage_sensor": [
	    ]
	  }
	},
	
    "components": {
      "minecraft:rideable": {
        "seat_count": 1,
        "family_types": [
          "player"
        ],
        "interact_text": "action.interact.sit",
        "seats": {
          "position": [ 0.0, 1.0, 0.0 ]
        }
      },
	  "minecraft:type_family": {
	    "family": [ "inanimate" ]
	  },
	  "minecraft:interact": [
	    {
		  "on_interact": {
		    "filters": {
			  "all_of": [
			    { "test": "is_family", "subject": "other", "value": "player" },
			    { "test": "has_equipment", "subject": "other", "domain": "hand", "value": "raigen:rotator" }
			  ]
			},
			"event": "minecraft:event_hori"
		  }
		},
	    {
		  "on_interact": {
		    "filters": {
			  "all_of": [
			    { "test": "is_family", "subject": "other", "value": "player" },
			    { "test": "has_equipment", "subject": "other", "domain": "hand", "value": "barrier" }
			  ]
			},
			"event": "minecraft:event_death"
		  }
		}
	  ],
	  "minecraft:health": {
	    "value": 1
	  },
	  "minecraft:damage_sensor": [
		{
		  "cause": "all",
		  "deals_damage": false
		}
	  ],
	  "minecraft:physics": {
	  }
    },
	
	"events": {
	  "minecraft:event_hori": {
	    "add": {
		  "component_groups": [
		    "minecraft:hori"
		  ]
		}
	  },
	  "minecraft:event_death": {
	    "add": {
		  "component_groups": [
		    "minecraft:death"
		  ]
		}
	  }
	}
  }
}