{"format_version":"1.10.0","particle_effect":{"description":{"identifier":"pa:pa_hitting_particle","basic_render_parameters":{"material":"particles_add","texture":"textures/particle/particles"}},"components":{"minecraft:emitter_rate_instant":{"num_particles":64},"minecraft:emitter_lifetime_once":{"active_time":1},"minecraft:emitter_shape_box":{"offset":[0,0.5,0],"half_dimensions":[0.1,0.06,0.1],"direction":"inwards"},"minecraft:particle_lifetime_expression":{"max_lifetime":1},"minecraft:particle_initial_speed":"math.random(2,5)","minecraft:particle_motion_dynamic":{},"minecraft:particle_appearance_billboard":{"size":["variable.size","variable.size"],"facing_camera_mode":"rotate_xyz","uv":{"texture_width":16,"texture_height":16,"uv":[4,2],"uv_size":[4,4]}},"minecraft:particle_appearance_tinting":{"color":["variable.color.r","variable.color.g","variable.color.b",1]}},"curves":{"variable.size":{"type":"bezier","input":"v.particle_age","horizontal_range":"v.particle_lifetime","nodes":[0.5,1,1,0]}}}}