{"format_version":"1.10.0","particle_effect":{"description":{"identifier":"pa:keywoo_particle","basic_render_parameters":{"material":"particles_alpha","texture":"textures/pa_particles/keywoo"}},"components":{"minecraft:emitter_rate_instant":{"num_particles":1},"minecraft:emitter_lifetime_looping":{"active_time":1},"minecraft:emitter_shape_point":{"offset":[0,1.5,0]},"minecraft:particle_lifetime_expression":{"max_lifetime":2},"minecraft:particle_initial_speed":0,"minecraft:particle_motion_dynamic":{},"minecraft:particle_appearance_billboard":{"size":[3,1.75],"facing_camera_mode":"rotate_xyz","uv":{"texture_width":1,"texture_height":24,"flipbook":{"base_UV":[0,0],"size_UV":[1,1],"step_UV":[0,1],"frames_per_second":24,"max_frame":24}}},"minecraft:particle_appearance_lighting":{}}}}