{
	"format_version": "1.12.0",
	"minecraft:geometry": [
		{
			"description": {
				"identifier": "geometry.bluecouch",
				"texture_width": 128,
				"texture_height": 128,
				"visible_bounds_width": 4,
				"visible_bounds_height": 2.5,
				"visible_bounds_offset": [0, 0.75, 0]
			},
			"bones": [
				{
					"name": "sitcushions",
					"pivot": [0, 5, -6],
					"cubes": [
						{
							"origin": [3.3, 5.9, -8.5],
							"size": [16.7, 2.3, 0.7],
							"uv": {
								"north": {"uv": [74, 49], "uv_size": [17, 2]},
								"east": {"uv": [70, 24], "uv_size": [1, 2]},
								"south": {"uv": [74, 51], "uv_size": [17, 2]},
								"west": {"uv": [79, 6], "uv_size": [1, 2]},
								"up": {"uv": [73, 23], "uv_size": [17, 1]},
								"down": {"uv": [74, 54], "uv_size": [17, -1]}
							}
						},
						{
							"origin": [2.8, 5.9, -7.8],
							"size": [17.6, 2.3, 12.4],
							"uv": {
								"north": {"uv": [74, 41], "uv_size": [18, 2]},
								"east": {"uv": [76, 12], "uv_size": [12, 2]},
								"south": {"uv": [74, 43], "uv_size": [18, 2]},
								"west": {"uv": [76, 14], "uv_size": [12, 2]},
								"up": {"uv": [55, 0], "uv_size": [18, 12]},
								"down": {"uv": [55, 24], "uv_size": [18, -12]}
							}
						},
						{
							"origin": [-15.2, 5.9, -7.8],
							"size": [17.6, 2.3, 12.4],
							"uv": {
								"north": {"uv": [74, 37], "uv_size": [18, 2]},
								"east": {"uv": [55, 24], "uv_size": [12, 2]},
								"south": {"uv": [74, 39], "uv_size": [18, 2]},
								"west": {"uv": [76, 10], "uv_size": [12, 2]},
								"up": {"uv": [36, 54], "uv_size": [18, 12]},
								"down": {"uv": [54, 66], "uv_size": [18, -12]}
							}
						},
						{
							"origin": [-14.7, 5.9, -8.5],
							"size": [16.7, 2.3, 0.7],
							"uv": {
								"north": {"uv": [74, 45], "uv_size": [17, 2]},
								"east": {"uv": [34, 64], "uv_size": [1, 2]},
								"south": {"uv": [74, 47], "uv_size": [17, 2]},
								"west": {"uv": [35, 64], "uv_size": [1, 2]},
								"up": {"uv": [37, 36], "uv_size": [17, 1]},
								"down": {"uv": [54, 37], "uv_size": [17, -1]}
							}
						}
					]
				},
				{
					"name": "backcushions",
					"pivot": [18, 13, 11.5],
					"cubes": [
						{
							"origin": [3.6, 13.3, 14],
							"size": [16.9, 3.2, 0.7],
							"pivot": [18, 13, 8.5],
							"rotation": [90, 0, 0],
							"uv": {
								"north": {"uv": [72, 60], "uv_size": [17, 3]},
								"east": {"uv": [67, 77], "uv_size": [1, 3]},
								"south": {"uv": [72, 63], "uv_size": [17, 3]},
								"west": {"uv": [79, 1], "uv_size": [1, 3]},
								"up": {"uv": [77, 75], "uv_size": [17, 1]},
								"down": {"uv": [77, 77], "uv_size": [17, -1]}
							}
						},
						{
							"origin": [-16, 13.3, 1.5],
							"size": [18.4, 3.2, 12.5],
							"pivot": [-1, 13, 8.5],
							"rotation": [90, 0, 0],
							"uv": {
								"north": {"uv": [71, 28], "uv_size": [18, 3]},
								"east": {"uv": [16, 74], "uv_size": [13, 3]},
								"south": {"uv": [71, 31], "uv_size": [18, 3]},
								"west": {"uv": [29, 74], "uv_size": [13, 3]},
								"up": {"uv": [37, 0], "uv_size": [18, 13]},
								"down": {"uv": [37, 26], "uv_size": [18, -13]}
							}
						},
						{
							"origin": [-15.1, 13.3, 14],
							"size": [16.9, 3.2, 0.7],
							"pivot": [-1, 13, 8.5],
							"rotation": [90, 0, 0],
							"uv": {
								"north": {"uv": [72, 54], "uv_size": [17, 3]},
								"east": {"uv": [36, 51], "uv_size": [1, 3]},
								"south": {"uv": [72, 57], "uv_size": [17, 3]},
								"west": {"uv": [66, 77], "uv_size": [1, 3]},
								"up": {"uv": [76, 16], "uv_size": [17, 1]},
								"down": {"uv": [77, 78], "uv_size": [17, -1]}
							}
						},
						{
							"origin": [2.7, 13.3, 1.5],
							"size": [18.4, 3.2, 12.5],
							"pivot": [18, 13, 8.5],
							"rotation": [90, 0, 0],
							"uv": {
								"north": {"uv": [71, 34], "uv_size": [18, 3]},
								"east": {"uv": [42, 74], "uv_size": [13, 3]},
								"south": {"uv": [71, 66], "uv_size": [18, 3]},
								"west": {"uv": [55, 74], "uv_size": [13, 3]},
								"up": {"uv": [0, 51], "uv_size": [18, 13]},
								"down": {"uv": [18, 64], "uv_size": [18, -13]}
							}
						}
					]
				},
				{
					"name": "feet",
					"pivot": [-18, 0.7, 10.4],
					"cubes": [
						{
							"origin": [23, 0.7, 7.4],
							"size": [1, 1, 1],
							"uv": {
								"north": {"uv": [19, 80], "uv_size": [1, 1]},
								"east": {"uv": [20, 80], "uv_size": [1, 1]},
								"south": {"uv": [21, 80], "uv_size": [1, 1]},
								"west": {"uv": [22, 80], "uv_size": [1, 1]},
								"up": {"uv": [23, 80], "uv_size": [1, 1]},
								"down": {"uv": [24, 81], "uv_size": [1, -1]}
							}
						},
						{
							"origin": [23, 0.7, -9],
							"size": [1, 1, 1],
							"uv": {
								"north": {"uv": [25, 80], "uv_size": [1, 1]},
								"east": {"uv": [26, 80], "uv_size": [1, 1]},
								"south": {"uv": [27, 80], "uv_size": [1, 1]},
								"west": {"uv": [28, 80], "uv_size": [1, 1]},
								"up": {"uv": [29, 80], "uv_size": [1, 1]},
								"down": {"uv": [36, 81], "uv_size": [1, -1]}
							}
						},
						{
							"origin": [-19, 0.7, -9],
							"size": [1, 1, 1],
							"uv": {
								"north": {"uv": [79, 8], "uv_size": [1, 1]},
								"east": {"uv": [79, 9], "uv_size": [1, 1]},
								"south": {"uv": [9, 80], "uv_size": [1, 1]},
								"west": {"uv": [10, 80], "uv_size": [1, 1]},
								"up": {"uv": [11, 80], "uv_size": [1, 1]},
								"down": {"uv": [12, 81], "uv_size": [1, -1]}
							}
						},
						{
							"origin": [-19, 0.7, 7.4],
							"size": [1, 1, 1],
							"uv": {
								"north": {"uv": [13, 80], "uv_size": [1, 1]},
								"east": {"uv": [14, 80], "uv_size": [1, 1]},
								"south": {"uv": [15, 80], "uv_size": [1, 1]},
								"west": {"uv": [16, 80], "uv_size": [1, 1]},
								"up": {"uv": [17, 80], "uv_size": [1, 1]},
								"down": {"uv": [18, 81], "uv_size": [1, -1]}
							}
						}
					]
				},
				{
					"name": "frame",
					"pivot": [-4, 7, -6],
					"cubes": [
						{
							"origin": [-16, 15.8, 0.5],
							"size": [37.1, 0.7, 16.8],
							"pivot": [18, 13, 11.8],
							"rotation": [90, 0, 0],
							"uv": {
								"north": {"uv": [71, 69], "uv_size": [37, 1]},
								"east": {"uv": [77, 78], "uv_size": [17, 1]},
								"south": {"uv": [71, 70], "uv_size": [37, 1]},
								"west": {"uv": [77, 79], "uv_size": [17, 1]},
								"up": {"uv": [0, 34], "uv_size": [37, 17]},
								"down": {"uv": [37, 54], "uv_size": [37, -17]}
							}
						},
						{
							"origin": [-16, 1.7, -9],
							"size": [37, 4.3, 17.4],
							"uv": {
								"north": {"uv": [34, 66], "uv_size": [37, 4]},
								"east": {"uv": [71, 71], "uv_size": [17, 4]},
								"south": {"uv": [34, 70], "uv_size": [37, 4]},
								"west": {"uv": [71, 24], "uv_size": [17, 4]},
								"up": {"uv": [0, 0], "uv_size": [37, 17]},
								"down": {"uv": [0, 34], "uv_size": [37, -17]}
							}
						},
						{
							"origin": [21, 1.7, -9],
							"size": [3, 10.3, 17.4],
							"uv": {
								"north": {"uv": [68, 74], "uv_size": [3, 10]},
								"east": {"uv": [37, 26], "uv_size": [17, 10]},
								"south": {"uv": [71, 75], "uv_size": [3, 10]},
								"west": {"uv": [54, 26], "uv_size": [17, 10]},
								"up": {"uv": [73, 0], "uv_size": [3, 17]},
								"down": {"uv": [0, 91], "uv_size": [3, -17]}
							}
						},
						{
							"origin": [-19, 1.7, -9],
							"size": [3, 10.3, 17.4],
							"uv": {
								"north": {"uv": [74, 75], "uv_size": [3, 10]},
								"east": {"uv": [0, 64], "uv_size": [17, 10]},
								"south": {"uv": [76, 0], "uv_size": [3, 10]},
								"west": {"uv": [17, 64], "uv_size": [17, 10]},
								"up": {"uv": [3, 74], "uv_size": [3, 17]},
								"down": {"uv": [6, 91], "uv_size": [3, -17]}
							}
						}
					]
				},
				{
					"name": "pillow",
					"pivot": [18.52363, 7.63741, 2.92165],
					"rotation": [-22.5, 20, 17.5],
					"cubes": [
						{
							"origin": [12.84969, 6.6586, -1.78284],
							"size": [6.2, 0.8, 3.1],
							"uv": {
								"north": {"uv": [60, 79], "uv_size": [6, 1]},
								"east": {"uv": [79, 4], "uv_size": [3, 1]},
								"south": {"uv": [79, 0], "uv_size": [6, 1]},
								"west": {"uv": [79, 5], "uv_size": [3, 1]},
								"up": {"uv": [48, 77], "uv_size": [6, 3]},
								"down": {"uv": [54, 80], "uv_size": [6, -3]}
							}
						},
						{
							"origin": [12.54969, 7.4586, -1.78284],
							"size": [7, 6, 3.1],
							"uv": {
								"north": {"uv": [73, 17], "uv_size": [7, 6]},
								"east": {"uv": [30, 77], "uv_size": [3, 6]},
								"south": {"uv": [9, 74], "uv_size": [7, 6]},
								"west": {"uv": [33, 77], "uv_size": [3, 6]},
								"up": {"uv": [16, 77], "uv_size": [7, 3]},
								"down": {"uv": [23, 80], "uv_size": [7, -3]}
							}
						},
						{
							"origin": [12.84969, 13.4586, -1.78284],
							"size": [6.2, 0.8, 3.1],
							"uv": {
								"north": {"uv": [60, 77], "uv_size": [6, 1]},
								"east": {"uv": [67, 24], "uv_size": [3, 1]},
								"south": {"uv": [60, 78], "uv_size": [6, 1]},
								"west": {"uv": [67, 25], "uv_size": [3, 1]},
								"up": {"uv": [36, 77], "uv_size": [6, 3]},
								"down": {"uv": [42, 80], "uv_size": [6, -3]}
							}
						}
					]
				},
				{
					"name": "pillow2",
					"pivot": [-9.79343, 11.34032, 5.42957],
					"rotation": [-20, -22.5, -5],
					"cubes": [
						{
							"origin": [-14.00815, 6.59236, 1.27508],
							"size": [6.2, 0.8, 3.1],
							"uv": {
								"north": {"uv": [66, 79], "uv_size": [-6, 1]},
								"east": {"uv": [82, 5], "uv_size": [-3, 1]},
								"south": {"uv": [85, 0], "uv_size": [-6, 1]},
								"west": {"uv": [82, 4], "uv_size": [-3, 1]},
								"up": {"uv": [54, 77], "uv_size": [-6, 3]},
								"down": {"uv": [60, 80], "uv_size": [-6, -3]}
							}
						},
						{
							"origin": [-14.50815, 7.39236, 1.27508],
							"size": [7, 6, 3.1],
							"uv": {
								"north": {"uv": [80, 17], "uv_size": [-7, 6]},
								"east": {"uv": [36, 77], "uv_size": [-3, 6]},
								"south": {"uv": [16, 74], "uv_size": [-7, 6]},
								"west": {"uv": [33, 77], "uv_size": [-3, 6]},
								"up": {"uv": [23, 77], "uv_size": [-7, 3]},
								"down": {"uv": [30, 80], "uv_size": [-7, -3]}
							}
						},
						{
							"origin": [-14.00815, 13.39236, 1.27508],
							"size": [6.2, 0.8, 3.1],
							"uv": {
								"north": {"uv": [66, 77], "uv_size": [-6, 1]},
								"east": {"uv": [70, 25], "uv_size": [-3, 1]},
								"south": {"uv": [66, 78], "uv_size": [-6, 1]},
								"west": {"uv": [70, 24], "uv_size": [-3, 1]},
								"up": {"uv": [42, 77], "uv_size": [-6, 3]},
								"down": {"uv": [48, 80], "uv_size": [-6, -3]}
							}
						}
					]
				}
			]
		}
	]
}