{
	"format_version": "1.12.0",
	"minecraft:geometry": [
		{
			"description": {
				"identifier": "geometry.cornercouchA",
				"texture_width": 64,
				"texture_height": 64,
				"visible_bounds_width": 4,
				"visible_bounds_height": 2.5,
				"visible_bounds_offset": [0, 0.75, 0]
			},
			"bones": [
				{
					"name": "unknown_bone",
					"pivot": [0, 0, 0],
					"cubes": [
						{
							"origin": [-14, 1, -21],
							"size": [9, 2, 27],
							"pivot": [-2.17665, 4.30904, -4.07981],
							"rotation": [0, 89.5, 0],
							"uv": {
								"north": {"uv": [4.5, 3.5], "uv_size": [4.5, 1]},
								"east": {"uv": [18.5, 17], "uv_size": [13.5, 1]},
								"south": {"uv": [0, 21.5], "uv_size": [4.5, 1]},
								"west": {"uv": [23, 8], "uv_size": [13.5, 1]},
								"up": {"uv": [0, 0], "uv_size": [4.5, 13.5]},
								"down": {"uv": [4.5, 18], "uv_size": [4.5, -13.5]}
							}
						},
						{
							"origin": [-1.09684, 1, -14.25647],
							"size": [9, 2, 13],
							"pivot": [-2.17665, 4.30904, -4.07981],
							"rotation": [0, -0.5, 0],
							"uv": {
								"north": {"uv": [15, 29.5], "uv_size": [4.5, 1]},
								"east": {"uv": [26.5, 25.5], "uv_size": [6.5, 1]},
								"south": {"uv": [19.5, 29.5], "uv_size": [4.5, 1]},
								"west": {"uv": [27, 7], "uv_size": [6.5, 1]},
								"up": {"uv": [0, 13.5], "uv_size": [4.5, 6.5]},
								"down": {"uv": [9, 22.5], "uv_size": [4.5, -6.5]}
							}
						},
						{
							"origin": [-14, 1, -22.7],
							"size": [9, 8.7, 1.7],
							"pivot": [-2.17665, 4.30904, -4.07981],
							"rotation": [0, 89.5, 0],
							"uv": {
								"north": {"uv": [4.5, 18], "uv_size": [4.5, 4.5]},
								"east": {"uv": [24, 29.5], "uv_size": [1, 4.5]},
								"south": {"uv": [19, 0], "uv_size": [4.5, 4.5]},
								"west": {"uv": [25, 29.5], "uv_size": [1, 4.5]},
								"up": {"uv": [26, 29.5], "uv_size": [4.5, 1]},
								"down": {"uv": [29.5, 27.5], "uv_size": [4.5, -1]}
							}
						},
						{
							"origin": [-12.3, 3, 4.3],
							"size": [20.3, 7, 1.7],
							"pivot": [-2.17665, 4.30904, -4.07981],
							"rotation": [0, 89.5, 0],
							"uv": {
								"north": {"uv": [9, 3.5], "uv_size": [10, 3.5]},
								"east": {"uv": [18, 0], "uv_size": [1, 3.5]},
								"south": {"uv": [9, 12.5], "uv_size": [10, 3.5]},
								"west": {"uv": [26, 31.5], "uv_size": [1, 3.5]},
								"up": {"uv": [9, 7], "uv_size": [10, 1]},
								"down": {"uv": [9, 9], "uv_size": [10, -1]}
							}
						},
						{
							"origin": [-19.09684, 2.9, 6.04353],
							"size": [27, 7.1, 1.7],
							"pivot": [-2.17665, 4.30904, -4.07981],
							"rotation": [0, -0.5, 0],
							"uv": {
								"north": {"uv": [4.5, 0], "uv_size": [13.5, 3.5]},
								"east": {"uv": [27, 31.5], "uv_size": [1, 3.5]},
								"south": {"uv": [9, 9], "uv_size": [13.5, 3.5]},
								"west": {"uv": [28, 31.5], "uv_size": [1, 3.5]},
								"up": {"uv": [23, 15.5], "uv_size": [13.5, 1]},
								"down": {"uv": [23.5, 1], "uv_size": [13.5, -1]}
							}
						},
						{
							"origin": [8.2, 1, -3.1],
							"size": [9.8, 2, 8.9],
							"pivot": [-1.97665, 4.30904, -4.07981],
							"rotation": [0, 89.5, 0],
							"uv": {
								"north": {"uv": [27.5, 10.5], "uv_size": [5, 1]},
								"east": {"uv": [29.5, 27.5], "uv_size": [4.5, 1]},
								"south": {"uv": [28, 1], "uv_size": [5, 1]},
								"west": {"uv": [29.5, 28.5], "uv_size": [4.5, 1]},
								"up": {"uv": [13.5, 16], "uv_size": [5, 4.5]},
								"down": {"uv": [18.5, 23], "uv_size": [5, -4.5]}
							}
						},
						{
							"origin": [-6, 0, -22.7],
							"size": [1, 1, 1],
							"pivot": [-2.17665, 4.30904, -4.07981],
							"rotation": [0, 89.5, 0],
							"uv": {
								"north": {"uv": [22.5, 12], "uv_size": [0.5, 0.5]},
								"east": {"uv": [23, 18], "uv_size": [0.5, 0.5]},
								"south": {"uv": [31.5, 15], "uv_size": [0.5, 0.5]},
								"west": {"uv": [32, 10], "uv_size": [0.5, 0.5]},
								"up": {"uv": [34, 33.5], "uv_size": [0.5, 0.5]},
								"down": {"uv": [36, 20], "uv_size": [0.5, -0.5]}
							}
						},
						{
							"origin": [-6, 0, -3],
							"size": [1, 1, 1],
							"pivot": [-2.17665, 4.30904, -4.07981],
							"rotation": [0, 89.5, 0],
							"uv": {
								"north": {"uv": [36, 20], "uv_size": [0.5, 0.5]},
								"east": {"uv": [36, 20.5], "uv_size": [0.5, 0.5]},
								"south": {"uv": [36, 21], "uv_size": [0.5, 0.5]},
								"west": {"uv": [36, 21.5], "uv_size": [0.5, 0.5]},
								"up": {"uv": [36, 22], "uv_size": [0.5, 0.5]},
								"down": {"uv": [36, 23], "uv_size": [0.5, -0.5]}
							}
						},
						{
							"origin": [-14, 0, -22.7],
							"size": [1, 1, 1],
							"pivot": [-2.17665, 4.30904, -4.07981],
							"rotation": [0, 89.5, 0],
							"uv": {
								"north": {"uv": [36, 23], "uv_size": [0.5, 0.5]},
								"east": {"uv": [36, 23.5], "uv_size": [0.5, 0.5]},
								"south": {"uv": [36, 24], "uv_size": [0.5, 0.5]},
								"west": {"uv": [36, 24.5], "uv_size": [0.5, 0.5]},
								"up": {"uv": [36, 25], "uv_size": [0.5, 0.5]},
								"down": {"uv": [36, 26], "uv_size": [0.5, -0.5]}
							}
						},
						{
							"origin": [-14, 0, 5],
							"size": [1, 1, 1],
							"pivot": [-2.17665, 4.30904, -4.07981],
							"rotation": [0, 89.5, 0],
							"uv": {
								"north": {"uv": [36, 26], "uv_size": [0.5, 0.5]},
								"east": {"uv": [36, 26.5], "uv_size": [0.5, 0.5]},
								"south": {"uv": [36, 27], "uv_size": [0.5, 0.5]},
								"west": {"uv": [36, 27.5], "uv_size": [0.5, 0.5]},
								"up": {"uv": [36, 28], "uv_size": [0.5, 0.5]},
								"down": {"uv": [36, 29], "uv_size": [0.5, -0.5]}
							}
						},
						{
							"origin": [8, 0, 5],
							"size": [1, 1, 1],
							"pivot": [-2.17665, 4.30904, -4.07981],
							"rotation": [0, 89.5, 0],
							"uv": {
								"north": {"uv": [36, 29], "uv_size": [0.5, 0.5]},
								"east": {"uv": [36, 29.5], "uv_size": [0.5, 0.5]},
								"south": {"uv": [36, 30], "uv_size": [0.5, 0.5]},
								"west": {"uv": [36, 30.5], "uv_size": [0.5, 0.5]},
								"up": {"uv": [36, 31], "uv_size": [0.5, 0.5]},
								"down": {"uv": [36, 32], "uv_size": [0.5, -0.5]}
							}
						},
						{
							"origin": [8.2, 0, -3.1],
							"size": [1, 1, 1],
							"pivot": [-1.97665, 4.30904, -4.07981],
							"rotation": [0, 89.5, 0],
							"uv": {
								"north": {"uv": [36, 32], "uv_size": [0.5, 0.5]},
								"east": {"uv": [36, 32.5], "uv_size": [0.5, 0.5]},
								"south": {"uv": [36, 33], "uv_size": [0.5, 0.5]},
								"west": {"uv": [36, 33.5], "uv_size": [0.5, 0.5]},
								"up": {"uv": [36, 34], "uv_size": [0.5, 0.5]},
								"down": {"uv": [36, 35], "uv_size": [0.5, -0.5]}
							}
						},
						{
							"origin": [16.975, 0, -3.1],
							"size": [1, 1, 1],
							"pivot": [-1.97665, 4.30904, -4.07981],
							"rotation": [0, 89.5, 0],
							"uv": {
								"north": {"uv": [10, 36.5], "uv_size": [0.5, 0.5]},
								"east": {"uv": [10.5, 36.5], "uv_size": [0.5, 0.5]},
								"south": {"uv": [11, 36.5], "uv_size": [0.5, 0.5]},
								"west": {"uv": [11.5, 36.5], "uv_size": [0.5, 0.5]},
								"up": {"uv": [12, 36.5], "uv_size": [0.5, 0.5]},
								"down": {"uv": [12.5, 37], "uv_size": [0.5, -0.5]}
							}
						},
						{
							"origin": [16.775, 0, 5],
							"size": [1, 1, 1],
							"pivot": [-2.17665, 4.30904, -4.07981],
							"rotation": [0, 89.5, 0],
							"uv": {
								"north": {"uv": [36, 35], "uv_size": [0.5, 0.5]},
								"east": {"uv": [36, 35.5], "uv_size": [0.5, 0.5]},
								"south": {"uv": [7, 36.5], "uv_size": [0.5, 0.5]},
								"west": {"uv": [7.5, 36.5], "uv_size": [0.5, 0.5]},
								"up": {"uv": [9, 36.5], "uv_size": [0.5, 0.5]},
								"down": {"uv": [9.5, 37], "uv_size": [0.5, -0.5]}
							}
						}
					]
				},
				{
					"name": "cushion2",
					"pivot": [15.9, 3, 0],
					"cubes": [
						{
							"origin": [9, 3, -3.15],
							"size": [8.2, 2, 8.975],
							"pivot": [-1.97665, 4.30904, -4.07981],
							"rotation": [0, 89.5, 0],
							"uv": {
								"north": {"uv": [30, 23], "uv_size": [4, 1]},
								"east": {"uv": [0, 30], "uv_size": [4.5, 1]},
								"south": {"uv": [17, 30.5], "uv_size": [4, 1]},
								"west": {"uv": [4.5, 30], "uv_size": [4.5, 1]},
								"up": {"uv": [19, 4.5], "uv_size": [4, 4.5]},
								"down": {"uv": [19, 17], "uv_size": [4, -4.5]}
							}
						},
						{
							"origin": [8.325, 3, -1.55],
							"size": [9.825, 2, 5.75],
							"pivot": [-1.97665, 4.30904, -4.07981],
							"rotation": [0, 89.5, 0],
							"uv": {
								"north": {"uv": [28, 2], "uv_size": [5, 1]},
								"east": {"uv": [23.5, 21], "uv_size": [3, 1]},
								"south": {"uv": [28, 3], "uv_size": [5, 1]},
								"west": {"uv": [23.5, 22], "uv_size": [3, 1]},
								"up": {"uv": [13.5, 20.5], "uv_size": [5, 3]},
								"down": {"uv": [0, 25.5], "uv_size": [5, -3]}
							}
						}
					]
				},
				{
					"name": "bone4",
					"parent": "cushion2",
					"pivot": [12.07343, 4, 6.65237],
					"rotation": [0, 127.5, 0],
					"cubes": [
						{
							"origin": [29.37184, 3, 16.46297],
							"size": [1, 2, 1],
							"pivot": [25.728, 4.30904, 3.20156],
							"rotation": [0, 9.5, 0],
							"uv": {
								"north": {"uv": [18.5, 16], "uv_size": [0.5, 1]},
								"east": {"uv": [18, 23.5], "uv_size": [0.5, 1]},
								"south": {"uv": [18, 24.5], "uv_size": [0.5, 1]},
								"west": {"uv": [18, 25.5], "uv_size": [0.5, 1]},
								"up": {"uv": [13, 36.5], "uv_size": [0.5, 0.5]},
								"down": {"uv": [13.5, 37], "uv_size": [0.5, -0.5]}
							}
						},
						{
							"origin": [18.33102, 3, 15.92752],
							"size": [1, 2, 1],
							"pivot": [25.728, 4.30904, 3.20156],
							"rotation": [0, 54, 0],
							"uv": {
								"north": {"uv": [33, 14.5], "uv_size": [0.5, 1]},
								"east": {"uv": [33, 18], "uv_size": [0.5, 1]},
								"south": {"uv": [33, 19], "uv_size": [0.5, 1]},
								"west": {"uv": [33, 20], "uv_size": [0.5, 1]},
								"up": {"uv": [14, 36.5], "uv_size": [0.5, 0.5]},
								"down": {"uv": [14.5, 37], "uv_size": [0.5, -0.5]}
							}
						},
						{
							"origin": [19.45524, 3, 15.44064],
							"size": [1, 2, 1],
							"pivot": [25.728, 4.30904, 3.20156],
							"rotation": [0, 52, 0],
							"uv": {
								"north": {"uv": [33, 25.5], "uv_size": [0.5, 1]},
								"east": {"uv": [33.5, 7], "uv_size": [0.5, 1]},
								"south": {"uv": [33.5, 14.5], "uv_size": [0.5, 1]},
								"west": {"uv": [33.5, 17], "uv_size": [0.5, 1]},
								"up": {"uv": [20, 36.5], "uv_size": [0.5, 0.5]},
								"down": {"uv": [20.5, 37], "uv_size": [0.5, -0.5]}
							}
						}
					]
				},
				{
					"name": "bone3",
					"parent": "cushion2",
					"pivot": [20.0093, 4, 6.7567],
					"rotation": [0, -145, 0],
					"cubes": [
						{
							"origin": [10.41617, 3, 35.04842],
							"size": [1, 2, 1],
							"pivot": [30.49327, 4.30904, 24.88505],
							"rotation": [0, 9.5, 0],
							"uv": {
								"north": {"uv": [33.5, 18], "uv_size": [0.5, 1]},
								"east": {"uv": [33.5, 19], "uv_size": [0.5, 1]},
								"south": {"uv": [33.5, 20], "uv_size": [0.5, 1]},
								"west": {"uv": [33.5, 25.5], "uv_size": [0.5, 1]},
								"up": {"uv": [21, 36.5], "uv_size": [0.5, 0.5]},
								"down": {"uv": [21.5, 37], "uv_size": [0.5, -0.5]}
							}
						},
						{
							"origin": [8.34877, 3, 18.77511],
							"size": [1, 2, 1],
							"pivot": [30.49327, 4.30904, 24.88505],
							"rotation": [0, 54, 0],
							"uv": {
								"north": {"uv": [24, 34], "uv_size": [0.5, 1]},
								"east": {"uv": [24.5, 34], "uv_size": [0.5, 1]},
								"south": {"uv": [25, 34], "uv_size": [0.5, 1]},
								"west": {"uv": [25.5, 34], "uv_size": [0.5, 1]},
								"up": {"uv": [22, 36.5], "uv_size": [0.5, 0.5]},
								"down": {"uv": [22.5, 37], "uv_size": [0.5, -0.5]}
							}
						},
						{
							"origin": [8.82462, 3, 18.81438],
							"size": [1, 2, 1],
							"pivot": [30.49327, 4.30904, 24.88505],
							"rotation": [0, 52, 0],
							"uv": {
								"north": {"uv": [34, 34], "uv_size": [0.5, 1]},
								"east": {"uv": [34, 7], "uv_size": [0.5, 1]},
								"south": {"uv": [34, 10], "uv_size": [0.5, 1]},
								"west": {"uv": [34, 14.5], "uv_size": [0.5, 1]},
								"up": {"uv": [23, 36.5], "uv_size": [0.5, 0.5]},
								"down": {"uv": [23.5, 37], "uv_size": [0.5, -0.5]}
							}
						}
					]
				},
				{
					"name": "bone2",
					"parent": "cushion2",
					"pivot": [20.0093, 4, 0.0317],
					"rotation": [0, -61.5, 0],
					"cubes": [
						{
							"origin": [-9.00316, 3, 3.02494],
							"size": [1, 2, 1],
							"pivot": [9.09435, 4.30904, 15.70936],
							"rotation": [0, 9.5, 0],
							"uv": {
								"north": {"uv": [34, 17], "uv_size": [0.5, 1]},
								"east": {"uv": [34, 18], "uv_size": [0.5, 1]},
								"south": {"uv": [34, 19], "uv_size": [0.5, 1]},
								"west": {"uv": [34, 20], "uv_size": [0.5, 1]},
								"up": {"uv": [29, 36.5], "uv_size": [0.5, 0.5]},
								"down": {"uv": [29.5, 37], "uv_size": [0.5, -0.5]}
							}
						},
						{
							"origin": [7.15987, 3, -5.74532],
							"size": [1, 2, 1],
							"pivot": [9.09435, 4.30904, 15.70936],
							"rotation": [0, 61.5, 0],
							"uv": {
								"north": {"uv": [34, 23], "uv_size": [0.5, 1]},
								"east": {"uv": [34, 25.5], "uv_size": [0.5, 1]},
								"south": {"uv": [34, 26.5], "uv_size": [0.5, 1]},
								"west": {"uv": [34, 27.5], "uv_size": [0.5, 1]},
								"up": {"uv": [30, 36.5], "uv_size": [0.5, 0.5]},
								"down": {"uv": [30.5, 37], "uv_size": [0.5, -0.5]}
							}
						},
						{
							"origin": [8.14052, 3, -6.37014],
							"size": [1, 2, 1],
							"pivot": [9.09435, 4.30904, 15.70936],
							"rotation": [0, 62, 0],
							"uv": {
								"north": {"uv": [34, 28.5], "uv_size": [0.5, 1]},
								"east": {"uv": [34, 30.5], "uv_size": [0.5, 1]},
								"south": {"uv": [34, 31.5], "uv_size": [0.5, 1]},
								"west": {"uv": [34, 32.5], "uv_size": [0.5, 1]},
								"up": {"uv": [31, 36.5], "uv_size": [0.5, 0.5]},
								"down": {"uv": [31.5, 37], "uv_size": [0.5, -0.5]}
							}
						}
					]
				},
				{
					"name": "bone",
					"parent": "cushion2",
					"pivot": [12.1093, 4, 0.0317],
					"rotation": [0, 35, 0],
					"cubes": [
						{
							"origin": [11.90399, 3, -18.68645],
							"size": [1, 2, 1],
							"pivot": [4.23934, 4.30904, -8.05659],
							"rotation": [0, 9.5, 0],
							"uv": {
								"north": {"uv": [9, 34.5], "uv_size": [0.5, 1]},
								"east": {"uv": [9.5, 34.5], "uv_size": [0.5, 1]},
								"south": {"uv": [10, 34.5], "uv_size": [0.5, 1]},
								"west": {"uv": [10.5, 34.5], "uv_size": [0.5, 1]},
								"up": {"uv": [32, 36.5], "uv_size": [0.5, 0.5]},
								"down": {"uv": [32.5, 37], "uv_size": [0.5, -0.5]}
							}
						},
						{
							"origin": [16.50058, 3, -9.12561],
							"size": [1, 2, 1],
							"pivot": [4.23934, 4.30904, -8.05659],
							"rotation": [0, 56, 0],
							"uv": {
								"north": {"uv": [11, 34.5], "uv_size": [0.5, 1]},
								"east": {"uv": [11.5, 34.5], "uv_size": [0.5, 1]},
								"south": {"uv": [12, 34.5], "uv_size": [0.5, 1]},
								"west": {"uv": [12.5, 34.5], "uv_size": [0.5, 1]},
								"up": {"uv": [34.5, 36.5], "uv_size": [0.5, 0.5]},
								"down": {"uv": [35.5, 37], "uv_size": [0.5, -0.5]}
							}
						},
						{
							"origin": [17.19331, 3, -10.04034],
							"size": [1, 2, 1],
							"pivot": [4.23934, 4.30904, -8.05659],
							"rotation": [0, 55, 0],
							"uv": {
								"north": {"uv": [13, 34.5], "uv_size": [0.5, 1]},
								"east": {"uv": [13.5, 34.5], "uv_size": [0.5, 1]},
								"south": {"uv": [14, 34.5], "uv_size": [0.5, 1]},
								"west": {"uv": [14.5, 34.5], "uv_size": [0.5, 1]},
								"up": {"uv": [36.5, 36.5], "uv_size": [0.5, 0.5]},
								"down": {"uv": [36.5, 1.5], "uv_size": [0.5, -0.5]}
							}
						}
					]
				},
				{
					"name": "cushion",
					"pivot": [5.5, 3, -1.5],
					"cubes": [
						{
							"origin": [-1.4, 3, -2.65],
							"size": [8.3, 2, 6.6],
							"pivot": [-2.17665, 4.30904, -4.07981],
							"rotation": [0, 89.5, 0],
							"uv": {
								"north": {"uv": [26, 30.5], "uv_size": [4, 1]},
								"east": {"uv": [10, 22.5], "uv_size": [3.5, 1]},
								"south": {"uv": [30, 30.5], "uv_size": [4, 1]},
								"west": {"uv": [29, 31.5], "uv_size": [3.5, 1]},
								"up": {"uv": [18.5, 23], "uv_size": [4, 3.5]},
								"down": {"uv": [22.5, 26.5], "uv_size": [4, -3.5]}
							}
						},
						{
							"origin": [-2.075, 3, -1.05],
							"size": [10.025, 2, 3.45],
							"pivot": [-2.17665, 4.30904, -4.07981],
							"rotation": [0, 89.5, 0],
							"uv": {
								"north": {"uv": [28, 18], "uv_size": [5, 1]},
								"east": {"uv": [32, 17], "uv_size": [1.5, 1]},
								"south": {"uv": [28, 19], "uv_size": [5, 1]},
								"west": {"uv": [32.5, 10], "uv_size": [1.5, 1]},
								"up": {"uv": [26.5, 24], "uv_size": [5, 1.5]},
								"down": {"uv": [13, 28.5], "uv_size": [5, -1.5]}
							}
						}
					]
				},
				{
					"name": "bone7",
					"parent": "cushion",
					"pivot": [1.67343, 4, 5.15237],
					"rotation": [0, 127.5, 0],
					"cubes": [
						{
							"origin": [6.08225, 3, 13.33818],
							"size": [1, 2, 1],
							"pivot": [7.9286, 4.30904, 8.88063],
							"rotation": [0, 9.5, 0],
							"uv": {
								"north": {"uv": [21, 34.5], "uv_size": [0.5, 1]},
								"east": {"uv": [21.5, 34.5], "uv_size": [0.5, 1]},
								"south": {"uv": [22, 34.5], "uv_size": [0.5, 1]},
								"west": {"uv": [22.5, 34.5], "uv_size": [0.5, 1]},
								"up": {"uv": [36.5, 1.5], "uv_size": [0.5, 0.5]},
								"down": {"uv": [36.5, 2.5], "uv_size": [0.5, -0.5]}
							}
						},
						{
							"origin": [2.78644, 3, 11.47911],
							"size": [1, 2, 1],
							"pivot": [7.9286, 4.30904, 8.88063],
							"rotation": [0, 54, 0],
							"uv": {
								"north": {"uv": [23, 34.5], "uv_size": [0.5, 1]},
								"east": {"uv": [23.5, 34.5], "uv_size": [0.5, 1]},
								"south": {"uv": [34.5, 34.5], "uv_size": [0.5, 1]},
								"west": {"uv": [34.5, 1], "uv_size": [0.5, 1]},
								"up": {"uv": [36.5, 2.5], "uv_size": [0.5, 0.5]},
								"down": {"uv": [36.5, 3.5], "uv_size": [0.5, -0.5]}
							}
						},
						{
							"origin": [3.55585, 3, 10.9197],
							"size": [1, 2, 1],
							"pivot": [7.9286, 4.30904, 8.88063],
							"rotation": [0, 52, 0],
							"uv": {
								"north": {"uv": [34.5, 2], "uv_size": [0.5, 1]},
								"east": {"uv": [34.5, 3], "uv_size": [0.5, 1]},
								"south": {"uv": [34.5, 7], "uv_size": [0.5, 1]},
								"west": {"uv": [34.5, 10], "uv_size": [0.5, 1]},
								"up": {"uv": [36.5, 3.5], "uv_size": [0.5, 0.5]},
								"down": {"uv": [36.5, 4.5], "uv_size": [0.5, -0.5]}
							}
						}
					]
				},
				{
					"name": "bone8",
					"parent": "cushion",
					"pivot": [9.6093, 4, 5.2567],
					"rotation": [0, -145, 0],
					"cubes": [
						{
							"origin": [0.93576, 3, 20.74164],
							"size": [1, 2, 1],
							"pivot": [12.59829, 4.30904, 16.30584],
							"rotation": [0, 9.5, 0],
							"uv": {
								"north": {"uv": [34.5, 12.5], "uv_size": [0.5, 1]},
								"east": {"uv": [34.5, 13.5], "uv_size": [0.5, 1]},
								"south": {"uv": [34.5, 14.5], "uv_size": [0.5, 1]},
								"west": {"uv": [34.5, 17], "uv_size": [0.5, 1]},
								"up": {"uv": [36.5, 4.5], "uv_size": [0.5, 0.5]},
								"down": {"uv": [36.5, 5.5], "uv_size": [0.5, -0.5]}
							}
						},
						{
							"origin": [0.46998, 3, 12.00856],
							"size": [1, 2, 1],
							"pivot": [12.59829, 4.30904, 16.30584],
							"rotation": [0, 54, 0],
							"uv": {
								"north": {"uv": [34.5, 18], "uv_size": [0.5, 1]},
								"east": {"uv": [34.5, 19], "uv_size": [0.5, 1]},
								"south": {"uv": [34.5, 20], "uv_size": [0.5, 1]},
								"west": {"uv": [34.5, 21], "uv_size": [0.5, 1]},
								"up": {"uv": [36.5, 5.5], "uv_size": [0.5, 0.5]},
								"down": {"uv": [36.5, 6.5], "uv_size": [0.5, -0.5]}
							}
						},
						{
							"origin": [1.00299, 3, 11.69717],
							"size": [1, 2, 1],
							"pivot": [12.59829, 4.30904, 16.30584],
							"rotation": [0, 52, 0],
							"uv": {
								"north": {"uv": [34.5, 22], "uv_size": [0.5, 1]},
								"east": {"uv": [34.5, 23], "uv_size": [0.5, 1]},
								"south": {"uv": [34.5, 25.5], "uv_size": [0.5, 1]},
								"west": {"uv": [34.5, 26.5], "uv_size": [0.5, 1]},
								"up": {"uv": [36.5, 6.5], "uv_size": [0.5, 0.5]},
								"down": {"uv": [36.5, 7.5], "uv_size": [0.5, -0.5]}
							}
						}
					]
				},
				{
					"name": "bone9",
					"parent": "cushion",
					"pivot": [9.6093, 4, 0.1317],
					"rotation": [0, -61.5, 0],
					"cubes": [
						{
							"origin": [-6.48668, 3, -0.05287],
							"size": [1, 2, 1],
							"pivot": [3.47349, 4.30904, 6.79771],
							"rotation": [0, 9.5, 0],
							"uv": {
								"north": {"uv": [34.5, 27.5], "uv_size": [0.5, 1]},
								"east": {"uv": [34.5, 28.5], "uv_size": [0.5, 1]},
								"south": {"uv": [34.5, 29.5], "uv_size": [0.5, 1]},
								"west": {"uv": [34.5, 30.5], "uv_size": [0.5, 1]},
								"up": {"uv": [36.5, 7.5], "uv_size": [0.5, 0.5]},
								"down": {"uv": [36.5, 8.5], "uv_size": [0.5, -0.5]}
							}
						},
						{
							"origin": [1.95172, 3, -4.65298],
							"size": [1, 2, 1],
							"pivot": [3.47349, 4.30904, 6.79771],
							"rotation": [0, 61.5, 0],
							"uv": {
								"north": {"uv": [34.5, 31.5], "uv_size": [0.5, 1]},
								"east": {"uv": [34.5, 32.5], "uv_size": [0.5, 1]},
								"south": {"uv": [34.5, 33.5], "uv_size": [0.5, 1]},
								"west": {"uv": [8, 35], "uv_size": [0.5, 1]},
								"up": {"uv": [36.5, 8.5], "uv_size": [0.5, 0.5]},
								"down": {"uv": [36.5, 9.5], "uv_size": [0.5, -0.5]}
							}
						},
						{
							"origin": [2.84506, 3, -5.27459],
							"size": [1, 2, 1],
							"pivot": [3.47349, 4.30904, 6.79771],
							"rotation": [0, 62, 0],
							"uv": {
								"north": {"uv": [8.5, 35], "uv_size": [0.5, 1]},
								"east": {"uv": [15, 35], "uv_size": [0.5, 1]},
								"south": {"uv": [15.5, 35], "uv_size": [0.5, 1]},
								"west": {"uv": [16, 35], "uv_size": [0.5, 1]},
								"up": {"uv": [36.5, 9.5], "uv_size": [0.5, 0.5]},
								"down": {"uv": [36.5, 10.5], "uv_size": [0.5, -0.5]}
							}
						}
					]
				},
				{
					"name": "bone10",
					"parent": "cushion",
					"pivot": [1.7093, 4, 0.1317],
					"rotation": [0, 35, 0],
					"cubes": [
						{
							"origin": [3.05777, 3, -5.25184],
							"size": [1, 2, 1],
							"pivot": [2.25204, 4.30904, -2.18803],
							"rotation": [0, 9.5, 0],
							"uv": {
								"north": {"uv": [16.5, 35], "uv_size": [0.5, 1]},
								"east": {"uv": [24, 35], "uv_size": [0.5, 1]},
								"south": {"uv": [24.5, 35], "uv_size": [0.5, 1]},
								"west": {"uv": [25, 35], "uv_size": [0.5, 1]},
								"up": {"uv": [36.5, 10.5], "uv_size": [0.5, 0.5]},
								"down": {"uv": [36.5, 11.5], "uv_size": [0.5, -0.5]}
							}
						},
						{
							"origin": [4.3037, 3, -3.02422],
							"size": [1, 2, 1],
							"pivot": [2.25204, 4.30904, -2.18803],
							"rotation": [0, 56, 0],
							"uv": {
								"north": {"uv": [25.5, 35], "uv_size": [0.5, 1]},
								"east": {"uv": [26, 35], "uv_size": [0.5, 1]},
								"south": {"uv": [26.5, 35], "uv_size": [0.5, 1]},
								"west": {"uv": [27, 35], "uv_size": [0.5, 1]},
								"up": {"uv": [36.5, 11.5], "uv_size": [0.5, 0.5]},
								"down": {"uv": [36.5, 12.5], "uv_size": [0.5, -0.5]}
							}
						},
						{
							"origin": [5.00204, 3, -3.7608],
							"size": [1, 2, 1],
							"pivot": [2.25204, 4.30904, -2.18803],
							"rotation": [0, 55, 0],
							"uv": {
								"north": {"uv": [27.5, 35], "uv_size": [0.5, 1]},
								"east": {"uv": [28, 35], "uv_size": [0.5, 1]},
								"south": {"uv": [28.5, 35], "uv_size": [0.5, 1]},
								"west": {"uv": [34, 35], "uv_size": [0.5, 1]},
								"up": {"uv": [36.5, 12.5], "uv_size": [0.5, 0.5]},
								"down": {"uv": [36.5, 13.5], "uv_size": [0.5, -0.5]}
							}
						}
					]
				},
				{
					"name": "cushion3",
					"pivot": [-4.5, 3, -1.5],
					"cubes": [
						{
							"origin": [-11.4, 3, -2.65],
							"size": [7.9, 2, 6.6],
							"pivot": [-2.17665, 4.30904, -4.07981],
							"rotation": [0, 89.5, 0],
							"uv": {
								"north": {"uv": [30.5, 29.5], "uv_size": [4, 1]},
								"east": {"uv": [31.5, 24], "uv_size": [3.5, 1]},
								"south": {"uv": [0, 31], "uv_size": [4, 1]},
								"west": {"uv": [0, 32], "uv_size": [3.5, 1]},
								"up": {"uv": [23, 4.5], "uv_size": [4, 3.5]},
								"down": {"uv": [23, 15.5], "uv_size": [4, -3.5]}
							}
						},
						{
							"origin": [-12.075, 3, -1.05],
							"size": [9.525, 2, 3.45],
							"pivot": [-2.17665, 4.30904, -4.07981],
							"rotation": [0, 89.5, 0],
							"uv": {
								"north": {"uv": [28, 20], "uv_size": [5, 1]},
								"east": {"uv": [32.5, 31.5], "uv_size": [1.5, 1]},
								"south": {"uv": [13, 28.5], "uv_size": [5, 1]},
								"west": {"uv": [33, 1], "uv_size": [1.5, 1]},
								"up": {"uv": [27, 4], "uv_size": [5, 1.5]},
								"down": {"uv": [27, 7], "uv_size": [5, -1.5]}
							}
						}
					]
				},
				{
					"name": "bone5",
					"parent": "cushion3",
					"pivot": [-8.32657, 4, 5.15237],
					"rotation": [0, 127.5, 0],
					"cubes": [
						{
							"origin": [-16.76127, 3, 13.89894],
							"size": [1, 2, 1],
							"pivot": [-8.15901, 4.30904, 16.81416],
							"rotation": [0, 9.5, 0],
							"uv": {
								"north": {"uv": [35, 35], "uv_size": [0.5, 1]},
								"east": {"uv": [35, 1], "uv_size": [0.5, 1]},
								"south": {"uv": [35, 2], "uv_size": [0.5, 1]},
								"west": {"uv": [35, 3], "uv_size": [0.5, 1]},
								"up": {"uv": [36.5, 13.5], "uv_size": [0.5, 0.5]},
								"down": {"uv": [36.5, 15.5], "uv_size": [0.5, -0.5]}
							}
						},
						{
							"origin": [-12.95218, 3, 9.41873],
							"size": [1, 2, 1],
							"pivot": [-8.15901, 4.30904, 16.81416],
							"rotation": [0, 54, 0],
							"uv": {
								"north": {"uv": [35, 7], "uv_size": [0.5, 1]},
								"east": {"uv": [35, 10], "uv_size": [0.5, 1]},
								"south": {"uv": [35, 12.5], "uv_size": [0.5, 1]},
								"west": {"uv": [35, 13.5], "uv_size": [0.5, 1]},
								"up": {"uv": [36.5, 15.5], "uv_size": [0.5, 0.5]},
								"down": {"uv": [36.5, 16.5], "uv_size": [0.5, -0.5]}
							}
						},
						{
							"origin": [-12.53177, 3, 8.85323],
							"size": [1, 2, 1],
							"pivot": [-8.15901, 4.30904, 16.81416],
							"rotation": [0, 52, 0],
							"uv": {
								"north": {"uv": [35, 14.5], "uv_size": [0.5, 1]},
								"east": {"uv": [35, 17], "uv_size": [0.5, 1]},
								"south": {"uv": [35, 18], "uv_size": [0.5, 1]},
								"west": {"uv": [35, 19], "uv_size": [0.5, 1]},
								"up": {"uv": [36.5, 19.5], "uv_size": [0.5, 0.5]},
								"down": {"uv": [36.5, 20.5], "uv_size": [0.5, -0.5]}
							}
						}
					]
				},
				{
					"name": "bone6",
					"parent": "cushion3",
					"pivot": [-0.3907, 4, 5.2567],
					"rotation": [0, -145, 0],
					"cubes": [
						{
							"origin": [-9.83114, 3, 7.58126],
							"size": [1, 2, 1],
							"pivot": [-5.59323, 4.30904, 10.57008],
							"rotation": [0, 9.5, 0],
							"uv": {
								"north": {"uv": [35, 20], "uv_size": [0.5, 1]},
								"east": {"uv": [35, 21], "uv_size": [0.5, 1]},
								"south": {"uv": [35, 22], "uv_size": [0.5, 1]},
								"west": {"uv": [35, 23], "uv_size": [0.5, 1]},
								"up": {"uv": [36.5, 20.5], "uv_size": [0.5, 0.5]},
								"down": {"uv": [36.5, 21.5], "uv_size": [0.5, -0.5]}
							}
						},
						{
							"origin": [-7.22194, 3, 6.18117],
							"size": [1, 2, 1],
							"pivot": [-5.59323, 4.30904, 10.57008],
							"rotation": [0, 54, 0],
							"uv": {
								"north": {"uv": [35, 24], "uv_size": [0.5, 1]},
								"east": {"uv": [35, 25], "uv_size": [0.5, 1]},
								"south": {"uv": [35, 26], "uv_size": [0.5, 1]},
								"west": {"uv": [35, 27], "uv_size": [0.5, 1]},
								"up": {"uv": [36.5, 21.5], "uv_size": [0.5, 0.5]},
								"down": {"uv": [36.5, 22.5], "uv_size": [0.5, -0.5]}
							}
						},
						{
							"origin": [-6.69852, 3, 5.5034],
							"size": [1, 2, 1],
							"pivot": [-5.59323, 4.30904, 10.57008],
							"rotation": [0, 52, 0],
							"uv": {
								"north": {"uv": [35, 28], "uv_size": [0.5, 1]},
								"east": {"uv": [35, 29], "uv_size": [0.5, 1]},
								"south": {"uv": [35, 30], "uv_size": [0.5, 1]},
								"west": {"uv": [35, 31], "uv_size": [0.5, 1]},
								"up": {"uv": [36.5, 22.5], "uv_size": [0.5, 0.5]},
								"down": {"uv": [36.5, 23.5], "uv_size": [0.5, -0.5]}
							}
						}
					]
				},
				{
					"name": "bone11",
					"parent": "cushion3",
					"pivot": [-0.3907, 4, 0.1317],
					"rotation": [0, -61.5, 0],
					"cubes": [
						{
							"origin": [-3.49771, 3, -2.30464],
							"size": [1, 2, 1],
							"pivot": [-1.75492, 4.30904, -1.99046],
							"rotation": [0, 9.5, 0],
							"uv": {
								"north": {"uv": [35, 32], "uv_size": [0.5, 1]},
								"east": {"uv": [35, 33], "uv_size": [0.5, 1]},
								"south": {"uv": [35, 34], "uv_size": [0.5, 1]},
								"west": {"uv": [7, 35.5], "uv_size": [0.5, 1]},
								"up": {"uv": [36.5, 23.5], "uv_size": [0.5, 0.5]},
								"down": {"uv": [36.5, 24.5], "uv_size": [0.5, -0.5]}
							}
						},
						{
							"origin": [-3.36832, 3, -2.94156],
							"size": [1, 2, 1],
							"pivot": [-1.75492, 4.30904, -1.99046],
							"rotation": [0, 61.5, 0],
							"uv": {
								"north": {"uv": [7.5, 35.5], "uv_size": [0.5, 1]},
								"east": {"uv": [9, 35.5], "uv_size": [0.5, 1]},
								"south": {"uv": [9.5, 35.5], "uv_size": [0.5, 1]},
								"west": {"uv": [10, 35.5], "uv_size": [0.5, 1]},
								"up": {"uv": [36.5, 24.5], "uv_size": [0.5, 0.5]},
								"down": {"uv": [36.5, 25.5], "uv_size": [0.5, -0.5]}
							}
						},
						{
							"origin": [-2.5666, 3, -3.56436],
							"size": [1, 2, 1],
							"pivot": [-1.75492, 4.30904, -1.99046],
							"rotation": [0, 62, 0],
							"uv": {
								"north": {"uv": [10.5, 35.5], "uv_size": [0.5, 1]},
								"east": {"uv": [11, 35.5], "uv_size": [0.5, 1]},
								"south": {"uv": [11.5, 35.5], "uv_size": [0.5, 1]},
								"west": {"uv": [12, 35.5], "uv_size": [0.5, 1]},
								"up": {"uv": [36.5, 25.5], "uv_size": [0.5, 0.5]},
								"down": {"uv": [36.5, 26.5], "uv_size": [0.5, -0.5]}
							}
						}
					]
				},
				{
					"name": "bone12",
					"parent": "cushion3",
					"pivot": [-8.2907, 4, 0.1317],
					"rotation": [0, 35, 0],
					"cubes": [
						{
							"origin": [-5.82178, 3, 7.55499],
							"size": [1, 2, 1],
							"pivot": [0.44356, 4.30904, 3.54774],
							"rotation": [0, 9.5, 0],
							"uv": {
								"north": {"uv": [12.5, 35.5], "uv_size": [0.5, 1]},
								"east": {"uv": [13, 35.5], "uv_size": [0.5, 1]},
								"south": {"uv": [13.5, 35.5], "uv_size": [0.5, 1]},
								"west": {"uv": [14, 35.5], "uv_size": [0.5, 1]},
								"up": {"uv": [36.5, 26.5], "uv_size": [0.5, 0.5]},
								"down": {"uv": [36.5, 27.5], "uv_size": [0.5, -0.5]}
							}
						},
						{
							"origin": [-7.50136, 3, 2.44978],
							"size": [1, 2, 1],
							"pivot": [0.44356, 4.30904, 3.54774],
							"rotation": [0, 56, 0],
							"uv": {
								"north": {"uv": [14.5, 35.5], "uv_size": [0.5, 1]},
								"east": {"uv": [20, 35.5], "uv_size": [0.5, 1]},
								"south": {"uv": [20.5, 35.5], "uv_size": [0.5, 1]},
								"west": {"uv": [21, 35.5], "uv_size": [0.5, 1]},
								"up": {"uv": [36.5, 27.5], "uv_size": [0.5, 0.5]},
								"down": {"uv": [36.5, 28.5], "uv_size": [0.5, -0.5]}
							}
						},
						{
							"origin": [-6.80606, 3, 1.8877],
							"size": [1, 2, 1],
							"pivot": [0.44356, 4.30904, 3.54774],
							"rotation": [0, 55, 0],
							"uv": {
								"north": {"uv": [21.5, 35.5], "uv_size": [0.5, 1]},
								"east": {"uv": [22, 35.5], "uv_size": [0.5, 1]},
								"south": {"uv": [22.5, 35.5], "uv_size": [0.5, 1]},
								"west": {"uv": [23, 35.5], "uv_size": [0.5, 1]},
								"up": {"uv": [36.5, 28.5], "uv_size": [0.5, 0.5]},
								"down": {"uv": [36.5, 29.5], "uv_size": [0.5, -0.5]}
							}
						}
					]
				},
				{
					"name": "cushion4",
					"pivot": [-7.46042, 1.33333, -7.3125],
					"rotation": [0, 90, 0],
					"cubes": [
						{
							"origin": [-10.08266, 3, -6.87626],
							"size": [6.6, 2, 6.6],
							"pivot": [-12.6931, 4.30904, 0.97126],
							"rotation": [0, 89.5, 0],
							"uv": {
								"north": {"uv": [3.5, 32], "uv_size": [3.5, 1]},
								"east": {"uv": [32, 4], "uv_size": [3.5, 1]},
								"south": {"uv": [32, 5], "uv_size": [3.5, 1]},
								"west": {"uv": [32, 6], "uv_size": [3.5, 1]},
								"up": {"uv": [0, 25.5], "uv_size": [3.5, 3.5]},
								"down": {"uv": [3.5, 29], "uv_size": [3.5, -3.5]}
							}
						},
						{
							"origin": [-11.03266, 3, -5.27626],
							"size": [8.5, 2, 3.45],
							"pivot": [-12.6931, 4.30904, 0.97126],
							"rotation": [0, 89.5, 0],
							"uv": {
								"north": {"uv": [30, 21], "uv_size": [4.5, 1]},
								"east": {"uv": [33, 2], "uv_size": [1.5, 1]},
								"south": {"uv": [30, 22], "uv_size": [4.5, 1]},
								"west": {"uv": [33, 3], "uv_size": [1.5, 1]},
								"up": {"uv": [0, 20], "uv_size": [4.5, 1.5]},
								"down": {"uv": [27.5, 10.5], "uv_size": [4.5, -1.5]}
							}
						}
					]
				},
				{
					"name": "bone13",
					"parent": "cushion4",
					"pivot": [-14.32657, 4, -3.04763],
					"rotation": [0, 127.5, 0],
					"cubes": [
						{
							"origin": [-15.97004, 3, -4.22054],
							"size": [1, 2, 1],
							"pivot": [-18.50937, 4.30904, -4.19826],
							"rotation": [0, 9.5, 0],
							"uv": {
								"north": {"uv": [23.5, 35.5], "uv_size": [0.5, 1]},
								"east": {"uv": [29, 35.5], "uv_size": [0.5, 1]},
								"south": {"uv": [29.5, 35.5], "uv_size": [0.5, 1]},
								"west": {"uv": [30, 35.5], "uv_size": [0.5, 1]},
								"up": {"uv": [36.5, 29.5], "uv_size": [0.5, 0.5]},
								"down": {"uv": [36.5, 30.5], "uv_size": [0.5, -0.5]}
							}
						},
						{
							"origin": [-17.38349, 3, -1.72106],
							"size": [1, 2, 1],
							"pivot": [-18.50937, 4.30904, -4.19826],
							"rotation": [0, 54, 0],
							"uv": {
								"north": {"uv": [30.5, 35.5], "uv_size": [0.5, 1]},
								"east": {"uv": [31, 35.5], "uv_size": [0.5, 1]},
								"south": {"uv": [31.5, 35.5], "uv_size": [0.5, 1]},
								"west": {"uv": [32, 35.5], "uv_size": [0.5, 1]},
								"up": {"uv": [36.5, 30.5], "uv_size": [0.5, 0.5]},
								"down": {"uv": [36.5, 31.5], "uv_size": [0.5, -0.5]}
							}
						},
						{
							"origin": [-16.62213, 3, -2.49914],
							"size": [1, 2, 1],
							"pivot": [-18.50937, 4.30904, -4.19826],
							"rotation": [0, 52, 0],
							"uv": {
								"north": {"uv": [32.5, 35.5], "uv_size": [0.5, 1]},
								"east": {"uv": [34.5, 35.5], "uv_size": [0.5, 1]},
								"south": {"uv": [35.5, 35.5], "uv_size": [0.5, 1]},
								"west": {"uv": [35.5, 1], "uv_size": [0.5, 1]},
								"up": {"uv": [36.5, 31.5], "uv_size": [0.5, 0.5]},
								"down": {"uv": [36.5, 32.5], "uv_size": [0.5, -0.5]}
							}
						}
					]
				},
				{
					"name": "bone14",
					"parent": "cushion4",
					"pivot": [-6.3907, 4, -2.9433],
					"rotation": [0, -145, 0],
					"cubes": [
						{
							"origin": [-4.84705, 3, 4.95552],
							"size": [1, 2, 1],
							"pivot": [1.01723, 4.30904, -2.535],
							"rotation": [0, 9.5, 0],
							"uv": {
								"north": {"uv": [35.5, 2], "uv_size": [0.5, 1]},
								"east": {"uv": [35.5, 3], "uv_size": [0.5, 1]},
								"south": {"uv": [35.5, 4], "uv_size": [0.5, 1]},
								"west": {"uv": [35.5, 5], "uv_size": [0.5, 1]},
								"up": {"uv": [36.5, 32.5], "uv_size": [0.5, 0.5]},
								"down": {"uv": [36.5, 33.5], "uv_size": [0.5, -0.5]}
							}
						},
						{
							"origin": [-9.11656, 3, -0.58947],
							"size": [1, 2, 1],
							"pivot": [1.01723, 4.30904, -2.535],
							"rotation": [0, 54, 0],
							"uv": {
								"north": {"uv": [35.5, 6], "uv_size": [0.5, 1]},
								"east": {"uv": [35.5, 7], "uv_size": [0.5, 1]},
								"south": {"uv": [35.5, 9], "uv_size": [0.5, 1]},
								"west": {"uv": [35.5, 10], "uv_size": [0.5, 1]},
								"up": {"uv": [36.5, 33.5], "uv_size": [0.5, 0.5]},
								"down": {"uv": [36.5, 34.5], "uv_size": [0.5, -0.5]}
							}
						},
						{
							"origin": [-8.3669, 3, -0.97426],
							"size": [1, 2, 1],
							"pivot": [1.01723, 4.30904, -2.535],
							"rotation": [0, 52, 0],
							"uv": {
								"north": {"uv": [35.5, 11], "uv_size": [0.5, 1]},
								"east": {"uv": [35.5, 12], "uv_size": [0.5, 1]},
								"south": {"uv": [35.5, 13], "uv_size": [0.5, 1]},
								"west": {"uv": [35.5, 14], "uv_size": [0.5, 1]},
								"up": {"uv": [36.5, 34.5], "uv_size": [0.5, 0.5]},
								"down": {"uv": [36.5, 35.5], "uv_size": [0.5, -0.5]}
							}
						}
					]
				},
				{
					"name": "bone15",
					"parent": "cushion4",
					"pivot": [-6.3907, 4, -8.0683],
					"rotation": [0, -61.5, 0],
					"cubes": [
						{
							"origin": [-13.7927, 3, 1.03986],
							"size": [1, 2, 1],
							"pivot": [-1.45382, 4.30904, 1.78367],
							"rotation": [0, 9.5, 0],
							"uv": {
								"north": {"uv": [35.5, 16.5], "uv_size": [0.5, 1]},
								"east": {"uv": [35.5, 17.5], "uv_size": [0.5, 1]},
								"south": {"uv": [35.5, 18.5], "uv_size": [0.5, 1]},
								"west": {"uv": [35.5, 19.5], "uv_size": [0.5, 1]},
								"up": {"uv": [36.5, 35.5], "uv_size": [0.5, 0.5]},
								"down": {"uv": [36.5, 36.5], "uv_size": [0.5, -0.5]}
							}
						},
						{
							"origin": [-9.25228, 3, -7.78177],
							"size": [1, 2, 1],
							"pivot": [-1.45382, 4.30904, 1.78367],
							"rotation": [0, 61.5, 0],
							"uv": {
								"north": {"uv": [35.5, 20.5], "uv_size": [0.5, 1]},
								"east": {"uv": [35.5, 21.5], "uv_size": [0.5, 1]},
								"south": {"uv": [35.5, 22.5], "uv_size": [0.5, 1]},
								"west": {"uv": [35.5, 23.5], "uv_size": [0.5, 1]},
								"up": {"uv": [0, 37], "uv_size": [0.5, 0.5]},
								"down": {"uv": [0.5, 37.5], "uv_size": [0.5, -0.5]}
							}
						},
						{
							"origin": [-8.37516, 3, -8.45822],
							"size": [1, 2, 1],
							"pivot": [-1.45382, 4.30904, 1.78367],
							"rotation": [0, 62, 0],
							"uv": {
								"north": {"uv": [35.5, 24.5], "uv_size": [0.5, 1]},
								"east": {"uv": [35.5, 25.5], "uv_size": [0.5, 1]},
								"south": {"uv": [35.5, 26.5], "uv_size": [0.5, 1]},
								"west": {"uv": [35.5, 27.5], "uv_size": [0.5, 1]},
								"up": {"uv": [1, 37], "uv_size": [0.5, 0.5]},
								"down": {"uv": [1.5, 37.5], "uv_size": [0.5, -0.5]}
							}
						}
					]
				},
				{
					"name": "bone16",
					"parent": "cushion4",
					"pivot": [-14.2907, 4, -8.0683],
					"rotation": [0, 35, 0],
					"cubes": [
						{
							"origin": [-22.02805, 3, -6.99709],
							"size": [1, 2, 1],
							"pivot": [-18.1669, 4.30904, 0.25282],
							"rotation": [0, 9.5, 0],
							"uv": {
								"north": {"uv": [35.5, 28.5], "uv_size": [0.5, 1]},
								"east": {"uv": [35.5, 29.5], "uv_size": [0.5, 1]},
								"south": {"uv": [35.5, 30.5], "uv_size": [0.5, 1]},
								"west": {"uv": [35.5, 31.5], "uv_size": [0.5, 1]},
								"up": {"uv": [2, 37], "uv_size": [0.5, 0.5]},
								"down": {"uv": [2.5, 37.5], "uv_size": [0.5, -0.5]}
							}
						},
						{
							"origin": [-16.29122, 3, -6.85012],
							"size": [1, 2, 1],
							"pivot": [-18.1669, 4.30904, 0.25282],
							"rotation": [0, 56, 0],
							"uv": {
								"north": {"uv": [35.5, 32.5], "uv_size": [0.5, 1]},
								"east": {"uv": [35.5, 33.5], "uv_size": [0.5, 1]},
								"south": {"uv": [35.5, 34.5], "uv_size": [0.5, 1]},
								"west": {"uv": [0, 36], "uv_size": [0.5, 1]},
								"up": {"uv": [3, 37], "uv_size": [0.5, 0.5]},
								"down": {"uv": [3.5, 37.5], "uv_size": [0.5, -0.5]}
							}
						},
						{
							"origin": [-15.70222, 3, -7.58268],
							"size": [1, 2, 1],
							"pivot": [-18.1669, 4.30904, 0.25282],
							"rotation": [0, 55, 0],
							"uv": {
								"north": {"uv": [0.5, 36], "uv_size": [0.5, 1]},
								"east": {"uv": [1, 36], "uv_size": [0.5, 1]},
								"south": {"uv": [1.5, 36], "uv_size": [0.5, 1]},
								"west": {"uv": [2, 36], "uv_size": [0.5, 1]},
								"up": {"uv": [4, 37], "uv_size": [0.5, 0.5]},
								"down": {"uv": [4.5, 37.5], "uv_size": [0.5, -0.5]}
							}
						}
					]
				},
				{
					"name": "cushion5",
					"pivot": [-7.46042, 1.33333, -17.0125],
					"rotation": [0, 90, 0],
					"cubes": [
						{
							"origin": [-11.38266, 3, -16.57626],
							"size": [7.9, 2, 6.6],
							"pivot": [-22.3931, 4.30904, -8.72874],
							"rotation": [0, 89.5, 0],
							"uv": {
								"north": {"uv": [4, 31], "uv_size": [4, 1]},
								"east": {"uv": [32, 9], "uv_size": [3.5, 1]},
								"south": {"uv": [17, 31.5], "uv_size": [4, 1]},
								"west": {"uv": [32, 11.5], "uv_size": [3.5, 1]},
								"up": {"uv": [10, 23.5], "uv_size": [4, 3.5]},
								"down": {"uv": [14, 27], "uv_size": [4, -3.5]}
							}
						},
						{
							"origin": [-12.05766, 3, -14.97626],
							"size": [9.525, 2, 3.45],
							"pivot": [-22.3931, 4.30904, -8.72874],
							"rotation": [0, 89.5, 0],
							"uv": {
								"north": {"uv": [0, 29], "uv_size": [5, 1]},
								"east": {"uv": [33, 12.5], "uv_size": [1.5, 1]},
								"south": {"uv": [5, 29], "uv_size": [5, 1]},
								"west": {"uv": [33, 13.5], "uv_size": [1.5, 1]},
								"up": {"uv": [27, 12], "uv_size": [5, 1.5]},
								"down": {"uv": [27, 15], "uv_size": [5, -1.5]}
							}
						}
					]
				},
				{
					"name": "bone17",
					"parent": "cushion5",
					"pivot": [-14.32657, 4, -12.74763],
					"rotation": [0, 127.5, 0],
					"cubes": [
						{
							"origin": [-4.25498, 3, -15.27548],
							"size": [1, 2, 1],
							"pivot": [-12.60438, 4.30904, -21.59379],
							"rotation": [0, 9.5, 0],
							"uv": {
								"north": {"uv": [2.5, 36], "uv_size": [0.5, 1]},
								"east": {"uv": [3, 36], "uv_size": [0.5, 1]},
								"south": {"uv": [3.5, 36], "uv_size": [0.5, 1]},
								"west": {"uv": [4, 36], "uv_size": [0.5, 1]},
								"up": {"uv": [5, 37], "uv_size": [0.5, 0.5]},
								"down": {"uv": [5.5, 37.5], "uv_size": [0.5, -0.5]}
							}
						},
						{
							"origin": [-11.77864, 3, -10.52183],
							"size": [1, 2, 1],
							"pivot": [-12.60438, 4.30904, -21.59379],
							"rotation": [0, 54, 0],
							"uv": {
								"north": {"uv": [4.5, 36], "uv_size": [0.5, 1]},
								"east": {"uv": [5, 36], "uv_size": [0.5, 1]},
								"south": {"uv": [5.5, 36], "uv_size": [0.5, 1]},
								"west": {"uv": [6, 36], "uv_size": [0.5, 1]},
								"up": {"uv": [6, 37], "uv_size": [0.5, 0.5]},
								"down": {"uv": [6.5, 37.5], "uv_size": [0.5, -0.5]}
							}
						},
						{
							"origin": [-10.71714, 3, -11.29467],
							"size": [1, 2, 1],
							"pivot": [-12.60438, 4.30904, -21.59379],
							"rotation": [0, 52, 0],
							"uv": {
								"north": {"uv": [6.5, 36], "uv_size": [0.5, 1]},
								"east": {"uv": [8, 36], "uv_size": [0.5, 1]},
								"south": {"uv": [8.5, 36], "uv_size": [0.5, 1]},
								"west": {"uv": [15, 36], "uv_size": [0.5, 1]},
								"up": {"uv": [7, 37], "uv_size": [0.5, 0.5]},
								"down": {"uv": [7.5, 37.5], "uv_size": [0.5, -0.5]}
							}
						}
					]
				},
				{
					"name": "bone18",
					"parent": "cushion5",
					"pivot": [-6.3907, 4, -12.6433],
					"rotation": [0, -145, 0],
					"cubes": [
						{
							"origin": [-3.76021, 3, 7.67815],
							"size": [1, 2, 1],
							"pivot": [8.96301, 4.30904, -6.67131],
							"rotation": [0, 9.5, 0],
							"uv": {
								"north": {"uv": [15.5, 36], "uv_size": [0.5, 1]},
								"east": {"uv": [16, 36], "uv_size": [0.5, 1]},
								"south": {"uv": [16.5, 36], "uv_size": [0.5, 1]},
								"west": {"uv": [17, 36], "uv_size": [0.5, 1]},
								"up": {"uv": [8, 37], "uv_size": [0.5, 0.5]},
								"down": {"uv": [8.5, 37.5], "uv_size": [0.5, -0.5]}
							}
						},
						{
							"origin": [-10.87042, 3, -4.64113],
							"size": [1, 2, 1],
							"pivot": [8.96301, 4.30904, -6.67131],
							"rotation": [0, 54, 0],
							"uv": {
								"north": {"uv": [17.5, 36], "uv_size": [0.5, 1]},
								"east": {"uv": [18, 36], "uv_size": [0.5, 1]},
								"south": {"uv": [18.5, 36], "uv_size": [0.5, 1]},
								"west": {"uv": [19, 36], "uv_size": [0.5, 1]},
								"up": {"uv": [9, 37], "uv_size": [0.5, 0.5]},
								"down": {"uv": [9.5, 37.5], "uv_size": [0.5, -0.5]}
							}
						},
						{
							"origin": [-10.11189, 3, -4.68746],
							"size": [1, 2, 1],
							"pivot": [8.96301, 4.30904, -6.67131],
							"rotation": [0, 52, 0],
							"uv": {
								"north": {"uv": [19.5, 36], "uv_size": [0.5, 1]},
								"east": {"uv": [24, 36], "uv_size": [0.5, 1]},
								"south": {"uv": [24.5, 36], "uv_size": [0.5, 1]},
								"west": {"uv": [25, 36], "uv_size": [0.5, 1]},
								"up": {"uv": [10, 37], "uv_size": [0.5, 0.5]},
								"down": {"uv": [10.5, 37.5], "uv_size": [0.5, -0.5]}
							}
						}
					]
				},
				{
					"name": "bone19",
					"parent": "cushion5",
					"pivot": [-6.3907, 4, -17.7683],
					"rotation": [0, -61.5, 0],
					"cubes": [
						{
							"origin": [-26.01244, 3, -6.174],
							"size": [1, 2, 1],
							"pivot": [-6.08226, 4.30904, 0.6082],
							"rotation": [0, 9.5, 0],
							"uv": {
								"north": {"uv": [25.5, 36], "uv_size": [0.5, 1]},
								"east": {"uv": [26, 36], "uv_size": [0.5, 1]},
								"south": {"uv": [26.5, 36], "uv_size": [0.5, 1]},
								"west": {"uv": [27, 36], "uv_size": [0.5, 1]},
								"up": {"uv": [11, 37], "uv_size": [0.5, 0.5]},
								"down": {"uv": [11.5, 37.5], "uv_size": [0.5, -0.5]}
							}
						},
						{
							"origin": [-13.79607, 3, -18.65687],
							"size": [1, 2, 1],
							"pivot": [-6.08226, 4.30904, 0.6082],
							"rotation": [0, 61.5, 0],
							"uv": {
								"north": {"uv": [27.5, 36], "uv_size": [0.5, 1]},
								"east": {"uv": [28, 36], "uv_size": [0.5, 1]},
								"south": {"uv": [28.5, 36], "uv_size": [0.5, 1]},
								"west": {"uv": [33, 36], "uv_size": [0.5, 1]},
								"up": {"uv": [12, 37], "uv_size": [0.5, 0.5]},
								"down": {"uv": [12.5, 37.5], "uv_size": [0.5, -0.5]}
							}
						},
						{
							"origin": [-12.83431, 3, -19.33221],
							"size": [1, 2, 1],
							"pivot": [-6.08226, 4.30904, 0.6082],
							"rotation": [0, 62, 0],
							"uv": {
								"north": {"uv": [33.5, 36], "uv_size": [0.5, 1]},
								"east": {"uv": [34, 36], "uv_size": [0.5, 1]},
								"south": {"uv": [35, 36], "uv_size": [0.5, 1]},
								"west": {"uv": [36, 36], "uv_size": [0.5, 1]},
								"up": {"uv": [13, 37], "uv_size": [0.5, 0.5]},
								"down": {"uv": [13.5, 37.5], "uv_size": [0.5, -0.5]}
							}
						}
					]
				},
				{
					"name": "bone20",
					"parent": "cushion5",
					"pivot": [-14.2907, 4, -17.7683],
					"rotation": [0, 35, 0],
					"cubes": [
						{
							"origin": [-23.89271, 3, -28.3419],
							"size": [1, 2, 1],
							"pivot": [-26.11268, 4.30904, -15.01087],
							"rotation": [0, 9.5, 0],
							"uv": {
								"north": {"uv": [36, 1], "uv_size": [0.5, 1]},
								"east": {"uv": [36, 2], "uv_size": [0.5, 1]},
								"south": {"uv": [36, 3], "uv_size": [0.5, 1]},
								"west": {"uv": [36, 4], "uv_size": [0.5, 1]},
								"up": {"uv": [14, 37], "uv_size": [0.5, 0.5]},
								"down": {"uv": [14.5, 37.5], "uv_size": [0.5, -0.5]}
							}
						},
						{
							"origin": [-15.63994, 3, -21.88869],
							"size": [1, 2, 1],
							"pivot": [-26.11268, 4.30904, -15.01087],
							"rotation": [0, 56, 0],
							"uv": {
								"north": {"uv": [36, 5], "uv_size": [0.5, 1]},
								"east": {"uv": [36, 6], "uv_size": [0.5, 1]},
								"south": {"uv": [36, 7], "uv_size": [0.5, 1]},
								"west": {"uv": [36, 9], "uv_size": [0.5, 1]},
								"up": {"uv": [15, 37], "uv_size": [0.5, 0.5]},
								"down": {"uv": [15.5, 37.5], "uv_size": [0.5, -0.5]}
							}
						},
						{
							"origin": [-15.04832, 3, -22.77132],
							"size": [1, 2, 1],
							"pivot": [-26.11268, 4.30904, -15.01087],
							"rotation": [0, 55, 0],
							"uv": {
								"north": {"uv": [36, 10], "uv_size": [0.5, 1]},
								"east": {"uv": [36, 11], "uv_size": [0.5, 1]},
								"south": {"uv": [36, 12], "uv_size": [0.5, 1]},
								"west": {"uv": [36, 13], "uv_size": [0.5, 1]},
								"up": {"uv": [16, 37], "uv_size": [0.5, 0.5]},
								"down": {"uv": [16.5, 37.5], "uv_size": [0.5, -0.5]}
							}
						}
					]
				},
				{
					"name": "cushionup",
					"pivot": [-8.3, 7, -18.6],
					"cubes": [
						{
							"origin": [-12.3, 11.1, -20.3],
							"size": [2, 0.4, 8.5],
							"pivot": [-2.17665, 4.30904, -4.07981],
							"rotation": [0, 89.5, 0],
							"uv": {
								"north": {"uv": [33, 32.5], "uv_size": [1, 0.5]},
								"east": {"uv": [18.5, 18], "uv_size": [4.5, 0.5]},
								"south": {"uv": [35.5, 15], "uv_size": [1, 0.5]},
								"west": {"uv": [23, 16.5], "uv_size": [4.5, 0.5]},
								"up": {"uv": [9, 30], "uv_size": [1, 4.5]},
								"down": {"uv": [10, 34.5], "uv_size": [1, -4.5]}
							}
						},
						{
							"origin": [-12.3, 5, -20.6],
							"size": [2, 6.1, 9.2],
							"pivot": [-2.17665, 4.30904, -4.07981],
							"rotation": [0, 89.5, 0],
							"uv": {
								"north": {"uv": [32, 12.5], "uv_size": [1, 3]},
								"east": {"uv": [23.5, 1], "uv_size": [4.5, 3]},
								"south": {"uv": [20, 32.5], "uv_size": [1, 3]},
								"west": {"uv": [23.5, 18], "uv_size": [4.5, 3]},
								"up": {"uv": [11, 30], "uv_size": [1, 4.5]},
								"down": {"uv": [12, 34.5], "uv_size": [1, -4.5]}
							}
						}
					]
				},
				{
					"name": "cushionup2",
					"pivot": [-8.3, 7, -9.1],
					"cubes": [
						{
							"origin": [-12.3, 11.1, -10.8],
							"size": [2, 0.4, 7.6],
							"pivot": [-2.17665, 4.30904, -4.07981],
							"rotation": [0, 89.5, 0],
							"uv": {
								"north": {"uv": [36, 14], "uv_size": [1, 0.5]},
								"east": {"uv": [27.5, 16.5], "uv_size": [4, 0.5]},
								"south": {"uv": [36, 14.5], "uv_size": [1, 0.5]},
								"west": {"uv": [31.5, 16.5], "uv_size": [4, 0.5]},
								"up": {"uv": [21, 30.5], "uv_size": [1, 4]},
								"down": {"uv": [22, 34.5], "uv_size": [1, -4]}
							}
						},
						{
							"origin": [-12.3, 5, -11.1],
							"size": [2, 6.1, 8.3],
							"pivot": [-2.17665, 4.30904, -4.07981],
							"rotation": [0, 89.5, 0],
							"uv": {
								"north": {"uv": [29, 32.5], "uv_size": [1, 3]},
								"east": {"uv": [18, 26.5], "uv_size": [4, 3]},
								"south": {"uv": [30, 32.5], "uv_size": [1, 3]},
								"west": {"uv": [22, 26.5], "uv_size": [4, 3]},
								"up": {"uv": [23, 30.5], "uv_size": [1, 4]},
								"down": {"uv": [8, 35], "uv_size": [1, -4]}
							}
						}
					]
				},
				{
					"name": "cushionup3",
					"pivot": [-8.3, 7, -0.6],
					"cubes": [
						{
							"origin": [-12.3, 11.1, -2.3],
							"size": [2, 0.4, 5.6],
							"pivot": [-2.17665, 4.30904, -4.07981],
							"rotation": [0, 89.5, 0],
							"uv": {
								"north": {"uv": [36, 16.5], "uv_size": [1, 0.5]},
								"east": {"uv": [7, 28.5], "uv_size": [3, 0.5]},
								"south": {"uv": [36, 17], "uv_size": [1, 0.5]},
								"west": {"uv": [32.5, 11], "uv_size": [3, 0.5]},
								"up": {"uv": [31, 32.5], "uv_size": [1, 3]},
								"down": {"uv": [32, 35.5], "uv_size": [1, -3]}
							}
						},
						{
							"origin": [-12.3, 5, -2.6],
							"size": [2, 6.1, 6.3],
							"pivot": [-2.17665, 4.30904, -4.07981],
							"rotation": [0, 89.5, 0],
							"uv": {
								"north": {"uv": [0, 33], "uv_size": [1, 3]},
								"east": {"uv": [7, 25.5], "uv_size": [3, 3]},
								"south": {"uv": [1, 33], "uv_size": [1, 3]},
								"west": {"uv": [10, 27], "uv_size": [3, 3]},
								"up": {"uv": [2, 33], "uv_size": [1, 3]},
								"down": {"uv": [3, 36], "uv_size": [1, -3]}
							}
						}
					]
				},
				{
					"name": "cushionup4",
					"pivot": [-2.5, 9.675, 4.875],
					"rotation": [0, 90, 0],
					"cubes": [
						{
							"origin": [-0.48266, 11.1, 2.57374],
							"size": [2, 0.4, 6.7],
							"pivot": [4.45481, 4.30904, 8.19835],
							"rotation": [0, 89.5, 0],
							"uv": {
								"north": {"uv": [36, 17.5], "uv_size": [1, 0.5]},
								"east": {"uv": [23.5, 4], "uv_size": [3.5, 0.5]},
								"south": {"uv": [36, 18], "uv_size": [1, 0.5]},
								"west": {"uv": [31.5, 25], "uv_size": [3.5, 0.5]},
								"up": {"uv": [7, 32], "uv_size": [1, 3.5]},
								"down": {"uv": [17, 36], "uv_size": [1, -3.5]}
							}
						},
						{
							"origin": [-0.48266, 5, 2.27374],
							"size": [2, 6.1, 7.4],
							"pivot": [4.45481, 4.30904, 8.19835],
							"rotation": [0, 89.5, 0],
							"uv": {
								"north": {"uv": [4, 33], "uv_size": [1, 3]},
								"east": {"uv": [26, 26.5], "uv_size": [3.5, 3]},
								"south": {"uv": [5, 33], "uv_size": [1, 3]},
								"west": {"uv": [26.5, 21], "uv_size": [3.5, 3]},
								"up": {"uv": [18, 32.5], "uv_size": [1, 3.5]},
								"down": {"uv": [19, 36], "uv_size": [1, -3.5]}
							}
						}
					]
				},
				{
					"name": "cushionup5",
					"pivot": [5.4, 9.675, 4.875],
					"rotation": [0, 90, 0],
					"cubes": [
						{
							"origin": [7.41734, 11.1, 2.57374],
							"size": [2, 0.4, 8.8],
							"pivot": [12.35481, 4.30904, 0.29835],
							"rotation": [0, 89.5, 0],
							"uv": {
								"north": {"uv": [36, 18.5], "uv_size": [1, 0.5]},
								"east": {"uv": [27, 15], "uv_size": [4.5, 0.5]},
								"south": {"uv": [36, 19], "uv_size": [1, 0.5]},
								"west": {"uv": [27.5, 11.5], "uv_size": [4.5, 0.5]},
								"up": {"uv": [15, 30.5], "uv_size": [1, 4.5]},
								"down": {"uv": [16, 35], "uv_size": [1, -4.5]}
							}
						},
						{
							"origin": [7.41734, 5, 2.27374],
							"size": [2, 6.1, 9.5],
							"pivot": [12.35481, 4.30904, 0.29835],
							"rotation": [0, 89.5, 0],
							"uv": {
								"north": {"uv": [6, 33], "uv_size": [1, 3]},
								"east": {"uv": [5, 22.5], "uv_size": [5, 3]},
								"south": {"uv": [33, 33], "uv_size": [1, 3]},
								"west": {"uv": [22.5, 9], "uv_size": [5, 3]},
								"up": {"uv": [13, 29.5], "uv_size": [1, 5]},
								"down": {"uv": [14, 34.5], "uv_size": [1, -5]}
							}
						}
					]
				}
			]
		}
	]
}