{
	"format_version": "1.12.0",
	"minecraft:geometry": [
		{
			"description": {
				"identifier": "geometry.couchgrayoneperson",
				"texture_width": 64,
				"texture_height": 64,
				"visible_bounds_width": 3,
				"visible_bounds_height": 2.5,
				"visible_bounds_offset": [0, 0.75, 0]
			},
			"bones": [
				{
					"name": "unknown_bone",
					"pivot": [0, 0, 0],
					"cubes": [
						{
							"origin": [-8, 1, -7],
							"size": [16, 2, 14],
							"uv": {
								"north": {"uv": [16, 14], "uv_size": [16, 2]},
								"east": {"uv": [46, 9], "uv_size": [14, 2]},
								"south": {"uv": [46, 3], "uv_size": [16, 2]},
								"west": {"uv": [46, 11], "uv_size": [14, 2]},
								"up": {"uv": [0, 0], "uv_size": [16, 14]},
								"down": {"uv": [0, 28], "uv_size": [16, -14]}
							}
						},
						{
							"origin": [-5.9, 3, -6.6],
							"size": [11.8, 2.8, 12.3],
							"uv": {
								"north": {"uv": [0, 40], "uv_size": [12, 3]},
								"east": {"uv": [12, 42], "uv_size": [12, 3]},
								"south": {"uv": [0, 43], "uv_size": [12, 3]},
								"west": {"uv": [12, 45], "uv_size": [12, 3]},
								"up": {"uv": [0, 28], "uv_size": [12, 12]},
								"down": {"uv": [12, 42], "uv_size": [12, -12]}
							}
						},
						{
							"origin": [-5.9, 8, -1.7],
							"size": [11.8, 2.8, 7],
							"pivot": [0, 8, 3],
							"rotation": [-90, 0, 0],
							"uv": {
								"north": {"uv": [0, 46], "uv_size": [12, 3]},
								"east": {"uv": [46, 17], "uv_size": [7, 3]},
								"south": {"uv": [24, 46], "uv_size": [12, 3]},
								"west": {"uv": [46, 20], "uv_size": [7, 3]},
								"up": {"uv": [38, 24], "uv_size": [12, 7]},
								"down": {"uv": [38, 38], "uv_size": [12, -7]}
							}
						},
						{
							"origin": [-5.5, 15, 4.9],
							"size": [11, 2.8, 0.4],
							"pivot": [0, 15, 3],
							"rotation": [-90, 0, 0],
							"uv": {
								"north": {"uv": [36, 46], "uv_size": [11, 3]},
								"east": {"uv": [32, 24], "uv_size": [1, 3]},
								"south": {"uv": [46, 0], "uv_size": [11, 3]},
								"west": {"uv": [32, 27], "uv_size": [1, 3]},
								"up": {"uv": [0, 49], "uv_size": [11, 1]},
								"down": {"uv": [24, 50], "uv_size": [11, -1]}
							}
						},
						{
							"origin": [-8, 3, -6.9],
							"size": [2, 8, 13.9],
							"uv": {
								"north": {"uv": [18, 48], "uv_size": [2, 8]},
								"east": {"uv": [24, 30], "uv_size": [14, 8]},
								"south": {"uv": [20, 48], "uv_size": [2, 8]},
								"west": {"uv": [32, 0], "uv_size": [14, 8]},
								"up": {"uv": [47, 47], "uv_size": [2, 14]},
								"down": {"uv": [12, 62], "uv_size": [2, -14]}
							}
						},
						{
							"origin": [6, 3, -7],
							"size": [2, 8, 14],
							"uv": {
								"north": {"uv": [22, 48], "uv_size": [2, 8]},
								"east": {"uv": [32, 8], "uv_size": [14, 8]},
								"south": {"uv": [48, 38], "uv_size": [2, 8]},
								"west": {"uv": [32, 16], "uv_size": [14, 8]},
								"up": {"uv": [14, 48], "uv_size": [2, 14]},
								"down": {"uv": [16, 62], "uv_size": [2, -14]}
							}
						},
						{
							"origin": [-8, 1, -7],
							"size": [16, 2, 14],
							"uv": {
								"north": {"uv": [46, 5], "uv_size": [16, 2]},
								"east": {"uv": [46, 13], "uv_size": [14, 2]},
								"south": {"uv": [46, 7], "uv_size": [16, 2]},
								"west": {"uv": [46, 15], "uv_size": [14, 2]},
								"up": {"uv": [16, 16], "uv_size": [16, 14]},
								"down": {"uv": [16, 14], "uv_size": [16, -14]}
							}
						},
						{
							"origin": [-8, 0, -7],
							"size": [1, 1, 1],
							"uv": {
								"north": {"uv": [12, 28], "uv_size": [1, 1]},
								"east": {"uv": [13, 28], "uv_size": [1, 1]},
								"south": {"uv": [14, 28], "uv_size": [1, 1]},
								"west": {"uv": [15, 28], "uv_size": [1, 1]},
								"up": {"uv": [12, 29], "uv_size": [1, 1]},
								"down": {"uv": [13, 30], "uv_size": [1, -1]}
							}
						},
						{
							"origin": [7, 0, -7],
							"size": [1, 1, 1],
							"uv": {
								"north": {"uv": [14, 29], "uv_size": [1, 1]},
								"east": {"uv": [15, 29], "uv_size": [1, 1]},
								"south": {"uv": [33, 24], "uv_size": [1, 1]},
								"west": {"uv": [33, 25], "uv_size": [1, 1]},
								"up": {"uv": [33, 26], "uv_size": [1, 1]},
								"down": {"uv": [33, 28], "uv_size": [1, -1]}
							}
						},
						{
							"origin": [7, 0, 6],
							"size": [1, 1, 1],
							"uv": {
								"north": {"uv": [33, 28], "uv_size": [1, 1]},
								"east": {"uv": [33, 29], "uv_size": [1, 1]},
								"south": {"uv": [34, 24], "uv_size": [1, 1]},
								"west": {"uv": [34, 25], "uv_size": [1, 1]},
								"up": {"uv": [34, 26], "uv_size": [1, 1]},
								"down": {"uv": [34, 28], "uv_size": [1, -1]}
							}
						},
						{
							"origin": [-8, 0, 6],
							"size": [1, 1, 1],
							"uv": {
								"north": {"uv": [34, 28], "uv_size": [1, 1]},
								"east": {"uv": [34, 29], "uv_size": [1, 1]},
								"south": {"uv": [35, 24], "uv_size": [1, 1]},
								"west": {"uv": [35, 25], "uv_size": [1, 1]},
								"up": {"uv": [35, 26], "uv_size": [1, 1]},
								"down": {"uv": [35, 28], "uv_size": [1, -1]}
							}
						},
						{
							"origin": [-6.1, 12.5, 8.5],
							"size": [12.1, 1, 8],
							"pivot": [0, 13, 6.5],
							"rotation": [-90, 0, 0],
							"uv": {
								"north": {"uv": [46, 23], "uv_size": [12, 1]},
								"east": {"uv": [35, 49], "uv_size": [8, 1]},
								"south": {"uv": [47, 46], "uv_size": [12, 1]},
								"west": {"uv": [49, 49], "uv_size": [8, 1]},
								"up": {"uv": [24, 38], "uv_size": [12, 8]},
								"down": {"uv": [36, 46], "uv_size": [12, -8]}
							}
						}
					]
				}
			]
		}
	]
}