{
	"format_version": "1.12.0",
	"minecraft:geometry": [
		{
			"description": {
				"identifier": "geometry.deska",
				"texture_width": 64,
				"texture_height": 64,
				"visible_bounds_width": 3,
				"visible_bounds_height": 3.5,
				"visible_bounds_offset": [0, 1.25, 0]
			},
			"bones": [
				{
					"name": "unknown_bone",
					"pivot": [0, 0, 0],
					"cubes": [
						{
							"origin": [-8.82013, 9.92405, 6.2756],
							"size": [1, 0.6, 1.9],
							"pivot": [2.76409, 10.61401, 0.87648],
							"rotation": [0, -25, 0],
							"uv": {
								"north": {"uv": [12, 36], "uv_size": [1, 1]},
								"east": {"uv": [11, 35], "uv_size": [2, 1]},
								"south": {"uv": [13, 36], "uv_size": [1, 1]},
								"west": {"uv": [13, 35], "uv_size": [2, 1]},
								"up": {"uv": [15, 35], "uv_size": [1, 2]},
								"down": {"uv": [16, 37], "uv_size": [1, -2]}
							}
						},
						{
							"origin": [-8.62013, 16.09474, 3.03471],
							"size": [1, 0.5, 4.1],
							"pivot": [2.76409, 10.61401, 0.87648],
							"rotation": [-10, -25, 0],
							"uv": {
								"north": {"uv": [36, 0], "uv_size": [1, 1]},
								"east": {"uv": [1, 35], "uv_size": [4, 1]},
								"south": {"uv": [36, 1], "uv_size": [1, 1]},
								"west": {"uv": [5, 35], "uv_size": [4, 1]},
								"up": {"uv": [9, 35], "uv_size": [1, 4]},
								"down": {"uv": [10, 39], "uv_size": [1, -4]}
							}
						},
						{
							"origin": [-8.51354, 16.08893, 2.83234],
							"size": [0.8, 0.5, 0.2],
							"pivot": [2.76409, 10.61401, 0.87648],
							"rotation": [-10, -25, 0],
							"uv": {
								"north": {"uv": [36, 2], "uv_size": [1, 1]},
								"east": {"uv": [36, 3], "uv_size": [1, 1]},
								"south": {"uv": [36, 4], "uv_size": [1, 1]},
								"west": {"uv": [36, 5], "uv_size": [1, 1]},
								"up": {"uv": [36, 6], "uv_size": [1, 1]},
								"down": {"uv": [36, 8], "uv_size": [1, -1]}
							}
						},
						{
							"origin": [-8.62013, 17.87751, -2.79775],
							"size": [0.6, 0.2, 4.4],
							"pivot": [2.76409, 10.61401, 0.87648],
							"rotation": [-85, -25, 0],
							"uv": {
								"north": {"uv": [14, 36], "uv_size": [1, 1]},
								"east": {"uv": [14, 34], "uv_size": [4, 1]},
								"south": {"uv": [36, 36], "uv_size": [1, 1]},
								"west": {"uv": [18, 34], "uv_size": [4, 1]},
								"up": {"uv": [22, 34], "uv_size": [1, 4]},
								"down": {"uv": [0, 39], "uv_size": [1, -4]}
							}
						},
						{
							"origin": [3.97826, 9.92405, -1.18343],
							"size": [1, 0.4, 1.8],
							"pivot": [2.76409, 10.61401, 0.87648],
							"rotation": [0, -9, 0],
							"uv": {
								"north": {"uv": [24, 37], "uv_size": [1, 1]},
								"east": {"uv": [4, 36], "uv_size": [2, 1]},
								"south": {"uv": [25, 37], "uv_size": [1, 1]},
								"west": {"uv": [6, 36], "uv_size": [2, 1]},
								"up": {"uv": [8, 36], "uv_size": [1, 2]},
								"down": {"uv": [11, 38], "uv_size": [1, -2]}
							}
						}
					]
				},
				{
					"name": "desk",
					"pivot": [13.5, -7, -1.5],
					"cubes": [
						{
							"origin": [4.45405, -6.08669, -4.98654],
							"size": [9, 1, 11],
							"pivot": [2.76409, 10.61401, 0.87648],
							"rotation": [0, 0, 90],
							"uv": {
								"north": {"uv": [28, 21], "uv_size": [9, 1]},
								"east": {"uv": [28, 17], "uv_size": [11, 1]},
								"south": {"uv": [0, 33], "uv_size": [9, 1]},
								"west": {"uv": [28, 18], "uv_size": [11, 1]},
								"up": {"uv": [18, 22], "uv_size": [9, 11]},
								"down": {"uv": [27, 38], "uv_size": [9, -11]}
							}
						},
						{
							"origin": [-13.93661, 8.92405, -4.98654],
							"size": [28, 1, 11],
							"uv": {
								"north": {"uv": [27, 22], "uv_size": [28, 1]},
								"east": {"uv": [27, 24], "uv_size": [11, 1]},
								"south": {"uv": [27, 23], "uv_size": [28, 1]},
								"west": {"uv": [27, 25], "uv_size": [11, 1]},
								"up": {"uv": [0, 0], "uv_size": [28, 11]},
								"down": {"uv": [0, 22], "uv_size": [28, -11]}
							}
						},
						{
							"origin": [4.45405, 20.91331, -4.98654],
							"size": [9, 1, 11],
							"pivot": [2.76409, 10.61401, 0.87648],
							"rotation": [0, 0, 90],
							"uv": {
								"north": {"uv": [28, 19], "uv_size": [9, 1]},
								"east": {"uv": [27, 26], "uv_size": [11, 1]},
								"south": {"uv": [28, 20], "uv_size": [9, 1]},
								"west": {"uv": [28, 16], "uv_size": [11, 1]},
								"up": {"uv": [0, 22], "uv_size": [9, 11]},
								"down": {"uv": [9, 33], "uv_size": [9, -11]}
							}
						}
					]
				},
				{
					"name": "laptop",
					"pivot": [-2.45, 11.5, 0.05],
					"rotation": [0, -9.5, 0],
					"cubes": [
						{
							"origin": [-5.39729, 10.74717, -0.5185],
							"size": [7.1, 4.1, 0.3],
							"pivot": [-1.13935, -0.38599, -1.38753],
							"rotation": [-14, 0, 0],
							"uv": {
								"north": {"uv": [28, 0], "uv_size": [7, 4]},
								"east": {"uv": [23, 33], "uv_size": [1, 4]},
								"south": {"uv": [28, 4], "uv_size": [7, 4]},
								"west": {"uv": [24, 33], "uv_size": [1, 4]},
								"up": {"uv": [9, 33], "uv_size": [7, 1]},
								"down": {"uv": [16, 34], "uv_size": [7, -1]}
							}
						},
						{
							"origin": [-5.39729, -4.27741, 8.92252],
							"size": [7.1, 4.1, 0.3],
							"pivot": [-1.13935, -0.38599, -1.38753],
							"rotation": [90, 0, 0],
							"uv": {
								"north": {"uv": [28, 8], "uv_size": [7, 4]},
								"east": {"uv": [25, 33], "uv_size": [1, 4]},
								"south": {"uv": [28, 12], "uv_size": [7, 4]},
								"west": {"uv": [26, 33], "uv_size": [1, 4]},
								"up": {"uv": [0, 34], "uv_size": [7, 1]},
								"down": {"uv": [7, 35], "uv_size": [7, -1]}
							}
						}
					]
				},
				{
					"name": "mug",
					"pivot": [4.93125, 10.7875, 3.65],
					"rotation": [0, -74, 0],
					"cubes": [
						{
							"origin": [5.32648, -10.00431, -1.93102],
							"size": [0.4, 0.1, 0.7],
							"pivot": [1.32118, -0.38599, 9.67902],
							"rotation": [-90, 0, 0],
							"uv": {
								"north": {"uv": [17, 37], "uv_size": [1, 1]},
								"east": {"uv": [18, 37], "uv_size": [1, 1]},
								"south": {"uv": [19, 37], "uv_size": [1, 1]},
								"west": {"uv": [20, 37], "uv_size": [1, 1]},
								"up": {"uv": [21, 37], "uv_size": [1, 1]},
								"down": {"uv": [23, 38], "uv_size": [1, -1]}
							}
						},
						{
							"origin": [5.32648, 11.12405, -0.4393],
							"size": [0.4, 0.1, 0.5],
							"uv": {
								"north": {"uv": [36, 33], "uv_size": [1, 1]},
								"east": {"uv": [36, 34], "uv_size": [1, 1]},
								"south": {"uv": [36, 35], "uv_size": [1, 1]},
								"west": {"uv": [4, 37], "uv_size": [1, 1]},
								"up": {"uv": [5, 37], "uv_size": [1, 1]},
								"down": {"uv": [6, 38], "uv_size": [1, -1]}
							}
						},
						{
							"origin": [5.32648, 10.42405, -0.4393],
							"size": [0.4, 0.1, 0.6],
							"uv": {
								"north": {"uv": [7, 37], "uv_size": [1, 1]},
								"east": {"uv": [12, 37], "uv_size": [1, 1]},
								"south": {"uv": [13, 37], "uv_size": [1, 1]},
								"west": {"uv": [14, 37], "uv_size": [1, 1]},
								"up": {"uv": [15, 37], "uv_size": [1, 1]},
								"down": {"uv": [16, 38], "uv_size": [1, -1]}
							}
						},
						{
							"origin": [5.02648, 9.92405, -1.7893],
							"size": [1.1, 0.2, 1.1],
							"uv": {
								"north": {"uv": [36, 27], "uv_size": [1, 1]},
								"east": {"uv": [36, 28], "uv_size": [1, 1]},
								"south": {"uv": [36, 29], "uv_size": [1, 1]},
								"west": {"uv": [36, 30], "uv_size": [1, 1]},
								"up": {"uv": [36, 31], "uv_size": [1, 1]},
								"down": {"uv": [36, 33], "uv_size": [1, -1]}
							}
						},
						{
							"origin": [5.02648, 10.92405, -1.7893],
							"size": [1.1, 0.2, 1.1],
							"uv": {
								"north": {"uv": [36, 27], "uv_size": [1, 1]},
								"east": {"uv": [36, 28], "uv_size": [1, 1]},
								"south": {"uv": [36, 29], "uv_size": [1, 1]},
								"west": {"uv": [36, 30], "uv_size": [1, 1]},
								"up": {"uv": [36, 31], "uv_size": [1, 1]},
								"down": {"uv": [36, 33], "uv_size": [1, -1]}
							}
						},
						{
							"origin": [-9.04714, 9.92405, 4.82372],
							"size": [0.3, 1.7, 1.2],
							"pivot": [1.32118, -0.38599, 9.67902],
							"rotation": [0, -90, 0],
							"uv": {
								"north": {"uv": [35, 6], "uv_size": [1, 2]},
								"east": {"uv": [35, 8], "uv_size": [1, 2]},
								"south": {"uv": [35, 10], "uv_size": [1, 2]},
								"west": {"uv": [35, 12], "uv_size": [1, 2]},
								"up": {"uv": [36, 12], "uv_size": [1, 1]},
								"down": {"uv": [36, 14], "uv_size": [1, -1]}
							}
						},
						{
							"origin": [6.12648, 9.92405, -1.8393],
							"size": [0.3, 1.7, 1.2],
							"uv": {
								"north": {"uv": [21, 35], "uv_size": [1, 2]},
								"east": {"uv": [35, 0], "uv_size": [1, 2]},
								"south": {"uv": [35, 2], "uv_size": [1, 2]},
								"west": {"uv": [35, 4], "uv_size": [1, 2]},
								"up": {"uv": [36, 10], "uv_size": [1, 1]},
								"down": {"uv": [36, 12], "uv_size": [1, -1]}
							}
						},
						{
							"origin": [-10.44714, 9.92405, 4.82372],
							"size": [0.3, 1.7, 1.2],
							"pivot": [1.32118, -0.38599, 9.67902],
							"rotation": [0, -90, 0],
							"uv": {
								"north": {"uv": [35, 14], "uv_size": [1, 2]},
								"east": {"uv": [1, 36], "uv_size": [1, 2]},
								"south": {"uv": [2, 36], "uv_size": [1, 2]},
								"west": {"uv": [3, 36], "uv_size": [1, 2]},
								"up": {"uv": [36, 14], "uv_size": [1, 1]},
								"down": {"uv": [36, 16], "uv_size": [1, -1]}
							}
						},
						{
							"origin": [4.72648, 9.92405, -1.8393],
							"size": [0.3, 1.7, 1.2],
							"uv": {
								"north": {"uv": [17, 35], "uv_size": [1, 2]},
								"east": {"uv": [18, 35], "uv_size": [1, 2]},
								"south": {"uv": [19, 35], "uv_size": [1, 2]},
								"west": {"uv": [20, 35], "uv_size": [1, 2]},
								"up": {"uv": [36, 8], "uv_size": [1, 1]},
								"down": {"uv": [36, 10], "uv_size": [1, -1]}
							}
						}
					]
				}
			]
		}
	]
}