{
	"format_version": "1.12.0",
	"minecraft:geometry": [
		{
			"description": {
				"identifier": "geometry.diningtable",
				"texture_width": 128,
				"texture_height": 128,
				"visible_bounds_width": 4,
				"visible_bounds_height": 2.5,
				"visible_bounds_offset": [0, 0.75, 0]
			},
			"bones": [
				{
					"name": "diningtable",
					"pivot": [0, 0, 0],
					"cubes": [
						{
							"origin": [-8, -13, -9.3],
							"size": [1, 39, 1.3],
							"pivot": [-7.5, 15.5, -8.5],
							"rotation": [0, 0, -90],
							"uv": {
								"north": {"uv": [3, 48], "uv_size": [1, 39]},
								"east": {"uv": [4, 48], "uv_size": [1, 39]},
								"south": {"uv": [5, 48], "uv_size": [1, 39]},
								"west": {"uv": [6, 48], "uv_size": [1, 39]},
								"up": {"uv": [58, 35], "uv_size": [1, 1]},
								"down": {"uv": [58, 39], "uv_size": [1, -1]}
							}
						},
						{
							"origin": [-8, -13, 9.7],
							"size": [1, 39, 1.3],
							"pivot": [-7.5, 15.5, 10.5],
							"rotation": [0, 0, -90],
							"uv": {
								"north": {"uv": [47, 4], "uv_size": [1, 39]},
								"east": {"uv": [0, 48], "uv_size": [1, 39]},
								"south": {"uv": [1, 48], "uv_size": [1, 39]},
								"west": {"uv": [2, 48], "uv_size": [1, 39]},
								"up": {"uv": [58, 33], "uv_size": [1, 1]},
								"down": {"uv": [58, 35], "uv_size": [1, -1]}
							}
						}
					]
				},
				{
					"name": "legs",
					"parent": "diningtable",
					"pivot": [22, 0, 10],
					"cubes": [
						{
							"origin": [20.6, -9.9, -0.5],
							"size": [1.4, 18.9, 1],
							"pivot": [21.5, 0.5, 0],
							"rotation": [90, 0, 0],
							"uv": {
								"north": {"uv": [39, 48], "uv_size": [1, 19]},
								"east": {"uv": [40, 48], "uv_size": [1, 19]},
								"south": {"uv": [41, 48], "uv_size": [1, 19]},
								"west": {"uv": [42, 48], "uv_size": [1, 19]},
								"up": {"uv": [58, 31], "uv_size": [1, 1]},
								"down": {"uv": [58, 33], "uv_size": [1, -1]}
							}
						},
						{
							"origin": [20.6, 1, 9.7],
							"size": [1.4, 15, 1.3],
							"uv": {
								"north": {"uv": [48, 4], "uv_size": [1, 15]},
								"east": {"uv": [48, 19], "uv_size": [1, 15]},
								"south": {"uv": [47, 49], "uv_size": [1, 15]},
								"west": {"uv": [48, 49], "uv_size": [1, 15]},
								"up": {"uv": [48, 42], "uv_size": [1, 1]},
								"down": {"uv": [58, 31], "uv_size": [1, -1]}
							}
						},
						{
							"origin": [20.6, 1, -9.3],
							"size": [1.4, 15, 1.3],
							"uv": {
								"north": {"uv": [49, 49], "uv_size": [1, 15]},
								"east": {"uv": [49, 4], "uv_size": [1, 15]},
								"south": {"uv": [49, 19], "uv_size": [1, 15]},
								"west": {"uv": [50, 50], "uv_size": [1, 15]},
								"up": {"uv": [58, 39], "uv_size": [1, 1]},
								"down": {"uv": [58, 41], "uv_size": [1, -1]}
							}
						}
					]
				},
				{
					"name": "legs2",
					"parent": "diningtable",
					"pivot": [-18, 0, 10],
					"cubes": [
						{
							"origin": [-19.4, -9.9, -0.5],
							"size": [1.4, 18.9, 1],
							"pivot": [-18.5, 0.5, 0],
							"rotation": [90, 0, 0],
							"uv": {
								"north": {"uv": [43, 48], "uv_size": [1, 19]},
								"east": {"uv": [44, 48], "uv_size": [1, 19]},
								"south": {"uv": [45, 48], "uv_size": [1, 19]},
								"west": {"uv": [46, 48], "uv_size": [1, 19]},
								"up": {"uv": [58, 41], "uv_size": [1, 1]},
								"down": {"uv": [58, 43], "uv_size": [1, -1]}
							}
						},
						{
							"origin": [-19.4, 1, 9.7],
							"size": [1.4, 15, 1.3],
							"uv": {
								"north": {"uv": [50, 4], "uv_size": [1, 15]},
								"east": {"uv": [50, 19], "uv_size": [1, 15]},
								"south": {"uv": [51, 51], "uv_size": [1, 15]},
								"west": {"uv": [51, 4], "uv_size": [1, 15]},
								"up": {"uv": [58, 43], "uv_size": [1, 1]},
								"down": {"uv": [58, 47], "uv_size": [1, -1]}
							}
						},
						{
							"origin": [-19.4, 1, -9.3],
							"size": [1.4, 15, 1.3],
							"uv": {
								"north": {"uv": [51, 19], "uv_size": [1, 15]},
								"east": {"uv": [52, 52], "uv_size": [1, 15]},
								"south": {"uv": [52, 4], "uv_size": [1, 15]},
								"west": {"uv": [52, 19], "uv_size": [1, 15]},
								"up": {"uv": [58, 49], "uv_size": [1, 1]},
								"down": {"uv": [58, 54], "uv_size": [1, -1]}
							}
						}
					]
				},
				{
					"name": "table",
					"parent": "diningtable",
					"pivot": [0, 16, 0],
					"cubes": [
						{
							"origin": [-22, 16, -11],
							"size": [47, 2.3, 23],
							"uv": {
								"north": {"uv": [0, 46], "uv_size": [47, 2]},
								"east": {"uv": [47, 0], "uv_size": [23, 2]},
								"south": {"uv": [47, 47], "uv_size": [47, 2]},
								"west": {"uv": [47, 2], "uv_size": [23, 2]},
								"up": {"uv": [0, 0], "uv_size": [47, 23]},
								"down": {"uv": [0, 46], "uv_size": [47, -23]}
							}
						}
					]
				},
				{
					"name": "plate",
					"parent": "diningtable",
					"pivot": [12.72, 19.09, 6.34],
					"rotation": [0, -30, 0],
					"cubes": [
						{
							"origin": [10.7, 18.4, 4],
							"size": [4.4, 0.5, 5],
							"uv": {
								"north": {"uv": [53, 52], "uv_size": [4, 1]},
								"east": {"uv": [52, 39], "uv_size": [5, 1]},
								"south": {"uv": [15, 54], "uv_size": [4, 1]},
								"west": {"uv": [52, 40], "uv_size": [5, 1]},
								"up": {"uv": [7, 48], "uv_size": [4, 5]},
								"down": {"uv": [11, 53], "uv_size": [4, -5]}
							}
						},
						{
							"origin": [9.7, 18.9, 4],
							"size": [1, 0.6, 5],
							"uv": {
								"north": {"uv": [58, 56], "uv_size": [1, 1]},
								"east": {"uv": [49, 46], "uv_size": [5, 1]},
								"south": {"uv": [58, 57], "uv_size": [1, 1]},
								"west": {"uv": [50, 49], "uv_size": [5, 1]},
								"up": {"uv": [7, 53], "uv_size": [1, 5]},
								"down": {"uv": [8, 58], "uv_size": [1, -5]}
							}
						},
						{
							"origin": [15, 18.9, 4],
							"size": [1, 0.6, 5],
							"uv": {
								"north": {"uv": [11, 59], "uv_size": [1, 1]},
								"east": {"uv": [51, 50], "uv_size": [5, 1]},
								"south": {"uv": [12, 59], "uv_size": [1, 1]},
								"west": {"uv": [52, 38], "uv_size": [5, 1]},
								"up": {"uv": [9, 53], "uv_size": [1, 5]},
								"down": {"uv": [10, 58], "uv_size": [1, -5]}
							}
						},
						{
							"origin": [12, 18.9, 0.9],
							"size": [1, 0.6, 4.4],
							"pivot": [12.5, 19.4, 3.5],
							"rotation": [0, -90, 0],
							"uv": {
								"north": {"uv": [13, 59], "uv_size": [1, 1]},
								"east": {"uv": [53, 30], "uv_size": [4, 1]},
								"south": {"uv": [14, 59], "uv_size": [1, 1]},
								"west": {"uv": [53, 31], "uv_size": [4, 1]},
								"up": {"uv": [53, 42], "uv_size": [1, 4]},
								"down": {"uv": [12, 58], "uv_size": [1, -4]}
							}
						},
						{
							"origin": [12, 18.9, 6.9],
							"size": [1, 0.6, 4.4],
							"pivot": [12.5, 19.4, 9.5],
							"rotation": [0, -90, 0],
							"uv": {
								"north": {"uv": [15, 59], "uv_size": [1, 1]},
								"east": {"uv": [53, 32], "uv_size": [4, 1]},
								"south": {"uv": [16, 59], "uv_size": [1, 1]},
								"west": {"uv": [53, 33], "uv_size": [4, 1]},
								"up": {"uv": [13, 54], "uv_size": [1, 4]},
								"down": {"uv": [14, 58], "uv_size": [1, -4]}
							}
						}
					]
				},
				{
					"name": "plate2",
					"parent": "diningtable",
					"pivot": [-10.28, 18.99, 7.34],
					"cubes": [
						{
							"origin": [-12.3, 18.3, 5],
							"size": [4.4, 0.5, 5],
							"uv": {
								"north": {"uv": [23, 54], "uv_size": [4, 1]},
								"east": {"uv": [52, 41], "uv_size": [5, 1]},
								"south": {"uv": [27, 54], "uv_size": [4, 1]},
								"west": {"uv": [52, 51], "uv_size": [5, 1]},
								"up": {"uv": [15, 48], "uv_size": [4, 5]},
								"down": {"uv": [19, 53], "uv_size": [4, -5]}
							}
						},
						{
							"origin": [-13.3, 18.8, 5],
							"size": [1, 0.6, 5],
							"uv": {
								"north": {"uv": [17, 59], "uv_size": [1, 1]},
								"east": {"uv": [11, 53], "uv_size": [5, 1]},
								"south": {"uv": [18, 59], "uv_size": [1, 1]},
								"west": {"uv": [16, 53], "uv_size": [5, 1]},
								"up": {"uv": [21, 53], "uv_size": [1, 5]},
								"down": {"uv": [22, 58], "uv_size": [1, -5]}
							}
						},
						{
							"origin": [-8, 18.8, 5],
							"size": [1, 0.6, 5],
							"uv": {
								"north": {"uv": [21, 59], "uv_size": [1, 1]},
								"east": {"uv": [23, 53], "uv_size": [5, 1]},
								"south": {"uv": [22, 59], "uv_size": [1, 1]},
								"west": {"uv": [28, 53], "uv_size": [5, 1]},
								"up": {"uv": [33, 53], "uv_size": [1, 5]},
								"down": {"uv": [34, 58], "uv_size": [1, -5]}
							}
						},
						{
							"origin": [-11, 18.8, 1.9],
							"size": [1, 0.6, 4.4],
							"pivot": [-10.5, 19.3, 4.5],
							"rotation": [0, -90, 0],
							"uv": {
								"north": {"uv": [29, 59], "uv_size": [1, 1]},
								"east": {"uv": [53, 54], "uv_size": [4, 1]},
								"south": {"uv": [30, 59], "uv_size": [1, 1]},
								"west": {"uv": [54, 13], "uv_size": [4, 1]},
								"up": {"uv": [19, 54], "uv_size": [1, 4]},
								"down": {"uv": [20, 58], "uv_size": [1, -4]}
							}
						},
						{
							"origin": [-11, 18.8, 7.9],
							"size": [1, 0.6, 4.4],
							"pivot": [-10.5, 19.3, 10.5],
							"rotation": [0, -90, 0],
							"uv": {
								"north": {"uv": [33, 59], "uv_size": [1, 1]},
								"east": {"uv": [54, 14], "uv_size": [4, 1]},
								"south": {"uv": [34, 59], "uv_size": [1, 1]},
								"west": {"uv": [54, 15], "uv_size": [4, 1]},
								"up": {"uv": [31, 54], "uv_size": [1, 4]},
								"down": {"uv": [32, 58], "uv_size": [1, -4]}
							}
						}
					]
				},
				{
					"name": "plate3",
					"parent": "diningtable",
					"pivot": [-10.28, 18.99, -4.66],
					"rotation": [0, 22.5, 0],
					"cubes": [
						{
							"origin": [-12.3, 18.3, -7],
							"size": [4.4, 0.5, 5],
							"uv": {
								"north": {"uv": [54, 16], "uv_size": [4, 1]},
								"east": {"uv": [53, 53], "uv_size": [5, 1]},
								"south": {"uv": [54, 17], "uv_size": [4, 1]},
								"west": {"uv": [53, 4], "uv_size": [5, 1]},
								"up": {"uv": [23, 48], "uv_size": [4, 5]},
								"down": {"uv": [27, 53], "uv_size": [4, -5]}
							}
						},
						{
							"origin": [-13.3, 18.8, -7],
							"size": [1, 0.6, 5],
							"uv": {
								"north": {"uv": [35, 59], "uv_size": [1, 1]},
								"east": {"uv": [53, 5], "uv_size": [5, 1]},
								"south": {"uv": [36, 59], "uv_size": [1, 1]},
								"west": {"uv": [53, 6], "uv_size": [5, 1]},
								"up": {"uv": [35, 53], "uv_size": [1, 5]},
								"down": {"uv": [36, 58], "uv_size": [1, -5]}
							}
						},
						{
							"origin": [-8, 18.8, -7],
							"size": [1, 0.6, 5],
							"uv": {
								"north": {"uv": [53, 59], "uv_size": [1, 1]},
								"east": {"uv": [53, 7], "uv_size": [5, 1]},
								"south": {"uv": [54, 59], "uv_size": [1, 1]},
								"west": {"uv": [53, 8], "uv_size": [5, 1]},
								"up": {"uv": [37, 53], "uv_size": [1, 5]},
								"down": {"uv": [38, 58], "uv_size": [1, -5]}
							}
						},
						{
							"origin": [-11, 18.8, -10.1],
							"size": [1, 0.6, 4.4],
							"pivot": [-10.5, 19.3, -7.5],
							"rotation": [0, -90, 0],
							"uv": {
								"north": {"uv": [58, 59], "uv_size": [1, 1]},
								"east": {"uv": [54, 18], "uv_size": [4, 1]},
								"south": {"uv": [59, 59], "uv_size": [1, 1]},
								"west": {"uv": [54, 19], "uv_size": [4, 1]},
								"up": {"uv": [54, 25], "uv_size": [1, 4]},
								"down": {"uv": [54, 38], "uv_size": [1, -4]}
							}
						},
						{
							"origin": [-11, 18.8, -4.1],
							"size": [1, 0.6, 4.4],
							"pivot": [-10.5, 19.3, -1.5],
							"rotation": [0, -90, 0],
							"uv": {
								"north": {"uv": [59, 4], "uv_size": [1, 1]},
								"east": {"uv": [54, 20], "uv_size": [4, 1]},
								"south": {"uv": [59, 5], "uv_size": [1, 1]},
								"west": {"uv": [54, 21], "uv_size": [4, 1]},
								"up": {"uv": [54, 42], "uv_size": [1, 4]},
								"down": {"uv": [15, 59], "uv_size": [1, -4]}
							}
						}
					]
				},
				{
					"name": "plate4",
					"parent": "diningtable",
					"pivot": [14.72, 18.99, -4.66],
					"rotation": [0, -2.5, 0],
					"cubes": [
						{
							"origin": [12.7, 18.3, -7],
							"size": [4.4, 0.5, 5],
							"uv": {
								"north": {"uv": [54, 22], "uv_size": [4, 1]},
								"east": {"uv": [53, 9], "uv_size": [5, 1]},
								"south": {"uv": [54, 29], "uv_size": [4, 1]},
								"west": {"uv": [53, 10], "uv_size": [5, 1]},
								"up": {"uv": [31, 48], "uv_size": [4, 5]},
								"down": {"uv": [35, 53], "uv_size": [4, -5]}
							}
						},
						{
							"origin": [11.7, 18.8, -7],
							"size": [1, 0.6, 5],
							"uv": {
								"north": {"uv": [59, 6], "uv_size": [1, 1]},
								"east": {"uv": [53, 11], "uv_size": [5, 1]},
								"south": {"uv": [59, 7], "uv_size": [1, 1]},
								"west": {"uv": [53, 12], "uv_size": [5, 1]},
								"up": {"uv": [53, 13], "uv_size": [1, 5]},
								"down": {"uv": [53, 23], "uv_size": [1, -5]}
							}
						},
						{
							"origin": [17, 18.8, -7],
							"size": [1, 0.6, 5],
							"uv": {
								"north": {"uv": [59, 10], "uv_size": [1, 1]},
								"east": {"uv": [53, 23], "uv_size": [5, 1]},
								"south": {"uv": [59, 11], "uv_size": [1, 1]},
								"west": {"uv": [53, 24], "uv_size": [5, 1]},
								"up": {"uv": [53, 25], "uv_size": [1, 5]},
								"down": {"uv": [11, 59], "uv_size": [1, -5]}
							}
						},
						{
							"origin": [14, 18.8, -10.1],
							"size": [1, 0.6, 4.4],
							"pivot": [14.5, 19.3, -7.5],
							"rotation": [0, -90, 0],
							"uv": {
								"north": {"uv": [59, 12], "uv_size": [1, 1]},
								"east": {"uv": [54, 46], "uv_size": [4, 1]},
								"south": {"uv": [59, 13], "uv_size": [1, 1]},
								"west": {"uv": [23, 55], "uv_size": [4, 1]},
								"up": {"uv": [16, 55], "uv_size": [1, 4]},
								"down": {"uv": [17, 59], "uv_size": [1, -4]}
							}
						},
						{
							"origin": [14, 18.8, -4.1],
							"size": [1, 0.6, 4.4],
							"pivot": [14.5, 19.3, -1.5],
							"rotation": [0, -90, 0],
							"uv": {
								"north": {"uv": [59, 28], "uv_size": [1, 1]},
								"east": {"uv": [27, 55], "uv_size": [4, 1]},
								"south": {"uv": [59, 30], "uv_size": [1, 1]},
								"west": {"uv": [53, 55], "uv_size": [4, 1]},
								"up": {"uv": [18, 55], "uv_size": [1, 4]},
								"down": {"uv": [55, 29], "uv_size": [1, -4]}
							}
						}
					]
				},
				{
					"name": "forkandspoon",
					"pivot": [-7.91958, -0.4, 39.47712],
					"rotation": [0, 171, 0]
				},
				{
					"name": "fork",
					"parent": "forkandspoon",
					"pivot": [-7.26958, 18.6, 71.92712],
					"cubes": [
						{
							"origin": [-9.11958, 18.6, 70.77712],
							"size": [0.3, 0.2, 1.6],
							"pivot": [-8.96958, 18.75, 71.77712],
							"rotation": [0, -90, 0],
							"uv": {
								"north": {"uv": [12, 60], "uv_size": [1, 1]},
								"east": {"uv": [21, 58], "uv_size": [2, 1]},
								"south": {"uv": [13, 60], "uv_size": [1, 1]},
								"west": {"uv": [29, 58], "uv_size": [2, 1]},
								"up": {"uv": [31, 58], "uv_size": [1, 2]},
								"down": {"uv": [32, 60], "uv_size": [1, -2]}
							}
						},
						{
							"origin": [-8.96958, 18.6, 68.52712],
							"size": [0.4, 0.2, 3.1],
							"uv": {
								"north": {"uv": [59, 31], "uv_size": [1, 1]},
								"east": {"uv": [55, 49], "uv_size": [3, 1]},
								"south": {"uv": [59, 32], "uv_size": [1, 1]},
								"west": {"uv": [55, 56], "uv_size": [3, 1]},
								"up": {"uv": [56, 25], "uv_size": [1, 3]},
								"down": {"uv": [56, 37], "uv_size": [1, -3]}
							}
						},
						{
							"origin": [-8.96958, 18.6, 71.92712],
							"size": [0.3, 0.2, 1.2],
							"uv": {
								"north": {"uv": [59, 33], "uv_size": [1, 1]},
								"east": {"uv": [59, 34], "uv_size": [1, 1]},
								"south": {"uv": [59, 35], "uv_size": [1, 1]},
								"west": {"uv": [59, 37], "uv_size": [1, 1]},
								"up": {"uv": [59, 38], "uv_size": [1, 1]},
								"down": {"uv": [59, 40], "uv_size": [1, -1]}
							}
						},
						{
							"origin": [-9.56958, 18.6, 71.92712],
							"size": [0.3, 0.2, 1.2],
							"uv": {
								"north": {"uv": [59, 40], "uv_size": [1, 1]},
								"east": {"uv": [59, 41], "uv_size": [1, 1]},
								"south": {"uv": [59, 42], "uv_size": [1, 1]},
								"west": {"uv": [59, 43], "uv_size": [1, 1]},
								"up": {"uv": [59, 45], "uv_size": [1, 1]},
								"down": {"uv": [59, 47], "uv_size": [1, -1]}
							}
						},
						{
							"origin": [-8.26958, 18.6, 71.92712],
							"size": [0.3, 0.2, 1.2],
							"uv": {
								"north": {"uv": [59, 49], "uv_size": [1, 1]},
								"east": {"uv": [59, 50], "uv_size": [1, 1]},
								"south": {"uv": [59, 53], "uv_size": [1, 1]},
								"west": {"uv": [59, 56], "uv_size": [1, 1]},
								"up": {"uv": [59, 57], "uv_size": [1, 1]},
								"down": {"uv": [11, 61], "uv_size": [1, -1]}
							}
						}
					]
				},
				{
					"name": "spoon",
					"parent": "forkandspoon",
					"pivot": [-4.26958, 18.6, 71.92712],
					"cubes": [
						{
							"origin": [-6.11958, 18.6, 70.87712],
							"size": [0.3, 0.2, 1.4],
							"pivot": [-5.96958, 18.75, 71.77712],
							"rotation": [0, -90, 0],
							"uv": {
								"north": {"uv": [14, 60], "uv_size": [1, 1]},
								"east": {"uv": [15, 60], "uv_size": [1, 1]},
								"south": {"uv": [16, 60], "uv_size": [1, 1]},
								"west": {"uv": [17, 60], "uv_size": [1, 1]},
								"up": {"uv": [18, 60], "uv_size": [1, 1]},
								"down": {"uv": [21, 61], "uv_size": [1, -1]}
							}
						},
						{
							"origin": [-6.11958, 18.5, 72.17712],
							"size": [0.3, 0.3, 1.2],
							"pivot": [-5.96958, 18.75, 72.97712],
							"rotation": [0, -90, 0],
							"uv": {
								"north": {"uv": [36, 60], "uv_size": [1, 1]},
								"east": {"uv": [37, 60], "uv_size": [1, 1]},
								"south": {"uv": [38, 60], "uv_size": [1, 1]},
								"west": {"uv": [53, 60], "uv_size": [1, 1]},
								"up": {"uv": [54, 60], "uv_size": [1, 1]},
								"down": {"uv": [55, 61], "uv_size": [1, -1]}
							}
						},
						{
							"origin": [-5.96958, 18.6, 68.52712],
							"size": [0.4, 0.2, 3.1],
							"uv": {
								"north": {"uv": [22, 60], "uv_size": [1, 1]},
								"east": {"uv": [56, 28], "uv_size": [3, 1]},
								"south": {"uv": [23, 60], "uv_size": [1, 1]},
								"west": {"uv": [56, 37], "uv_size": [3, 1]},
								"up": {"uv": [56, 42], "uv_size": [1, 3]},
								"down": {"uv": [55, 60], "uv_size": [1, -3]}
							}
						},
						{
							"origin": [-5.91958, 18.5, 71.17712],
							"size": [0.2, 0.1, 1.2],
							"pivot": [-5.81958, 18.55, 71.82712],
							"rotation": [0, -90, 0],
							"uv": {
								"north": {"uv": [60, 5], "uv_size": [1, 1]},
								"east": {"uv": [60, 6], "uv_size": [1, 1]},
								"south": {"uv": [60, 7], "uv_size": [1, 1]},
								"west": {"uv": [60, 8], "uv_size": [1, 1]},
								"up": {"uv": [60, 9], "uv_size": [1, 1]},
								"down": {"uv": [60, 11], "uv_size": [1, -1]}
							}
						},
						{
							"origin": [-6.36958, 18.4, 71.92712],
							"size": [1.2, 0.1, 1],
							"uv": {
								"north": {"uv": [56, 60], "uv_size": [1, 1]},
								"east": {"uv": [57, 60], "uv_size": [1, 1]},
								"south": {"uv": [58, 60], "uv_size": [1, 1]},
								"west": {"uv": [59, 60], "uv_size": [1, 1]},
								"up": {"uv": [60, 60], "uv_size": [1, 1]},
								"down": {"uv": [60, 5], "uv_size": [1, -1]}
							}
						},
						{
							"origin": [-5.16958, 18.5, 71.92712],
							"size": [0.2, 0.3, 1.1],
							"uv": {
								"north": {"uv": [24, 60], "uv_size": [1, 1]},
								"east": {"uv": [25, 60], "uv_size": [1, 1]},
								"south": {"uv": [26, 60], "uv_size": [1, 1]},
								"west": {"uv": [27, 60], "uv_size": [1, 1]},
								"up": {"uv": [28, 60], "uv_size": [1, 1]},
								"down": {"uv": [29, 61], "uv_size": [1, -1]}
							}
						},
						{
							"origin": [-6.56958, 18.5, 71.92712],
							"size": [0.2, 0.3, 1.1],
							"uv": {
								"north": {"uv": [30, 60], "uv_size": [1, 1]},
								"east": {"uv": [31, 60], "uv_size": [1, 1]},
								"south": {"uv": [32, 60], "uv_size": [1, 1]},
								"west": {"uv": [33, 60], "uv_size": [1, 1]},
								"up": {"uv": [34, 60], "uv_size": [1, 1]},
								"down": {"uv": [35, 61], "uv_size": [1, -1]}
							}
						}
					]
				},
				{
					"name": "forkandspoon2",
					"pivot": [1.08042, -0.5, 39.47712],
					"rotation": [0, 171, 0]
				},
				{
					"name": "fork2",
					"parent": "forkandspoon2",
					"pivot": [1.73042, 18.5, 71.92712],
					"cubes": [
						{
							"origin": [-0.11958, 18.5, 70.77712],
							"size": [0.3, 0.2, 1.6],
							"pivot": [0.03042, 18.65, 71.77712],
							"rotation": [0, -90, 0],
							"uv": {
								"north": {"uv": [60, 11], "uv_size": [1, 1]},
								"east": {"uv": [33, 58], "uv_size": [2, 1]},
								"south": {"uv": [60, 12], "uv_size": [1, 1]},
								"west": {"uv": [35, 58], "uv_size": [2, 1]},
								"up": {"uv": [37, 58], "uv_size": [1, 2]},
								"down": {"uv": [38, 60], "uv_size": [1, -2]}
							}
						},
						{
							"origin": [0.03042, 18.5, 68.52712],
							"size": [0.4, 0.2, 3.1],
							"uv": {
								"north": {"uv": [60, 13], "uv_size": [1, 1]},
								"east": {"uv": [56, 45], "uv_size": [3, 1]},
								"south": {"uv": [60, 14], "uv_size": [1, 1]},
								"west": {"uv": [56, 50], "uv_size": [3, 1]},
								"up": {"uv": [56, 57], "uv_size": [1, 3]},
								"down": {"uv": [57, 60], "uv_size": [1, -3]}
							}
						},
						{
							"origin": [0.03042, 18.5, 71.92712],
							"size": [0.3, 0.2, 1.2],
							"uv": {
								"north": {"uv": [60, 15], "uv_size": [1, 1]},
								"east": {"uv": [60, 16], "uv_size": [1, 1]},
								"south": {"uv": [60, 17], "uv_size": [1, 1]},
								"west": {"uv": [60, 18], "uv_size": [1, 1]},
								"up": {"uv": [60, 19], "uv_size": [1, 1]},
								"down": {"uv": [60, 21], "uv_size": [1, -1]}
							}
						},
						{
							"origin": [-0.56958, 18.5, 71.92712],
							"size": [0.3, 0.2, 1.2],
							"uv": {
								"north": {"uv": [60, 21], "uv_size": [1, 1]},
								"east": {"uv": [60, 22], "uv_size": [1, 1]},
								"south": {"uv": [60, 23], "uv_size": [1, 1]},
								"west": {"uv": [60, 24], "uv_size": [1, 1]},
								"up": {"uv": [60, 25], "uv_size": [1, 1]},
								"down": {"uv": [60, 27], "uv_size": [1, -1]}
							}
						},
						{
							"origin": [0.73042, 18.5, 71.92712],
							"size": [0.3, 0.2, 1.2],
							"uv": {
								"north": {"uv": [60, 27], "uv_size": [1, 1]},
								"east": {"uv": [60, 28], "uv_size": [1, 1]},
								"south": {"uv": [60, 29], "uv_size": [1, 1]},
								"west": {"uv": [60, 30], "uv_size": [1, 1]},
								"up": {"uv": [60, 31], "uv_size": [1, 1]},
								"down": {"uv": [60, 33], "uv_size": [1, -1]}
							}
						}
					]
				},
				{
					"name": "spoon2",
					"parent": "forkandspoon2",
					"pivot": [4.73042, 18.5, 71.92712],
					"cubes": [
						{
							"origin": [2.88042, 18.5, 70.87712],
							"size": [0.3, 0.2, 1.4],
							"pivot": [3.03042, 18.65, 71.77712],
							"rotation": [0, -90, 0],
							"uv": {
								"north": {"uv": [60, 33], "uv_size": [1, 1]},
								"east": {"uv": [60, 34], "uv_size": [1, 1]},
								"south": {"uv": [60, 35], "uv_size": [1, 1]},
								"west": {"uv": [60, 36], "uv_size": [1, 1]},
								"up": {"uv": [60, 37], "uv_size": [1, 1]},
								"down": {"uv": [60, 39], "uv_size": [1, -1]}
							}
						},
						{
							"origin": [2.88042, 18.4, 72.17712],
							"size": [0.3, 0.3, 1.2],
							"pivot": [3.03042, 18.65, 72.97712],
							"rotation": [0, -90, 0],
							"uv": {
								"north": {"uv": [60, 39], "uv_size": [1, 1]},
								"east": {"uv": [60, 40], "uv_size": [1, 1]},
								"south": {"uv": [60, 41], "uv_size": [1, 1]},
								"west": {"uv": [60, 42], "uv_size": [1, 1]},
								"up": {"uv": [60, 43], "uv_size": [1, 1]},
								"down": {"uv": [60, 45], "uv_size": [1, -1]}
							}
						},
						{
							"origin": [3.03042, 18.5, 68.52712],
							"size": [0.4, 0.2, 3.1],
							"uv": {
								"north": {"uv": [60, 45], "uv_size": [1, 1]},
								"east": {"uv": [57, 25], "uv_size": [3, 1]},
								"south": {"uv": [60, 46], "uv_size": [1, 1]},
								"west": {"uv": [57, 26], "uv_size": [3, 1]},
								"up": {"uv": [57, 30], "uv_size": [1, 3]},
								"down": {"uv": [57, 36], "uv_size": [1, -3]}
							}
						},
						{
							"origin": [3.08042, 18.4, 71.17712],
							"size": [0.2, 0.1, 1.2],
							"pivot": [3.18042, 18.45, 71.82712],
							"rotation": [0, -90, 0],
							"uv": {
								"north": {"uv": [60, 49], "uv_size": [1, 1]},
								"east": {"uv": [60, 50], "uv_size": [1, 1]},
								"south": {"uv": [60, 51], "uv_size": [1, 1]},
								"west": {"uv": [60, 52], "uv_size": [1, 1]},
								"up": {"uv": [60, 53], "uv_size": [1, 1]},
								"down": {"uv": [60, 55], "uv_size": [1, -1]}
							}
						},
						{
							"origin": [2.63042, 18.3, 71.92712],
							"size": [1.2, 0.1, 1],
							"uv": {
								"north": {"uv": [60, 55], "uv_size": [1, 1]},
								"east": {"uv": [60, 56], "uv_size": [1, 1]},
								"south": {"uv": [60, 57], "uv_size": [1, 1]},
								"west": {"uv": [60, 58], "uv_size": [1, 1]},
								"up": {"uv": [60, 59], "uv_size": [1, 1]},
								"down": {"uv": [7, 62], "uv_size": [1, -1]}
							}
						},
						{
							"origin": [3.83042, 18.4, 71.92712],
							"size": [0.2, 0.3, 1.1],
							"uv": {
								"north": {"uv": [8, 61], "uv_size": [1, 1]},
								"east": {"uv": [9, 61], "uv_size": [1, 1]},
								"south": {"uv": [10, 61], "uv_size": [1, 1]},
								"west": {"uv": [11, 61], "uv_size": [1, 1]},
								"up": {"uv": [12, 61], "uv_size": [1, 1]},
								"down": {"uv": [13, 62], "uv_size": [1, -1]}
							}
						},
						{
							"origin": [2.43042, 18.4, 71.92712],
							"size": [0.2, 0.3, 1.1],
							"uv": {
								"north": {"uv": [14, 61], "uv_size": [1, 1]},
								"east": {"uv": [15, 61], "uv_size": [1, 1]},
								"south": {"uv": [16, 61], "uv_size": [1, 1]},
								"west": {"uv": [17, 61], "uv_size": [1, 1]},
								"up": {"uv": [18, 61], "uv_size": [1, 1]},
								"down": {"uv": [19, 62], "uv_size": [1, -1]}
							}
						}
					]
				},
				{
					"name": "forkandspoon3",
					"pivot": [7.08042, -0.3, -37.52288],
					"rotation": [0, -1.5, 0]
				},
				{
					"name": "fork3",
					"parent": "forkandspoon3",
					"pivot": [7.73042, 18.7, -5.07288],
					"cubes": [
						{
							"origin": [5.88042, 18.7, -6.22288],
							"size": [0.3, 0.2, 1.6],
							"pivot": [6.03042, 18.85, -5.22288],
							"rotation": [0, -90, 0],
							"uv": {
								"north": {"uv": [20, 61], "uv_size": [1, 1]},
								"east": {"uv": [53, 58], "uv_size": [2, 1]},
								"south": {"uv": [21, 61], "uv_size": [1, 1]},
								"west": {"uv": [58, 58], "uv_size": [2, 1]},
								"up": {"uv": [58, 4], "uv_size": [1, 2]},
								"down": {"uv": [58, 8], "uv_size": [1, -2]}
							}
						},
						{
							"origin": [6.03042, 18.7, -8.47288],
							"size": [0.4, 0.2, 3.1],
							"uv": {
								"north": {"uv": [22, 61], "uv_size": [1, 1]},
								"east": {"uv": [57, 27], "uv_size": [3, 1]},
								"south": {"uv": [23, 61], "uv_size": [1, 1]},
								"west": {"uv": [57, 36], "uv_size": [3, 1]},
								"up": {"uv": [57, 38], "uv_size": [1, 3]},
								"down": {"uv": [57, 44], "uv_size": [1, -3]}
							}
						},
						{
							"origin": [6.03042, 18.7, -5.07288],
							"size": [0.3, 0.2, 1.2],
							"uv": {
								"north": {"uv": [24, 61], "uv_size": [1, 1]},
								"east": {"uv": [25, 61], "uv_size": [1, 1]},
								"south": {"uv": [26, 61], "uv_size": [1, 1]},
								"west": {"uv": [27, 61], "uv_size": [1, 1]},
								"up": {"uv": [28, 61], "uv_size": [1, 1]},
								"down": {"uv": [29, 62], "uv_size": [1, -1]}
							}
						},
						{
							"origin": [5.43042, 18.7, -5.07288],
							"size": [0.3, 0.2, 1.2],
							"uv": {
								"north": {"uv": [30, 61], "uv_size": [1, 1]},
								"east": {"uv": [31, 61], "uv_size": [1, 1]},
								"south": {"uv": [32, 61], "uv_size": [1, 1]},
								"west": {"uv": [33, 61], "uv_size": [1, 1]},
								"up": {"uv": [34, 61], "uv_size": [1, 1]},
								"down": {"uv": [35, 62], "uv_size": [1, -1]}
							}
						},
						{
							"origin": [6.73042, 18.7, -5.07288],
							"size": [0.3, 0.2, 1.2],
							"uv": {
								"north": {"uv": [36, 61], "uv_size": [1, 1]},
								"east": {"uv": [37, 61], "uv_size": [1, 1]},
								"south": {"uv": [38, 61], "uv_size": [1, 1]},
								"west": {"uv": [53, 61], "uv_size": [1, 1]},
								"up": {"uv": [54, 61], "uv_size": [1, 1]},
								"down": {"uv": [55, 62], "uv_size": [1, -1]}
							}
						}
					]
				},
				{
					"name": "spoon3",
					"parent": "forkandspoon3",
					"pivot": [10.73042, 18.7, -5.07288],
					"cubes": [
						{
							"origin": [8.88042, 18.7, -6.12288],
							"size": [0.3, 0.2, 1.4],
							"pivot": [9.03042, 18.85, -5.22288],
							"rotation": [0, -90, 0],
							"uv": {
								"north": {"uv": [56, 61], "uv_size": [1, 1]},
								"east": {"uv": [57, 61], "uv_size": [1, 1]},
								"south": {"uv": [58, 61], "uv_size": [1, 1]},
								"west": {"uv": [59, 61], "uv_size": [1, 1]},
								"up": {"uv": [60, 61], "uv_size": [1, 1]},
								"down": {"uv": [61, 62], "uv_size": [1, -1]}
							}
						},
						{
							"origin": [8.88042, 18.6, -4.82288],
							"size": [0.3, 0.3, 1.2],
							"pivot": [9.03042, 18.85, -4.02288],
							"rotation": [0, -90, 0],
							"uv": {
								"north": {"uv": [61, 4], "uv_size": [1, 1]},
								"east": {"uv": [61, 5], "uv_size": [1, 1]},
								"south": {"uv": [61, 6], "uv_size": [1, 1]},
								"west": {"uv": [61, 7], "uv_size": [1, 1]},
								"up": {"uv": [61, 8], "uv_size": [1, 1]},
								"down": {"uv": [61, 10], "uv_size": [1, -1]}
							}
						},
						{
							"origin": [9.03042, 18.7, -8.47288],
							"size": [0.4, 0.2, 3.1],
							"uv": {
								"north": {"uv": [61, 10], "uv_size": [1, 1]},
								"east": {"uv": [57, 44], "uv_size": [3, 1]},
								"south": {"uv": [61, 11], "uv_size": [1, 1]},
								"west": {"uv": [57, 51], "uv_size": [3, 1]},
								"up": {"uv": [7, 58], "uv_size": [1, 3]},
								"down": {"uv": [8, 61], "uv_size": [1, -3]}
							}
						},
						{
							"origin": [9.08042, 18.6, -5.82288],
							"size": [0.2, 0.1, 1.2],
							"pivot": [9.18042, 18.65, -5.17288],
							"rotation": [0, -90, 0],
							"uv": {
								"north": {"uv": [61, 12], "uv_size": [1, 1]},
								"east": {"uv": [61, 13], "uv_size": [1, 1]},
								"south": {"uv": [61, 14], "uv_size": [1, 1]},
								"west": {"uv": [61, 15], "uv_size": [1, 1]},
								"up": {"uv": [61, 16], "uv_size": [1, 1]},
								"down": {"uv": [61, 18], "uv_size": [1, -1]}
							}
						},
						{
							"origin": [8.63042, 18.5, -5.07288],
							"size": [1.2, 0.1, 1],
							"uv": {
								"north": {"uv": [61, 18], "uv_size": [1, 1]},
								"east": {"uv": [61, 19], "uv_size": [1, 1]},
								"south": {"uv": [61, 20], "uv_size": [1, 1]},
								"west": {"uv": [61, 21], "uv_size": [1, 1]},
								"up": {"uv": [61, 22], "uv_size": [1, 1]},
								"down": {"uv": [61, 24], "uv_size": [1, -1]}
							}
						},
						{
							"origin": [9.83042, 18.6, -5.07288],
							"size": [0.2, 0.3, 1.1],
							"uv": {
								"north": {"uv": [61, 24], "uv_size": [1, 1]},
								"east": {"uv": [61, 25], "uv_size": [1, 1]},
								"south": {"uv": [61, 26], "uv_size": [1, 1]},
								"west": {"uv": [61, 27], "uv_size": [1, 1]},
								"up": {"uv": [61, 28], "uv_size": [1, 1]},
								"down": {"uv": [61, 30], "uv_size": [1, -1]}
							}
						},
						{
							"origin": [8.43042, 18.6, -5.07288],
							"size": [0.2, 0.3, 1.1],
							"uv": {
								"north": {"uv": [61, 30], "uv_size": [1, 1]},
								"east": {"uv": [61, 31], "uv_size": [1, 1]},
								"south": {"uv": [61, 32], "uv_size": [1, 1]},
								"west": {"uv": [61, 33], "uv_size": [1, 1]},
								"up": {"uv": [61, 34], "uv_size": [1, 1]},
								"down": {"uv": [61, 36], "uv_size": [1, -1]}
							}
						}
					]
				},
				{
					"name": "forkandspoon4",
					"pivot": [-0.91958, -0.5, -37.52288],
					"rotation": [0, -4, 0]
				},
				{
					"name": "fork4",
					"parent": "forkandspoon4",
					"pivot": [-0.26958, 18.5, -5.07288],
					"cubes": [
						{
							"origin": [-2.11958, 18.5, -6.22288],
							"size": [0.3, 0.2, 1.6],
							"pivot": [-1.96958, 18.65, -5.22288],
							"rotation": [0, -90, 0],
							"uv": {
								"north": {"uv": [61, 36], "uv_size": [1, 1]},
								"east": {"uv": [58, 8], "uv_size": [2, 1]},
								"south": {"uv": [61, 37], "uv_size": [1, 1]},
								"west": {"uv": [58, 9], "uv_size": [2, 1]},
								"up": {"uv": [58, 10], "uv_size": [1, 2]},
								"down": {"uv": [58, 14], "uv_size": [1, -2]}
							}
						},
						{
							"origin": [-1.96958, 18.5, -8.47288],
							"size": [0.4, 0.2, 3.1],
							"uv": {
								"north": {"uv": [61, 38], "uv_size": [1, 1]},
								"east": {"uv": [57, 52], "uv_size": [3, 1]},
								"south": {"uv": [61, 39], "uv_size": [1, 1]},
								"west": {"uv": [57, 54], "uv_size": [3, 1]},
								"up": {"uv": [9, 58], "uv_size": [1, 3]},
								"down": {"uv": [10, 61], "uv_size": [1, -3]}
							}
						},
						{
							"origin": [-1.96958, 18.5, -5.07288],
							"size": [0.3, 0.2, 1.2],
							"uv": {
								"north": {"uv": [61, 40], "uv_size": [1, 1]},
								"east": {"uv": [61, 41], "uv_size": [1, 1]},
								"south": {"uv": [61, 42], "uv_size": [1, 1]},
								"west": {"uv": [61, 43], "uv_size": [1, 1]},
								"up": {"uv": [61, 44], "uv_size": [1, 1]},
								"down": {"uv": [61, 46], "uv_size": [1, -1]}
							}
						},
						{
							"origin": [-2.56958, 18.5, -5.07288],
							"size": [0.3, 0.2, 1.2],
							"uv": {
								"north": {"uv": [61, 46], "uv_size": [1, 1]},
								"east": {"uv": [61, 49], "uv_size": [1, 1]},
								"south": {"uv": [61, 50], "uv_size": [1, 1]},
								"west": {"uv": [61, 51], "uv_size": [1, 1]},
								"up": {"uv": [61, 52], "uv_size": [1, 1]},
								"down": {"uv": [61, 54], "uv_size": [1, -1]}
							}
						},
						{
							"origin": [-1.26958, 18.5, -5.07288],
							"size": [0.3, 0.2, 1.2],
							"uv": {
								"north": {"uv": [61, 54], "uv_size": [1, 1]},
								"east": {"uv": [61, 55], "uv_size": [1, 1]},
								"south": {"uv": [61, 56], "uv_size": [1, 1]},
								"west": {"uv": [61, 57], "uv_size": [1, 1]},
								"up": {"uv": [61, 58], "uv_size": [1, 1]},
								"down": {"uv": [61, 60], "uv_size": [1, -1]}
							}
						}
					]
				},
				{
					"name": "spoon4",
					"parent": "forkandspoon4",
					"pivot": [2.73042, 18.5, -5.07288],
					"cubes": [
						{
							"origin": [0.88042, 18.5, -6.12288],
							"size": [0.3, 0.2, 1.4],
							"pivot": [1.03042, 18.65, -5.22288],
							"rotation": [0, -90, 0],
							"uv": {
								"north": {"uv": [61, 60], "uv_size": [1, 1]},
								"east": {"uv": [7, 62], "uv_size": [1, 1]},
								"south": {"uv": [8, 62], "uv_size": [1, 1]},
								"west": {"uv": [9, 62], "uv_size": [1, 1]},
								"up": {"uv": [10, 62], "uv_size": [1, 1]},
								"down": {"uv": [11, 63], "uv_size": [1, -1]}
							}
						},
						{
							"origin": [0.88042, 18.4, -4.82288],
							"size": [0.3, 0.3, 1.2],
							"pivot": [1.03042, 18.65, -4.02288],
							"rotation": [0, -90, 0],
							"uv": {
								"north": {"uv": [12, 62], "uv_size": [1, 1]},
								"east": {"uv": [13, 62], "uv_size": [1, 1]},
								"south": {"uv": [14, 62], "uv_size": [1, 1]},
								"west": {"uv": [15, 62], "uv_size": [1, 1]},
								"up": {"uv": [16, 62], "uv_size": [1, 1]},
								"down": {"uv": [17, 63], "uv_size": [1, -1]}
							}
						},
						{
							"origin": [1.03042, 18.5, -8.47288],
							"size": [0.4, 0.2, 3.1],
							"uv": {
								"north": {"uv": [18, 62], "uv_size": [1, 1]},
								"east": {"uv": [57, 55], "uv_size": [3, 1]},
								"south": {"uv": [19, 62], "uv_size": [1, 1]},
								"west": {"uv": [12, 58], "uv_size": [3, 1]},
								"up": {"uv": [19, 58], "uv_size": [1, 3]},
								"down": {"uv": [20, 61], "uv_size": [1, -3]}
							}
						},
						{
							"origin": [1.08042, 18.4, -5.82288],
							"size": [0.2, 0.1, 1.2],
							"pivot": [1.18042, 18.45, -5.17288],
							"rotation": [0, -90, 0],
							"uv": {
								"north": {"uv": [20, 62], "uv_size": [1, 1]},
								"east": {"uv": [21, 62], "uv_size": [1, 1]},
								"south": {"uv": [22, 62], "uv_size": [1, 1]},
								"west": {"uv": [23, 62], "uv_size": [1, 1]},
								"up": {"uv": [24, 62], "uv_size": [1, 1]},
								"down": {"uv": [25, 63], "uv_size": [1, -1]}
							}
						},
						{
							"origin": [0.63042, 18.3, -5.07288],
							"size": [1.2, 0.1, 1],
							"uv": {
								"north": {"uv": [26, 62], "uv_size": [1, 1]},
								"east": {"uv": [27, 62], "uv_size": [1, 1]},
								"south": {"uv": [28, 62], "uv_size": [1, 1]},
								"west": {"uv": [29, 62], "uv_size": [1, 1]},
								"up": {"uv": [30, 62], "uv_size": [1, 1]},
								"down": {"uv": [31, 63], "uv_size": [1, -1]}
							}
						},
						{
							"origin": [1.83042, 18.4, -5.07288],
							"size": [0.2, 0.3, 1.1],
							"uv": {
								"north": {"uv": [32, 62], "uv_size": [1, 1]},
								"east": {"uv": [33, 62], "uv_size": [1, 1]},
								"south": {"uv": [34, 62], "uv_size": [1, 1]},
								"west": {"uv": [35, 62], "uv_size": [1, 1]},
								"up": {"uv": [36, 62], "uv_size": [1, 1]},
								"down": {"uv": [37, 63], "uv_size": [1, -1]}
							}
						},
						{
							"origin": [0.43042, 18.4, -5.07288],
							"size": [0.2, 0.3, 1.1],
							"uv": {
								"north": {"uv": [38, 62], "uv_size": [1, 1]},
								"east": {"uv": [53, 62], "uv_size": [1, 1]},
								"south": {"uv": [54, 62], "uv_size": [1, 1]},
								"west": {"uv": [55, 62], "uv_size": [1, 1]},
								"up": {"uv": [56, 62], "uv_size": [1, 1]},
								"down": {"uv": [57, 63], "uv_size": [1, -1]}
							}
						}
					]
				},
				{
					"name": "cup",
					"pivot": [-18.5, 20.6, -4],
					"cubes": [
						{
							"origin": [-17.5, 18.6, -4],
							"size": [2, 4, 0.5],
							"pivot": [-15.5, 20.6, -4],
							"rotation": [0, -90, 0],
							"uv": {
								"north": {"uv": [51, 42], "uv_size": [2, 4]},
								"east": {"uv": [27, 56], "uv_size": [1, 4]},
								"south": {"uv": [52, 34], "uv_size": [2, 4]},
								"west": {"uv": [28, 56], "uv_size": [1, 4]},
								"up": {"uv": [58, 20], "uv_size": [2, 1]},
								"down": {"uv": [58, 22], "uv_size": [2, -1]}
							}
						},
						{
							"origin": [-18, 18.6, -4],
							"size": [2, 4, 0.4],
							"uv": {
								"north": {"uv": [47, 43], "uv_size": [2, 4]},
								"east": {"uv": [55, 34], "uv_size": [1, 4]},
								"south": {"uv": [48, 34], "uv_size": [2, 4]},
								"west": {"uv": [55, 42], "uv_size": [1, 4]},
								"up": {"uv": [58, 14], "uv_size": [2, 1]},
								"down": {"uv": [58, 16], "uv_size": [2, -1]}
							}
						},
						{
							"origin": [-18, 18.6, -6.5],
							"size": [2, 4, 0.5],
							"uv": {
								"north": {"uv": [48, 38], "uv_size": [2, 4]},
								"east": {"uv": [23, 56], "uv_size": [1, 4]},
								"south": {"uv": [49, 42], "uv_size": [2, 4]},
								"west": {"uv": [24, 56], "uv_size": [1, 4]},
								"up": {"uv": [58, 16], "uv_size": [2, 1]},
								"down": {"uv": [58, 18], "uv_size": [2, -1]}
							}
						},
						{
							"origin": [-18, 18.3, -6],
							"size": [2, 0.3, 2],
							"uv": {
								"north": {"uv": [58, 22], "uv_size": [2, 1]},
								"east": {"uv": [58, 23], "uv_size": [2, 1]},
								"south": {"uv": [58, 24], "uv_size": [2, 1]},
								"west": {"uv": [58, 29], "uv_size": [2, 1]},
								"up": {"uv": [29, 56], "uv_size": [2, 2]},
								"down": {"uv": [53, 58], "uv_size": [2, -2]}
							}
						},
						{
							"origin": [-20.5, 18.6, -4.5],
							"size": [2, 4, 0.5],
							"pivot": [-18.5, 20.6, -4],
							"rotation": [0, -90, 0],
							"uv": {
								"north": {"uv": [50, 34], "uv_size": [2, 4]},
								"east": {"uv": [25, 56], "uv_size": [1, 4]},
								"south": {"uv": [50, 38], "uv_size": [2, 4]},
								"west": {"uv": [26, 56], "uv_size": [1, 4]},
								"up": {"uv": [58, 18], "uv_size": [2, 1]},
								"down": {"uv": [58, 20], "uv_size": [2, -1]}
							}
						}
					]
				},
				{
					"name": "cup2",
					"pivot": [-18.5, 20.6, 7],
					"cubes": [
						{
							"origin": [-17.5, 18.6, 7],
							"size": [2, 4, 0.5],
							"pivot": [-15.5, 20.6, 7],
							"rotation": [0, -90, 0],
							"uv": {
								"north": {"uv": [51, 42], "uv_size": [2, 4]},
								"east": {"uv": [27, 56], "uv_size": [1, 4]},
								"south": {"uv": [52, 34], "uv_size": [2, 4]},
								"west": {"uv": [28, 56], "uv_size": [1, 4]},
								"up": {"uv": [58, 20], "uv_size": [2, 1]},
								"down": {"uv": [58, 22], "uv_size": [2, -1]}
							}
						},
						{
							"origin": [-18, 18.6, 7],
							"size": [2, 4, 0.4],
							"uv": {
								"north": {"uv": [47, 43], "uv_size": [2, 4]},
								"east": {"uv": [55, 34], "uv_size": [1, 4]},
								"south": {"uv": [48, 34], "uv_size": [2, 4]},
								"west": {"uv": [55, 42], "uv_size": [1, 4]},
								"up": {"uv": [58, 14], "uv_size": [2, 1]},
								"down": {"uv": [58, 16], "uv_size": [2, -1]}
							}
						},
						{
							"origin": [-18, 18.6, 4.5],
							"size": [2, 4, 0.5],
							"uv": {
								"north": {"uv": [48, 38], "uv_size": [2, 4]},
								"east": {"uv": [23, 56], "uv_size": [1, 4]},
								"south": {"uv": [49, 42], "uv_size": [2, 4]},
								"west": {"uv": [24, 56], "uv_size": [1, 4]},
								"up": {"uv": [58, 16], "uv_size": [2, 1]},
								"down": {"uv": [58, 18], "uv_size": [2, -1]}
							}
						},
						{
							"origin": [-18, 18.3, 5],
							"size": [2, 0.3, 2],
							"uv": {
								"north": {"uv": [58, 22], "uv_size": [2, 1]},
								"east": {"uv": [58, 23], "uv_size": [2, 1]},
								"south": {"uv": [58, 24], "uv_size": [2, 1]},
								"west": {"uv": [58, 29], "uv_size": [2, 1]},
								"up": {"uv": [29, 56], "uv_size": [2, 2]},
								"down": {"uv": [53, 58], "uv_size": [2, -2]}
							}
						},
						{
							"origin": [-20.5, 18.6, 6.5],
							"size": [2, 4, 0.5],
							"pivot": [-18.5, 20.6, 7],
							"rotation": [0, -90, 0],
							"uv": {
								"north": {"uv": [50, 34], "uv_size": [2, 4]},
								"east": {"uv": [25, 56], "uv_size": [1, 4]},
								"south": {"uv": [50, 38], "uv_size": [2, 4]},
								"west": {"uv": [26, 56], "uv_size": [1, 4]},
								"up": {"uv": [58, 18], "uv_size": [2, 1]},
								"down": {"uv": [58, 20], "uv_size": [2, -1]}
							}
						}
					]
				},
				{
					"name": "cup3",
					"pivot": [18.5, 20.6, 7],
					"cubes": [
						{
							"origin": [19.5, 18.6, 7],
							"size": [2, 4, 0.5],
							"pivot": [21.5, 20.6, 7],
							"rotation": [0, -90, 0],
							"uv": {
								"north": {"uv": [51, 42], "uv_size": [2, 4]},
								"east": {"uv": [27, 56], "uv_size": [1, 4]},
								"south": {"uv": [52, 34], "uv_size": [2, 4]},
								"west": {"uv": [28, 56], "uv_size": [1, 4]},
								"up": {"uv": [58, 20], "uv_size": [2, 1]},
								"down": {"uv": [58, 22], "uv_size": [2, -1]}
							}
						},
						{
							"origin": [19, 18.6, 7],
							"size": [2, 4, 0.4],
							"uv": {
								"north": {"uv": [47, 43], "uv_size": [2, 4]},
								"east": {"uv": [55, 34], "uv_size": [1, 4]},
								"south": {"uv": [48, 34], "uv_size": [2, 4]},
								"west": {"uv": [55, 42], "uv_size": [1, 4]},
								"up": {"uv": [58, 14], "uv_size": [2, 1]},
								"down": {"uv": [58, 16], "uv_size": [2, -1]}
							}
						},
						{
							"origin": [19, 18.6, 4.5],
							"size": [2, 4, 0.5],
							"uv": {
								"north": {"uv": [48, 38], "uv_size": [2, 4]},
								"east": {"uv": [23, 56], "uv_size": [1, 4]},
								"south": {"uv": [49, 42], "uv_size": [2, 4]},
								"west": {"uv": [24, 56], "uv_size": [1, 4]},
								"up": {"uv": [58, 16], "uv_size": [2, 1]},
								"down": {"uv": [58, 18], "uv_size": [2, -1]}
							}
						},
						{
							"origin": [19, 18.3, 5],
							"size": [2, 0.3, 2],
							"uv": {
								"north": {"uv": [58, 22], "uv_size": [2, 1]},
								"east": {"uv": [58, 23], "uv_size": [2, 1]},
								"south": {"uv": [58, 24], "uv_size": [2, 1]},
								"west": {"uv": [58, 29], "uv_size": [2, 1]},
								"up": {"uv": [29, 56], "uv_size": [2, 2]},
								"down": {"uv": [53, 58], "uv_size": [2, -2]}
							}
						},
						{
							"origin": [16.5, 18.6, 6.5],
							"size": [2, 4, 0.5],
							"pivot": [18.5, 20.6, 7],
							"rotation": [0, -90, 0],
							"uv": {
								"north": {"uv": [50, 34], "uv_size": [2, 4]},
								"east": {"uv": [25, 56], "uv_size": [1, 4]},
								"south": {"uv": [50, 38], "uv_size": [2, 4]},
								"west": {"uv": [26, 56], "uv_size": [1, 4]},
								"up": {"uv": [58, 18], "uv_size": [2, 1]},
								"down": {"uv": [58, 20], "uv_size": [2, -1]}
							}
						}
					]
				},
				{
					"name": "cup4",
					"pivot": [19.5, 20.6, -2],
					"cubes": [
						{
							"origin": [20.5, 18.6, -2],
							"size": [2, 4, 0.5],
							"pivot": [22.5, 20.6, -2],
							"rotation": [0, -90, 0],
							"uv": {
								"north": {"uv": [51, 42], "uv_size": [2, 4]},
								"east": {"uv": [27, 56], "uv_size": [1, 4]},
								"south": {"uv": [52, 34], "uv_size": [2, 4]},
								"west": {"uv": [28, 56], "uv_size": [1, 4]},
								"up": {"uv": [58, 20], "uv_size": [2, 1]},
								"down": {"uv": [58, 22], "uv_size": [2, -1]}
							}
						},
						{
							"origin": [20, 18.6, -2],
							"size": [2, 4, 0.4],
							"uv": {
								"north": {"uv": [47, 43], "uv_size": [2, 4]},
								"east": {"uv": [55, 34], "uv_size": [1, 4]},
								"south": {"uv": [48, 34], "uv_size": [2, 4]},
								"west": {"uv": [55, 42], "uv_size": [1, 4]},
								"up": {"uv": [58, 14], "uv_size": [2, 1]},
								"down": {"uv": [58, 16], "uv_size": [2, -1]}
							}
						},
						{
							"origin": [20, 18.6, -4.5],
							"size": [2, 4, 0.5],
							"uv": {
								"north": {"uv": [48, 38], "uv_size": [2, 4]},
								"east": {"uv": [23, 56], "uv_size": [1, 4]},
								"south": {"uv": [49, 42], "uv_size": [2, 4]},
								"west": {"uv": [24, 56], "uv_size": [1, 4]},
								"up": {"uv": [58, 16], "uv_size": [2, 1]},
								"down": {"uv": [58, 18], "uv_size": [2, -1]}
							}
						},
						{
							"origin": [20, 18.3, -4],
							"size": [2, 0.3, 2],
							"uv": {
								"north": {"uv": [58, 22], "uv_size": [2, 1]},
								"east": {"uv": [58, 23], "uv_size": [2, 1]},
								"south": {"uv": [58, 24], "uv_size": [2, 1]},
								"west": {"uv": [58, 29], "uv_size": [2, 1]},
								"up": {"uv": [29, 56], "uv_size": [2, 2]},
								"down": {"uv": [53, 58], "uv_size": [2, -2]}
							}
						},
						{
							"origin": [17.5, 18.6, -2.5],
							"size": [2, 4, 0.5],
							"pivot": [19.5, 20.6, -2],
							"rotation": [0, -90, 0],
							"uv": {
								"north": {"uv": [50, 34], "uv_size": [2, 4]},
								"east": {"uv": [25, 56], "uv_size": [1, 4]},
								"south": {"uv": [50, 38], "uv_size": [2, 4]},
								"west": {"uv": [26, 56], "uv_size": [1, 4]},
								"up": {"uv": [58, 18], "uv_size": [2, 1]},
								"down": {"uv": [58, 20], "uv_size": [2, -1]}
							}
						}
					]
				}
			]
		}
	]
}