{
	"format_version": "1.12.0",
	"minecraft:geometry": [
		{
			"description": {
				"identifier": "geometry.dumpster",
				"texture_width": 128,
				"texture_height": 128,
				"visible_bounds_width": 4,
				"visible_bounds_height": 3.5,
				"visible_bounds_offset": [0, 1.25, 0]
			},
			"bones": [
				{
					"name": "feet",
					"pivot": [21.5, 0, 6.8],
					"cubes": [
						{
							"origin": [-20.5, 0, -7.7],
							"size": [1, 1, 1],
							"uv": {
								"north": {"uv": [37, 74], "uv_size": [1, 1]},
								"east": {"uv": [63, 74], "uv_size": [1, 1]},
								"south": {"uv": [37, 75], "uv_size": [1, 1]},
								"west": {"uv": [63, 75], "uv_size": [1, 1]},
								"up": {"uv": [37, 76], "uv_size": [1, 1]},
								"down": {"uv": [63, 77], "uv_size": [1, -1]}
							}
						},
						{
							"origin": [20.5, 0, -7.7],
							"size": [1, 1, 1],
							"uv": {
								"north": {"uv": [38, 58], "uv_size": [1, 1]},
								"east": {"uv": [38, 59], "uv_size": [1, 1]},
								"south": {"uv": [38, 60], "uv_size": [1, 1]},
								"west": {"uv": [38, 61], "uv_size": [1, 1]},
								"up": {"uv": [38, 62], "uv_size": [1, 1]},
								"down": {"uv": [38, 64], "uv_size": [1, -1]}
							}
						}
					]
				},
				{
					"name": "body",
					"pivot": [-12.5, 1, -15.2],
					"cubes": [
						{
							"origin": [20.5, 0, 6.3],
							"size": [1, 1, 1],
							"uv": {
								"north": {"uv": [38, 64], "uv_size": [1, 1]},
								"east": {"uv": [38, 65], "uv_size": [1, 1]},
								"south": {"uv": [38, 66], "uv_size": [1, 1]},
								"west": {"uv": [38, 67], "uv_size": [1, 1]},
								"up": {"uv": [67, 62], "uv_size": [1, 1]},
								"down": {"uv": [67, 64], "uv_size": [1, -1]}
							}
						},
						{
							"origin": [-20.5, 1, -7.7],
							"size": [42, 14, 1],
							"uv": {
								"north": {"uv": [42, 0], "uv_size": [42, 14]},
								"east": {"uv": [91, 38], "uv_size": [1, 14]},
								"south": {"uv": [42, 14], "uv_size": [42, 14]},
								"west": {"uv": [91, 67], "uv_size": [1, 14]},
								"up": {"uv": [64, 60], "uv_size": [42, 1]},
								"down": {"uv": [64, 62], "uv_size": [42, -1]}
							}
						},
						{
							"origin": [-20.5, 1, 6.3],
							"size": [42, 14, 1],
							"uv": {
								"north": {"uv": [0, 30], "uv_size": [42, 14]},
								"east": {"uv": [90, 38], "uv_size": [1, 14]},
								"south": {"uv": [42, 42], "uv_size": [42, 14]},
								"west": {"uv": [90, 67], "uv_size": [1, 14]},
								"up": {"uv": [60, 56], "uv_size": [42, 1]},
								"down": {"uv": [60, 58], "uv_size": [42, -1]}
							}
						},
						{
							"origin": [37.5, 1, -8.7],
							"size": [13, 14, 1],
							"pivot": [28.5, 1, -15.7],
							"rotation": [0, -90, 0],
							"uv": {
								"north": {"uv": [55, 28], "uv_size": [13, 14]},
								"east": {"uv": [66, 92], "uv_size": [1, 14]},
								"south": {"uv": [39, 56], "uv_size": [13, 14]},
								"west": {"uv": [67, 92], "uv_size": [1, 14]},
								"up": {"uv": [90, 53], "uv_size": [13, 1]},
								"down": {"uv": [90, 55], "uv_size": [13, -1]}
							}
						},
						{
							"origin": [30.5, 10, -8.7],
							"size": [13, 40, 1],
							"pivot": [21.5, 9, -15.7],
							"rotation": [-90, -90, 0],
							"uv": {
								"north": {"uv": [0, 44], "uv_size": [13, 40]},
								"east": {"uv": [50, 70], "uv_size": [1, 40]},
								"south": {"uv": [13, 44], "uv_size": [13, 40]},
								"west": {"uv": [51, 70], "uv_size": [1, 40]},
								"up": {"uv": [90, 81], "uv_size": [13, 1]},
								"down": {"uv": [90, 83], "uv_size": [13, -1]}
							}
						},
						{
							"origin": [-3.5, 1, -8.7],
							"size": [13, 14, 1],
							"pivot": [-12.5, 1, -15.7],
							"rotation": [0, -90, 0],
							"uv": {
								"north": {"uv": [42, 28], "uv_size": [13, 14]},
								"east": {"uv": [64, 92], "uv_size": [1, 14]},
								"south": {"uv": [26, 44], "uv_size": [13, 14]},
								"west": {"uv": [65, 92], "uv_size": [1, 14]},
								"up": {"uv": [84, 83], "uv_size": [13, 1]},
								"down": {"uv": [90, 53], "uv_size": [13, -1]}
							}
						}
					]
				},
				{
					"name": "lid",
					"pivot": [-12.5, 14.07716, 7.58519],
					"cubes": [
						{
							"origin": [9.5, 14.87716, 7.08519],
							"size": [3.3, 0.4, 0.3],
							"uv": {
								"north": {"uv": [92, 51], "uv_size": [3, 1]},
								"east": {"uv": [37, 79], "uv_size": [1, 1]},
								"south": {"uv": [92, 75], "uv_size": [3, 1]},
								"west": {"uv": [37, 80], "uv_size": [1, 1]},
								"up": {"uv": [92, 76], "uv_size": [3, 1]},
								"down": {"uv": [92, 78], "uv_size": [3, -1]}
							}
						},
						{
							"origin": [-20.5, 0, 6.3],
							"size": [1, 1, 1],
							"uv": {
								"north": {"uv": [38, 68], "uv_size": [1, 1]},
								"east": {"uv": [38, 69], "uv_size": [1, 1]},
								"south": {"uv": [37, 71], "uv_size": [1, 1]},
								"west": {"uv": [37, 72], "uv_size": [1, 1]},
								"up": {"uv": [37, 73], "uv_size": [1, 1]},
								"down": {"uv": [63, 74], "uv_size": [1, -1]}
							}
						},
						{
							"origin": [-20.5, 15, -7.6],
							"size": [42, 1, 14.8],
							"pivot": [0, 15, 7.5],
							"rotation": [-67.5, 0, 0],
							"uv": {
								"north": {"uv": [60, 58], "uv_size": [42, 1]},
								"east": {"uv": [68, 41], "uv_size": [15, 1]},
								"south": {"uv": [60, 59], "uv_size": [42, 1]},
								"west": {"uv": [84, 55], "uv_size": [15, 1]},
								"up": {"uv": [0, 0], "uv_size": [42, 15]},
								"down": {"uv": [0, 30], "uv_size": [42, -15]}
							}
						},
						{
							"origin": [-13.5, 14.87716, 7.08519],
							"size": [3.3, 0.4, 0.3],
							"uv": {
								"north": {"uv": [81, 74], "uv_size": [3, 1]},
								"east": {"uv": [37, 77], "uv_size": [1, 1]},
								"south": {"uv": [81, 75], "uv_size": [3, 1]},
								"west": {"uv": [37, 78], "uv_size": [1, 1]},
								"up": {"uv": [81, 76], "uv_size": [3, 1]},
								"down": {"uv": [81, 78], "uv_size": [3, -1]}
							}
						}
					]
				},
				{
					"name": "bone",
					"pivot": [-18.9, 28.12696, 3.56798],
					"cubes": [
						{
							"origin": [17.3, 16.12696, 3.06798],
							"size": [4, 13, 2.4],
							"pivot": [18.3, 28.12696, 3.06798],
							"rotation": [22, 0, 0],
							"uv": {
								"north": {"uv": [68, 28], "uv_size": [4, 13]},
								"east": {"uv": [55, 93], "uv_size": [1, 13]},
								"south": {"uv": [52, 69], "uv_size": [4, 13]},
								"west": {"uv": [56, 93], "uv_size": [1, 13]},
								"up": {"uv": [86, 67], "uv_size": [4, 1]},
								"down": {"uv": [30, 88], "uv_size": [4, -1]}
							}
						},
						{
							"origin": [12.3, 16.12696, 3.06798],
							"size": [4, 13, 2.4],
							"pivot": [13.3, 28.12696, 3.06798],
							"rotation": [22, 0, 0],
							"uv": {
								"north": {"uv": [56, 69], "uv_size": [4, 13]},
								"east": {"uv": [57, 93], "uv_size": [1, 13]},
								"south": {"uv": [38, 70], "uv_size": [4, 13]},
								"west": {"uv": [93, 25], "uv_size": [1, 13]},
								"up": {"uv": [30, 88], "uv_size": [4, 1]},
								"down": {"uv": [90, 85], "uv_size": [4, -1]}
							}
						},
						{
							"origin": [7.3, 16.12696, 3.06798],
							"size": [4, 13, 2.4],
							"pivot": [8.3, 28.12696, 3.06798],
							"rotation": [22, 0, 0],
							"uv": {
								"north": {"uv": [42, 70], "uv_size": [4, 13]},
								"east": {"uv": [93, 38], "uv_size": [1, 13]},
								"south": {"uv": [46, 70], "uv_size": [4, 13]},
								"west": {"uv": [93, 62], "uv_size": [1, 13]},
								"up": {"uv": [90, 85], "uv_size": [4, 1]},
								"down": {"uv": [90, 87], "uv_size": [4, -1]}
							}
						},
						{
							"origin": [2.3, 16.12696, 3.06798],
							"size": [4, 13, 2.4],
							"pivot": [3.3, 28.12696, 3.06798],
							"rotation": [22, 0, 0],
							"uv": {
								"north": {"uv": [26, 71], "uv_size": [4, 13]},
								"east": {"uv": [18, 94], "uv_size": [1, 13]},
								"south": {"uv": [30, 71], "uv_size": [4, 13]},
								"west": {"uv": [19, 94], "uv_size": [1, 13]},
								"up": {"uv": [90, 87], "uv_size": [4, 1]},
								"down": {"uv": [90, 89], "uv_size": [4, -1]}
							}
						},
						{
							"origin": [-10.3, 16.12696, 3.06798],
							"size": [4, 13, 2.4],
							"pivot": [-9.3, 28.12696, 3.06798],
							"rotation": [22, 0, 0],
							"uv": {
								"north": {"uv": [64, 64], "uv_size": [4, 13]},
								"east": {"uv": [53, 93], "uv_size": [1, 13]},
								"south": {"uv": [68, 68], "uv_size": [4, 13]},
								"west": {"uv": [54, 93], "uv_size": [1, 13]},
								"up": {"uv": [30, 85], "uv_size": [4, 1]},
								"down": {"uv": [30, 87], "uv_size": [4, -1]}
							}
						},
						{
							"origin": [-15.3, 16.12696, 3.06798],
							"size": [4, 13, 2.4],
							"pivot": [-14.3, 28.12696, 3.06798],
							"rotation": [22, 0, 0],
							"uv": {
								"north": {"uv": [26, 58], "uv_size": [4, 13]},
								"east": {"uv": [92, 25], "uv_size": [1, 13]},
								"south": {"uv": [30, 58], "uv_size": [4, 13]},
								"west": {"uv": [92, 38], "uv_size": [1, 13]},
								"up": {"uv": [80, 40], "uv_size": [4, 1]},
								"down": {"uv": [34, 82], "uv_size": [4, -1]}
							}
						},
						{
							"origin": [-5.3, 16.12696, 3.06798],
							"size": [4, 13, 2.4],
							"pivot": [-4.3, 28.12696, 3.06798],
							"rotation": [22, 0, 0],
							"uv": {
								"north": {"uv": [34, 58], "uv_size": [4, 13]},
								"east": {"uv": [92, 62], "uv_size": [1, 13]},
								"south": {"uv": [60, 60], "uv_size": [4, 13]},
								"west": {"uv": [52, 93], "uv_size": [1, 13]},
								"up": {"uv": [34, 82], "uv_size": [4, 1]},
								"down": {"uv": [30, 85], "uv_size": [4, -1]}
							}
						},
						{
							"origin": [-0.6, 16.12696, 3.06798],
							"size": [2.2, 13, 2.4],
							"pivot": [-0.3, 28.12696, 3.06798],
							"rotation": [22, 0, 0],
							"uv": {
								"north": {"uv": [48, 83], "uv_size": [2, 13]},
								"east": {"uv": [20, 94], "uv_size": [1, 13]},
								"south": {"uv": [90, 25], "uv_size": [2, 13]},
								"west": {"uv": [21, 94], "uv_size": [1, 13]},
								"up": {"uv": [66, 77], "uv_size": [2, 1]},
								"down": {"uv": [66, 79], "uv_size": [2, -1]}
							}
						},
						{
							"origin": [-20.3, 16.12696, 3.06798],
							"size": [4, 13, 2.4],
							"pivot": [-19.3, 28.12696, 3.06798],
							"rotation": [22, 0, 0],
							"uv": {
								"north": {"uv": [52, 56], "uv_size": [4, 13]},
								"east": {"uv": [68, 92], "uv_size": [1, 13]},
								"south": {"uv": [56, 56], "uv_size": [4, 13]},
								"west": {"uv": [69, 92], "uv_size": [1, 13]},
								"up": {"uv": [72, 40], "uv_size": [4, 1]},
								"down": {"uv": [76, 41], "uv_size": [4, -1]}
							}
						}
					]
				},
				{
					"name": "bone2",
					"pivot": [-9.98333, 6.9, -0.06667]
				},
				{
					"name": "trash",
					"parent": "bone2",
					"pivot": [-9.98333, 6.9, -0.06667],
					"rotation": [0, -22.5, 0],
					"cubes": [
						{
							"origin": [-11.49134, 8.4, -1.56194],
							"size": [2.6, 0.4, 2.1],
							"uv": {
								"north": {"uv": [92, 78], "uv_size": [3, 1]},
								"east": {"uv": [64, 83], "uv_size": [2, 1]},
								"south": {"uv": [92, 79], "uv_size": [3, 1]},
								"west": {"uv": [46, 84], "uv_size": [2, 1]},
								"up": {"uv": [39, 44], "uv_size": [3, 2]},
								"down": {"uv": [39, 48], "uv_size": [3, -2]}
							}
						},
						{
							"origin": [-13.19134, 1.8, -3.36194],
							"size": [6, 5.2, 5.6],
							"uv": {
								"north": {"uv": [18, 84], "uv_size": [6, 5]},
								"east": {"uv": [24, 84], "uv_size": [6, 5]},
								"south": {"uv": [72, 84], "uv_size": [6, 5]},
								"west": {"uv": [78, 84], "uv_size": [6, 5]},
								"up": {"uv": [68, 62], "uv_size": [6, 6]},
								"down": {"uv": [72, 78], "uv_size": [6, -6]}
							}
						},
						{
							"origin": [-10.89134, 7, -1.06194],
							"size": [1.5, 1.4, 1.1],
							"uv": {
								"north": {"uv": [66, 79], "uv_size": [2, 1]},
								"east": {"uv": [83, 41], "uv_size": [1, 1]},
								"south": {"uv": [66, 80], "uv_size": [2, 1]},
								"west": {"uv": [94, 87], "uv_size": [1, 1]},
								"up": {"uv": [58, 82], "uv_size": [2, 1]},
								"down": {"uv": [46, 84], "uv_size": [2, -1]}
							}
						}
					]
				},
				{
					"name": "trash2",
					"parent": "bone2",
					"pivot": [-2.75081, 6.9, 0.76436],
					"rotation": [0, 95, 0],
					"cubes": [
						{
							"origin": [-3.56938, 8.4, -0.2254],
							"size": [2.6, 0.4, 2.1],
							"uv": {
								"north": {"uv": [92, 80], "uv_size": [3, 1]},
								"east": {"uv": [64, 84], "uv_size": [2, 1]},
								"south": {"uv": [22, 94], "uv_size": [3, 1]},
								"west": {"uv": [46, 85], "uv_size": [2, 1]},
								"up": {"uv": [39, 48], "uv_size": [3, 2]},
								"down": {"uv": [39, 52], "uv_size": [3, -2]}
							}
						},
						{
							"origin": [-5.26938, 1.8, -2.0254],
							"size": [6, 5.2, 5.6],
							"uv": {
								"north": {"uv": [84, 84], "uv_size": [6, 5]},
								"east": {"uv": [84, 0], "uv_size": [6, 5]},
								"south": {"uv": [84, 5], "uv_size": [6, 5]},
								"west": {"uv": [84, 10], "uv_size": [6, 5]},
								"up": {"uv": [72, 28], "uv_size": [6, 6]},
								"down": {"uv": [72, 40], "uv_size": [6, -6]}
							}
						},
						{
							"origin": [-2.96938, 7, 0.2746],
							"size": [1.5, 1.4, 1.1],
							"uv": {
								"north": {"uv": [64, 85], "uv_size": [2, 1]},
								"east": {"uv": [94, 88], "uv_size": [1, 1]},
								"south": {"uv": [46, 86], "uv_size": [2, 1]},
								"west": {"uv": [94, 89], "uv_size": [1, 1]},
								"up": {"uv": [64, 86], "uv_size": [2, 1]},
								"down": {"uv": [46, 88], "uv_size": [2, -1]}
							}
						}
					]
				},
				{
					"name": "trash3",
					"parent": "bone2",
					"pivot": [16.55781, 6.9, 1.1855],
					"rotation": [0, 57.5, 0],
					"cubes": [
						{
							"origin": [15.66283, 8.4, -0.11648],
							"size": [2.6, 0.4, 2.1],
							"uv": {
								"north": {"uv": [25, 94], "uv_size": [3, 1]},
								"east": {"uv": [70, 87], "uv_size": [2, 1]},
								"south": {"uv": [28, 94], "uv_size": [3, 1]},
								"west": {"uv": [46, 88], "uv_size": [2, 1]},
								"up": {"uv": [39, 52], "uv_size": [3, 2]},
								"down": {"uv": [39, 56], "uv_size": [3, -2]}
							}
						},
						{
							"origin": [13.96283, 1.8, -1.91648],
							"size": [6, 5.2, 5.6],
							"uv": {
								"north": {"uv": [84, 15], "uv_size": [6, 5]},
								"east": {"uv": [84, 20], "uv_size": [6, 5]},
								"south": {"uv": [84, 25], "uv_size": [6, 5]},
								"west": {"uv": [84, 30], "uv_size": [6, 5]},
								"up": {"uv": [74, 62], "uv_size": [6, 6]},
								"down": {"uv": [60, 83], "uv_size": [6, -6]}
							}
						},
						{
							"origin": [16.26283, 7, 0.38352],
							"size": [1.5, 1.4, 1.1],
							"uv": {
								"north": {"uv": [70, 88], "uv_size": [2, 1]},
								"east": {"uv": [94, 90], "uv_size": [1, 1]},
								"south": {"uv": [46, 94], "uv_size": [2, 1]},
								"west": {"uv": [94, 91], "uv_size": [1, 1]},
								"up": {"uv": [91, 94], "uv_size": [2, 1]},
								"down": {"uv": [93, 95], "uv_size": [2, -1]}
							}
						}
					]
				},
				{
					"name": "trash4",
					"parent": "bone2",
					"pivot": [8.75866, 6.9, -2.23458],
					"rotation": [0, 25, 0],
					"cubes": [
						{
							"origin": [7.6533, 8.4, -3.72107],
							"size": [2.6, 0.4, 2.1],
							"uv": {
								"north": {"uv": [31, 94], "uv_size": [3, 1]},
								"east": {"uv": [94, 25], "uv_size": [2, 1]},
								"south": {"uv": [34, 94], "uv_size": [3, 1]},
								"west": {"uv": [94, 26], "uv_size": [2, 1]},
								"up": {"uv": [64, 62], "uv_size": [3, 2]},
								"down": {"uv": [34, 73], "uv_size": [3, -2]}
							}
						},
						{
							"origin": [5.9533, 1.8, -5.52107],
							"size": [6, 5.2, 5.6],
							"uv": {
								"north": {"uv": [84, 35], "uv_size": [6, 5]},
								"east": {"uv": [84, 40], "uv_size": [6, 5]},
								"south": {"uv": [84, 45], "uv_size": [6, 5]},
								"west": {"uv": [84, 50], "uv_size": [6, 5]},
								"up": {"uv": [72, 78], "uv_size": [6, 6]},
								"down": {"uv": [78, 84], "uv_size": [6, -6]}
							}
						},
						{
							"origin": [8.2533, 7, -3.22107],
							"size": [1.5, 1.4, 1.1],
							"uv": {
								"north": {"uv": [94, 27], "uv_size": [2, 1]},
								"east": {"uv": [94, 92], "uv_size": [1, 1]},
								"south": {"uv": [94, 28], "uv_size": [2, 1]},
								"west": {"uv": [94, 93], "uv_size": [1, 1]},
								"up": {"uv": [94, 29], "uv_size": [2, 1]},
								"down": {"uv": [94, 31], "uv_size": [2, -1]}
							}
						}
					]
				},
				{
					"name": "trash5",
					"parent": "bone2",
					"pivot": [2.09276, 6.9, -0.47655],
					"rotation": [0, -22.5, 0],
					"cubes": [
						{
							"origin": [0.58475, 8.4, -1.97182],
							"size": [2.6, 0.4, 2.1],
							"uv": {
								"north": {"uv": [37, 94], "uv_size": [3, 1]},
								"east": {"uv": [94, 31], "uv_size": [2, 1]},
								"south": {"uv": [40, 94], "uv_size": [3, 1]},
								"west": {"uv": [94, 32], "uv_size": [2, 1]},
								"up": {"uv": [72, 68], "uv_size": [3, 2]},
								"down": {"uv": [72, 72], "uv_size": [3, -2]}
							}
						},
						{
							"origin": [-1.11525, 1.8, -3.77182],
							"size": [6, 5.2, 5.6],
							"uv": {
								"north": {"uv": [84, 68], "uv_size": [6, 5]},
								"east": {"uv": [84, 73], "uv_size": [6, 5]},
								"south": {"uv": [84, 78], "uv_size": [6, 5]},
								"west": {"uv": [86, 62], "uv_size": [6, 5]},
								"up": {"uv": [78, 28], "uv_size": [6, 6]},
								"down": {"uv": [78, 40], "uv_size": [6, -6]}
							}
						},
						{
							"origin": [1.18475, 7, -1.47182],
							"size": [1.5, 1.4, 1.1],
							"uv": {
								"north": {"uv": [94, 33], "uv_size": [2, 1]},
								"east": {"uv": [0, 95], "uv_size": [1, 1]},
								"south": {"uv": [94, 34], "uv_size": [2, 1]},
								"west": {"uv": [1, 95], "uv_size": [1, 1]},
								"up": {"uv": [94, 35], "uv_size": [2, 1]},
								"down": {"uv": [94, 37], "uv_size": [2, -1]}
							}
						}
					]
				},
				{
					"name": "trash6",
					"parent": "bone2",
					"pivot": [-15.98541, 6.9, -3.4562],
					"rotation": [0, 2.5, 0],
					"cubes": [
						{
							"origin": [-17.28027, 8.4, -4.98906],
							"size": [2.6, 0.4, 2.1],
							"uv": {
								"north": {"uv": [43, 94], "uv_size": [3, 1]},
								"east": {"uv": [94, 37], "uv_size": [2, 1]},
								"south": {"uv": [58, 94], "uv_size": [3, 1]},
								"west": {"uv": [94, 38], "uv_size": [2, 1]},
								"up": {"uv": [34, 73], "uv_size": [3, 2]},
								"down": {"uv": [60, 75], "uv_size": [3, -2]}
							}
						},
						{
							"origin": [-18.98027, 1.8, -6.78906],
							"size": [6, 5.2, 5.6],
							"uv": {
								"north": {"uv": [64, 87], "uv_size": [6, 5]},
								"east": {"uv": [52, 88], "uv_size": [6, 5]},
								"south": {"uv": [18, 89], "uv_size": [6, 5]},
								"west": {"uv": [24, 89], "uv_size": [6, 5]},
								"up": {"uv": [78, 68], "uv_size": [6, 6]},
								"down": {"uv": [80, 68], "uv_size": [6, -6]}
							}
						},
						{
							"origin": [-16.68027, 7, -4.48906],
							"size": [1.5, 1.4, 1.1],
							"uv": {
								"north": {"uv": [94, 39], "uv_size": [2, 1]},
								"east": {"uv": [2, 95], "uv_size": [1, 1]},
								"south": {"uv": [94, 40], "uv_size": [2, 1]},
								"west": {"uv": [3, 95], "uv_size": [1, 1]},
								"up": {"uv": [94, 41], "uv_size": [2, 1]},
								"down": {"uv": [94, 43], "uv_size": [2, -1]}
							}
						}
					]
				},
				{
					"name": "trash7",
					"parent": "bone2",
					"pivot": [9.03782, 6.9, 4.15933],
					"rotation": [0, 2.5, 0],
					"cubes": [
						{
							"origin": [7.74296, 8.4, 2.62647],
							"size": [2.6, 0.4, 2.1],
							"uv": {
								"north": {"uv": [61, 94], "uv_size": [3, 1]},
								"east": {"uv": [94, 43], "uv_size": [2, 1]},
								"south": {"uv": [70, 94], "uv_size": [3, 1]},
								"west": {"uv": [94, 44], "uv_size": [2, 1]},
								"up": {"uv": [34, 75], "uv_size": [3, 2]},
								"down": {"uv": [60, 77], "uv_size": [3, -2]}
							}
						},
						{
							"origin": [6.04296, 1.8, 0.82647],
							"size": [6, 5.2, 5.6],
							"uv": {
								"north": {"uv": [30, 89], "uv_size": [6, 5]},
								"east": {"uv": [36, 89], "uv_size": [6, 5]},
								"south": {"uv": [42, 89], "uv_size": [6, 5]},
								"west": {"uv": [58, 89], "uv_size": [6, 5]},
								"up": {"uv": [66, 81], "uv_size": [6, 6]},
								"down": {"uv": [52, 88], "uv_size": [6, -6]}
							}
						},
						{
							"origin": [8.34296, 7, 3.12647],
							"size": [1.5, 1.4, 1.1],
							"uv": {
								"north": {"uv": [94, 45], "uv_size": [2, 1]},
								"east": {"uv": [4, 95], "uv_size": [1, 1]},
								"south": {"uv": [94, 46], "uv_size": [2, 1]},
								"west": {"uv": [5, 95], "uv_size": [1, 1]},
								"up": {"uv": [94, 47], "uv_size": [2, 1]},
								"down": {"uv": [94, 49], "uv_size": [2, -1]}
							}
						}
					]
				},
				{
					"name": "trash8",
					"parent": "bone2",
					"pivot": [-15.98541, 6.9, 3.5438],
					"rotation": [0, -17.5, 0],
					"cubes": [
						{
							"origin": [-17.45243, 8.4, 2.0336],
							"size": [2.6, 0.4, 2.1],
							"uv": {
								"north": {"uv": [73, 94], "uv_size": [3, 1]},
								"east": {"uv": [94, 49], "uv_size": [2, 1]},
								"south": {"uv": [76, 94], "uv_size": [3, 1]},
								"west": {"uv": [94, 50], "uv_size": [2, 1]},
								"up": {"uv": [75, 68], "uv_size": [3, 2]},
								"down": {"uv": [75, 72], "uv_size": [3, -2]}
							}
						},
						{
							"origin": [-19.15243, 1.8, 0.2336],
							"size": [6, 5.2, 5.6],
							"uv": {
								"north": {"uv": [70, 89], "uv_size": [6, 5]},
								"east": {"uv": [76, 89], "uv_size": [6, 5]},
								"south": {"uv": [82, 89], "uv_size": [6, 5]},
								"west": {"uv": [88, 89], "uv_size": [6, 5]},
								"up": {"uv": [34, 83], "uv_size": [6, 6]},
								"down": {"uv": [40, 89], "uv_size": [6, -6]}
							}
						},
						{
							"origin": [-16.85243, 7, 2.5336],
							"size": [1.5, 1.4, 1.1],
							"uv": {
								"north": {"uv": [94, 62], "uv_size": [2, 1]},
								"east": {"uv": [6, 95], "uv_size": [1, 1]},
								"south": {"uv": [94, 63], "uv_size": [2, 1]},
								"west": {"uv": [7, 95], "uv_size": [1, 1]},
								"up": {"uv": [94, 64], "uv_size": [2, 1]},
								"down": {"uv": [94, 66], "uv_size": [2, -1]}
							}
						}
					]
				},
				{
					"name": "trash9",
					"parent": "bone2",
					"pivot": [14.13543, 6.9, -2.53505],
					"rotation": [0, 25, 0],
					"cubes": [
						{
							"origin": [13.03007, 8.4, -4.02154],
							"size": [2.6, 0.4, 2.1],
							"uv": {
								"north": {"uv": [79, 94], "uv_size": [3, 1]},
								"east": {"uv": [94, 66], "uv_size": [2, 1]},
								"south": {"uv": [82, 94], "uv_size": [3, 1]},
								"west": {"uv": [94, 67], "uv_size": [2, 1]},
								"up": {"uv": [34, 77], "uv_size": [3, 2]},
								"down": {"uv": [78, 76], "uv_size": [3, -2]}
							}
						},
						{
							"origin": [11.33007, 1.8, -5.82154],
							"size": [6, 5.2, 5.6],
							"uv": {
								"north": {"uv": [0, 90], "uv_size": [6, 5]},
								"east": {"uv": [6, 90], "uv_size": [6, 5]},
								"south": {"uv": [12, 90], "uv_size": [6, 5]},
								"west": {"uv": [90, 0], "uv_size": [6, 5]},
								"up": {"uv": [58, 83], "uv_size": [6, 6]},
								"down": {"uv": [0, 90], "uv_size": [6, -6]}
							}
						},
						{
							"origin": [13.63007, 7, -3.52154],
							"size": [1.5, 1.4, 1.1],
							"uv": {
								"north": {"uv": [94, 68], "uv_size": [2, 1]},
								"east": {"uv": [8, 95], "uv_size": [1, 1]},
								"south": {"uv": [94, 69], "uv_size": [2, 1]},
								"west": {"uv": [9, 95], "uv_size": [1, 1]},
								"up": {"uv": [94, 70], "uv_size": [2, 1]},
								"down": {"uv": [94, 72], "uv_size": [2, -1]}
							}
						}
					]
				},
				{
					"name": "trash10",
					"parent": "bone2",
					"pivot": [1.55457, 6.5, 3.5913],
					"rotation": [0, 42.5, 0],
					"cubes": [
						{
							"origin": [-5.39624, 8.4, -3.28295],
							"size": [2.6, 0.4, 2.1],
							"uv": {
								"north": {"uv": [85, 94], "uv_size": [3, 1]},
								"east": {"uv": [94, 72], "uv_size": [2, 1]},
								"south": {"uv": [88, 94], "uv_size": [3, 1]},
								"west": {"uv": [94, 73], "uv_size": [2, 1]},
								"up": {"uv": [78, 76], "uv_size": [3, 2]},
								"down": {"uv": [34, 81], "uv_size": [3, -2]}
							}
						},
						{
							"origin": [-7.09624, 1.8, -5.08295],
							"size": [6, 5.2, 5.6],
							"uv": {
								"north": {"uv": [90, 5], "uv_size": [6, 5]},
								"east": {"uv": [90, 10], "uv_size": [6, 5]},
								"south": {"uv": [90, 15], "uv_size": [6, 5]},
								"west": {"uv": [90, 20], "uv_size": [6, 5]},
								"up": {"uv": [6, 84], "uv_size": [6, 6]},
								"down": {"uv": [12, 90], "uv_size": [6, -6]}
							}
						},
						{
							"origin": [-4.79624, 7, -2.78295],
							"size": [1.5, 1.4, 1.1],
							"uv": {
								"north": {"uv": [94, 74], "uv_size": [2, 1]},
								"east": {"uv": [10, 95], "uv_size": [1, 1]},
								"south": {"uv": [94, 84], "uv_size": [2, 1]},
								"west": {"uv": [11, 95], "uv_size": [1, 1]},
								"up": {"uv": [94, 85], "uv_size": [2, 1]},
								"down": {"uv": [94, 87], "uv_size": [2, -1]}
							}
						}
					]
				}
			]
		}
	]
}