{
	"format_version": "1.12.0",
	"minecraft:geometry": [
		{
			"description": {
				"identifier": "geometry.gamingsetup",
				"texture_width": 64,
				"texture_height": 64,
				"visible_bounds_width": 4,
				"visible_bounds_height": 3.5,
				"visible_bounds_offset": [0, 1.25, 0]
			},
			"bones": [
				{
					"name": "monitor",
					"pivot": [-18, 24.4, -1],
					"cubes": [
						{
							"origin": [-9.9, 16, 5.9],
							"size": [18.4, 0.8, 0.8],
							"uv": {
								"north": {"uv": [30.5, 8], "uv_size": [9, 0.5]},
								"east": {"uv": [23, 33], "uv_size": [0.5, 0.5]},
								"south": {"uv": [30.5, 8.5], "uv_size": [9, 0.5]},
								"west": {"uv": [23.5, 33], "uv_size": [0.5, 0.5]},
								"up": {"uv": [30.5, 9], "uv_size": [9, 0.5]},
								"down": {"uv": [30.5, 10], "uv_size": [9, -0.5]}
							}
						},
						{
							"origin": [-10.3, 16.8, 5.9],
							"size": [19.6, 9.7, 0.8],
							"uv": {
								"north": {"uv": [18, 18], "uv_size": [10, 5]},
								"east": {"uv": [0, 32], "uv_size": [0.5, 5]},
								"south": {"uv": [19.5, 0], "uv_size": [10, 5]},
								"west": {"uv": [0.5, 32], "uv_size": [0.5, 5]},
								"up": {"uv": [30.5, 5], "uv_size": [10, 0.5]},
								"down": {"uv": [30.5, 6], "uv_size": [10, -0.5]}
							}
						},
						{
							"origin": [-9.9, 26.5, 5.9],
							"size": [18.5, 0.8, 0.8],
							"uv": {
								"north": {"uv": [30.5, 6], "uv_size": [9.5, 0.5]},
								"east": {"uv": [24, 33], "uv_size": [0.5, 0.5]},
								"south": {"uv": [30.5, 6.5], "uv_size": [9.5, 0.5]},
								"west": {"uv": [24.5, 33], "uv_size": [0.5, 0.5]},
								"up": {"uv": [30.5, 7], "uv_size": [9.5, 0.5]},
								"down": {"uv": [30.5, 8], "uv_size": [9.5, -0.5]}
							}
						},
						{
							"origin": [-6.4, 14.1, 3.3],
							"size": [10.6, 0.4, 5.7],
							"uv": {
								"north": {"uv": [6.5, 32], "uv_size": [5.5, 0.5]},
								"east": {"uv": [12, 32], "uv_size": [3, 0.5]},
								"south": {"uv": [18, 32], "uv_size": [5.5, 0.5]},
								"west": {"uv": [26, 32.5], "uv_size": [3, 0.5]},
								"up": {"uv": [27.5, 11], "uv_size": [5.5, 3]},
								"down": {"uv": [27.5, 17], "uv_size": [5.5, -3]}
							}
						},
						{
							"origin": [-3.9, 14.5, 5.9],
							"size": [6.5, 1.5, 1.2],
							"uv": {
								"north": {"uv": [30.5, 10], "uv_size": [3.5, 1]},
								"east": {"uv": [8, 31], "uv_size": [0.5, 1]},
								"south": {"uv": [0, 31], "uv_size": [3.5, 1]},
								"west": {"uv": [8.5, 31], "uv_size": [0.5, 1]},
								"up": {"uv": [11, 32.5], "uv_size": [3.5, 0.5]},
								"down": {"uv": [22.5, 33], "uv_size": [3.5, -0.5]}
							}
						}
					]
				},
				{
					"name": "PC",
					"pivot": [-30, 23, 0],
					"cubes": [
						{
							"origin": [-17.3, 14, -7.8],
							"size": [6.4, 12, 15.9],
							"uv": {
								"north": {"uv": [15, 24], "uv_size": [3, 6]},
								"east": {"uv": [19.5, 5], "uv_size": [8, 6]},
								"south": {"uv": [27.5, 5], "uv_size": [3, 6]},
								"west": {"uv": [19.5, 11], "uv_size": [8, 6]},
								"up": {"uv": [9, 24], "uv_size": [3, 8]},
								"down": {"uv": [12, 32], "uv_size": [3, -8]}
							}
						}
					]
				},
				{
					"name": "keyboard",
					"pivot": [0, 14, -1],
					"cubes": [
						{
							"origin": [-8, 14, -6],
							"size": [13, 0.5, 6],
							"uv": {
								"north": {"uv": [27, 31], "uv_size": [6.5, 0.5]},
								"east": {"uv": [29, 32.5], "uv_size": [3, 0.5]},
								"south": {"uv": [27, 31.5], "uv_size": [6.5, 0.5]},
								"west": {"uv": [32, 32.5], "uv_size": [3, 0.5]},
								"up": {"uv": [27, 27], "uv_size": [6.5, 3]},
								"down": {"uv": [27, 26], "uv_size": [6.5, -3]}
							}
						}
					]
				},
				{
					"name": "mouse",
					"pivot": [12.3, 14, -2],
					"cubes": [
						{
							"origin": [9.3, 14, -4.1],
							"size": [2.1, 0.8, 3.1],
							"pivot": [10.3, 14, -2],
							"rotation": [0, 13, 0],
							"uv": {
								"north": {"uv": [32.5, 32], "uv_size": [1, 0.5]},
								"east": {"uv": [6.5, 31], "uv_size": [1.5, 0.5]},
								"south": {"uv": [6.5, 33], "uv_size": [1, 0.5]},
								"west": {"uv": [6.5, 31.5], "uv_size": [1.5, 0.5]},
								"up": {"uv": [1, 32], "uv_size": [1, 1.5]},
								"down": {"uv": [2, 33.5], "uv_size": [1, -1.5]}
							}
						}
					]
				},
				{
					"name": "drawers",
					"pivot": [0, 14, 0],
					"cubes": [
						{
							"origin": [10.2, 0.4, -9.5],
							"size": [8.5, 4.8, 0.5],
							"uv": {
								"north": {"uv": [28, 18], "uv_size": [4.5, 2.5]},
								"east": {"uv": [3, 32], "uv_size": [0.5, 2.5]},
								"south": {"uv": [28, 20.5], "uv_size": [4.5, 2.5]},
								"west": {"uv": [14.5, 32.5], "uv_size": [0.5, 2.5]},
								"up": {"uv": [23.5, 32], "uv_size": [4.5, 0.5]},
								"down": {"uv": [28, 32.5], "uv_size": [4.5, -0.5]}
							}
						},
						{
							"origin": [14, 7, -9.9],
							"size": [1, 1, 0.4],
							"uv": {
								"north": {"uv": [25, 33], "uv_size": [0.5, 0.5]},
								"east": {"uv": [25.5, 33], "uv_size": [0.5, 0.5]},
								"south": {"uv": [26, 33], "uv_size": [0.5, 0.5]},
								"west": {"uv": [26.5, 33], "uv_size": [0.5, 0.5]},
								"up": {"uv": [27, 33], "uv_size": [0.5, 0.5]},
								"down": {"uv": [27.5, 33.5], "uv_size": [0.5, -0.5]}
							}
						},
						{
							"origin": [14, 2.4, -9.9],
							"size": [1, 1, 0.4],
							"uv": {
								"north": {"uv": [28, 33], "uv_size": [0.5, 0.5]},
								"east": {"uv": [28.5, 33], "uv_size": [0.5, 0.5]},
								"south": {"uv": [29, 33], "uv_size": [0.5, 0.5]},
								"west": {"uv": [29.5, 33], "uv_size": [0.5, 0.5]},
								"up": {"uv": [30, 33], "uv_size": [0.5, 0.5]},
								"down": {"uv": [30.5, 33.5], "uv_size": [0.5, -0.5]}
							}
						},
						{
							"origin": [10.2, 5.4, -9.5],
							"size": [8.5, 4.8, 0.5],
							"uv": {
								"north": {"uv": [29.5, 0], "uv_size": [4.5, 2.5]},
								"east": {"uv": [32.5, 18], "uv_size": [0.5, 2.5]},
								"south": {"uv": [29.5, 2.5], "uv_size": [4.5, 2.5]},
								"west": {"uv": [32.5, 20.5], "uv_size": [0.5, 2.5]},
								"up": {"uv": [6.5, 32.5], "uv_size": [4.5, 0.5]},
								"down": {"uv": [18, 33], "uv_size": [4.5, -0.5]}
							}
						}
					]
				},
				{
					"name": "wire",
					"pivot": [-2.06953, 13.04892, 9.31339],
					"cubes": [
						{
							"origin": [-14.28431, 0.8784, 9.31339],
							"size": [0.4, 12.3, 0.2],
							"pivot": [-14.13431, 12.7784, 9.51339],
							"rotation": [0, 0, -90],
							"uv": {
								"north": {"uv": [15, 30], "uv_size": [0.5, 6]},
								"east": {"uv": [15.5, 30], "uv_size": [0.5, 6]},
								"south": {"uv": [16, 30], "uv_size": [0.5, 6]},
								"west": {"uv": [16.5, 30], "uv_size": [0.5, 6]},
								"up": {"uv": [31, 33], "uv_size": [0.5, 0.5]},
								"down": {"uv": [31.5, 33.5], "uv_size": [0.5, -0.5]}
							}
						},
						{
							"origin": [-15, 15.36488, 7.25254],
							"size": [0.4, 0.2, 1.3],
							"uv": {
								"north": {"uv": [32, 33], "uv_size": [0.5, 0.5]},
								"east": {"uv": [32.5, 33], "uv_size": [0.5, 0.5]},
								"south": {"uv": [33, 33], "uv_size": [0.5, 0.5]},
								"west": {"uv": [33, 11], "uv_size": [0.5, 0.5]},
								"up": {"uv": [33, 11.5], "uv_size": [0.5, 0.5]},
								"down": {"uv": [33, 12.5], "uv_size": [0.5, -0.5]}
							}
						},
						{
							"origin": [-15, 15.52709, 8.18391],
							"size": [0.4, 0.2, 1.5],
							"pivot": [-14.4, 15.22709, 8.18391],
							"rotation": [-47.5, 0, 0],
							"uv": {
								"north": {"uv": [33, 12.5], "uv_size": [0.5, 0.5]},
								"east": {"uv": [7.5, 33], "uv_size": [1, 0.5]},
								"south": {"uv": [33, 13], "uv_size": [0.5, 0.5]},
								"west": {"uv": [8.5, 33], "uv_size": [1, 0.5]},
								"up": {"uv": [9.5, 33], "uv_size": [0.5, 1]},
								"down": {"uv": [10, 34], "uv_size": [0.5, -1]}
							}
						},
						{
							"origin": [-15, 14.89408, 9.11339],
							"size": [0.4, 0.2, 1.4],
							"pivot": [-14.4, 14.59408, 9.01339],
							"rotation": [-90, 0, 0],
							"uv": {
								"north": {"uv": [33, 13.5], "uv_size": [0.5, 0.5]},
								"east": {"uv": [33, 14], "uv_size": [0.5, 0.5]},
								"south": {"uv": [33, 14.5], "uv_size": [0.5, 0.5]},
								"west": {"uv": [33, 15], "uv_size": [0.5, 0.5]},
								"up": {"uv": [33, 15.5], "uv_size": [0.5, 0.5]},
								"down": {"uv": [33, 16.5], "uv_size": [0.5, -0.5]}
							}
						},
						{
							"origin": [-2.1, 15.3, 7],
							"size": [0.5, 0.4, 1.5],
							"uv": {
								"north": {"uv": [33, 16.5], "uv_size": [0.5, 0.5]},
								"east": {"uv": [10.5, 33], "uv_size": [1, 0.5]},
								"south": {"uv": [33, 18], "uv_size": [0.5, 0.5]},
								"west": {"uv": [11.5, 33], "uv_size": [1, 0.5]},
								"up": {"uv": [12.5, 33], "uv_size": [0.5, 1]},
								"down": {"uv": [13, 34], "uv_size": [0.5, -1]}
							}
						},
						{
							"origin": [-2.1, 15.52709, 7.98391],
							"size": [0.5, 0.4, 1.5],
							"pivot": [-1.4, 15.22709, 7.98391],
							"rotation": [-47.5, 0, 0],
							"uv": {
								"north": {"uv": [33, 18.5], "uv_size": [0.5, 0.5]},
								"east": {"uv": [13.5, 33], "uv_size": [1, 0.5]},
								"south": {"uv": [33, 19], "uv_size": [0.5, 0.5]},
								"west": {"uv": [18, 33], "uv_size": [1, 0.5]},
								"up": {"uv": [19, 33], "uv_size": [0.5, 1]},
								"down": {"uv": [19.5, 34], "uv_size": [0.5, -1]}
							}
						},
						{
							"origin": [-2.1, 14.89408, 8.81339],
							"size": [0.5, 0.4, 1.5],
							"pivot": [-1.4, 14.59408, 8.81339],
							"rotation": [-90, 0, 0],
							"uv": {
								"north": {"uv": [33, 19.5], "uv_size": [0.5, 0.5]},
								"east": {"uv": [20, 33], "uv_size": [1, 0.5]},
								"south": {"uv": [33, 20], "uv_size": [0.5, 0.5]},
								"west": {"uv": [21, 33], "uv_size": [1, 0.5]},
								"up": {"uv": [22, 33], "uv_size": [0.5, 1]},
								"down": {"uv": [22.5, 34], "uv_size": [0.5, -1]}
							}
						},
						{
							"origin": [-14.79038, 12.58802, 9.31339],
							"size": [0.4, 0.8, 0.2],
							"pivot": [-14.64038, 12.98802, 9.51339],
							"rotation": [0, 0, -45],
							"uv": {
								"north": {"uv": [33, 20.5], "uv_size": [0.5, 0.5]},
								"east": {"uv": [33, 21], "uv_size": [0.5, 0.5]},
								"south": {"uv": [33, 21.5], "uv_size": [0.5, 0.5]},
								"west": {"uv": [33, 22], "uv_size": [0.5, 0.5]},
								"up": {"uv": [33, 22.5], "uv_size": [0.5, 0.5]},
								"down": {"uv": [1, 34], "uv_size": [0.5, -0.5]}
							}
						},
						{
							"origin": [-2.31953, 12.64892, 9.11339],
							"size": [0.5, 0.8, 0.4],
							"pivot": [-2.06953, 13.04892, 9.31339],
							"rotation": [0, 0, 52.5],
							"uv": {
								"north": {"uv": [1.5, 33.5], "uv_size": [0.5, 0.5]},
								"east": {"uv": [2, 33.5], "uv_size": [0.5, 0.5]},
								"south": {"uv": [2.5, 33.5], "uv_size": [0.5, 0.5]},
								"west": {"uv": [6.5, 33.5], "uv_size": [0.5, 0.5]},
								"up": {"uv": [7, 33.5], "uv_size": [0.5, 0.5]},
								"down": {"uv": [7.5, 34], "uv_size": [0.5, -0.5]}
							}
						}
					]
				},
				{
					"name": "desk",
					"pivot": [-29, 9, 0],
					"cubes": [
						{
							"origin": [-19, 0, 8],
							"size": [1, 12, 1],
							"uv": {
								"north": {"uv": [17, 30], "uv_size": [0.5, 6]},
								"east": {"uv": [17.5, 30], "uv_size": [0.5, 6]},
								"south": {"uv": [3.5, 31], "uv_size": [0.5, 6]},
								"west": {"uv": [4, 31], "uv_size": [0.5, 6]},
								"up": {"uv": [8, 33.5], "uv_size": [0.5, 0.5]},
								"down": {"uv": [8.5, 34], "uv_size": [0.5, -0.5]}
							}
						},
						{
							"origin": [-19.5, 12, -9.2],
							"size": [38.9, 2, 18.4],
							"uv": {
								"north": {"uv": [19.5, 17], "uv_size": [19.5, 1]},
								"east": {"uv": [0, 30], "uv_size": [9, 1]},
								"south": {"uv": [27, 26], "uv_size": [19.5, 1]},
								"west": {"uv": [27, 30], "uv_size": [9, 1]},
								"up": {"uv": [0, 0], "uv_size": [19.5, 9]},
								"down": {"uv": [0, 18], "uv_size": [19.5, -9]}
							}
						},
						{
							"origin": [10, 0, -9],
							"size": [9, 12, 18],
							"uv": {
								"north": {"uv": [0, 24], "uv_size": [4.5, 6]},
								"east": {"uv": [0, 18], "uv_size": [9, 6]},
								"south": {"uv": [4.5, 24], "uv_size": [4.5, 6]},
								"west": {"uv": [9, 18], "uv_size": [9, 6]},
								"up": {"uv": [18, 23], "uv_size": [4.5, 9]},
								"down": {"uv": [22.5, 32], "uv_size": [4.5, -9]}
							}
						},
						{
							"origin": [-19, 0, -9],
							"size": [1, 12, 1],
							"uv": {
								"north": {"uv": [4.5, 31], "uv_size": [0.5, 6]},
								"east": {"uv": [5, 31], "uv_size": [0.5, 6]},
								"south": {"uv": [5.5, 31], "uv_size": [0.5, 6]},
								"west": {"uv": [6, 31], "uv_size": [0.5, 6]},
								"up": {"uv": [9, 33.5], "uv_size": [0.5, 0.5]},
								"down": {"uv": [10.5, 34], "uv_size": [0.5, -0.5]}
							}
						}
					]
				}
			]
		}
	]
}