{
	"format_version": "1.12.0",
	"minecraft:geometry": [
		{
			"description": {
				"identifier": "geometry.lamptable",
				"texture_width": 64,
				"texture_height": 64,
				"visible_bounds_width": 3,
				"visible_bounds_height": 2.5,
				"visible_bounds_offset": [0, 0.75, 0]
			},
			"bones": [
				{
					"name": "unknown_bone",
					"pivot": [0, 0, -3],
					"cubes": [
						{
							"origin": [-7, 2, -4],
							"size": [15, 1, 8],
							"uv": {
								"north": {"uv": [58, 39], "uv_size": [-15, 1]},
								"east": {"uv": [30, 50], "uv_size": [-8, 1]},
								"south": {"uv": [58, 38], "uv_size": [-15, 1]},
								"west": {"uv": [38, 50], "uv_size": [-8, 1]},
								"up": {"uv": [36, 8], "uv_size": [15, -8]},
								"down": {"uv": [36, 18], "uv_size": [15, 8]}
							}
						},
						{
							"origin": [-8, 21.5, -5],
							"size": [17, 1.3, 10],
							"uv": {
								"north": {"uv": [60, 37], "uv_size": [-17, 1]},
								"east": {"uv": [53, 49], "uv_size": [-10, 1]},
								"south": {"uv": [36, 18], "uv_size": [-17, 1]},
								"west": {"uv": [22, 50], "uv_size": [-10, 1]},
								"up": {"uv": [19, 29], "uv_size": [17, -10]},
								"down": {"uv": [19, 0], "uv_size": [17, 10]}
							}
						},
						{
							"origin": [-3.5, 10, -4],
							"size": [18.5, 1, 8],
							"pivot": [7.5, 10.5, 0],
							"rotation": [0, 0, 90],
							"uv": {
								"north": {"uv": [55, 9], "uv_size": [-19, 1]},
								"east": {"uv": [46, 50], "uv_size": [-8, 1]},
								"south": {"uv": [55, 8], "uv_size": [-19, 1]},
								"west": {"uv": [54, 50], "uv_size": [-8, 1]},
								"up": {"uv": [19, 18], "uv_size": [19, -8]},
								"down": {"uv": [0, 26], "uv_size": [19, 8]}
							}
						},
						{
							"origin": [-2.5, 10, -3],
							"size": [0.5, 0.6, 6],
							"pivot": [8.5, 10.5, 0],
							"rotation": [0, 0, 90],
							"uv": {
								"north": {"uv": [37, 52], "uv_size": [-1, 1]},
								"east": {"uv": [57, 7], "uv_size": [-6, 1]},
								"south": {"uv": [36, 52], "uv_size": [-1, 1]},
								"west": {"uv": [57, 18], "uv_size": [-6, 1]},
								"up": {"uv": [16, 48], "uv_size": [1, -6]},
								"down": {"uv": [17, 42], "uv_size": [1, 6]}
							}
						},
						{
							"origin": [-18.1, 10, -3],
							"size": [0.5, 0.6, 6],
							"pivot": [-7.1, 10.5, 0],
							"rotation": [0, 0, 90],
							"uv": {
								"north": {"uv": [43, 52], "uv_size": [-1, 1]},
								"east": {"uv": [57, 19], "uv_size": [-6, 1]},
								"south": {"uv": [42, 52], "uv_size": [-1, 1]},
								"west": {"uv": [57, 20], "uv_size": [-6, 1]},
								"up": {"uv": [18, 48], "uv_size": [1, -6]},
								"down": {"uv": [12, 52], "uv_size": [1, 6]}
							}
						},
						{
							"origin": [-3, -9, -4],
							"size": [1, 0.6, 8],
							"pivot": [8.5, -8.5, 0],
							"rotation": [0, 0, 90],
							"uv": {
								"north": {"uv": [39, 52], "uv_size": [-1, 1]},
								"east": {"uv": [36, 51], "uv_size": [-8, 1]},
								"south": {"uv": [38, 52], "uv_size": [-1, 1]},
								"west": {"uv": [44, 51], "uv_size": [-8, 1]},
								"up": {"uv": [12, 50], "uv_size": [1, -8]},
								"down": {"uv": [13, 42], "uv_size": [1, 8]}
							}
						},
						{
							"origin": [-18.6, -9, -4],
							"size": [1, 0.6, 8],
							"pivot": [-7.1, -8.5, 0],
							"rotation": [0, 0, 90],
							"uv": {
								"north": {"uv": [45, 52], "uv_size": [-1, 1]},
								"east": {"uv": [52, 51], "uv_size": [-8, 1]},
								"south": {"uv": [44, 52], "uv_size": [-1, 1]},
								"west": {"uv": [59, 0], "uv_size": [-8, 1]},
								"up": {"uv": [14, 50], "uv_size": [1, -8]},
								"down": {"uv": [15, 42], "uv_size": [1, 8]}
							}
						},
						{
							"origin": [-2.5, 10, -4],
							"size": [18.5, 0.6, 1],
							"pivot": [8.5, 10.5, 0],
							"rotation": [0, 0, 90],
							"uv": {
								"north": {"uv": [57, 12], "uv_size": [-19, 1]},
								"east": {"uv": [32, 52], "uv_size": [-1, 1]},
								"south": {"uv": [57, 11], "uv_size": [-19, 1]},
								"west": {"uv": [33, 52], "uv_size": [-1, 1]},
								"up": {"uv": [38, 14], "uv_size": [19, -1]},
								"down": {"uv": [38, 14], "uv_size": [19, 1]}
							}
						},
						{
							"origin": [-18.1, 10, -4],
							"size": [18.5, 0.6, 1],
							"pivot": [-7.1, 10.5, 0],
							"rotation": [0, 0, 90],
							"uv": {
								"north": {"uv": [57, 35], "uv_size": [-19, 1]},
								"east": {"uv": [46, 52], "uv_size": [-1, 1]},
								"south": {"uv": [57, 34], "uv_size": [-19, 1]},
								"west": {"uv": [47, 52], "uv_size": [-1, 1]},
								"up": {"uv": [38, 37], "uv_size": [19, -1]},
								"down": {"uv": [43, 43], "uv_size": [19, 1]}
							}
						},
						{
							"origin": [-2.5, 10, 3],
							"size": [18.5, 0.6, 1],
							"pivot": [8.5, 10.5, 7],
							"rotation": [0, 0, 90],
							"uv": {
								"north": {"uv": [57, 16], "uv_size": [-19, 1]},
								"east": {"uv": [34, 52], "uv_size": [-1, 1]},
								"south": {"uv": [57, 15], "uv_size": [-19, 1]},
								"west": {"uv": [35, 52], "uv_size": [-1, 1]},
								"up": {"uv": [38, 18], "uv_size": [19, -1]},
								"down": {"uv": [38, 29], "uv_size": [19, 1]}
							}
						},
						{
							"origin": [-18.1, 10, 3],
							"size": [18.5, 0.6, 1],
							"pivot": [-7.1, 10.5, 7],
							"rotation": [0, 0, 90],
							"uv": {
								"north": {"uv": [57, 31], "uv_size": [-19, 1]},
								"east": {"uv": [40, 52], "uv_size": [-1, 1]},
								"south": {"uv": [57, 30], "uv_size": [-19, 1]},
								"west": {"uv": [41, 52], "uv_size": [-1, 1]},
								"up": {"uv": [38, 33], "uv_size": [19, -1]},
								"down": {"uv": [38, 33], "uv_size": [19, 1]}
							}
						},
						{
							"origin": [-7.5, 10.5, -5.5],
							"size": [18.5, 1, 13],
							"pivot": [3, 11, 3.5],
							"rotation": [90, 0, 90],
							"uv": {
								"north": {"uv": [57, 10], "uv_size": [-19, 1]},
								"east": {"uv": [56, 40], "uv_size": [-13, 1]},
								"south": {"uv": [55, 28], "uv_size": [-19, 1]},
								"west": {"uv": [56, 41], "uv_size": [-13, 1]},
								"up": {"uv": [0, 13], "uv_size": [19, -13]},
								"down": {"uv": [0, 13], "uv_size": [19, 13]}
							}
						},
						{
							"origin": [5, 10.6, -12.4],
							"size": [6, 1, 12.8],
							"pivot": [3, 11.1, -3.5],
							"rotation": [90, 0, 90],
							"uv": {
								"north": {"uv": [57, 2], "uv_size": [-6, 1]},
								"east": {"uv": [56, 42], "uv_size": [-13, 1]},
								"south": {"uv": [57, 1], "uv_size": [-6, 1]},
								"west": {"uv": [56, 44], "uv_size": [-13, 1]},
								"up": {"uv": [19, 50], "uv_size": [6, -13]},
								"down": {"uv": [25, 37], "uv_size": [6, 13]}
							}
						},
						{
							"origin": [5, 16.8, -12.4],
							"size": [6, 1, 12.8],
							"pivot": [3, 17.3, -3.5],
							"rotation": [90, 0, 90],
							"uv": {
								"north": {"uv": [57, 4], "uv_size": [-6, 1]},
								"east": {"uv": [56, 45], "uv_size": [-13, 1]},
								"south": {"uv": [57, 3], "uv_size": [-6, 1]},
								"west": {"uv": [56, 46], "uv_size": [-13, 1]},
								"up": {"uv": [31, 50], "uv_size": [6, -13]},
								"down": {"uv": [37, 37], "uv_size": [6, 13]}
							}
						},
						{
							"origin": [5, 22.9, -12.4],
							"size": [6, 1, 12.8],
							"pivot": [3, 23.4, -3.5],
							"rotation": [90, 0, 90],
							"uv": {
								"north": {"uv": [57, 6], "uv_size": [-6, 1]},
								"east": {"uv": [56, 47], "uv_size": [-13, 1]},
								"south": {"uv": [57, 5], "uv_size": [-6, 1]},
								"west": {"uv": [56, 48], "uv_size": [-13, 1]},
								"up": {"uv": [0, 55], "uv_size": [6, -13]},
								"down": {"uv": [6, 42], "uv_size": [6, 13]}
							}
						},
						{
							"origin": [-17.5, 10, -4],
							"size": [18.5, 1, 8],
							"pivot": [-6.5, 10.5, 0],
							"rotation": [0, 0, 90],
							"uv": {
								"north": {"uv": [55, 27], "uv_size": [-19, 1]},
								"east": {"uv": [20, 51], "uv_size": [-8, 1]},
								"south": {"uv": [55, 26], "uv_size": [-19, 1]},
								"west": {"uv": [28, 51], "uv_size": [-8, 1]},
								"up": {"uv": [19, 37], "uv_size": [19, -8]},
								"down": {"uv": [0, 34], "uv_size": [19, 8]}
							}
						},
						{
							"origin": [-7.3, 0, 3],
							"size": [1, 2, 1],
							"uv": {
								"north": {"uv": [19, 48], "uv_size": [-1, 2]},
								"east": {"uv": [18, 48], "uv_size": [-1, 2]},
								"south": {"uv": [17, 48], "uv_size": [-1, 2]},
								"west": {"uv": [52, 21], "uv_size": [-1, 2]},
								"up": {"uv": [51, 26], "uv_size": [1, -1]},
								"down": {"uv": [24, 52], "uv_size": [1, 1]}
							}
						},
						{
							"origin": [-7.3, 0, -4],
							"size": [1, 2, 1],
							"uv": {
								"north": {"uv": [15, 52], "uv_size": [-1, 2]},
								"east": {"uv": [14, 52], "uv_size": [-1, 2]},
								"south": {"uv": [52, 23], "uv_size": [-1, 2]},
								"west": {"uv": [16, 52], "uv_size": [-1, 2]},
								"up": {"uv": [25, 53], "uv_size": [1, -1]},
								"down": {"uv": [26, 52], "uv_size": [1, 1]}
							}
						},
						{
							"origin": [-6.3, 1, -4],
							"size": [1, 1, 1],
							"uv": {
								"north": {"uv": [50, 52], "uv_size": [-1, 1]},
								"east": {"uv": [49, 52], "uv_size": [-1, 1]},
								"south": {"uv": [48, 52], "uv_size": [-1, 1]},
								"west": {"uv": [51, 52], "uv_size": [-1, 1]},
								"up": {"uv": [51, 53], "uv_size": [1, -1]},
								"down": {"uv": [52, 52], "uv_size": [1, 1]}
							}
						},
						{
							"origin": [6.3, 1, -4],
							"size": [1, 1, 1],
							"uv": {
								"north": {"uv": [53, 23], "uv_size": [-1, 1]},
								"east": {"uv": [53, 22], "uv_size": [-1, 1]},
								"south": {"uv": [53, 21], "uv_size": [-1, 1]},
								"west": {"uv": [53, 24], "uv_size": [-1, 1]},
								"up": {"uv": [52, 26], "uv_size": [1, -1]},
								"down": {"uv": [52, 51], "uv_size": [1, 1]}
							}
						},
						{
							"origin": [7.3, 1, 2],
							"size": [1, 1, 1],
							"uv": {
								"north": {"uv": [51, 53], "uv_size": [-1, 1]},
								"east": {"uv": [50, 53], "uv_size": [-1, 1]},
								"south": {"uv": [49, 53], "uv_size": [-1, 1]},
								"west": {"uv": [52, 53], "uv_size": [-1, 1]},
								"up": {"uv": [52, 54], "uv_size": [1, -1]},
								"down": {"uv": [53, 53], "uv_size": [1, 1]}
							}
						},
						{
							"origin": [-0.3, 6, -5],
							"size": [1, 1, 1],
							"uv": {
								"north": {"uv": [38, 54], "uv_size": [-1, 1]},
								"east": {"uv": [37, 54], "uv_size": [-1, 1]},
								"south": {"uv": [36, 54], "uv_size": [-1, 1]},
								"west": {"uv": [39, 54], "uv_size": [-1, 1]},
								"up": {"uv": [39, 55], "uv_size": [1, -1]},
								"down": {"uv": [40, 54], "uv_size": [1, 1]}
							}
						},
						{
							"origin": [-0.3, 12, -5],
							"size": [1, 1, 1],
							"uv": {
								"north": {"uv": [44, 54], "uv_size": [-1, 1]},
								"east": {"uv": [43, 54], "uv_size": [-1, 1]},
								"south": {"uv": [42, 54], "uv_size": [-1, 1]},
								"west": {"uv": [45, 54], "uv_size": [-1, 1]},
								"up": {"uv": [45, 55], "uv_size": [1, -1]},
								"down": {"uv": [46, 54], "uv_size": [1, 1]}
							}
						},
						{
							"origin": [-0.3, 18, -5],
							"size": [1, 1, 1],
							"uv": {
								"north": {"uv": [50, 54], "uv_size": [-1, 1]},
								"east": {"uv": [49, 54], "uv_size": [-1, 1]},
								"south": {"uv": [48, 54], "uv_size": [-1, 1]},
								"west": {"uv": [51, 54], "uv_size": [-1, 1]},
								"up": {"uv": [51, 55], "uv_size": [1, -1]},
								"down": {"uv": [52, 54], "uv_size": [1, 1]}
							}
						},
						{
							"origin": [6.3, 1, 2],
							"size": [1, 1, 1],
							"uv": {
								"north": {"uv": [26, 54], "uv_size": [-1, 1]},
								"east": {"uv": [25, 54], "uv_size": [-1, 1]},
								"south": {"uv": [24, 54], "uv_size": [-1, 1]},
								"west": {"uv": [27, 54], "uv_size": [-1, 1]},
								"up": {"uv": [27, 55], "uv_size": [1, -1]},
								"down": {"uv": [28, 54], "uv_size": [1, 1]}
							}
						},
						{
							"origin": [7.3, 1, -3],
							"size": [1, 1, 1],
							"uv": {
								"north": {"uv": [54, 23], "uv_size": [-1, 1]},
								"east": {"uv": [54, 22], "uv_size": [-1, 1]},
								"south": {"uv": [54, 21], "uv_size": [-1, 1]},
								"west": {"uv": [54, 24], "uv_size": [-1, 1]},
								"up": {"uv": [53, 26], "uv_size": [1, -1]},
								"down": {"uv": [53, 49], "uv_size": [1, 1]}
							}
						},
						{
							"origin": [6.3, 1, -3],
							"size": [1, 1, 1],
							"uv": {
								"north": {"uv": [20, 54], "uv_size": [-1, 1]},
								"east": {"uv": [19, 54], "uv_size": [-1, 1]},
								"south": {"uv": [18, 54], "uv_size": [-1, 1]},
								"west": {"uv": [21, 54], "uv_size": [-1, 1]},
								"up": {"uv": [21, 55], "uv_size": [1, -1]},
								"down": {"uv": [22, 54], "uv_size": [1, 1]}
							}
						},
						{
							"origin": [6.3, 1, 3],
							"size": [1, 1, 1],
							"uv": {
								"north": {"uv": [27, 53], "uv_size": [-1, 1]},
								"east": {"uv": [26, 53], "uv_size": [-1, 1]},
								"south": {"uv": [25, 53], "uv_size": [-1, 1]},
								"west": {"uv": [28, 53], "uv_size": [-1, 1]},
								"up": {"uv": [28, 54], "uv_size": [1, -1]},
								"down": {"uv": [29, 53], "uv_size": [1, 1]}
							}
						},
						{
							"origin": [-6.3, 1, 3],
							"size": [1, 1, 1],
							"uv": {
								"north": {"uv": [33, 53], "uv_size": [-1, 1]},
								"east": {"uv": [32, 53], "uv_size": [-1, 1]},
								"south": {"uv": [31, 53], "uv_size": [-1, 1]},
								"west": {"uv": [34, 53], "uv_size": [-1, 1]},
								"up": {"uv": [34, 54], "uv_size": [1, -1]},
								"down": {"uv": [35, 53], "uv_size": [1, 1]}
							}
						},
						{
							"origin": [-7.3, 1, -3],
							"size": [1, 1, 1],
							"uv": {
								"north": {"uv": [39, 53], "uv_size": [-1, 1]},
								"east": {"uv": [38, 53], "uv_size": [-1, 1]},
								"south": {"uv": [37, 53], "uv_size": [-1, 1]},
								"west": {"uv": [40, 53], "uv_size": [-1, 1]},
								"up": {"uv": [40, 54], "uv_size": [1, -1]},
								"down": {"uv": [41, 53], "uv_size": [1, 1]}
							}
						},
						{
							"origin": [-6.3, 1, -3],
							"size": [1, 1, 1],
							"uv": {
								"north": {"uv": [14, 54], "uv_size": [-1, 1]},
								"east": {"uv": [54, 52], "uv_size": [-1, 1]},
								"south": {"uv": [54, 51], "uv_size": [-1, 1]},
								"west": {"uv": [15, 54], "uv_size": [-1, 1]},
								"up": {"uv": [15, 55], "uv_size": [1, -1]},
								"down": {"uv": [16, 54], "uv_size": [1, 1]}
							}
						},
						{
							"origin": [-7.3, 1, 2],
							"size": [1, 1, 1],
							"uv": {
								"north": {"uv": [45, 53], "uv_size": [-1, 1]},
								"east": {"uv": [44, 53], "uv_size": [-1, 1]},
								"south": {"uv": [43, 53], "uv_size": [-1, 1]},
								"west": {"uv": [46, 53], "uv_size": [-1, 1]},
								"up": {"uv": [46, 54], "uv_size": [1, -1]},
								"down": {"uv": [47, 53], "uv_size": [1, 1]}
							}
						},
						{
							"origin": [-6.3, 1, 2],
							"size": [1, 1, 1],
							"uv": {
								"north": {"uv": [32, 54], "uv_size": [-1, 1]},
								"east": {"uv": [31, 54], "uv_size": [-1, 1]},
								"south": {"uv": [30, 54], "uv_size": [-1, 1]},
								"west": {"uv": [33, 54], "uv_size": [-1, 1]},
								"up": {"uv": [33, 55], "uv_size": [1, -1]},
								"down": {"uv": [34, 54], "uv_size": [1, 1]}
							}
						},
						{
							"origin": [7.3, 0, -4],
							"size": [1, 2, 1],
							"uv": {
								"north": {"uv": [19, 52], "uv_size": [-1, 2]},
								"east": {"uv": [18, 52], "uv_size": [-1, 2]},
								"south": {"uv": [17, 52], "uv_size": [-1, 2]},
								"west": {"uv": [20, 52], "uv_size": [-1, 2]},
								"up": {"uv": [27, 53], "uv_size": [1, -1]},
								"down": {"uv": [28, 52], "uv_size": [1, 1]}
							}
						},
						{
							"origin": [7.3, 0, 3],
							"size": [1, 2, 1],
							"uv": {
								"north": {"uv": [23, 52], "uv_size": [-1, 2]},
								"east": {"uv": [22, 52], "uv_size": [-1, 2]},
								"south": {"uv": [21, 52], "uv_size": [-1, 2]},
								"west": {"uv": [24, 52], "uv_size": [-1, 2]},
								"up": {"uv": [29, 53], "uv_size": [1, -1]},
								"down": {"uv": [30, 52], "uv_size": [1, 1]}
							}
						}
					]
				}
			]
		}
	]
}