{
	"format_version": "1.12.0",
	"minecraft:geometry": [
		{
			"description": {
				"identifier": "geometry.microphone",
				"texture_width": 16,
				"texture_height": 16,
				"visible_bounds_width": 2,
				"visible_bounds_height": 2.5,
				"visible_bounds_offset": [0, 0.75, 0]
			},
			"bones": [
				{
					"name": "unknown_bone",
					"pivot": [0, 0, 0],
					"cubes": [
						{
							"origin": [-1, 2, -1],
							"size": [1, 3, 1],
							"uv": {
								"north": {"uv": [5, 6], "uv_size": [-1, 3]},
								"east": {"uv": [4, 6], "uv_size": [-1, 3]},
								"south": {"uv": [3, 6], "uv_size": [-1, 3]},
								"west": {"uv": [6, 6], "uv_size": [-1, 3]},
								"up": {"uv": [7, 7], "uv_size": [1, -1]},
								"down": {"uv": [6, 9], "uv_size": [1, 1]}
							}
						},
						{
							"origin": [-1, 6.81418, -1.01805],
							"size": [1, 1.6, 1],
							"pivot": [-0.5, 8.31418, -0.51805],
							"rotation": [56.5, 0, 0],
							"uv": {
								"north": {"uv": [2, 8], "uv_size": [-1, 2]},
								"east": {"uv": [1, 8], "uv_size": [-1, 2]},
								"south": {"uv": [8, 4], "uv_size": [-1, 2]},
								"west": {"uv": [9, 8], "uv_size": [-1, 2]},
								"up": {"uv": [9, 5], "uv_size": [1, -1]},
								"down": {"uv": [9, 5], "uv_size": [1, 1]}
							}
						},
						{
							"origin": [-1.1, 7.33918, -3.11805],
							"size": [1.2, 1.6, 1.2],
							"pivot": [-0.5, 9.63918, -2.51805],
							"rotation": [56.5, 0, 0],
							"uv": {
								"north": {"uv": [3, 9], "uv_size": [-1, 2]},
								"east": {"uv": [9, 6], "uv_size": [-1, 2]},
								"south": {"uv": [9, 4], "uv_size": [-1, 2]},
								"west": {"uv": [4, 9], "uv_size": [-1, 2]},
								"up": {"uv": [9, 7], "uv_size": [1, -1]},
								"down": {"uv": [9, 7], "uv_size": [1, 1]}
							}
						},
						{
							"origin": [-1.3, 8.93918, -3.41805],
							"size": [1.6, 0.2, 1.7],
							"pivot": [-0.5, 9.63918, -2.51805],
							"rotation": [56.5, 0, 0],
							"uv": {
								"north": {"uv": [11, 0], "uv_size": [-2, 1]},
								"east": {"uv": [11, 9], "uv_size": [-2, 1]},
								"south": {"uv": [6, 9], "uv_size": [-2, 1]},
								"west": {"uv": [11, 1], "uv_size": [-2, 1]},
								"up": {"uv": [2, 4], "uv_size": [2, -2]},
								"down": {"uv": [2, 0], "uv_size": [2, 2]}
							}
						},
						{
							"origin": [-0.8, 5, -0.7],
							"size": [0.6, 3, 0.5],
							"uv": {
								"north": {"uv": [7, 3], "uv_size": [-1, 3]},
								"east": {"uv": [7, 0], "uv_size": [-1, 3]},
								"south": {"uv": [7, 6], "uv_size": [-1, 3]},
								"west": {"uv": [8, 7], "uv_size": [-1, 3]},
								"up": {"uv": [9, 3], "uv_size": [1, -1]},
								"down": {"uv": [9, 3], "uv_size": [1, 1]}
							}
						},
						{
							"origin": [-1.3, 1.7, -1.3],
							"size": [1.6, 0.3, 1.6],
							"uv": {
								"north": {"uv": [9, 2], "uv_size": [-2, 1]},
								"east": {"uv": [9, 1], "uv_size": [-2, 1]},
								"south": {"uv": [9, 0], "uv_size": [-2, 1]},
								"west": {"uv": [9, 3], "uv_size": [-2, 1]},
								"up": {"uv": [0, 2], "uv_size": [2, -2]},
								"down": {"uv": [0, 2], "uv_size": [2, 2]}
							}
						},
						{
							"origin": [-1, 9, -3.1],
							"size": [1, 1, 1],
							"pivot": [-0.5, 9.5, -2.5],
							"rotation": [-3.5, -180, 0],
							"uv": {
								"north": {"uv": [2, 10], "uv_size": [-1, 1]},
								"east": {"uv": [1, 10], "uv_size": [-1, 1]},
								"south": {"uv": [10, 8], "uv_size": [-1, 1]},
								"west": {"uv": [5, 10], "uv_size": [-1, 1]},
								"up": {"uv": [5, 11], "uv_size": [1, -1]},
								"down": {"uv": [6, 10], "uv_size": [1, 1]}
							}
						},
						{
							"origin": [-1.6, 0, -1.6],
							"size": [2.2, 1.7, 2.2],
							"uv": {
								"north": {"uv": [6, 4], "uv_size": [-2, 2]},
								"east": {"uv": [4, 4], "uv_size": [-2, 2]},
								"south": {"uv": [2, 4], "uv_size": [-2, 2]},
								"west": {"uv": [6, 0], "uv_size": [-2, 2]},
								"up": {"uv": [4, 4], "uv_size": [2, -2]},
								"down": {"uv": [0, 6], "uv_size": [2, 2]}
							}
						}
					]
				}
			]
		}
	]
}