{
	"format_version": "1.12.0",
	"minecraft:geometry": [
		{
			"description": {
				"identifier": "geometry.minilamp",
				"texture_width": 32,
				"texture_height": 32,
				"visible_bounds_width": 2,
				"visible_bounds_height": 2.5,
				"visible_bounds_offset": [0, 0.75, 0]
			},
			"bones": [
				{
					"name": "unknown_bone",
					"pivot": [0, 0, 0],
					"cubes": [
						{
							"origin": [-0.9, 1, -0.3],
							"size": [0.8, 7, 0.8],
							"uv": {
								"north": {"uv": [0, 16], "uv_size": [1, 7]},
								"east": {"uv": [1, 16], "uv_size": [1, 7]},
								"south": {"uv": [4, 16], "uv_size": [1, 7]},
								"west": {"uv": [5, 16], "uv_size": [1, 7]},
								"up": {"uv": [16, 20], "uv_size": [1, 1]},
								"down": {"uv": [20, 22], "uv_size": [1, -1]}
							}
						}
					]
				},
				{
					"name": "octagon",
					"pivot": [-0.5, 6.65, 0.1],
					"cubes": [
						{
							"origin": [-1.32843, 4.8, -1.9],
							"size": [1.65685, 3.7, 0.5],
							"pivot": [-0.5, 8, 0.1],
							"rotation": [0, -45, 0],
							"uv": {
								"north": {"uv": [0, 0], "uv_size": [2, 4]},
								"east": {"uv": [14, 6], "uv_size": [1, 4]},
								"south": {"uv": [2, 2], "uv_size": [2, 4]},
								"west": {"uv": [15, 6], "uv_size": [1, 4]},
								"up": {"uv": [2, 0], "uv_size": [2, 1]},
								"down": {"uv": [2, 2], "uv_size": [2, -1]}
							}
						},
						{
							"origin": [-1.32843, 4.8, -1.9],
							"size": [1.65685, 3.7, 0.5],
							"uv": {
								"north": {"uv": [0, 4], "uv_size": [2, 4]},
								"east": {"uv": [8, 16], "uv_size": [1, 4]},
								"south": {"uv": [4, 4], "uv_size": [2, 4]},
								"west": {"uv": [9, 16], "uv_size": [1, 4]},
								"up": {"uv": [6, 4], "uv_size": [2, 1]},
								"down": {"uv": [6, 6], "uv_size": [2, -1]}
							}
						},
						{
							"origin": [-1.32843, 4.8, 1.6],
							"size": [1.65685, 3.7, 0.5],
							"pivot": [-0.5, 8, 0.1],
							"rotation": [0, -45, 0],
							"uv": {
								"north": {"uv": [4, 0], "uv_size": [2, 4]},
								"east": {"uv": [10, 16], "uv_size": [1, 4]},
								"south": {"uv": [2, 6], "uv_size": [2, 4]},
								"west": {"uv": [11, 16], "uv_size": [1, 4]},
								"up": {"uv": [2, 18], "uv_size": [2, 1]},
								"down": {"uv": [6, 19], "uv_size": [2, -1]}
							}
						},
						{
							"origin": [-1.32843, 4.8, 1.6],
							"size": [1.65685, 3.7, 0.5],
							"uv": {
								"north": {"uv": [6, 6], "uv_size": [2, 4]},
								"east": {"uv": [12, 16], "uv_size": [1, 4]},
								"south": {"uv": [6, 0], "uv_size": [2, 4]},
								"west": {"uv": [13, 16], "uv_size": [1, 4]},
								"up": {"uv": [18, 14], "uv_size": [2, 1]},
								"down": {"uv": [18, 16], "uv_size": [2, -1]}
							}
						},
						{
							"origin": [1, 4.8, -0.72843],
							"size": [0.5, 3.7, 1.65685],
							"pivot": [-0.5, 8, 0.1],
							"rotation": [0, -45, 0],
							"uv": {
								"north": {"uv": [14, 16], "uv_size": [1, 4]},
								"east": {"uv": [0, 8], "uv_size": [2, 4]},
								"south": {"uv": [15, 16], "uv_size": [1, 4]},
								"west": {"uv": [4, 8], "uv_size": [2, 4]},
								"up": {"uv": [2, 19], "uv_size": [1, 2]},
								"down": {"uv": [3, 21], "uv_size": [1, -2]}
							}
						},
						{
							"origin": [1, 4.8, -0.72843],
							"size": [0.5, 3.7, 1.65685],
							"uv": {
								"north": {"uv": [16, 16], "uv_size": [1, 4]},
								"east": {"uv": [8, 8], "uv_size": [2, 4]},
								"south": {"uv": [16, 0], "uv_size": [1, 4]},
								"west": {"uv": [8, 0], "uv_size": [2, 4]},
								"up": {"uv": [6, 19], "uv_size": [1, 2]},
								"down": {"uv": [7, 21], "uv_size": [1, -2]}
							}
						},
						{
							"origin": [-2.5, 4.8, -0.72843],
							"size": [0.5, 3.7, 1.65685],
							"pivot": [-0.5, 8, 0.1],
							"rotation": [0, -45, 0],
							"uv": {
								"north": {"uv": [16, 6], "uv_size": [1, 4]},
								"east": {"uv": [8, 4], "uv_size": [2, 4]},
								"south": {"uv": [16, 10], "uv_size": [1, 4]},
								"west": {"uv": [2, 10], "uv_size": [2, 4]},
								"up": {"uv": [18, 19], "uv_size": [1, 2]},
								"down": {"uv": [19, 21], "uv_size": [1, -2]}
							}
						},
						{
							"origin": [-2.5, 4.8, -0.72843],
							"size": [0.5, 3.7, 1.65685],
							"uv": {
								"north": {"uv": [17, 17], "uv_size": [1, 4]},
								"east": {"uv": [6, 10], "uv_size": [2, 4]},
								"south": {"uv": [17, 0], "uv_size": [1, 4]},
								"west": {"uv": [10, 10], "uv_size": [2, 4]},
								"up": {"uv": [8, 20], "uv_size": [1, 2]},
								"down": {"uv": [9, 22], "uv_size": [1, -2]}
							}
						}
					]
				},
				{
					"name": "octagon",
					"pivot": [7.5, -7.5, -7.9],
					"cubes": [
						{
							"origin": [-1.32843, 0, -1.9],
							"size": [1.65685, 1, 4],
							"pivot": [-0.5, 0.5, 0.1],
							"rotation": [0, -45, 0],
							"uv": {
								"north": {"uv": [18, 17], "uv_size": [2, 1]},
								"east": {"uv": [17, 6], "uv_size": [4, 1]},
								"south": {"uv": [10, 20], "uv_size": [2, 1]},
								"west": {"uv": [17, 7], "uv_size": [4, 1]},
								"up": {"uv": [10, 0], "uv_size": [2, 4]},
								"down": {"uv": [10, 8], "uv_size": [2, -4]}
							}
						},
						{
							"origin": [-1.32843, 0, -1.9],
							"size": [1.65685, 1, 4],
							"uv": {
								"north": {"uv": [12, 20], "uv_size": [2, 1]},
								"east": {"uv": [17, 8], "uv_size": [4, 1]},
								"south": {"uv": [14, 20], "uv_size": [2, 1]},
								"west": {"uv": [17, 9], "uv_size": [4, 1]},
								"up": {"uv": [0, 12], "uv_size": [2, 4]},
								"down": {"uv": [4, 16], "uv_size": [2, -4]}
							}
						},
						{
							"origin": [-2.5, 0, -0.72843],
							"size": [4, 1, 1.65685],
							"pivot": [-0.5, 0.5, 0.1],
							"rotation": [0, -45, 0],
							"uv": {
								"north": {"uv": [17, 10], "uv_size": [4, 1]},
								"east": {"uv": [20, 20], "uv_size": [2, 1]},
								"south": {"uv": [17, 11], "uv_size": [4, 1]},
								"west": {"uv": [20, 14], "uv_size": [2, 1]},
								"up": {"uv": [10, 8], "uv_size": [4, 2]},
								"down": {"uv": [12, 14], "uv_size": [4, -2]}
							}
						},
						{
							"origin": [-2.5, 0, -0.72843],
							"size": [4, 1, 1.65685],
							"uv": {
								"north": {"uv": [17, 12], "uv_size": [4, 1]},
								"east": {"uv": [20, 15], "uv_size": [2, 1]},
								"south": {"uv": [17, 13], "uv_size": [4, 1]},
								"west": {"uv": [20, 17], "uv_size": [2, 1]},
								"up": {"uv": [12, 0], "uv_size": [4, 2]},
								"down": {"uv": [12, 4], "uv_size": [4, -2]}
							}
						}
					]
				},
				{
					"name": "octagon2",
					"pivot": [7.5, 1, -7.9],
					"cubes": [
						{
							"origin": [-1.32843, 8.5, -1.9],
							"size": [1.65685, 0.1, 4],
							"pivot": [-0.5, 9, 0.1],
							"rotation": [0, -45, 0],
							"uv": {
								"north": {"uv": [20, 19], "uv_size": [2, 1]},
								"east": {"uv": [17, 16], "uv_size": [4, 1]},
								"south": {"uv": [2, 21], "uv_size": [2, 1]},
								"west": {"uv": [18, 18], "uv_size": [4, 1]},
								"up": {"uv": [8, 12], "uv_size": [2, 4]},
								"down": {"uv": [12, 8], "uv_size": [2, -4]}
							}
						},
						{
							"origin": [-1.32843, 8.5, -1.9],
							"size": [1.65685, 0.1, 4],
							"uv": {
								"north": {"uv": [6, 21], "uv_size": [2, 1]},
								"east": {"uv": [18, 0], "uv_size": [4, 1]},
								"south": {"uv": [10, 21], "uv_size": [2, 1]},
								"west": {"uv": [18, 1], "uv_size": [4, 1]},
								"up": {"uv": [2, 14], "uv_size": [2, 4]},
								"down": {"uv": [6, 18], "uv_size": [2, -4]}
							}
						},
						{
							"origin": [-2.5, 8.5, -0.72843],
							"size": [4, 0.1, 1.65685],
							"pivot": [-0.5, 9, 0.1],
							"rotation": [0, -45, 0],
							"uv": {
								"north": {"uv": [18, 2], "uv_size": [4, 1]},
								"east": {"uv": [12, 21], "uv_size": [2, 1]},
								"south": {"uv": [18, 3], "uv_size": [4, 1]},
								"west": {"uv": [14, 21], "uv_size": [2, 1]},
								"up": {"uv": [12, 10], "uv_size": [4, 2]},
								"down": {"uv": [10, 16], "uv_size": [4, -2]}
							}
						},
						{
							"origin": [-2.5, 8.5, -0.72843],
							"size": [4, 0.1, 1.65685],
							"uv": {
								"north": {"uv": [18, 4], "uv_size": [4, 1]},
								"east": {"uv": [16, 21], "uv_size": [2, 1]},
								"south": {"uv": [18, 5], "uv_size": [4, 1]},
								"west": {"uv": [18, 21], "uv_size": [2, 1]},
								"up": {"uv": [14, 14], "uv_size": [4, 2]},
								"down": {"uv": [14, 6], "uv_size": [4, -2]}
							}
						}
					]
				}
			]
		}
	]
}