{
	"format_version": "1.12.0",
	"minecraft:geometry": [
		{
			"description": {
				"identifier": "geometry.minicabinetB",
				"texture_width": 128,
				"texture_height": 128,
				"visible_bounds_width": 3,
				"visible_bounds_height": 3.5,
				"visible_bounds_offset": [0, 1.25, 0]
			},
			"bones": [
				{
					"name": "unknown_bone",
					"pivot": [0, 0, 0],
					"cubes": [
						{
							"origin": [8.48822, 0.30456, -6],
							"size": [1, 3, 1],
							"pivot": [8.98822, 1.80456, -5.5],
							"rotation": [0, 0, -17.5],
							"uv": {
								"north": {"uv": [64, 10], "uv_size": [-1, 3]},
								"east": {"uv": [64, 44], "uv_size": [-1, 3]},
								"south": {"uv": [64, 41], "uv_size": [-1, 3]},
								"west": {"uv": [64, 38], "uv_size": [-1, 3]},
								"up": {"uv": [65, 2], "uv_size": [-1, 1]},
								"down": {"uv": [65, 4], "uv_size": [-1, -1]}
							}
						},
						{
							"origin": [-11.98822, 0.30456, -6],
							"size": [1, 3, 1],
							"pivot": [-11.48822, 1.80456, -5.5],
							"rotation": [0, 0, 17.5],
							"uv": {
								"north": {"uv": [61, 64], "uv_size": [-1, 3]},
								"east": {"uv": [64, 64], "uv_size": [-1, 3]},
								"south": {"uv": [63, 64], "uv_size": [-1, 3]},
								"west": {"uv": [62, 64], "uv_size": [-1, 3]},
								"up": {"uv": [65, 11], "uv_size": [-1, 1]},
								"down": {"uv": [65, 13], "uv_size": [-1, -1]}
							}
						},
						{
							"origin": [8.48822, 0.30456, 4.3],
							"size": [1, 3, 1],
							"pivot": [8.98822, 1.80456, 4.8],
							"rotation": [0, 0, -17.5],
							"uv": {
								"north": {"uv": [64, 47], "uv_size": [-1, 3]},
								"east": {"uv": [56, 64], "uv_size": [-1, 3]},
								"south": {"uv": [55, 64], "uv_size": [-1, 3]},
								"west": {"uv": [54, 64], "uv_size": [-1, 3]},
								"up": {"uv": [65, 4], "uv_size": [-1, 1]},
								"down": {"uv": [65, 6], "uv_size": [-1, -1]}
							}
						},
						{
							"origin": [-11.98822, 0.30456, 4.3],
							"size": [1, 3, 1],
							"pivot": [-11.48822, 1.80456, 4.8],
							"rotation": [0, 0, 17.5],
							"uv": {
								"north": {"uv": [57, 64], "uv_size": [-1, 3]},
								"east": {"uv": [60, 64], "uv_size": [-1, 3]},
								"south": {"uv": [59, 64], "uv_size": [-1, 3]},
								"west": {"uv": [58, 64], "uv_size": [-1, 3]},
								"up": {"uv": [65, 6], "uv_size": [-1, 1]},
								"down": {"uv": [65, 11], "uv_size": [-1, -1]}
							}
						}
					]
				},
				{
					"name": "bone",
					"pivot": [0, 11, 0],
					"cubes": [
						{
							"origin": [9.02364, 1.70901, -6],
							"size": [4.5, 1, 11.3],
							"pivot": [8.27364, 2.20901, -0.2],
							"rotation": [0, 0, -70],
							"uv": {
								"north": {"uv": [66, 35], "uv_size": [-5, 1]},
								"east": {"uv": [71, 20], "uv_size": [-11, 1]},
								"south": {"uv": [66, 36], "uv_size": [-5, 1]},
								"west": {"uv": [71, 19], "uv_size": [-11, 1]},
								"up": {"uv": [37, 59], "uv_size": [-5, 11]},
								"down": {"uv": [42, 70], "uv_size": [-5, -11]}
							}
						},
						{
							"origin": [-11.6, 2.74277, -6],
							"size": [20.6, 1, 11.3],
							"uv": {
								"north": {"uv": [63, 40], "uv_size": [-21, 1]},
								"east": {"uv": [72, 32], "uv_size": [-11, 1]},
								"south": {"uv": [63, 41], "uv_size": [-21, 1]},
								"west": {"uv": [71, 21], "uv_size": [-11, 1]},
								"up": {"uv": [60, 0], "uv_size": [-21, 11]},
								"down": {"uv": [60, 22], "uv_size": [-21, -11]}
							}
						}
					]
				},
				{
					"name": "bone2",
					"pivot": [0, 14, -3.7],
					"cubes": [
						{
							"origin": [9.02364, 19.03376, -6.1],
							"size": [4.5, 1, 11.4],
							"pivot": [8.27364, 19.53376, -0.2],
							"rotation": [0, 0, 70],
							"uv": {
								"north": {"uv": [66, 33], "uv_size": [-5, 1]},
								"east": {"uv": [71, 18], "uv_size": [-11, 1]},
								"south": {"uv": [66, 34], "uv_size": [-5, 1]},
								"west": {"uv": [71, 17], "uv_size": [-11, 1]},
								"up": {"uv": [27, 59], "uv_size": [-5, 11]},
								"down": {"uv": [32, 70], "uv_size": [-5, -11]}
							}
						},
						{
							"origin": [-10.9, 3.8, -5.7],
							"size": [19.1, 14, 10.3],
							"uv": {
								"north": {"uv": [39, 20], "uv_size": [-19, 14]},
								"east": {"uv": [42, 45], "uv_size": [-10, 14]},
								"south": {"uv": [39, 0], "uv_size": [-19, 14]},
								"west": {"uv": [32, 45], "uv_size": [-10, 14]},
								"up": {"uv": [58, 22], "uv_size": [-19, 10]},
								"down": {"uv": [61, 52], "uv_size": [-19, -10]}
							}
						},
						{
							"origin": [-11.475, 3.8, 4.5],
							"size": [19.675, 14.2, 0.8],
							"uv": {
								"north": {"uv": [20, 0], "uv_size": [-20, 14]},
								"east": {"uv": [43, 63], "uv_size": [-1, 14]},
								"south": {"uv": [20, 14], "uv_size": [-20, 14]},
								"west": {"uv": [63, 1], "uv_size": [-1, 14]},
								"up": {"uv": [73, 52], "uv_size": [-20, 1]},
								"down": {"uv": [78, 29], "uv_size": [-20, -1]}
							}
						},
						{
							"origin": [-10.775, 11.8, -6.5],
							"size": [18.675, 5.9, 0.8],
							"uv": {
								"north": {"uv": [39, 14], "uv_size": [-19, 6]},
								"east": {"uv": [52, 63], "uv_size": [-1, 6]},
								"south": {"uv": [19, 28], "uv_size": [-19, 6]},
								"west": {"uv": [20, 28], "uv_size": [-1, 6]},
								"up": {"uv": [77, 29], "uv_size": [-19, 1]},
								"down": {"uv": [77, 31], "uv_size": [-19, -1]}
							}
						},
						{
							"origin": [-2.775, 13.8, -6.9],
							"size": [2.675, 0.7, 1.2],
							"uv": {
								"north": {"uv": [42, 32], "uv_size": [-3, 1]},
								"east": {"uv": [64, 14], "uv_size": [-1, 1]},
								"south": {"uv": [42, 33], "uv_size": [-3, 1]},
								"west": {"uv": [64, 13], "uv_size": [-1, 1]},
								"up": {"uv": [64, 37], "uv_size": [-3, 1]},
								"down": {"uv": [64, 51], "uv_size": [-3, -1]}
							}
						},
						{
							"origin": [-2.775, 7.8, -6.9],
							"size": [2.675, 0.7, 1.2],
							"uv": {
								"north": {"uv": [64, 51], "uv_size": [-3, 1]},
								"east": {"uv": [65, 1], "uv_size": [-1, 1]},
								"south": {"uv": [66, 7], "uv_size": [-3, 1]},
								"west": {"uv": [65, 64], "uv_size": [-1, 1]},
								"up": {"uv": [66, 8], "uv_size": [-3, 1]},
								"down": {"uv": [66, 10], "uv_size": [-3, -1]}
							}
						},
						{
							"origin": [-10.775, 5.6, -6.5],
							"size": [18.675, 5.8, 0.8],
							"uv": {
								"north": {"uv": [61, 32], "uv_size": [-19, 6]},
								"east": {"uv": [64, 1], "uv_size": [-1, 6]},
								"south": {"uv": [77, 22], "uv_size": [-19, 6]},
								"west": {"uv": [53, 63], "uv_size": [-1, 6]},
								"up": {"uv": [77, 31], "uv_size": [-19, 1]},
								"down": {"uv": [79, 1], "uv_size": [-19, -1]}
							}
						},
						{
							"origin": [8.2, 4.1, -5.7],
							"size": [1.1, 13.9, 11],
							"uv": {
								"north": {"uv": [61, 1], "uv_size": [-1, 14]},
								"east": {"uv": [22, 45], "uv_size": [-11, 14]},
								"south": {"uv": [62, 1], "uv_size": [-1, 14]},
								"west": {"uv": [11, 45], "uv_size": [-11, 14]},
								"up": {"uv": [46, 63], "uv_size": [-1, 11]},
								"down": {"uv": [47, 74], "uv_size": [-1, -11]}
							}
						},
						{
							"origin": [9.3, 4.6, -5.7],
							"size": [0.3, 10.8, 11],
							"uv": {
								"north": {"uv": [48, 63], "uv_size": [-1, 11]},
								"east": {"uv": [64, 53], "uv_size": [-11, 11]},
								"south": {"uv": [49, 63], "uv_size": [-1, 11]},
								"west": {"uv": [53, 52], "uv_size": [-11, 11]},
								"up": {"uv": [50, 63], "uv_size": [-1, 11]},
								"down": {"uv": [51, 74], "uv_size": [-1, -11]}
							}
						},
						{
							"origin": [9.53909, 6.97138, -6.1],
							"size": [1, 7.8, 11.4],
							"uv": {
								"north": {"uv": [62, 42], "uv_size": [-1, 8]},
								"east": {"uv": [22, 59], "uv_size": [-11, 8]},
								"south": {"uv": [63, 42], "uv_size": [-1, 8]},
								"west": {"uv": [11, 59], "uv_size": [-11, 8]},
								"up": {"uv": [44, 63], "uv_size": [-1, 11]},
								"down": {"uv": [45, 74], "uv_size": [-1, -11]}
							}
						},
						{
							"origin": [-11.5, 18, -6.1],
							"size": [20.5, 1, 11.4],
							"uv": {
								"north": {"uv": [63, 38], "uv_size": [-21, 1]},
								"east": {"uv": [71, 16], "uv_size": [-11, 1]},
								"south": {"uv": [63, 39], "uv_size": [-21, 1]},
								"west": {"uv": [71, 15], "uv_size": [-11, 1]},
								"up": {"uv": [21, 34], "uv_size": [-21, 11]},
								"down": {"uv": [42, 45], "uv_size": [-21, -11]}
							}
						}
					]
				}
			]
		}
	]
}