{
	"format_version": "1.12.0",
	"minecraft:geometry": [
		{
			"description": {
				"identifier": "geometry.miniplant",
				"texture_width": 128,
				"texture_height": 128,
				"visible_bounds_width": 3,
				"visible_bounds_height": 2.5,
				"visible_bounds_offset": [0, 0.75, 0]
			},
			"bones": [
				{
					"name": "pot",
					"pivot": [0, 5, -3.5],
					"cubes": [
						{
							"origin": [-1.6, 2, 0.2],
							"size": [3.2, 0.4, 3.2],
							"pivot": [0, 2, 1.8],
							"rotation": [90, 0, 0],
							"uv": {
								"north": {"uv": [50, 1], "uv_size": [8, 1]},
								"east": {"uv": [50, 2], "uv_size": [8, 1]},
								"south": {"uv": [50, 3], "uv_size": [8, 1]},
								"west": {"uv": [50, 4], "uv_size": [8, 1]},
								"up": {"uv": [0, 16], "uv_size": [8, 8]},
								"down": {"uv": [8, 24], "uv_size": [8, -8]}
							}
						},
						{
							"origin": [-1.6, 0, -1.6],
							"size": [3.2, 0.4, 3.2],
							"uv": {
								"north": {"uv": [16, 14], "uv_size": [8, 1]},
								"east": {"uv": [16, 15], "uv_size": [8, 1]},
								"south": {"uv": [48, 45], "uv_size": [8, 1]},
								"west": {"uv": [48, 46], "uv_size": [8, 1]},
								"up": {"uv": [0, 0], "uv_size": [8, 8]},
								"down": {"uv": [0, 16], "uv_size": [8, -8]}
							}
						},
						{
							"origin": [-1.44, 2.8, -1.44],
							"size": [2.84, 0.4, 2.84],
							"uv": {
								"north": {"uv": [64, 0], "uv_size": [7, 1]},
								"east": {"uv": [64, 1], "uv_size": [7, 1]},
								"south": {"uv": [64, 2], "uv_size": [7, 1]},
								"west": {"uv": [64, 3], "uv_size": [7, 1]},
								"up": {"uv": [0, 24], "uv_size": [7, 7]},
								"down": {"uv": [7, 31], "uv_size": [7, -7]}
							}
						},
						{
							"origin": [-0.2, 2, -1.4],
							"size": [3.2, 0.4, 2.8],
							"pivot": [1.4, 2, 0],
							"rotation": [0, 0, 90],
							"uv": {
								"north": {"uv": [50, 5], "uv_size": [8, 1]},
								"east": {"uv": [50, 49], "uv_size": [7, 1]},
								"south": {"uv": [50, 6], "uv_size": [8, 1]},
								"west": {"uv": [62, 60], "uv_size": [7, 1]},
								"up": {"uv": [16, 16], "uv_size": [8, 7]},
								"down": {"uv": [16, 7], "uv_size": [8, -7]}
							}
						},
						{
							"origin": [-3.4, 2, -1.4],
							"size": [3.2, 0.4, 2.8],
							"pivot": [-1.8, 2, 0],
							"rotation": [0, 0, 90],
							"uv": {
								"north": {"uv": [50, 7], "uv_size": [8, 1]},
								"east": {"uv": [62, 61], "uv_size": [7, 1]},
								"south": {"uv": [50, 8], "uv_size": [8, 1]},
								"west": {"uv": [64, 64], "uv_size": [7, 1]},
								"up": {"uv": [16, 7], "uv_size": [8, 7]},
								"down": {"uv": [16, 30], "uv_size": [8, -7]}
							}
						},
						{
							"origin": [-1.6, 2, -3],
							"size": [3.2, 0.4, 3.2],
							"pivot": [0, 2, -1.4],
							"rotation": [90, 0, 0],
							"uv": {
								"north": {"uv": [48, 47], "uv_size": [8, 1]},
								"east": {"uv": [49, 48], "uv_size": [8, 1]},
								"south": {"uv": [50, 50], "uv_size": [8, 1]},
								"west": {"uv": [50, 0], "uv_size": [8, 1]},
								"up": {"uv": [8, 8], "uv_size": [8, 8]},
								"down": {"uv": [8, 8], "uv_size": [8, -8]}
							}
						}
					]
				},
				{
					"name": "leavess",
					"pivot": [0, 1, 0]
				},
				{
					"name": "leaf5",
					"parent": "leavess",
					"pivot": [-0.32733, 13.76731, -0.06177],
					"rotation": [0, -160, 0],
					"cubes": [
						{
							"origin": [-1.49093, 6.05243, -2.08428],
							"size": [0.52, 0.16, 0.16],
							"pivot": [-1.33093, 5.00823, -2.96943],
							"rotation": [120, 0, 0],
							"uv": {
								"north": {"uv": [57, 73], "uv_size": [1, 1]},
								"east": {"uv": [66, 74], "uv_size": [1, 1]},
								"south": {"uv": [8, 78], "uv_size": [1, 1]},
								"west": {"uv": [9, 78], "uv_size": [1, 1]},
								"up": {"uv": [10, 78], "uv_size": [1, 1]},
								"down": {"uv": [11, 79], "uv_size": [1, -1]}
							}
						},
						{
							"origin": [-1.53093, 2.27623, -1.52642],
							"size": [0.6, 1.6, 0.36],
							"pivot": [-1.33093, 5.00823, -2.96943],
							"rotation": [10, 0, 0],
							"uv": {
								"north": {"uv": [54, 17], "uv_size": [2, 4]},
								"east": {"uv": [7, 66], "uv_size": [1, 4]},
								"south": {"uv": [54, 21], "uv_size": [2, 4]},
								"west": {"uv": [8, 66], "uv_size": [1, 4]},
								"up": {"uv": [68, 73], "uv_size": [2, 1]},
								"down": {"uv": [71, 74], "uv_size": [2, -1]}
							}
						},
						{
							"origin": [-1.49093, 3.31415, -2.02474],
							"size": [0.52, 1.6, 0.28],
							"pivot": [-1.33093, 5.00823, -2.96943],
							"rotation": [30, 0, 0],
							"uv": {
								"north": {"uv": [9, 66], "uv_size": [1, 4]},
								"east": {"uv": [10, 66], "uv_size": [1, 4]},
								"south": {"uv": [11, 66], "uv_size": [1, 4]},
								"west": {"uv": [12, 66], "uv_size": [1, 4]},
								"up": {"uv": [12, 78], "uv_size": [1, 1]},
								"down": {"uv": [13, 79], "uv_size": [1, -1]}
							}
						},
						{
							"origin": [-1.45093, 4.25441, -2.25193],
							"size": [0.44, 1.44, 0.28],
							"pivot": [-1.33093, 5.00823, -2.96943],
							"rotation": [60, 0, 0],
							"uv": {
								"north": {"uv": [13, 66], "uv_size": [1, 4]},
								"east": {"uv": [22, 66], "uv_size": [1, 4]},
								"south": {"uv": [23, 66], "uv_size": [1, 4]},
								"west": {"uv": [24, 66], "uv_size": [1, 4]},
								"up": {"uv": [14, 78], "uv_size": [1, 1]},
								"down": {"uv": [15, 79], "uv_size": [1, -1]}
							}
						},
						{
							"origin": [-1.53093, 4.46353, -2.07787],
							"size": [0.6, 1.6, 0.16],
							"pivot": [-1.33093, 5.00823, -2.96943],
							"rotation": [120, 0, 0],
							"uv": {
								"north": {"uv": [54, 25], "uv_size": [2, 4]},
								"east": {"uv": [25, 66], "uv_size": [1, 4]},
								"south": {"uv": [54, 29], "uv_size": [2, 4]},
								"west": {"uv": [31, 66], "uv_size": [1, 4]},
								"up": {"uv": [73, 73], "uv_size": [2, 1]},
								"down": {"uv": [73, 46], "uv_size": [2, -1]}
							}
						},
						{
							"origin": [-1.45093, 5.7208, -1.66301],
							"size": [0.44, 0.32, 0.12],
							"pivot": [-1.33093, 5.00823, -2.96943],
							"rotation": [142.5, 0, 0],
							"uv": {
								"north": {"uv": [16, 78], "uv_size": [1, 1]},
								"east": {"uv": [17, 78], "uv_size": [1, 1]},
								"south": {"uv": [18, 78], "uv_size": [1, 1]},
								"west": {"uv": [19, 78], "uv_size": [1, 1]},
								"up": {"uv": [20, 78], "uv_size": [1, 1]},
								"down": {"uv": [21, 79], "uv_size": [1, -1]}
							}
						}
					]
				},
				{
					"name": "leaf3",
					"parent": "leavess",
					"pivot": [-2.95746, 14.46731, -2.06177],
					"rotation": [0, 35, 0],
					"cubes": [
						{
							"origin": [-2.00298, 6.75243, -0.78428],
							"size": [0.8, 0.16, 0.16],
							"pivot": [-1.36298, 5.70823, -1.66943],
							"rotation": [120, 0, 0],
							"uv": {
								"north": {"uv": [71, 64], "uv_size": [2, 1]},
								"east": {"uv": [68, 67], "uv_size": [1, 1]},
								"south": {"uv": [71, 65], "uv_size": [2, 1]},
								"west": {"uv": [37, 72], "uv_size": [1, 1]},
								"up": {"uv": [71, 66], "uv_size": [2, 1]},
								"down": {"uv": [71, 68], "uv_size": [2, -1]}
							}
						},
						{
							"origin": [-2.04298, 2.97623, -0.22642],
							"size": [0.88, 1.6, 0.36],
							"pivot": [-1.36298, 5.70823, -1.66943],
							"rotation": [10, 0, 0],
							"uv": {
								"north": {"uv": [52, 33], "uv_size": [2, 4]},
								"east": {"uv": [65, 24], "uv_size": [1, 4]},
								"south": {"uv": [52, 37], "uv_size": [2, 4]},
								"west": {"uv": [65, 28], "uv_size": [1, 4]},
								"up": {"uv": [71, 68], "uv_size": [2, 1]},
								"down": {"uv": [71, 71], "uv_size": [2, -1]}
							}
						},
						{
							"origin": [-2.00298, 4.01415, -0.72474],
							"size": [0.8, 1.6, 0.28],
							"pivot": [-1.36298, 5.70823, -1.66943],
							"rotation": [30, 0, 0],
							"uv": {
								"north": {"uv": [52, 41], "uv_size": [2, 4]},
								"east": {"uv": [65, 32], "uv_size": [1, 4]},
								"south": {"uv": [23, 54], "uv_size": [2, 4]},
								"west": {"uv": [65, 36], "uv_size": [1, 4]},
								"up": {"uv": [35, 72], "uv_size": [2, 1]},
								"down": {"uv": [50, 73], "uv_size": [2, -1]}
							}
						},
						{
							"origin": [-1.96298, 4.95441, -0.95193],
							"size": [0.72, 1.44, 0.28],
							"pivot": [-1.36298, 5.70823, -1.66943],
							"rotation": [60, 0, 0],
							"uv": {
								"north": {"uv": [33, 54], "uv_size": [2, 4]},
								"east": {"uv": [65, 40], "uv_size": [1, 4]},
								"south": {"uv": [35, 54], "uv_size": [2, 4]},
								"west": {"uv": [65, 44], "uv_size": [1, 4]},
								"up": {"uv": [55, 72], "uv_size": [2, 1]},
								"down": {"uv": [60, 73], "uv_size": [2, -1]}
							}
						},
						{
							"origin": [-2.04298, 5.16353, -0.77787],
							"size": [0.88, 1.6, 0.16],
							"pivot": [-1.36298, 5.70823, -1.66943],
							"rotation": [120, 0, 0],
							"uv": {
								"north": {"uv": [42, 54], "uv_size": [2, 4]},
								"east": {"uv": [65, 48], "uv_size": [1, 4]},
								"south": {"uv": [54, 54], "uv_size": [2, 4]},
								"west": {"uv": [65, 52], "uv_size": [1, 4]},
								"up": {"uv": [71, 72], "uv_size": [2, 1]},
								"down": {"uv": [14, 74], "uv_size": [2, -1]}
							}
						},
						{
							"origin": [-1.96298, 6.4208, -0.36301],
							"size": [0.72, 0.32, 0.12],
							"pivot": [-1.36298, 5.70823, -1.66943],
							"rotation": [142.5, 0, 0],
							"uv": {
								"north": {"uv": [16, 73], "uv_size": [2, 1]},
								"east": {"uv": [52, 72], "uv_size": [1, 1]},
								"south": {"uv": [18, 73], "uv_size": [2, 1]},
								"west": {"uv": [57, 72], "uv_size": [1, 1]},
								"up": {"uv": [20, 73], "uv_size": [2, 1]},
								"down": {"uv": [26, 74], "uv_size": [2, -1]}
							}
						}
					]
				},
				{
					"name": "leaf2",
					"parent": "leavess",
					"pivot": [-0.2, 14.82057, 7.24431],
					"cubes": [
						{
							"origin": [-0.24, 6.85243, -1.87257],
							"size": [0.6, 0.16, 0.16],
							"pivot": [-0.08, 5.80823, -2.75772],
							"rotation": [120, 0, 0],
							"uv": {
								"north": {"uv": [71, 54], "uv_size": [2, 1]},
								"east": {"uv": [22, 61], "uv_size": [1, 1]},
								"south": {"uv": [71, 55], "uv_size": [2, 1]},
								"west": {"uv": [31, 61], "uv_size": [1, 1]},
								"up": {"uv": [71, 56], "uv_size": [2, 1]},
								"down": {"uv": [71, 58], "uv_size": [2, -1]}
							}
						},
						{
							"origin": [-0.28, 3.07623, -1.31472],
							"size": [0.68, 1.6, 0.36],
							"pivot": [-0.08, 5.80823, -2.75772],
							"rotation": [10, 0, 0],
							"uv": {
								"north": {"uv": [52, 9], "uv_size": [2, 4]},
								"east": {"uv": [28, 65], "uv_size": [1, 4]},
								"south": {"uv": [52, 13], "uv_size": [2, 4]},
								"west": {"uv": [29, 65], "uv_size": [1, 4]},
								"up": {"uv": [71, 58], "uv_size": [2, 1]},
								"down": {"uv": [71, 60], "uv_size": [2, -1]}
							}
						},
						{
							"origin": [-0.24, 4.11415, -1.81303],
							"size": [0.6, 1.6, 0.28],
							"pivot": [-0.08, 5.80823, -2.75772],
							"rotation": [30, 0, 0],
							"uv": {
								"north": {"uv": [52, 17], "uv_size": [2, 4]},
								"east": {"uv": [30, 65], "uv_size": [1, 4]},
								"south": {"uv": [52, 21], "uv_size": [2, 4]},
								"west": {"uv": [64, 65], "uv_size": [1, 4]},
								"up": {"uv": [71, 60], "uv_size": [2, 1]},
								"down": {"uv": [71, 62], "uv_size": [2, -1]}
							}
						},
						{
							"origin": [-0.2, 5.05441, -2.04022],
							"size": [0.52, 1.44, 0.28],
							"pivot": [-0.08, 5.80823, -2.75772],
							"rotation": [60, 0, 0],
							"uv": {
								"north": {"uv": [65, 65], "uv_size": [1, 4]},
								"east": {"uv": [65, 4], "uv_size": [1, 4]},
								"south": {"uv": [65, 8], "uv_size": [1, 4]},
								"west": {"uv": [65, 12], "uv_size": [1, 4]},
								"up": {"uv": [38, 61], "uv_size": [1, 1]},
								"down": {"uv": [53, 62], "uv_size": [1, -1]}
							}
						},
						{
							"origin": [-0.28, 5.26353, -1.86616],
							"size": [0.68, 1.6, 0.16],
							"pivot": [-0.08, 5.80823, -2.75772],
							"rotation": [120, 0, 0],
							"uv": {
								"north": {"uv": [52, 25], "uv_size": [2, 4]},
								"east": {"uv": [65, 16], "uv_size": [1, 4]},
								"south": {"uv": [52, 29], "uv_size": [2, 4]},
								"west": {"uv": [65, 20], "uv_size": [1, 4]},
								"up": {"uv": [71, 62], "uv_size": [2, 1]},
								"down": {"uv": [71, 64], "uv_size": [2, -1]}
							}
						},
						{
							"origin": [-0.2, 6.5208, -1.4513],
							"size": [0.52, 0.32, 0.12],
							"pivot": [-0.08, 5.80823, -2.75772],
							"rotation": [142.5, 0, 0],
							"uv": {
								"north": {"uv": [35, 62], "uv_size": [1, 1]},
								"east": {"uv": [48, 62], "uv_size": [1, 1]},
								"south": {"uv": [55, 62], "uv_size": [1, 1]},
								"west": {"uv": [35, 63], "uv_size": [1, 1]},
								"up": {"uv": [50, 63], "uv_size": [1, 1]},
								"down": {"uv": [55, 64], "uv_size": [1, -1]}
							}
						}
					]
				},
				{
					"name": "leaves",
					"parent": "leavess",
					"pivot": [-8.76966, 16.81474, 0.2],
					"cubes": [
						{
							"origin": [1.81257, 6.65243, -0.4],
							"size": [0.16, 0.16, 0.64],
							"pivot": [2.85772, 5.60823, 0.08],
							"rotation": [0, 0, 120],
							"uv": {
								"north": {"uv": [44, 57], "uv_size": [1, 1]},
								"east": {"uv": [56, 55], "uv_size": [2, 1]},
								"south": {"uv": [48, 57], "uv_size": [1, 1]},
								"west": {"uv": [58, 57], "uv_size": [2, 1]},
								"up": {"uv": [25, 42], "uv_size": [1, 2]},
								"down": {"uv": [42, 22], "uv_size": [1, -2]}
							}
						},
						{
							"origin": [-1, 3.2, -0.44],
							"size": [0.36, 1.6, 0.72],
							"pivot": [-0.8, 3.4, 0.08],
							"rotation": [0, 0, -10],
							"uv": {
								"north": {"uv": [35, 50], "uv_size": [1, 4]},
								"east": {"uv": [14, 24], "uv_size": [2, 4]},
								"south": {"uv": [37, 64], "uv_size": [1, 4]},
								"west": {"uv": [46, 36], "uv_size": [2, 4]},
								"up": {"uv": [14, 28], "uv_size": [1, 2]},
								"down": {"uv": [15, 30], "uv_size": [1, -2]}
							}
						},
						{
							"origin": [1.05472, 2.87623, -0.44],
							"size": [0.36, 1.6, 0.72],
							"pivot": [2.85772, 5.60823, 0.08],
							"rotation": [0, 0, 10],
							"uv": {
								"north": {"uv": [64, 20], "uv_size": [1, 4]},
								"east": {"uv": [50, 13], "uv_size": [2, 4]},
								"south": {"uv": [64, 24], "uv_size": [1, 4]},
								"west": {"uv": [50, 17], "uv_size": [2, 4]},
								"up": {"uv": [48, 18], "uv_size": [1, 2]},
								"down": {"uv": [28, 56], "uv_size": [1, -2]}
							}
						},
						{
							"origin": [-1.31935, 4.68666, -0.4],
							"size": [0.28, 1.6, 0.64],
							"pivot": [-1.11935, 4.88666, 0.08],
							"rotation": [0, 0, -30],
							"uv": {
								"north": {"uv": [52, 64], "uv_size": [1, 4]},
								"east": {"uv": [23, 50], "uv_size": [2, 4]},
								"south": {"uv": [57, 64], "uv_size": [1, 4]},
								"west": {"uv": [33, 50], "uv_size": [2, 4]},
								"up": {"uv": [23, 30], "uv_size": [1, 2]},
								"down": {"uv": [26, 35], "uv_size": [1, -2]}
							}
						},
						{
							"origin": [1.63303, 3.91415, -0.4],
							"size": [0.28, 1.6, 0.64],
							"pivot": [2.85772, 5.60823, 0.08],
							"rotation": [0, 0, 30],
							"uv": {
								"north": {"uv": [64, 28], "uv_size": [1, 4]},
								"east": {"uv": [50, 21], "uv_size": [2, 4]},
								"south": {"uv": [64, 32], "uv_size": [1, 4]},
								"west": {"uv": [50, 25], "uv_size": [2, 4]},
								"up": {"uv": [37, 54], "uv_size": [1, 2]},
								"down": {"uv": [39, 58], "uv_size": [1, -2]}
							}
						},
						{
							"origin": [-2.11935, 5.9259, -0.36],
							"size": [0.28, 1.44, 0.56],
							"pivot": [-1.91935, 6.1259, 0.08],
							"rotation": [0, 0, -60],
							"uv": {
								"north": {"uv": [60, 64], "uv_size": [1, 4]},
								"east": {"uv": [61, 64], "uv_size": [1, 4]},
								"south": {"uv": [64, 4], "uv_size": [1, 4]},
								"west": {"uv": [64, 8], "uv_size": [1, 4]},
								"up": {"uv": [23, 32], "uv_size": [1, 1]},
								"down": {"uv": [26, 36], "uv_size": [1, -1]}
							}
						},
						{
							"origin": [1.86022, 4.85441, -0.36],
							"size": [0.28, 1.44, 0.56],
							"pivot": [2.85772, 5.60823, 0.08],
							"rotation": [0, 0, 60],
							"uv": {
								"north": {"uv": [64, 36], "uv_size": [1, 4]},
								"east": {"uv": [64, 40], "uv_size": [1, 4]},
								"south": {"uv": [64, 48], "uv_size": [1, 4]},
								"west": {"uv": [64, 52], "uv_size": [1, 4]},
								"up": {"uv": [57, 49], "uv_size": [1, 1]},
								"down": {"uv": [36, 59], "uv_size": [1, -1]}
							}
						},
						{
							"origin": [-3.30499, 6.5259, -0.44],
							"size": [0.16, 1.6, 0.72],
							"pivot": [-3.10499, 6.7259, 0.08],
							"rotation": [0, 0, -120],
							"uv": {
								"north": {"uv": [64, 12], "uv_size": [1, 4]},
								"east": {"uv": [42, 50], "uv_size": [2, 4]},
								"south": {"uv": [64, 16], "uv_size": [1, 4]},
								"west": {"uv": [50, 9], "uv_size": [2, 4]},
								"up": {"uv": [29, 36], "uv_size": [1, 2]},
								"down": {"uv": [38, 38], "uv_size": [1, -2]}
							}
						},
						{
							"origin": [1.80616, 5.06353, -0.44],
							"size": [0.16, 1.6, 0.72],
							"pivot": [2.85772, 5.60823, 0.08],
							"rotation": [0, 0, 120],
							"uv": {
								"north": {"uv": [64, 56], "uv_size": [1, 4]},
								"east": {"uv": [50, 29], "uv_size": [2, 4]},
								"south": {"uv": [14, 65], "uv_size": [1, 4]},
								"west": {"uv": [50, 33], "uv_size": [2, 4]},
								"up": {"uv": [56, 45], "uv_size": [1, 2]},
								"down": {"uv": [27, 60], "uv_size": [1, -2]}
							}
						},
						{
							"origin": [-4.53297, 5.58779, -0.36],
							"size": [0.12, 0.32, 0.56],
							"pivot": [-4.47297, 5.74779, 0.08],
							"rotation": [0, 0, -142.5],
							"uv": {
								"north": {"uv": [29, 38], "uv_size": [1, 1]},
								"east": {"uv": [22, 41], "uv_size": [1, 1]},
								"south": {"uv": [42, 22], "uv_size": [1, 1]},
								"west": {"uv": [25, 44], "uv_size": [1, 1]},
								"up": {"uv": [55, 51], "uv_size": [1, 1]},
								"down": {"uv": [28, 57], "uv_size": [1, -1]}
							}
						},
						{
							"origin": [1.4313, 6.3208, -0.36],
							"size": [0.12, 0.32, 0.56],
							"pivot": [2.85772, 5.60823, 0.08],
							"rotation": [0, 0, 142.5],
							"uv": {
								"north": {"uv": [49, 58], "uv_size": [1, 1]},
								"east": {"uv": [58, 44], "uv_size": [1, 1]},
								"south": {"uv": [22, 59], "uv_size": [1, 1]},
								"west": {"uv": [36, 59], "uv_size": [1, 1]},
								"up": {"uv": [51, 59], "uv_size": [1, 1]},
								"down": {"uv": [59, 49], "uv_size": [1, -1]}
							}
						},
						{
							"origin": [-3.70786, 7.4059, -0.4],
							"size": [0.16, 0.16, 0.64],
							"pivot": [-3.50786, 6.4859, 0.08],
							"rotation": [0, 0, -120],
							"uv": {
								"north": {"uv": [56, 47], "uv_size": [1, 1]},
								"east": {"uv": [54, 52], "uv_size": [2, 1]},
								"south": {"uv": [32, 57], "uv_size": [1, 1]},
								"west": {"uv": [54, 53], "uv_size": [2, 1]},
								"up": {"uv": [22, 39], "uv_size": [1, 2]},
								"down": {"uv": [39, 38], "uv_size": [1, -2]}
							}
						}
					]
				},
				{
					"name": "leaf",
					"parent": "leavess",
					"pivot": [-0.2, 14.52057, 7.14431],
					"cubes": [
						{
							"origin": [-0.84, 6.55243, 1.81257],
							"size": [0.92, 0.16, 0.16],
							"pivot": [-0.08, 5.50823, 2.85772],
							"rotation": [-120, 0, 0],
							"uv": {
								"north": {"uv": [67, 62], "uv_size": [2, 1]},
								"east": {"uv": [22, 60], "uv_size": [1, 1]},
								"south": {"uv": [67, 63], "uv_size": [2, 1]},
								"west": {"uv": [27, 60], "uv_size": [1, 1]},
								"up": {"uv": [67, 66], "uv_size": [2, 1]},
								"down": {"uv": [71, 46], "uv_size": [2, -1]}
							}
						},
						{
							"origin": [-0.88, 2.77623, 1.05472],
							"size": [1, 1.6, 0.36],
							"pivot": [-0.08, 5.50823, 2.85772],
							"rotation": [-10, 0, 0],
							"uv": {
								"north": {"uv": [24, 18], "uv_size": [3, 4]},
								"east": {"uv": [15, 65], "uv_size": [1, 4]},
								"south": {"uv": [33, 27], "uv_size": [3, 4]},
								"west": {"uv": [16, 65], "uv_size": [1, 4]},
								"up": {"uv": [24, 22], "uv_size": [3, 1]},
								"down": {"uv": [24, 24], "uv_size": [3, -1]}
							}
						},
						{
							"origin": [-0.88, 2.77623, 0.05472],
							"size": [1, 3.1, 0.36],
							"pivot": [-0.08, 5.50823, 1.85772],
							"rotation": [-10, 0, 0],
							"uv": {
								"north": {"uv": [24, 18], "uv_size": [3, 4]},
								"east": {"uv": [15, 65], "uv_size": [1, 4]},
								"south": {"uv": [33, 27], "uv_size": [3, 4]},
								"west": {"uv": [16, 65], "uv_size": [1, 4]},
								"up": {"uv": [24, 22], "uv_size": [3, 1]},
								"down": {"uv": [24, 24], "uv_size": [3, -1]}
							}
						},
						{
							"origin": [-0.68, 5.4023, 0.97167],
							"size": [0.6, 1.1, 0.26],
							"pivot": [-0.08, 8.1343, 2.77468],
							"rotation": [-20, 0, 0],
							"uv": {
								"north": {"uv": [24, 18], "uv_size": [3, 4]},
								"east": {"uv": [15, 65], "uv_size": [1, 4]},
								"south": {"uv": [33, 27], "uv_size": [3, 4]},
								"west": {"uv": [16, 65], "uv_size": [1, 4]},
								"up": {"uv": [24, 22], "uv_size": [3, 1]},
								"down": {"uv": [24, 24], "uv_size": [3, -1]}
							}
						},
						{
							"origin": [-0.58, 6.43596, 1.3479],
							"size": [0.4, 0.6, 0.16],
							"pivot": [-0.08, 9.16796, 3.1509],
							"rotation": [-20, 0, 0],
							"uv": {
								"north": {"uv": [24, 18], "uv_size": [3, 4]},
								"east": {"uv": [15, 65], "uv_size": [1, 4]},
								"south": {"uv": [33, 27], "uv_size": [3, 4]},
								"west": {"uv": [16, 65], "uv_size": [1, 4]},
								"up": {"uv": [24, 22], "uv_size": [3, 1]},
								"down": {"uv": [24, 24], "uv_size": [3, -1]}
							}
						},
						{
							"origin": [-0.84, 3.81415, 1.63303],
							"size": [0.92, 1.6, 0.28],
							"pivot": [-0.08, 5.50823, 2.85772],
							"rotation": [-30, 0, 0],
							"uv": {
								"north": {"uv": [50, 37], "uv_size": [2, 4]},
								"east": {"uv": [17, 65], "uv_size": [1, 4]},
								"south": {"uv": [50, 41], "uv_size": [2, 4]},
								"west": {"uv": [18, 65], "uv_size": [1, 4]},
								"up": {"uv": [71, 46], "uv_size": [2, 1]},
								"down": {"uv": [71, 48], "uv_size": [2, -1]}
							}
						},
						{
							"origin": [-0.8, 4.75441, 1.86022],
							"size": [0.84, 1.44, 0.28],
							"pivot": [-0.08, 5.50823, 2.85772],
							"rotation": [-60, 0, 0],
							"uv": {
								"north": {"uv": [50, 51], "uv_size": [2, 4]},
								"east": {"uv": [19, 65], "uv_size": [1, 4]},
								"south": {"uv": [52, 52], "uv_size": [2, 4]},
								"west": {"uv": [20, 65], "uv_size": [1, 4]},
								"up": {"uv": [71, 48], "uv_size": [2, 1]},
								"down": {"uv": [71, 50], "uv_size": [2, -1]}
							}
						},
						{
							"origin": [-0.88, 4.96353, 1.80616],
							"size": [1, 1.6, 0.16],
							"pivot": [-0.08, 5.50823, 2.85772],
							"rotation": [-120, 0, 0],
							"uv": {
								"north": {"uv": [40, 23], "uv_size": [3, 4]},
								"east": {"uv": [21, 65], "uv_size": [1, 4]},
								"south": {"uv": [40, 27], "uv_size": [3, 4]},
								"west": {"uv": [27, 65], "uv_size": [1, 4]},
								"up": {"uv": [30, 27], "uv_size": [3, 1]},
								"down": {"uv": [30, 29], "uv_size": [3, -1]}
							}
						},
						{
							"origin": [-0.8, 6.2208, 1.4313],
							"size": [0.84, 0.32, 0.12],
							"pivot": [-0.08, 5.50823, 2.85772],
							"rotation": [-142.5, 0, 0],
							"uv": {
								"north": {"uv": [71, 50], "uv_size": [2, 1]},
								"east": {"uv": [38, 60], "uv_size": [1, 1]},
								"south": {"uv": [71, 51], "uv_size": [2, 1]},
								"west": {"uv": [53, 60], "uv_size": [1, 1]},
								"up": {"uv": [71, 52], "uv_size": [2, 1]},
								"down": {"uv": [71, 54], "uv_size": [2, -1]}
							}
						}
					]
				}
			]
		}
	]
}