{
	"format_version": "1.12.0",
	"minecraft:geometry": [
		{
			"description": {
				"identifier": "geometry.modernswing",
				"texture_width": 128,
				"texture_height": 128,
				"visible_bounds_width": 3,
				"visible_bounds_height": 2.5,
				"visible_bounds_offset": [0, 0.75, 0]
			},
			"bones": [
				{
					"name": "hexadecagon",
					"pivot": [20.8, 9.5, -4.8],
					"cubes": [
						{
							"origin": [12.70054, -0.2, -1.3],
							"size": [0.19891, 19.2, 1],
							"pivot": [12.8, 17.5, -0.8],
							"rotation": [0, 45, 0],
							"uv": {
								"north": {"uv": [5, 47], "uv_size": [1, 19]},
								"east": {"uv": [6, 47], "uv_size": [1, 19]},
								"south": {"uv": [7, 47], "uv_size": [1, 19]},
								"west": {"uv": [8, 47], "uv_size": [1, 19]},
								"up": {"uv": [59, 37], "uv_size": [1, 1]},
								"down": {"uv": [59, 39], "uv_size": [1, -1]}
							}
						},
						{
							"origin": [12.70054, -0.2, -1.3],
							"size": [0.19891, 19.2, 1],
							"pivot": [12.8, 17.5, -0.8],
							"rotation": [0, 22.5, 0],
							"uv": {
								"north": {"uv": [9, 47], "uv_size": [1, 19]},
								"east": {"uv": [10, 47], "uv_size": [1, 19]},
								"south": {"uv": [11, 47], "uv_size": [1, 19]},
								"west": {"uv": [12, 47], "uv_size": [1, 19]},
								"up": {"uv": [59, 39], "uv_size": [1, 1]},
								"down": {"uv": [59, 41], "uv_size": [1, -1]}
							}
						},
						{
							"origin": [12.70054, -0.2, -1.3],
							"size": [0.19891, 19.2, 1],
							"uv": {
								"north": {"uv": [13, 47], "uv_size": [1, 19]},
								"east": {"uv": [14, 47], "uv_size": [1, 19]},
								"south": {"uv": [15, 47], "uv_size": [1, 19]},
								"west": {"uv": [16, 47], "uv_size": [1, 19]},
								"up": {"uv": [59, 41], "uv_size": [1, 1]},
								"down": {"uv": [59, 45], "uv_size": [1, -1]}
							}
						},
						{
							"origin": [12.70054, -0.2, -1.3],
							"size": [0.19891, 19.2, 1],
							"pivot": [12.8, 17.5, -0.8],
							"rotation": [0, -22.5, 0],
							"uv": {
								"north": {"uv": [17, 47], "uv_size": [1, 19]},
								"east": {"uv": [18, 47], "uv_size": [1, 19]},
								"south": {"uv": [19, 47], "uv_size": [1, 19]},
								"west": {"uv": [20, 47], "uv_size": [1, 19]},
								"up": {"uv": [59, 45], "uv_size": [1, 1]},
								"down": {"uv": [60, 37], "uv_size": [1, -1]}
							}
						},
						{
							"origin": [12.70054, -0.2, -1.3],
							"size": [0.19891, 19.2, 1],
							"pivot": [12.8, 17.5, -0.8],
							"rotation": [0, -45, 0],
							"uv": {
								"north": {"uv": [21, 47], "uv_size": [1, 19]},
								"east": {"uv": [22, 47], "uv_size": [1, 19]},
								"south": {"uv": [23, 47], "uv_size": [1, 19]},
								"west": {"uv": [24, 47], "uv_size": [1, 19]},
								"up": {"uv": [60, 37], "uv_size": [1, 1]},
								"down": {"uv": [60, 39], "uv_size": [1, -1]}
							}
						},
						{
							"origin": [12.3, -0.2, -0.89946],
							"size": [1, 19.2, 0.19891],
							"pivot": [12.8, 17.5, -0.8],
							"rotation": [0, 22.5, 0],
							"uv": {
								"north": {"uv": [25, 47], "uv_size": [1, 19]},
								"east": {"uv": [26, 47], "uv_size": [1, 19]},
								"south": {"uv": [27, 47], "uv_size": [1, 19]},
								"west": {"uv": [28, 47], "uv_size": [1, 19]},
								"up": {"uv": [60, 39], "uv_size": [1, 1]},
								"down": {"uv": [60, 41], "uv_size": [1, -1]}
							}
						},
						{
							"origin": [12.3, -0.2, -0.89946],
							"size": [1, 19.2, 0.19891],
							"uv": {
								"north": {"uv": [29, 47], "uv_size": [1, 19]},
								"east": {"uv": [30, 47], "uv_size": [1, 19]},
								"south": {"uv": [31, 47], "uv_size": [1, 19]},
								"west": {"uv": [46, 47], "uv_size": [1, 19]},
								"up": {"uv": [60, 41], "uv_size": [1, 1]},
								"down": {"uv": [60, 45], "uv_size": [1, -1]}
							}
						},
						{
							"origin": [12.3, -0.2, -0.89946],
							"size": [1, 19.2, 0.19891],
							"pivot": [12.8, 17.5, -0.8],
							"rotation": [0, -22.5, 0],
							"uv": {
								"north": {"uv": [47, 47], "uv_size": [1, 19]},
								"east": {"uv": [47, 10], "uv_size": [1, 19]},
								"south": {"uv": [32, 48], "uv_size": [1, 19]},
								"west": {"uv": [33, 48], "uv_size": [1, 19]},
								"up": {"uv": [60, 45], "uv_size": [1, 1]},
								"down": {"uv": [60, 60], "uv_size": [1, -1]}
							}
						}
					]
				},
				{
					"name": "hexadecagon2",
					"pivot": [-4.8, 9.5, -4.8],
					"cubes": [
						{
							"origin": [-12.89946, -0.2, -1.3],
							"size": [0.19891, 19.2, 1],
							"pivot": [-12.8, 17.5, -0.8],
							"rotation": [0, 45, 0],
							"uv": {
								"north": {"uv": [48, 48], "uv_size": [1, 19]},
								"east": {"uv": [48, 0], "uv_size": [1, 19]},
								"south": {"uv": [48, 19], "uv_size": [1, 19]},
								"west": {"uv": [49, 49], "uv_size": [1, 19]},
								"up": {"uv": [61, 36], "uv_size": [1, 1]},
								"down": {"uv": [61, 38], "uv_size": [1, -1]}
							}
						},
						{
							"origin": [-12.89946, -0.2, -1.3],
							"size": [0.19891, 19.2, 1],
							"pivot": [-12.8, 17.5, -0.8],
							"rotation": [0, 22.5, 0],
							"uv": {
								"north": {"uv": [49, 0], "uv_size": [1, 19]},
								"east": {"uv": [49, 19], "uv_size": [1, 19]},
								"south": {"uv": [34, 50], "uv_size": [1, 19]},
								"west": {"uv": [35, 50], "uv_size": [1, 19]},
								"up": {"uv": [61, 38], "uv_size": [1, 1]},
								"down": {"uv": [61, 40], "uv_size": [1, -1]}
							}
						},
						{
							"origin": [-12.89946, -0.2, -1.3],
							"size": [0.19891, 19.2, 1],
							"uv": {
								"north": {"uv": [50, 50], "uv_size": [1, 19]},
								"east": {"uv": [50, 0], "uv_size": [1, 19]},
								"south": {"uv": [50, 19], "uv_size": [1, 19]},
								"west": {"uv": [51, 51], "uv_size": [1, 19]},
								"up": {"uv": [61, 40], "uv_size": [1, 1]},
								"down": {"uv": [61, 42], "uv_size": [1, -1]}
							}
						},
						{
							"origin": [-12.89946, -0.2, -1.3],
							"size": [0.19891, 19.2, 1],
							"pivot": [-12.8, 17.5, -0.8],
							"rotation": [0, -22.5, 0],
							"uv": {
								"north": {"uv": [51, 0], "uv_size": [1, 19]},
								"east": {"uv": [51, 19], "uv_size": [1, 19]},
								"south": {"uv": [36, 52], "uv_size": [1, 19]},
								"west": {"uv": [37, 52], "uv_size": [1, 19]},
								"up": {"uv": [61, 44], "uv_size": [1, 1]},
								"down": {"uv": [61, 46], "uv_size": [1, -1]}
							}
						},
						{
							"origin": [-12.89946, -0.2, -1.3],
							"size": [0.19891, 19.2, 1],
							"pivot": [-12.8, 17.5, -0.8],
							"rotation": [0, -45, 0],
							"uv": {
								"north": {"uv": [52, 52], "uv_size": [1, 19]},
								"east": {"uv": [52, 0], "uv_size": [1, 19]},
								"south": {"uv": [52, 19], "uv_size": [1, 19]},
								"west": {"uv": [53, 53], "uv_size": [1, 19]},
								"up": {"uv": [61, 59], "uv_size": [1, 1]},
								"down": {"uv": [61, 61], "uv_size": [1, -1]}
							}
						},
						{
							"origin": [-13.3, -0.2, -0.89946],
							"size": [1, 19.2, 0.19891],
							"pivot": [-12.8, 17.5, -0.8],
							"rotation": [0, 22.5, 0],
							"uv": {
								"north": {"uv": [53, 0], "uv_size": [1, 19]},
								"east": {"uv": [53, 19], "uv_size": [1, 19]},
								"south": {"uv": [38, 54], "uv_size": [1, 19]},
								"west": {"uv": [39, 54], "uv_size": [1, 19]},
								"up": {"uv": [62, 36], "uv_size": [1, 1]},
								"down": {"uv": [62, 38], "uv_size": [1, -1]}
							}
						},
						{
							"origin": [-13.3, -0.2, -0.89946],
							"size": [1, 19.2, 0.19891],
							"uv": {
								"north": {"uv": [54, 54], "uv_size": [1, 19]},
								"east": {"uv": [54, 0], "uv_size": [1, 19]},
								"south": {"uv": [54, 19], "uv_size": [1, 19]},
								"west": {"uv": [55, 55], "uv_size": [1, 19]},
								"up": {"uv": [62, 38], "uv_size": [1, 1]},
								"down": {"uv": [62, 40], "uv_size": [1, -1]}
							}
						},
						{
							"origin": [-13.3, -0.2, -0.89946],
							"size": [1, 19.2, 0.19891],
							"pivot": [-12.8, 17.5, -0.8],
							"rotation": [0, -22.5, 0],
							"uv": {
								"north": {"uv": [55, 0], "uv_size": [1, 19]},
								"east": {"uv": [55, 19], "uv_size": [1, 19]},
								"south": {"uv": [0, 56], "uv_size": [1, 19]},
								"west": {"uv": [1, 56], "uv_size": [1, 19]},
								"up": {"uv": [62, 40], "uv_size": [1, 1]},
								"down": {"uv": [62, 42], "uv_size": [1, -1]}
							}
						}
					]
				},
				{
					"name": "hexadecagon3",
					"pivot": [21.1, 9.5, 1.8],
					"cubes": [
						{
							"origin": [13.00054, -0.2, 5.3],
							"size": [0.19891, 17.8, 1],
							"pivot": [13.1, 17.5, 5.8],
							"rotation": [0, 45, 0],
							"uv": {
								"north": {"uv": [2, 56], "uv_size": [1, 18]},
								"east": {"uv": [3, 56], "uv_size": [1, 18]},
								"south": {"uv": [40, 56], "uv_size": [1, 18]},
								"west": {"uv": [41, 56], "uv_size": [1, 18]},
								"up": {"uv": [62, 44], "uv_size": [1, 1]},
								"down": {"uv": [62, 46], "uv_size": [1, -1]}
							}
						},
						{
							"origin": [13.00054, -0.2, 5.3],
							"size": [0.19891, 17.8, 1],
							"pivot": [13.1, 17.5, 5.8],
							"rotation": [0, 22.5, 0],
							"uv": {
								"north": {"uv": [56, 56], "uv_size": [1, 18]},
								"east": {"uv": [56, 0], "uv_size": [1, 18]},
								"south": {"uv": [56, 18], "uv_size": [1, 18]},
								"west": {"uv": [57, 57], "uv_size": [1, 18]},
								"up": {"uv": [62, 59], "uv_size": [1, 1]},
								"down": {"uv": [62, 61], "uv_size": [1, -1]}
							}
						},
						{
							"origin": [13.00054, -0.2, 5.3],
							"size": [0.19891, 17.8, 1],
							"uv": {
								"north": {"uv": [57, 0], "uv_size": [1, 18]},
								"east": {"uv": [57, 18], "uv_size": [1, 18]},
								"south": {"uv": [42, 58], "uv_size": [1, 18]},
								"west": {"uv": [43, 58], "uv_size": [1, 18]},
								"up": {"uv": [62, 61], "uv_size": [1, 1]},
								"down": {"uv": [63, 37], "uv_size": [1, -1]}
							}
						},
						{
							"origin": [13.00054, -0.2, 5.3],
							"size": [0.19891, 17.8, 1],
							"pivot": [13.1, 17.5, 5.8],
							"rotation": [0, -22.5, 0],
							"uv": {
								"north": {"uv": [58, 58], "uv_size": [1, 18]},
								"east": {"uv": [58, 0], "uv_size": [1, 18]},
								"south": {"uv": [58, 18], "uv_size": [1, 18]},
								"west": {"uv": [59, 59], "uv_size": [1, 18]},
								"up": {"uv": [63, 37], "uv_size": [1, 1]},
								"down": {"uv": [63, 39], "uv_size": [1, -1]}
							}
						},
						{
							"origin": [13.00054, -0.2, 5.3],
							"size": [0.19891, 17.8, 1],
							"pivot": [13.1, 17.5, 5.8],
							"rotation": [0, -45, 0],
							"uv": {
								"north": {"uv": [59, 0], "uv_size": [1, 18]},
								"east": {"uv": [59, 18], "uv_size": [1, 18]},
								"south": {"uv": [44, 60], "uv_size": [1, 18]},
								"west": {"uv": [45, 60], "uv_size": [1, 18]},
								"up": {"uv": [63, 39], "uv_size": [1, 1]},
								"down": {"uv": [63, 41], "uv_size": [1, -1]}
							}
						},
						{
							"origin": [12.6, -0.2, 5.70054],
							"size": [1, 17.8, 0.19891],
							"pivot": [13.1, 17.5, 5.8],
							"rotation": [0, 22.5, 0],
							"uv": {
								"north": {"uv": [60, 60], "uv_size": [1, 18]},
								"east": {"uv": [60, 0], "uv_size": [1, 18]},
								"south": {"uv": [60, 18], "uv_size": [1, 18]},
								"west": {"uv": [61, 61], "uv_size": [1, 18]},
								"up": {"uv": [63, 41], "uv_size": [1, 1]},
								"down": {"uv": [63, 45], "uv_size": [1, -1]}
							}
						},
						{
							"origin": [12.6, -0.2, 5.70054],
							"size": [1, 17.8, 0.19891],
							"uv": {
								"north": {"uv": [61, 0], "uv_size": [1, 18]},
								"east": {"uv": [61, 18], "uv_size": [1, 18]},
								"south": {"uv": [62, 62], "uv_size": [1, 18]},
								"west": {"uv": [62, 0], "uv_size": [1, 18]},
								"up": {"uv": [63, 45], "uv_size": [1, 1]},
								"down": {"uv": [64, 37], "uv_size": [1, -1]}
							}
						},
						{
							"origin": [12.6, -0.2, 5.70054],
							"size": [1, 17.8, 0.19891],
							"pivot": [13.1, 17.5, 5.8],
							"rotation": [0, -22.5, 0],
							"uv": {
								"north": {"uv": [62, 18], "uv_size": [1, 18]},
								"east": {"uv": [63, 63], "uv_size": [1, 18]},
								"south": {"uv": [63, 0], "uv_size": [1, 18]},
								"west": {"uv": [63, 18], "uv_size": [1, 18]},
								"up": {"uv": [64, 37], "uv_size": [1, 1]},
								"down": {"uv": [64, 39], "uv_size": [1, -1]}
							}
						}
					]
				},
				{
					"name": "hexadecagon4",
					"pivot": [-4.9, 0.5, 1.8],
					"cubes": [
						{
							"origin": [-12.99946, -0.2, 5.3],
							"size": [0.19891, 17.8, 1],
							"pivot": [-12.9, 17.5, 5.8],
							"rotation": [0, 45, 0],
							"uv": {
								"north": {"uv": [64, 64], "uv_size": [1, 18]},
								"east": {"uv": [64, 0], "uv_size": [1, 18]},
								"south": {"uv": [64, 18], "uv_size": [1, 18]},
								"west": {"uv": [65, 65], "uv_size": [1, 18]},
								"up": {"uv": [64, 39], "uv_size": [1, 1]},
								"down": {"uv": [64, 41], "uv_size": [1, -1]}
							}
						},
						{
							"origin": [-12.99946, -0.2, 5.3],
							"size": [0.19891, 17.8, 1],
							"pivot": [-12.9, 17.5, 5.8],
							"rotation": [0, 22.5, 0],
							"uv": {
								"north": {"uv": [65, 0], "uv_size": [1, 18]},
								"east": {"uv": [65, 18], "uv_size": [1, 18]},
								"south": {"uv": [65, 47], "uv_size": [1, 18]},
								"west": {"uv": [5, 66], "uv_size": [1, 18]},
								"up": {"uv": [64, 41], "uv_size": [1, 1]},
								"down": {"uv": [64, 45], "uv_size": [1, -1]}
							}
						},
						{
							"origin": [-12.99946, -0.2, 5.3],
							"size": [0.19891, 17.8, 1],
							"uv": {
								"north": {"uv": [6, 66], "uv_size": [1, 18]},
								"east": {"uv": [7, 66], "uv_size": [1, 18]},
								"south": {"uv": [8, 66], "uv_size": [1, 18]},
								"west": {"uv": [9, 66], "uv_size": [1, 18]},
								"up": {"uv": [64, 45], "uv_size": [1, 1]},
								"down": {"uv": [64, 64], "uv_size": [1, -1]}
							}
						},
						{
							"origin": [-12.99946, -0.2, 5.3],
							"size": [0.19891, 17.8, 1],
							"pivot": [-12.9, 17.5, 5.8],
							"rotation": [0, -22.5, 0],
							"uv": {
								"north": {"uv": [10, 66], "uv_size": [1, 18]},
								"east": {"uv": [11, 66], "uv_size": [1, 18]},
								"south": {"uv": [12, 66], "uv_size": [1, 18]},
								"west": {"uv": [13, 66], "uv_size": [1, 18]},
								"up": {"uv": [65, 36], "uv_size": [1, 1]},
								"down": {"uv": [65, 38], "uv_size": [1, -1]}
							}
						},
						{
							"origin": [-12.99946, -0.2, 5.3],
							"size": [0.19891, 17.8, 1],
							"pivot": [-12.9, 17.5, 5.8],
							"rotation": [0, -45, 0],
							"uv": {
								"north": {"uv": [14, 66], "uv_size": [1, 18]},
								"east": {"uv": [15, 66], "uv_size": [1, 18]},
								"south": {"uv": [16, 66], "uv_size": [1, 18]},
								"west": {"uv": [17, 66], "uv_size": [1, 18]},
								"up": {"uv": [65, 38], "uv_size": [1, 1]},
								"down": {"uv": [65, 40], "uv_size": [1, -1]}
							}
						},
						{
							"origin": [-13.4, -0.2, 5.70054],
							"size": [1, 17.8, 0.19891],
							"pivot": [-12.9, 17.5, 5.8],
							"rotation": [0, 22.5, 0],
							"uv": {
								"north": {"uv": [18, 66], "uv_size": [1, 18]},
								"east": {"uv": [19, 66], "uv_size": [1, 18]},
								"south": {"uv": [20, 66], "uv_size": [1, 18]},
								"west": {"uv": [21, 66], "uv_size": [1, 18]},
								"up": {"uv": [65, 40], "uv_size": [1, 1]},
								"down": {"uv": [65, 42], "uv_size": [1, -1]}
							}
						},
						{
							"origin": [-13.4, -0.2, 5.70054],
							"size": [1, 17.8, 0.19891],
							"uv": {
								"north": {"uv": [22, 66], "uv_size": [1, 18]},
								"east": {"uv": [23, 66], "uv_size": [1, 18]},
								"south": {"uv": [24, 66], "uv_size": [1, 18]},
								"west": {"uv": [25, 66], "uv_size": [1, 18]},
								"up": {"uv": [65, 44], "uv_size": [1, 1]},
								"down": {"uv": [65, 46], "uv_size": [1, -1]}
							}
						},
						{
							"origin": [-13.4, -0.2, 5.70054],
							"size": [1, 17.8, 0.19891],
							"pivot": [-12.9, 17.5, 5.8],
							"rotation": [0, -22.5, 0],
							"uv": {
								"north": {"uv": [26, 66], "uv_size": [1, 18]},
								"east": {"uv": [27, 66], "uv_size": [1, 18]},
								"south": {"uv": [28, 66], "uv_size": [1, 18]},
								"west": {"uv": [29, 66], "uv_size": [1, 18]},
								"up": {"uv": [66, 32], "uv_size": [1, 1]},
								"down": {"uv": [66, 34], "uv_size": [1, -1]}
							}
						}
					]
				},
				{
					"name": "roof",
					"pivot": [-2.2, 14, 2],
					"cubes": [
						{
							"origin": [-14, 17.74489, -0.53859],
							"size": [28.4, 1, 4.7],
							"pivot": [-2.2, 12.74489, 3.76141],
							"rotation": [-25, 0, 0],
							"uv": {
								"north": {"uv": [4, 46], "uv_size": [28, 1]},
								"east": {"uv": [47, 41], "uv_size": [5, 1]},
								"south": {"uv": [46, 46], "uv_size": [28, 1]},
								"west": {"uv": [48, 47], "uv_size": [5, 1]},
								"up": {"uv": [20, 0], "uv_size": [28, 5]},
								"down": {"uv": [20, 10], "uv_size": [28, -5]}
							}
						},
						{
							"origin": [-14, 19, -2.3],
							"size": [28.4, 1, 4.7],
							"uv": {
								"north": {"uv": [44, 42], "uv_size": [28, 1]},
								"east": {"uv": [46, 44], "uv_size": [5, 1]},
								"south": {"uv": [44, 43], "uv_size": [28, 1]},
								"west": {"uv": [46, 45], "uv_size": [5, 1]},
								"up": {"uv": [0, 14], "uv_size": [28, 5]},
								"down": {"uv": [0, 24], "uv_size": [28, -5]}
							}
						}
					]
				},
				{
					"name": "swing",
					"pivot": [10.7, 20, -0.4],
					"cubes": [
						{
							"origin": [10.6, 7.4, -0.8],
							"size": [0.3, 12, 0.4],
							"pivot": [10.3, 19.4, -1.4],
							"rotation": [12.5, 0, 0],
							"uv": {
								"north": {"uv": [69, 12], "uv_size": [1, 12]},
								"east": {"uv": [69, 24], "uv_size": [1, 12]},
								"south": {"uv": [69, 47], "uv_size": [1, 12]},
								"west": {"uv": [51, 70], "uv_size": [1, 12]},
								"up": {"uv": [58, 55], "uv_size": [1, 1]},
								"down": {"uv": [58, 57], "uv_size": [1, -1]}
							}
						},
						{
							"origin": [-7.3, 5, 2.3],
							"size": [1.8, 3, 0.4],
							"uv": {
								"north": {"uv": [35, 21], "uv_size": [2, 3]},
								"east": {"uv": [39, 21], "uv_size": [1, 3]},
								"south": {"uv": [36, 32], "uv_size": [2, 3]},
								"west": {"uv": [50, 38], "uv_size": [1, 3]},
								"up": {"uv": [34, 32], "uv_size": [2, 1]},
								"down": {"uv": [34, 34], "uv_size": [2, -1]}
							}
						},
						{
							"origin": [5.7, 5, 2.3],
							"size": [1.8, 3, 0.4],
							"uv": {
								"north": {"uv": [37, 21], "uv_size": [2, 3]},
								"east": {"uv": [51, 38], "uv_size": [1, 3]},
								"south": {"uv": [48, 38], "uv_size": [2, 3]},
								"west": {"uv": [51, 48], "uv_size": [1, 3]},
								"up": {"uv": [36, 35], "uv_size": [2, 1]},
								"down": {"uv": [40, 39], "uv_size": [2, -1]}
							}
						},
						{
							"origin": [10, 5, -1],
							"size": [1, 2, 1],
							"uv": {
								"north": {"uv": [52, 40], "uv_size": [1, 2]},
								"east": {"uv": [52, 44], "uv_size": [1, 2]},
								"south": {"uv": [52, 48], "uv_size": [1, 2]},
								"west": {"uv": [52, 50], "uv_size": [1, 2]},
								"up": {"uv": [58, 48], "uv_size": [1, 1]},
								"down": {"uv": [58, 50], "uv_size": [1, -1]}
							}
						},
						{
							"origin": [-11, 5, -1],
							"size": [1, 2, 1],
							"uv": {
								"north": {"uv": [39, 36], "uv_size": [1, 2]},
								"east": {"uv": [50, 48], "uv_size": [1, 2]},
								"south": {"uv": [51, 44], "uv_size": [1, 2]},
								"west": {"uv": [52, 38], "uv_size": [1, 2]},
								"up": {"uv": [58, 37], "uv_size": [1, 1]},
								"down": {"uv": [58, 48], "uv_size": [1, -1]}
							}
						},
						{
							"origin": [-10, 8, 2],
							"size": [20, 6, 1],
							"uv": {
								"north": {"uv": [0, 24], "uv_size": [20, 6]},
								"east": {"uv": [38, 32], "uv_size": [1, 6]},
								"south": {"uv": [20, 24], "uv_size": [20, 6]},
								"west": {"uv": [39, 30], "uv_size": [1, 6]},
								"up": {"uv": [20, 10], "uv_size": [20, 1]},
								"down": {"uv": [20, 12], "uv_size": [20, -1]}
							}
						},
						{
							"origin": [-10, 4, -4],
							"size": [20, 1, 7],
							"uv": {
								"north": {"uv": [20, 12], "uv_size": [20, 1]},
								"east": {"uv": [28, 20], "uv_size": [7, 1]},
								"south": {"uv": [20, 13], "uv_size": [20, 1]},
								"west": {"uv": [28, 21], "uv_size": [7, 1]},
								"up": {"uv": [0, 0], "uv_size": [20, 7]},
								"down": {"uv": [0, 14], "uv_size": [20, -7]}
							}
						},
						{
							"origin": [10, 7, -4],
							"size": [1.2, 1, 7],
							"uv": {
								"north": {"uv": [35, 20], "uv_size": [1, 1]},
								"east": {"uv": [28, 22], "uv_size": [7, 1]},
								"south": {"uv": [49, 48], "uv_size": [1, 1]},
								"west": {"uv": [28, 23], "uv_size": [7, 1]},
								"up": {"uv": [36, 14], "uv_size": [1, 7]},
								"down": {"uv": [37, 21], "uv_size": [1, -7]}
							}
						},
						{
							"origin": [-11.2, 7, -4],
							"size": [1.2, 1, 7],
							"uv": {
								"north": {"uv": [57, 56], "uv_size": [1, 1]},
								"east": {"uv": [32, 30], "uv_size": [7, 1]},
								"south": {"uv": [58, 36], "uv_size": [1, 1]},
								"west": {"uv": [32, 31], "uv_size": [7, 1]},
								"up": {"uv": [38, 14], "uv_size": [1, 7]},
								"down": {"uv": [39, 21], "uv_size": [1, -7]}
							}
						},
						{
							"origin": [-10.9, 7.62091, -1.26148],
							"size": [0.3, 12, 0.4],
							"pivot": [10.3, 19.4, -1.4],
							"rotation": [-12.5, 0, 0],
							"uv": {
								"north": {"uv": [40, 26], "uv_size": [1, 12]},
								"east": {"uv": [41, 26], "uv_size": [1, 12]},
								"south": {"uv": [47, 29], "uv_size": [1, 12]},
								"west": {"uv": [59, 47], "uv_size": [1, 12]},
								"up": {"uv": [58, 50], "uv_size": [1, 1]},
								"down": {"uv": [58, 52], "uv_size": [1, -1]}
							}
						},
						{
							"origin": [-10.9, 7.4, -0.8],
							"size": [0.3, 12, 0.4],
							"pivot": [10.3, 19.4, -1.4],
							"rotation": [12.5, 0, 0],
							"uv": {
								"north": {"uv": [70, 70], "uv_size": [1, 12]},
								"east": {"uv": [70, 0], "uv_size": [1, 12]},
								"south": {"uv": [70, 12], "uv_size": [1, 12]},
								"west": {"uv": [70, 24], "uv_size": [1, 12]},
								"up": {"uv": [58, 57], "uv_size": [1, 1]},
								"down": {"uv": [59, 37], "uv_size": [1, -1]}
							}
						},
						{
							"origin": [10.6, 7.62091, -1.26148],
							"size": [0.3, 12, 0.4],
							"pivot": [10.3, 19.4, -1.4],
							"rotation": [-12.5, 0, 0],
							"uv": {
								"north": {"uv": [60, 47], "uv_size": [1, 12]},
								"east": {"uv": [61, 47], "uv_size": [1, 12]},
								"south": {"uv": [62, 47], "uv_size": [1, 12]},
								"west": {"uv": [69, 0], "uv_size": [1, 12]},
								"up": {"uv": [58, 52], "uv_size": [1, 1]},
								"down": {"uv": [58, 54], "uv_size": [1, -1]}
							}
						}
					]
				},
				{
					"name": "base",
					"pivot": [12.7, 1.5, -0.9],
					"cubes": [
						{
							"origin": [-14.8, 1.8, -0.8],
							"size": [1.5, 6.1, 0.8],
							"pivot": [-13.3, 1.5, -0.9],
							"rotation": [-90, 0, -90],
							"uv": {
								"north": {"uv": [32, 14], "uv_size": [2, 6]},
								"east": {"uv": [54, 47], "uv_size": [1, 6]},
								"south": {"uv": [34, 14], "uv_size": [2, 6]},
								"west": {"uv": [55, 47], "uv_size": [1, 6]},
								"up": {"uv": [57, 45], "uv_size": [2, 1]},
								"down": {"uv": [57, 55], "uv_size": [2, -1]}
							}
						},
						{
							"origin": [-12.5, 1.5, 5.4],
							"size": [1.5, 15.8, 0.8],
							"uv": {
								"north": {"uv": [4, 30], "uv_size": [2, 16]},
								"east": {"uv": [63, 47], "uv_size": [1, 16]},
								"south": {"uv": [6, 30], "uv_size": [2, 16]},
								"west": {"uv": [64, 47], "uv_size": [1, 16]},
								"up": {"uv": [40, 39], "uv_size": [2, 1]},
								"down": {"uv": [53, 39], "uv_size": [2, -1]}
							}
						},
						{
							"origin": [-10.5, 1.5, 5.4],
							"size": [1.5, 15.8, 0.8],
							"uv": {
								"north": {"uv": [8, 30], "uv_size": [2, 16]},
								"east": {"uv": [30, 66], "uv_size": [1, 16]},
								"south": {"uv": [10, 30], "uv_size": [2, 16]},
								"west": {"uv": [31, 66], "uv_size": [1, 16]},
								"up": {"uv": [53, 39], "uv_size": [2, 1]},
								"down": {"uv": [53, 41], "uv_size": [2, -1]}
							}
						},
						{
							"origin": [-8.5, 1.5, 5.4],
							"size": [1.5, 15.8, 0.8],
							"uv": {
								"north": {"uv": [12, 30], "uv_size": [2, 16]},
								"east": {"uv": [46, 66], "uv_size": [1, 16]},
								"south": {"uv": [14, 30], "uv_size": [2, 16]},
								"west": {"uv": [47, 66], "uv_size": [1, 16]},
								"up": {"uv": [53, 41], "uv_size": [2, 1]},
								"down": {"uv": [53, 45], "uv_size": [2, -1]}
							}
						},
						{
							"origin": [-6.5, 1.5, 5.4],
							"size": [1.5, 15.8, 0.8],
							"uv": {
								"north": {"uv": [16, 30], "uv_size": [2, 16]},
								"east": {"uv": [66, 66], "uv_size": [1, 16]},
								"south": {"uv": [18, 30], "uv_size": [2, 16]},
								"west": {"uv": [66, 0], "uv_size": [1, 16]},
								"up": {"uv": [53, 45], "uv_size": [2, 1]},
								"down": {"uv": [54, 54], "uv_size": [2, -1]}
							}
						},
						{
							"origin": [-4.5, 1.5, 5.4],
							"size": [1.5, 15.8, 0.8],
							"uv": {
								"north": {"uv": [20, 30], "uv_size": [2, 16]},
								"east": {"uv": [66, 16], "uv_size": [1, 16]},
								"south": {"uv": [22, 30], "uv_size": [2, 16]},
								"west": {"uv": [66, 47], "uv_size": [1, 16]},
								"up": {"uv": [55, 38], "uv_size": [2, 1]},
								"down": {"uv": [55, 40], "uv_size": [2, -1]}
							}
						},
						{
							"origin": [-2.5, 1.5, 5.4],
							"size": [1.5, 15.8, 0.8],
							"uv": {
								"north": {"uv": [24, 30], "uv_size": [2, 16]},
								"east": {"uv": [32, 67], "uv_size": [1, 16]},
								"south": {"uv": [26, 30], "uv_size": [2, 16]},
								"west": {"uv": [33, 67], "uv_size": [1, 16]},
								"up": {"uv": [55, 40], "uv_size": [2, 1]},
								"down": {"uv": [55, 42], "uv_size": [2, -1]}
							}
						},
						{
							"origin": [-0.5, 1.5, 5.4],
							"size": [1.5, 15.8, 0.8],
							"uv": {
								"north": {"uv": [28, 30], "uv_size": [2, 16]},
								"east": {"uv": [48, 67], "uv_size": [1, 16]},
								"south": {"uv": [30, 30], "uv_size": [2, 16]},
								"west": {"uv": [67, 67], "uv_size": [1, 16]},
								"up": {"uv": [55, 44], "uv_size": [2, 1]},
								"down": {"uv": [55, 46], "uv_size": [2, -1]}
							}
						},
						{
							"origin": [1.5, 1.5, 5.4],
							"size": [1.5, 15.8, 0.8],
							"uv": {
								"north": {"uv": [32, 32], "uv_size": [2, 16]},
								"east": {"uv": [67, 0], "uv_size": [1, 16]},
								"south": {"uv": [34, 34], "uv_size": [2, 16]},
								"west": {"uv": [67, 16], "uv_size": [1, 16]},
								"up": {"uv": [55, 54], "uv_size": [2, 1]},
								"down": {"uv": [56, 37], "uv_size": [2, -1]}
							}
						},
						{
							"origin": [3.5, 1.5, 5.4],
							"size": [1.5, 15.8, 0.8],
							"uv": {
								"north": {"uv": [36, 36], "uv_size": [2, 16]},
								"east": {"uv": [67, 47], "uv_size": [1, 16]},
								"south": {"uv": [38, 38], "uv_size": [2, 16]},
								"west": {"uv": [49, 68], "uv_size": [1, 16]},
								"up": {"uv": [56, 37], "uv_size": [2, 1]},
								"down": {"uv": [56, 48], "uv_size": [2, -1]}
							}
						},
						{
							"origin": [5.5, 1.5, 5.4],
							"size": [1.5, 15.8, 0.8],
							"uv": {
								"north": {"uv": [40, 40], "uv_size": [2, 16]},
								"east": {"uv": [68, 68], "uv_size": [1, 16]},
								"south": {"uv": [40, 10], "uv_size": [2, 16]},
								"west": {"uv": [68, 0], "uv_size": [1, 16]},
								"up": {"uv": [56, 48], "uv_size": [2, 1]},
								"down": {"uv": [56, 50], "uv_size": [2, -1]}
							}
						},
						{
							"origin": [7.5, 1.5, 5.4],
							"size": [1.5, 15.8, 0.8],
							"uv": {
								"north": {"uv": [42, 42], "uv_size": [2, 16]},
								"east": {"uv": [68, 16], "uv_size": [1, 16]},
								"south": {"uv": [42, 10], "uv_size": [2, 16]},
								"west": {"uv": [68, 47], "uv_size": [1, 16]},
								"up": {"uv": [56, 50], "uv_size": [2, 1]},
								"down": {"uv": [56, 52], "uv_size": [2, -1]}
							}
						},
						{
							"origin": [9.5, 1.5, 5.4],
							"size": [1.5, 15.8, 0.8],
							"uv": {
								"north": {"uv": [42, 26], "uv_size": [2, 16]},
								"east": {"uv": [34, 69], "uv_size": [1, 16]},
								"south": {"uv": [44, 44], "uv_size": [2, 16]},
								"west": {"uv": [35, 69], "uv_size": [1, 16]},
								"up": {"uv": [56, 52], "uv_size": [2, 1]},
								"down": {"uv": [56, 54], "uv_size": [2, -1]}
							}
						},
						{
							"origin": [11.5, 1.5, 5.4],
							"size": [1.5, 15.8, 0.8],
							"uv": {
								"north": {"uv": [44, 10], "uv_size": [2, 16]},
								"east": {"uv": [50, 69], "uv_size": [1, 16]},
								"south": {"uv": [44, 26], "uv_size": [2, 16]},
								"west": {"uv": [69, 69], "uv_size": [1, 16]},
								"up": {"uv": [56, 55], "uv_size": [2, 1]},
								"down": {"uv": [57, 39], "uv_size": [2, -1]}
							}
						},
						{
							"origin": [11.5, 1.5, 5.4],
							"size": [1.5, 25.6, 0.8],
							"pivot": [13, 1.5, 5.3],
							"rotation": [0, 0, -90],
							"uv": {
								"north": {"uv": [0, 30], "uv_size": [2, 26]},
								"east": {"uv": [46, 10], "uv_size": [1, 26]},
								"south": {"uv": [2, 30], "uv_size": [2, 26]},
								"west": {"uv": [4, 47], "uv_size": [1, 26]},
								"up": {"uv": [57, 39], "uv_size": [2, 1]},
								"down": {"uv": [57, 41], "uv_size": [2, -1]}
							}
						},
						{
							"origin": [11.2, 1.8, -0.8],
							"size": [1.5, 6.1, 0.8],
							"pivot": [12.7, 1.5, -0.9],
							"rotation": [-90, 0, -90],
							"uv": {
								"north": {"uv": [28, 14], "uv_size": [2, 6]},
								"east": {"uv": [46, 36], "uv_size": [1, 6]},
								"south": {"uv": [30, 14], "uv_size": [2, 6]},
								"west": {"uv": [53, 47], "uv_size": [1, 6]},
								"up": {"uv": [57, 41], "uv_size": [2, 1]},
								"down": {"uv": [57, 45], "uv_size": [2, -1]}
							}
						}
					]
				}
			]
		}
	]
}