{
	"format_version": "1.12.0",
	"minecraft:geometry": [
		{
			"description": {
				"identifier": "geometry.modernbed1",
				"texture_width": 256,
				"texture_height": 256,
				"visible_bounds_width": 5,
				"visible_bounds_height": 3.5,
				"visible_bounds_offset": [0, 1.25, 0]
			},
			"bones": [
				{
					"name": "unknown_bone",
					"pivot": [0, 0, 0],
					"cubes": [
						{
							"origin": [-23.4, 1, -18],
							"size": [45.4, 7, 37],
							"uv": {
								"north": {"uv": [85, 75], "uv_size": [45, 7]},
								"east": {"uv": [45, 37], "uv_size": [37, 7]},
								"south": {"uv": [105, 105], "uv_size": [45, 7]},
								"west": {"uv": [105, 82], "uv_size": [37, 7]},
								"up": {"uv": [0, 0], "uv_size": [45, 37]},
								"down": {"uv": [0, 74], "uv_size": [45, -37]}
							}
						},
						{
							"origin": [-55.4, 6, -18],
							"size": [25, 2, 37],
							"pivot": [-30.4, 1, 0],
							"rotation": [0, 0, 90],
							"uv": {
								"north": {"uv": [117, 73], "uv_size": [25, 2]},
								"east": {"uv": [105, 103], "uv_size": [37, 2]},
								"south": {"uv": [77, 119], "uv_size": [25, 2]},
								"west": {"uv": [117, 71], "uv_size": [37, 2]},
								"up": {"uv": [80, 82], "uv_size": [25, 37]},
								"down": {"uv": [85, 37], "uv_size": [25, -37]}
							}
						},
						{
							"origin": [-55.4, 8, -18],
							"size": [8, 0.6, 37],
							"pivot": [-30.4, 1, 0],
							"rotation": [0, 0, 90],
							"uv": {
								"north": {"uv": [32, 109], "uv_size": [8, 1]},
								"east": {"uv": [45, 44], "uv_size": [37, 1]},
								"south": {"uv": [32, 110], "uv_size": [8, 1]},
								"west": {"uv": [120, 34], "uv_size": [37, 1]},
								"up": {"uv": [0, 109], "uv_size": [8, 37]},
								"down": {"uv": [8, 146], "uv_size": [8, -37]}
							}
						},
						{
							"origin": [-55.4, -0.3, -18],
							"size": [8, 0.6, 37],
							"pivot": [-30.4, -7.3, 0],
							"rotation": [0, 0, 90],
							"uv": {
								"north": {"uv": [32, 111], "uv_size": [8, 1]},
								"east": {"uv": [120, 35], "uv_size": [37, 1]},
								"south": {"uv": [32, 112], "uv_size": [8, 1]},
								"west": {"uv": [32, 124], "uv_size": [37, 1]},
								"up": {"uv": [16, 109], "uv_size": [8, 37]},
								"down": {"uv": [24, 146], "uv_size": [8, -37]}
							}
						},
						{
							"origin": [21, 0, -18],
							"size": [1, 1, 1],
							"uv": {
								"north": {"uv": [44, 80], "uv_size": [1, 1]},
								"east": {"uv": [44, 81], "uv_size": [1, 1]},
								"south": {"uv": [84, 43], "uv_size": [1, 1]},
								"west": {"uv": [84, 44], "uv_size": [1, 1]},
								"up": {"uv": [116, 36], "uv_size": [1, 1]},
								"down": {"uv": [79, 118], "uv_size": [1, -1]}
							}
						},
						{
							"origin": [21, 0, 18],
							"size": [1, 1, 1],
							"uv": {
								"north": {"uv": [33, 128], "uv_size": [1, 1]},
								"east": {"uv": [34, 128], "uv_size": [1, 1]},
								"south": {"uv": [35, 128], "uv_size": [1, 1]},
								"west": {"uv": [36, 128], "uv_size": [1, 1]},
								"up": {"uv": [37, 128], "uv_size": [1, 1]},
								"down": {"uv": [38, 129], "uv_size": [1, -1]}
							}
						},
						{
							"origin": [-25.4, 0, -18],
							"size": [1, 1, 1],
							"uv": {
								"north": {"uv": [79, 118], "uv_size": [1, 1]},
								"east": {"uv": [127, 116], "uv_size": [1, 1]},
								"south": {"uv": [127, 117], "uv_size": [1, 1]},
								"west": {"uv": [127, 118], "uv_size": [1, 1]},
								"up": {"uv": [127, 119], "uv_size": [1, 1]},
								"down": {"uv": [127, 121], "uv_size": [1, -1]}
							}
						},
						{
							"origin": [-25.4, 0, 18],
							"size": [1, 1, 1],
							"uv": {
								"north": {"uv": [127, 121], "uv_size": [1, 1]},
								"east": {"uv": [127, 122], "uv_size": [1, 1]},
								"south": {"uv": [127, 123], "uv_size": [1, 1]},
								"west": {"uv": [127, 124], "uv_size": [1, 1]},
								"up": {"uv": [127, 126], "uv_size": [1, 1]},
								"down": {"uv": [32, 129], "uv_size": [1, -1]}
							}
						}
					]
				},
				{
					"name": "matress",
					"pivot": [-22.15, 8, -14.97435],
					"cubes": [
						{
							"origin": [-21, 8, -17.075],
							"size": [40, 3, 35.075],
							"uv": {
								"north": {"uv": [115, 112], "uv_size": [40, 3]},
								"east": {"uv": [117, 43], "uv_size": [35, 3]},
								"south": {"uv": [117, 40], "uv_size": [40, 3]},
								"west": {"uv": [117, 46], "uv_size": [35, 3]},
								"up": {"uv": [0, 74], "uv_size": [40, 35]},
								"down": {"uv": [40, 117], "uv_size": [40, -35]}
							}
						},
						{
							"origin": [-21, 7.8, -17.875],
							"size": [40, 4.2, 36.675],
							"uv": {
								"north": {"uv": [105, 99], "uv_size": [40, 4]},
								"east": {"uv": [32, 117], "uv_size": [37, 4]},
								"south": {"uv": [110, 0], "uv_size": [40, 4]},
								"west": {"uv": [117, 36], "uv_size": [37, 4]},
								"up": {"uv": [45, 45], "uv_size": [40, 37]},
								"down": {"uv": [45, 37], "uv_size": [40, -37]}
							}
						},
						{
							"origin": [-3, 7.8, -18.375],
							"size": [16, 4.6, 37.675],
							"uv": {
								"north": {"uv": [117, 61], "uv_size": [16, 5]},
								"east": {"uv": [105, 89], "uv_size": [38, 5]},
								"south": {"uv": [117, 66], "uv_size": [16, 5]},
								"west": {"uv": [105, 94], "uv_size": [38, 5]},
								"up": {"uv": [85, 37], "uv_size": [16, 38]},
								"down": {"uv": [101, 75], "uv_size": [16, -38]}
							}
						},
						{
							"origin": [-22.9, 8, -15],
							"size": [1.9, 3, 31],
							"uv": {
								"north": {"uv": [40, 74], "uv_size": [2, 3]},
								"east": {"uv": [117, 49], "uv_size": [31, 3]},
								"south": {"uv": [42, 74], "uv_size": [2, 3]},
								"west": {"uv": [117, 52], "uv_size": [31, 3]},
								"up": {"uv": [69, 117], "uv_size": [2, 31]},
								"down": {"uv": [71, 148], "uv_size": [2, -31]}
							}
						},
						{
							"origin": [19, 8, -15],
							"size": [1.875, 3, 31],
							"uv": {
								"north": {"uv": [40, 77], "uv_size": [2, 3]},
								"east": {"uv": [117, 55], "uv_size": [31, 3]},
								"south": {"uv": [42, 77], "uv_size": [2, 3]},
								"west": {"uv": [117, 58], "uv_size": [31, 3]},
								"up": {"uv": [73, 117], "uv_size": [2, 31]},
								"down": {"uv": [75, 148], "uv_size": [2, -31]}
							}
						},
						{
							"origin": [19.375, 8, 15.575],
							"size": [1.8, 3, 0.875],
							"pivot": [20.175, 9, 15.075],
							"rotation": [0, -24, 0],
							"uv": {
								"north": {"uv": [82, 37], "uv_size": [2, 3]},
								"east": {"uv": [44, 74], "uv_size": [1, 3]},
								"south": {"uv": [82, 40], "uv_size": [2, 3]},
								"west": {"uv": [44, 77], "uv_size": [1, 3]},
								"up": {"uv": [40, 80], "uv_size": [2, 1]},
								"down": {"uv": [42, 81], "uv_size": [2, -1]}
							}
						},
						{
							"origin": [19.375, 8, -15.55],
							"size": [1.8, 3, 0.875],
							"pivot": [20.175, 9, -14.175],
							"rotation": [0, 24, 0],
							"uv": {
								"north": {"uv": [40, 125], "uv_size": [2, 3]},
								"east": {"uv": [125, 125], "uv_size": [1, 3]},
								"south": {"uv": [42, 125], "uv_size": [2, 3]},
								"west": {"uv": [125, 115], "uv_size": [1, 3]},
								"up": {"uv": [77, 118], "uv_size": [2, 1]},
								"down": {"uv": [125, 125], "uv_size": [2, -1]}
							}
						},
						{
							"origin": [-23.175, 8, 15.575],
							"size": [1.8, 3, 0.875],
							"pivot": [-22.175, 9, 15.075],
							"rotation": [0, 24, 0],
							"uv": {
								"north": {"uv": [64, 121], "uv_size": [2, 3]},
								"east": {"uv": [63, 125], "uv_size": [1, 3]},
								"south": {"uv": [66, 121], "uv_size": [2, 3]},
								"west": {"uv": [64, 125], "uv_size": [1, 3]},
								"up": {"uv": [114, 36], "uv_size": [2, 1]},
								"down": {"uv": [32, 117], "uv_size": [2, -1]}
							}
						},
						{
							"origin": [-23.175, 8, -15.55],
							"size": [1.8, 3, 0.875],
							"pivot": [-22.175, 9, -14.175],
							"rotation": [0, -24, 0],
							"uv": {
								"north": {"uv": [44, 125], "uv_size": [2, 3]},
								"east": {"uv": [125, 118], "uv_size": [1, 3]},
								"south": {"uv": [46, 125], "uv_size": [2, 3]},
								"west": {"uv": [125, 121], "uv_size": [1, 3]},
								"up": {"uv": [126, 125], "uv_size": [2, 1]},
								"down": {"uv": [87, 128], "uv_size": [2, -1]}
							}
						},
						{
							"origin": [18.51842, 8, 15.97061],
							"size": [1.925, 3, 1],
							"pivot": [19.48092, 9, 16.47061],
							"rotation": [0, -41.5, 0],
							"uv": {
								"north": {"uv": [36, 113], "uv_size": [2, 3]},
								"east": {"uv": [68, 121], "uv_size": [1, 3]},
								"south": {"uv": [38, 113], "uv_size": [2, 3]},
								"west": {"uv": [60, 125], "uv_size": [1, 3]},
								"up": {"uv": [82, 43], "uv_size": [2, 1]},
								"down": {"uv": [82, 45], "uv_size": [2, -1]}
							}
						},
						{
							"origin": [18.51842, 8, -16.07061],
							"size": [1.925, 3, 1],
							"pivot": [19.48092, 9, -15.57061],
							"rotation": [0, 41.5, 0],
							"uv": {
								"north": {"uv": [48, 125], "uv_size": [2, 3]},
								"east": {"uv": [126, 126], "uv_size": [1, 3]},
								"south": {"uv": [50, 125], "uv_size": [2, 3]},
								"west": {"uv": [126, 115], "uv_size": [1, 3]},
								"up": {"uv": [89, 127], "uv_size": [2, 1]},
								"down": {"uv": [91, 128], "uv_size": [2, -1]}
							}
						},
						{
							"origin": [-22.44342, 8, 15.97061],
							"size": [1.925, 3, 1],
							"pivot": [-21.48092, 9, 16.47061],
							"rotation": [0, 41.5, 0],
							"uv": {
								"north": {"uv": [32, 125], "uv_size": [2, 3]},
								"east": {"uv": [65, 125], "uv_size": [1, 3]},
								"south": {"uv": [34, 125], "uv_size": [2, 3]},
								"west": {"uv": [66, 125], "uv_size": [1, 3]},
								"up": {"uv": [34, 116], "uv_size": [2, 1]},
								"down": {"uv": [36, 117], "uv_size": [2, -1]}
							}
						},
						{
							"origin": [-22.44342, 8, -16.07061],
							"size": [1.925, 3, 1],
							"pivot": [-21.48092, 9, -15.57061],
							"rotation": [0, -41.5, 0],
							"uv": {
								"north": {"uv": [52, 125], "uv_size": [2, 3]},
								"east": {"uv": [126, 118], "uv_size": [1, 3]},
								"south": {"uv": [54, 125], "uv_size": [2, 3]},
								"west": {"uv": [126, 121], "uv_size": [1, 3]},
								"up": {"uv": [93, 127], "uv_size": [2, 1]},
								"down": {"uv": [95, 128], "uv_size": [2, -1]}
							}
						},
						{
							"origin": [19.43142, 8, 16.97435],
							"size": [1.925, 3, 1],
							"pivot": [20.15, 9, 15.87435],
							"rotation": [0, -57.5, 0],
							"uv": {
								"north": {"uv": [32, 113], "uv_size": [2, 3]},
								"east": {"uv": [84, 37], "uv_size": [1, 3]},
								"south": {"uv": [34, 113], "uv_size": [2, 3]},
								"west": {"uv": [84, 40], "uv_size": [1, 3]},
								"up": {"uv": [40, 81], "uv_size": [2, 1]},
								"down": {"uv": [42, 82], "uv_size": [2, -1]}
							}
						},
						{
							"origin": [19.43142, 8, -17.07435],
							"size": [1.925, 3, 1],
							"pivot": [20.15, 9, -14.97435],
							"rotation": [0, 57.5, 0],
							"uv": {
								"north": {"uv": [56, 125], "uv_size": [2, 3]},
								"east": {"uv": [77, 127], "uv_size": [1, 3]},
								"south": {"uv": [58, 125], "uv_size": [2, 3]},
								"west": {"uv": [78, 127], "uv_size": [1, 3]},
								"up": {"uv": [127, 127], "uv_size": [2, 1]},
								"down": {"uv": [127, 116], "uv_size": [2, -1]}
							}
						},
						{
							"origin": [-23.35642, 8, 16.97435],
							"size": [1.925, 3, 1],
							"pivot": [-22.15, 9, 15.87435],
							"rotation": [0, 57.5, 0],
							"uv": {
								"north": {"uv": [60, 121], "uv_size": [2, 3]},
								"east": {"uv": [61, 125], "uv_size": [1, 3]},
								"south": {"uv": [62, 121], "uv_size": [2, 3]},
								"west": {"uv": [62, 125], "uv_size": [1, 3]},
								"up": {"uv": [110, 36], "uv_size": [2, 1]},
								"down": {"uv": [112, 37], "uv_size": [2, -1]}
							}
						},
						{
							"origin": [-23.35642, 8, -17.07435],
							"size": [1.925, 3, 1],
							"pivot": [-22.15, 9, -14.97435],
							"rotation": [0, -57.5, 0],
							"uv": {
								"north": {"uv": [36, 125], "uv_size": [2, 3]},
								"east": {"uv": [67, 125], "uv_size": [1, 3]},
								"south": {"uv": [38, 125], "uv_size": [2, 3]},
								"west": {"uv": [68, 125], "uv_size": [1, 3]},
								"up": {"uv": [38, 116], "uv_size": [2, 1]},
								"down": {"uv": [77, 118], "uv_size": [2, -1]}
							}
						}
					]
				},
				{
					"name": "pillow",
					"parent": "matress",
					"pivot": [-16.45404, 12.96479, -10.5375],
					"rotation": [0, 0, -21.5],
					"cubes": [
						{
							"origin": [-1.52992, 6.04048, -15.275],
							"size": [1, 3.4, 14.375],
							"pivot": [-6.59097, 8.33861, -10.4375],
							"rotation": [0, 0, -155],
							"uv": {
								"north": {"uv": [81, 127], "uv_size": [1, 3]},
								"east": {"uv": [120, 22], "uv_size": [14, 3]},
								"south": {"uv": [82, 127], "uv_size": [1, 3]},
								"west": {"uv": [120, 25], "uv_size": [14, 3]},
								"up": {"uv": [104, 119], "uv_size": [1, 14]},
								"down": {"uv": [97, 135], "uv_size": [1, -14]}
							}
						},
						{
							"origin": [-21.39299, 10.66666, -16.375],
							"size": [10, 3.4, 16.375],
							"pivot": [-16.45404, 12.96479, -10.5375],
							"rotation": [0, 0, -155],
							"uv": {
								"north": {"uv": [77, 121], "uv_size": [10, 3]},
								"east": {"uv": [120, 4], "uv_size": [16, 3]},
								"south": {"uv": [87, 121], "uv_size": [10, 3]},
								"west": {"uv": [120, 7], "uv_size": [16, 3]},
								"up": {"uv": [110, 4], "uv_size": [10, 16]},
								"down": {"uv": [110, 36], "uv_size": [10, -16]}
							}
						},
						{
							"origin": [-11.39299, 10.66666, -15.375],
							"size": [1, 3.4, 14.375],
							"pivot": [-16.45404, 12.96479, -10.5375],
							"rotation": [0, 0, -155],
							"uv": {
								"north": {"uv": [79, 127], "uv_size": [1, 3]},
								"east": {"uv": [120, 16], "uv_size": [14, 3]},
								"south": {"uv": [80, 127], "uv_size": [1, 3]},
								"west": {"uv": [120, 19], "uv_size": [14, 3]},
								"up": {"uv": [102, 119], "uv_size": [1, 14]},
								"down": {"uv": [103, 133], "uv_size": [1, -14]}
							}
						}
					]
				},
				{
					"name": "pillow2",
					"parent": "matress",
					"pivot": [-16.45404, 12.96479, 7.1625],
					"rotation": [0, 0, -21.5],
					"cubes": [
						{
							"origin": [-1.52992, 6.04048, 2.425],
							"size": [1, 3.4, 14.375],
							"pivot": [-6.59097, 8.33861, 7.2625],
							"rotation": [0, 0, -155],
							"uv": {
								"north": {"uv": [83, 127], "uv_size": [1, 3]},
								"east": {"uv": [120, 28], "uv_size": [14, 3]},
								"south": {"uv": [84, 127], "uv_size": [1, 3]},
								"west": {"uv": [120, 31], "uv_size": [14, 3]},
								"up": {"uv": [98, 121], "uv_size": [1, 14]},
								"down": {"uv": [99, 135], "uv_size": [1, -14]}
							}
						},
						{
							"origin": [-21.39299, 10.66666, 1.325],
							"size": [10, 3.4, 16.375],
							"pivot": [-16.45404, 12.96479, 7.1625],
							"rotation": [0, 0, -155],
							"uv": {
								"north": {"uv": [77, 124], "uv_size": [10, 3]},
								"east": {"uv": [120, 10], "uv_size": [16, 3]},
								"south": {"uv": [87, 124], "uv_size": [10, 3]},
								"west": {"uv": [120, 13], "uv_size": [16, 3]},
								"up": {"uv": [105, 112], "uv_size": [10, 16]},
								"down": {"uv": [115, 131], "uv_size": [10, -16]}
							}
						},
						{
							"origin": [-11.39299, 10.66666, 2.325],
							"size": [1, 3.4, 14.375],
							"pivot": [-16.45404, 12.96479, 7.1625],
							"rotation": [0, 0, -155],
							"uv": {
								"north": {"uv": [85, 127], "uv_size": [1, 3]},
								"east": {"uv": [32, 121], "uv_size": [14, 3]},
								"south": {"uv": [86, 127], "uv_size": [1, 3]},
								"west": {"uv": [46, 121], "uv_size": [14, 3]},
								"up": {"uv": [100, 121], "uv_size": [1, 14]},
								"down": {"uv": [101, 135], "uv_size": [1, -14]}
							}
						}
					]
				}
			]
		}
	]
}