{
	"format_version": "1.12.0",
	"minecraft:geometry": [
		{
			"description": {
				"identifier": "geometry.modernbed2",
				"texture_width": 256,
				"texture_height": 256,
				"visible_bounds_width": 5,
				"visible_bounds_height": 3.5,
				"visible_bounds_offset": [0, 1.25, 0]
			},
			"bones": [
				{
					"name": "unknown_bone",
					"pivot": [0, 0, 0],
					"cubes": [
						{
							"origin": [-23.4, 1, -18],
							"size": [45.4, 7, 37],
							"uv": {
								"north": {"uv": [45, 37], "uv_size": [45, 7]},
								"east": {"uv": [90, 37], "uv_size": [37, 7]},
								"south": {"uv": [85, 44], "uv_size": [45, 7]},
								"west": {"uv": [105, 88], "uv_size": [37, 7]},
								"up": {"uv": [0, 0], "uv_size": [45, 37]},
								"down": {"uv": [0, 74], "uv_size": [45, -37]}
							}
						},
						{
							"origin": [-55.4, 6, -18],
							"size": [25, 2, 37],
							"pivot": [-30.4, 1, 0],
							"rotation": [0, 0, 90],
							"uv": {
								"north": {"uv": [110, 34], "uv_size": [25, 2]},
								"east": {"uv": [105, 103], "uv_size": [37, 2]},
								"south": {"uv": [113, 82], "uv_size": [25, 2]},
								"west": {"uv": [110, 32], "uv_size": [37, 2]},
								"up": {"uv": [80, 82], "uv_size": [25, 37]},
								"down": {"uv": [85, 37], "uv_size": [25, -37]}
							}
						},
						{
							"origin": [-55.4, 8, -18],
							"size": [8, 0.6, 37],
							"pivot": [-30.4, 1, 0],
							"rotation": [0, 0, 90],
							"uv": {
								"north": {"uv": [113, 112], "uv_size": [8, 1]},
								"east": {"uv": [45, 44], "uv_size": [37, 1]},
								"south": {"uv": [115, 72], "uv_size": [8, 1]},
								"west": {"uv": [110, 36], "uv_size": [37, 1]},
								"up": {"uv": [105, 105], "uv_size": [8, 37]},
								"down": {"uv": [105, 88], "uv_size": [8, -37]}
							}
						},
						{
							"origin": [-55.4, -0.3, -18],
							"size": [8, 0.6, 37],
							"pivot": [-30.4, -7.3, 0],
							"rotation": [0, 0, 90],
							"uv": {
								"north": {"uv": [115, 73], "uv_size": [8, 1]},
								"east": {"uv": [113, 87], "uv_size": [37, 1]},
								"south": {"uv": [115, 74], "uv_size": [8, 1]},
								"west": {"uv": [113, 111], "uv_size": [37, 1]},
								"up": {"uv": [0, 109], "uv_size": [8, 37]},
								"down": {"uv": [8, 146], "uv_size": [8, -37]}
							}
						},
						{
							"origin": [21, 0, -18],
							"size": [1, 1, 1],
							"uv": {
								"north": {"uv": [44, 80], "uv_size": [1, 1]},
								"east": {"uv": [44, 81], "uv_size": [1, 1]},
								"south": {"uv": [84, 44], "uv_size": [1, 1]},
								"west": {"uv": [58, 120], "uv_size": [1, 1]},
								"up": {"uv": [59, 120], "uv_size": [1, 1]},
								"down": {"uv": [60, 121], "uv_size": [1, -1]}
							}
						},
						{
							"origin": [21, 0, 18],
							"size": [1, 1, 1],
							"uv": {
								"north": {"uv": [73, 120], "uv_size": [1, 1]},
								"east": {"uv": [74, 120], "uv_size": [1, 1]},
								"south": {"uv": [75, 120], "uv_size": [1, 1]},
								"west": {"uv": [76, 120], "uv_size": [1, 1]},
								"up": {"uv": [77, 120], "uv_size": [1, 1]},
								"down": {"uv": [78, 121], "uv_size": [1, -1]}
							}
						},
						{
							"origin": [-25.4, 0, -18],
							"size": [1, 1, 1],
							"uv": {
								"north": {"uv": [61, 120], "uv_size": [1, 1]},
								"east": {"uv": [62, 120], "uv_size": [1, 1]},
								"south": {"uv": [63, 120], "uv_size": [1, 1]},
								"west": {"uv": [64, 120], "uv_size": [1, 1]},
								"up": {"uv": [65, 120], "uv_size": [1, 1]},
								"down": {"uv": [66, 121], "uv_size": [1, -1]}
							}
						},
						{
							"origin": [-25.4, 0, 18],
							"size": [1, 1, 1],
							"uv": {
								"north": {"uv": [67, 120], "uv_size": [1, 1]},
								"east": {"uv": [68, 120], "uv_size": [1, 1]},
								"south": {"uv": [69, 120], "uv_size": [1, 1]},
								"west": {"uv": [70, 120], "uv_size": [1, 1]},
								"up": {"uv": [71, 120], "uv_size": [1, 1]},
								"down": {"uv": [72, 121], "uv_size": [1, -1]}
							}
						}
					]
				},
				{
					"name": "matress",
					"pivot": [-22.15, 8, -14.97435],
					"cubes": [
						{
							"origin": [-21, 8, -17.075],
							"size": [40, 3, 35.075],
							"uv": {
								"north": {"uv": [110, 8], "uv_size": [40, 3]},
								"east": {"uv": [110, 14], "uv_size": [35, 3]},
								"south": {"uv": [110, 11], "uv_size": [40, 3]},
								"west": {"uv": [110, 17], "uv_size": [35, 3]},
								"up": {"uv": [0, 74], "uv_size": [40, 35]},
								"down": {"uv": [40, 117], "uv_size": [40, -35]}
							}
						},
						{
							"origin": [-21, 7.8, -17.875],
							"size": [40, 4.2, 36.675],
							"uv": {
								"north": {"uv": [105, 95], "uv_size": [40, 4]},
								"east": {"uv": [110, 0], "uv_size": [37, 4]},
								"south": {"uv": [105, 99], "uv_size": [40, 4]},
								"west": {"uv": [110, 4], "uv_size": [37, 4]},
								"up": {"uv": [45, 45], "uv_size": [40, 37]},
								"down": {"uv": [45, 37], "uv_size": [40, -37]}
							}
						},
						{
							"origin": [-22.9, 8, -15],
							"size": [1.9, 3, 31],
							"uv": {
								"north": {"uv": [40, 74], "uv_size": [2, 3]},
								"east": {"uv": [110, 20], "uv_size": [31, 3]},
								"south": {"uv": [42, 74], "uv_size": [2, 3]},
								"west": {"uv": [110, 23], "uv_size": [31, 3]},
								"up": {"uv": [36, 109], "uv_size": [2, 31]},
								"down": {"uv": [38, 140], "uv_size": [2, -31]}
							}
						},
						{
							"origin": [19, 8, -15],
							"size": [1.875, 3, 31],
							"uv": {
								"north": {"uv": [40, 77], "uv_size": [2, 3]},
								"east": {"uv": [110, 26], "uv_size": [31, 3]},
								"south": {"uv": [42, 77], "uv_size": [2, 3]},
								"west": {"uv": [110, 29], "uv_size": [31, 3]},
								"up": {"uv": [113, 113], "uv_size": [2, 31]},
								"down": {"uv": [113, 82], "uv_size": [2, -31]}
							}
						},
						{
							"origin": [19.375, 8, 15.575],
							"size": [1.8, 3, 0.875],
							"pivot": [20.175, 9, 15.075],
							"rotation": [0, -24, 0],
							"uv": {
								"north": {"uv": [99, 79], "uv_size": [2, 3]},
								"east": {"uv": [44, 74], "uv_size": [1, 3]},
								"south": {"uv": [115, 75], "uv_size": [2, 3]},
								"west": {"uv": [44, 77], "uv_size": [1, 3]},
								"up": {"uv": [40, 80], "uv_size": [2, 1]},
								"down": {"uv": [42, 81], "uv_size": [2, -1]}
							}
						},
						{
							"origin": [19.375, 8, -15.55],
							"size": [1.8, 3, 0.875],
							"pivot": [20.175, 9, -14.175],
							"rotation": [0, 24, 0],
							"uv": {
								"north": {"uv": [66, 117], "uv_size": [2, 3]},
								"east": {"uv": [90, 119], "uv_size": [1, 3]},
								"south": {"uv": [68, 117], "uv_size": [2, 3]},
								"west": {"uv": [91, 119], "uv_size": [1, 3]},
								"up": {"uv": [119, 113], "uv_size": [2, 1]},
								"down": {"uv": [119, 115], "uv_size": [2, -1]}
							}
						},
						{
							"origin": [-23.175, 8, 15.575],
							"size": [1.8, 3, 0.875],
							"pivot": [-22.175, 9, 15.075],
							"rotation": [0, 24, 0],
							"uv": {
								"north": {"uv": [54, 117], "uv_size": [2, 3]},
								"east": {"uv": [84, 119], "uv_size": [1, 3]},
								"south": {"uv": [56, 117], "uv_size": [2, 3]},
								"west": {"uv": [85, 119], "uv_size": [1, 3]},
								"up": {"uv": [115, 113], "uv_size": [2, 1]},
								"down": {"uv": [115, 115], "uv_size": [2, -1]}
							}
						},
						{
							"origin": [-23.175, 8, -15.55],
							"size": [1.8, 3, 0.875],
							"pivot": [-22.175, 9, -14.175],
							"rotation": [0, -24, 0],
							"uv": {
								"north": {"uv": [70, 117], "uv_size": [2, 3]},
								"east": {"uv": [92, 119], "uv_size": [1, 3]},
								"south": {"uv": [72, 117], "uv_size": [2, 3]},
								"west": {"uv": [93, 119], "uv_size": [1, 3]},
								"up": {"uv": [119, 118], "uv_size": [2, 1]},
								"down": {"uv": [44, 121], "uv_size": [2, -1]}
							}
						},
						{
							"origin": [18.51842, 8, 15.97061],
							"size": [1.925, 3, 1],
							"pivot": [19.48092, 9, 16.47061],
							"rotation": [0, -41.5, 0],
							"uv": {
								"north": {"uv": [46, 117], "uv_size": [2, 3]},
								"east": {"uv": [80, 119], "uv_size": [1, 3]},
								"south": {"uv": [48, 117], "uv_size": [2, 3]},
								"west": {"uv": [81, 119], "uv_size": [1, 3]},
								"up": {"uv": [82, 44], "uv_size": [2, 1]},
								"down": {"uv": [101, 82], "uv_size": [2, -1]}
							}
						},
						{
							"origin": [18.51842, 8, -16.07061],
							"size": [1.925, 3, 1],
							"pivot": [19.48092, 9, -15.57061],
							"rotation": [0, 41.5, 0],
							"uv": {
								"north": {"uv": [74, 117], "uv_size": [2, 3]},
								"east": {"uv": [94, 119], "uv_size": [1, 3]},
								"south": {"uv": [76, 117], "uv_size": [2, 3]},
								"west": {"uv": [95, 119], "uv_size": [1, 3]},
								"up": {"uv": [46, 120], "uv_size": [2, 1]},
								"down": {"uv": [48, 121], "uv_size": [2, -1]}
							}
						},
						{
							"origin": [-22.44342, 8, 15.97061],
							"size": [1.925, 3, 1],
							"pivot": [-21.48092, 9, 16.47061],
							"rotation": [0, 41.5, 0],
							"uv": {
								"north": {"uv": [58, 117], "uv_size": [2, 3]},
								"east": {"uv": [86, 119], "uv_size": [1, 3]},
								"south": {"uv": [60, 117], "uv_size": [2, 3]},
								"west": {"uv": [87, 119], "uv_size": [1, 3]},
								"up": {"uv": [117, 81], "uv_size": [2, 1]},
								"down": {"uv": [117, 114], "uv_size": [2, -1]}
							}
						},
						{
							"origin": [-22.44342, 8, -16.07061],
							"size": [1.925, 3, 1],
							"pivot": [-21.48092, 9, -15.57061],
							"rotation": [0, -41.5, 0],
							"uv": {
								"north": {"uv": [78, 117], "uv_size": [2, 3]},
								"east": {"uv": [96, 119], "uv_size": [1, 3]},
								"south": {"uv": [117, 75], "uv_size": [2, 3]},
								"west": {"uv": [97, 119], "uv_size": [1, 3]},
								"up": {"uv": [50, 120], "uv_size": [2, 1]},
								"down": {"uv": [52, 121], "uv_size": [2, -1]}
							}
						},
						{
							"origin": [19.43142, 8, 16.97435],
							"size": [1.925, 3, 1],
							"pivot": [20.15, 9, 15.87435],
							"rotation": [0, -57.5, 0],
							"uv": {
								"north": {"uv": [115, 78], "uv_size": [2, 3]},
								"east": {"uv": [117, 118], "uv_size": [1, 3]},
								"south": {"uv": [44, 117], "uv_size": [2, 3]},
								"west": {"uv": [118, 118], "uv_size": [1, 3]},
								"up": {"uv": [40, 81], "uv_size": [2, 1]},
								"down": {"uv": [42, 82], "uv_size": [2, -1]}
							}
						},
						{
							"origin": [19.43142, 8, -17.07435],
							"size": [1.925, 3, 1],
							"pivot": [20.15, 9, -14.97435],
							"rotation": [0, 57.5, 0],
							"uv": {
								"north": {"uv": [117, 78], "uv_size": [2, 3]},
								"east": {"uv": [98, 119], "uv_size": [1, 3]},
								"south": {"uv": [115, 118], "uv_size": [2, 3]},
								"west": {"uv": [99, 119], "uv_size": [1, 3]},
								"up": {"uv": [54, 120], "uv_size": [2, 1]},
								"down": {"uv": [56, 121], "uv_size": [2, -1]}
							}
						},
						{
							"origin": [-23.35642, 8, 16.97435],
							"size": [1.925, 3, 1],
							"pivot": [-22.15, 9, 15.87435],
							"rotation": [0, 57.5, 0],
							"uv": {
								"north": {"uv": [50, 117], "uv_size": [2, 3]},
								"east": {"uv": [82, 119], "uv_size": [1, 3]},
								"south": {"uv": [52, 117], "uv_size": [2, 3]},
								"west": {"uv": [83, 119], "uv_size": [1, 3]},
								"up": {"uv": [103, 81], "uv_size": [2, 1]},
								"down": {"uv": [115, 82], "uv_size": [2, -1]}
							}
						},
						{
							"origin": [-23.35642, 8, -17.07435],
							"size": [1.925, 3, 1],
							"pivot": [-22.15, 9, -14.97435],
							"rotation": [0, -57.5, 0],
							"uv": {
								"north": {"uv": [62, 117], "uv_size": [2, 3]},
								"east": {"uv": [88, 119], "uv_size": [1, 3]},
								"south": {"uv": [64, 117], "uv_size": [2, 3]},
								"west": {"uv": [89, 119], "uv_size": [1, 3]},
								"up": {"uv": [117, 114], "uv_size": [2, 1]},
								"down": {"uv": [119, 82], "uv_size": [2, -1]}
							}
						}
					]
				},
				{
					"name": "pillow",
					"parent": "matress",
					"pivot": [-16.45404, 12.96479, -10.5375],
					"rotation": [0, 0, -21.5],
					"cubes": [
						{
							"origin": [-1.52992, 6.04048, -15.275],
							"size": [1, 3.4, 14.375],
							"pivot": [-6.59097, 8.33861, -10.4375],
							"rotation": [0, 0, -155],
							"uv": {
								"north": {"uv": [102, 119], "uv_size": [1, 3]},
								"east": {"uv": [113, 105], "uv_size": [14, 3]},
								"south": {"uv": [103, 119], "uv_size": [1, 3]},
								"west": {"uv": [113, 108], "uv_size": [14, 3]},
								"up": {"uv": [103, 67], "uv_size": [1, 14]},
								"down": {"uv": [104, 81], "uv_size": [1, -14]}
							}
						},
						{
							"origin": [-21.39299, 10.66666, -16.375],
							"size": [10, 3.4, 16.375],
							"pivot": [-16.45404, 12.96479, -10.5375],
							"rotation": [0, 0, -155],
							"uv": {
								"north": {"uv": [115, 60], "uv_size": [10, 3]},
								"east": {"uv": [85, 67], "uv_size": [16, 3]},
								"south": {"uv": [115, 63], "uv_size": [10, 3]},
								"west": {"uv": [85, 70], "uv_size": [16, 3]},
								"up": {"uv": [85, 51], "uv_size": [10, 16]},
								"down": {"uv": [95, 67], "uv_size": [10, -16]}
							}
						},
						{
							"origin": [-11.39299, 10.66666, -15.375],
							"size": [1, 3.4, 14.375],
							"pivot": [-16.45404, 12.96479, -10.5375],
							"rotation": [0, 0, -155],
							"uv": {
								"north": {"uv": [100, 119], "uv_size": [1, 3]},
								"east": {"uv": [85, 79], "uv_size": [14, 3]},
								"south": {"uv": [101, 119], "uv_size": [1, 3]},
								"west": {"uv": [113, 84], "uv_size": [14, 3]},
								"up": {"uv": [101, 67], "uv_size": [1, 14]},
								"down": {"uv": [102, 81], "uv_size": [1, -14]}
							}
						}
					]
				},
				{
					"name": "pillow2",
					"parent": "matress",
					"pivot": [-16.45404, 12.96479, 7.1625],
					"rotation": [0, 0, -21.5],
					"cubes": [
						{
							"origin": [-1.52992, 6.04048, 2.425],
							"size": [1, 3.4, 14.375],
							"pivot": [-6.59097, 8.33861, 7.2625],
							"rotation": [0, 0, -155],
							"uv": {
								"north": {"uv": [104, 119], "uv_size": [1, 3]},
								"east": {"uv": [115, 115], "uv_size": [14, 3]},
								"south": {"uv": [119, 119], "uv_size": [1, 3]},
								"west": {"uv": [115, 51], "uv_size": [14, 3]},
								"up": {"uv": [40, 117], "uv_size": [1, 14]},
								"down": {"uv": [41, 131], "uv_size": [1, -14]}
							}
						},
						{
							"origin": [-21.39299, 10.66666, 1.325],
							"size": [10, 3.4, 16.375],
							"pivot": [-16.45404, 12.96479, 7.1625],
							"rotation": [0, 0, -155],
							"uv": {
								"north": {"uv": [115, 66], "uv_size": [10, 3]},
								"east": {"uv": [85, 73], "uv_size": [16, 3]},
								"south": {"uv": [115, 69], "uv_size": [10, 3]},
								"west": {"uv": [85, 76], "uv_size": [16, 3]},
								"up": {"uv": [16, 109], "uv_size": [10, 16]},
								"down": {"uv": [26, 125], "uv_size": [10, -16]}
							}
						},
						{
							"origin": [-11.39299, 10.66666, 2.325],
							"size": [1, 3.4, 14.375],
							"pivot": [-16.45404, 12.96479, 7.1625],
							"rotation": [0, 0, -155],
							"uv": {
								"north": {"uv": [119, 75], "uv_size": [1, 3]},
								"east": {"uv": [115, 54], "uv_size": [14, 3]},
								"south": {"uv": [119, 78], "uv_size": [1, 3]},
								"west": {"uv": [115, 57], "uv_size": [14, 3]},
								"up": {"uv": [42, 117], "uv_size": [1, 14]},
								"down": {"uv": [43, 131], "uv_size": [1, -14]}
							}
						}
					]
				}
			]
		}
	]
}