{
	"format_version": "1.12.0",
	"minecraft:geometry": [
		{
			"description": {
				"identifier": "geometry.officechairblue",
				"texture_width": 32,
				"texture_height": 32,
				"visible_bounds_width": 3,
				"visible_bounds_height": 2.5,
				"visible_bounds_offset": [0, 0.75, 0]
			},
			"bones": [
				{
					"name": "chair",
					"pivot": [0, 0, 0],
					"rotation": [0, -70, 0]
				},
				{
					"name": "body",
					"parent": "chair",
					"pivot": [7.98057, 21, 4.12642],
					"cubes": [
						{
							"origin": [2.99923, 17.8, -0.93982],
							"size": [1.2, 0.7, 6.7],
							"pivot": [3.49923, 18.15, 2.86018],
							"rotation": [0, -23, 0],
							"uv": {
								"north": {"uv": [17.00156, 24.00156], "uv_size": [0.99688, 0.99688]},
								"east": {"uv": [16.00156, 13.00156], "uv_size": [6.99688, 0.99687]},
								"south": {"uv": [25.00156, 23.00156], "uv_size": [0.99688, 0.99688]},
								"west": {"uv": [16.00156, 14.00156], "uv_size": [6.99688, 0.99687]},
								"up": {"uv": [2.00156, 17.00156], "uv_size": [0.99688, 6.99688]},
								"down": {"uv": [3.00156, 23.99844], "uv_size": [0.99688, -6.99688]}
							}
						},
						{
							"origin": [-4.51943, 8.4, -3.07358],
							"size": [8.2, 1.1, 7.7],
							"pivot": [-0.41943, 8.9, 0.42642],
							"rotation": [0, -23, 0],
							"uv": {
								"north": {"uv": [16.00156, 9.00156], "uv_size": [7.99688, 0.99687]},
								"east": {"uv": [16.00156, 10.00156], "uv_size": [7.99688, 0.99687]},
								"south": {"uv": [16.00156, 11.00156], "uv_size": [7.99688, 0.99687]},
								"west": {"uv": [16.00156, 12.00156], "uv_size": [7.99688, 0.99687]},
								"up": {"uv": [8.00156, 0.00156], "uv_size": [7.99687, 7.99687]},
								"down": {"uv": [0.00156, 16.99844], "uv_size": [7.99687, -7.99688]}
							}
						},
						{
							"origin": [-5.11943, 8.4, -2.57358],
							"size": [0.6, 1.1, 6.5],
							"pivot": [-0.61943, 8.9, 0.42642],
							"rotation": [0, -23, 0],
							"uv": {
								"north": {"uv": [25.00156, 24.00156], "uv_size": [0.99688, 0.99688]},
								"east": {"uv": [16.00156, 15.00156], "uv_size": [6.99688, 0.99687]},
								"south": {"uv": [0.00156, 26.00156], "uv_size": [0.99688, 0.99688]},
								"west": {"uv": [4.00156, 17.00156], "uv_size": [6.99687, 0.99688]},
								"up": {"uv": [11.00156, 17.00156], "uv_size": [0.99687, 6.99688]},
								"down": {"uv": [12.00156, 23.99844], "uv_size": [0.99687, -6.99688]}
							}
						},
						{
							"origin": [2.88057, 9, 0.42642],
							"size": [1.2, 9.1, 7.7],
							"pivot": [7.98057, 8.9, 4.12642],
							"rotation": [0, -23, 0],
							"uv": {
								"north": {"uv": [16.00156, 16.00156], "uv_size": [0.99688, 8.99688]},
								"east": {"uv": [0.00156, 0.00156], "uv_size": [7.99687, 8.99687]},
								"south": {"uv": [16.00156, 0.00156], "uv_size": [0.99688, 8.99687]},
								"west": {"uv": [8.00156, 8.00156], "uv_size": [7.99687, 8.99688]},
								"up": {"uv": [0.00156, 17.00156], "uv_size": [0.99688, 7.99688]},
								"down": {"uv": [1.00156, 24.99844], "uv_size": [0.99688, -7.99688]}
							}
						},
						{
							"origin": [2.88057, 18.5, 1.42642],
							"size": [1.2, 0.3, 5.8],
							"pivot": [7.98057, 18.6, 4.12642],
							"rotation": [0, -23, 0],
							"uv": {
								"north": {"uv": [1.00156, 26.00156], "uv_size": [0.99688, 0.99688]},
								"east": {"uv": [18.00156, 21.00156], "uv_size": [5.99688, 0.99688]},
								"south": {"uv": [2.00156, 26.00156], "uv_size": [0.99688, 0.99688]},
								"west": {"uv": [18.00156, 22.00156], "uv_size": [5.99688, 0.99688]},
								"up": {"uv": [10.00156, 18.00156], "uv_size": [0.99687, 5.99688]},
								"down": {"uv": [18.00156, 28.99844], "uv_size": [0.99688, -5.99688]}
							}
						}
					]
				},
				{
					"name": "arms",
					"parent": "chair",
					"pivot": [0.03739, 13.16506, -3.50452],
					"cubes": [
						{
							"origin": [-7.76261, 10.26506, 3.49548],
							"size": [5.8, 1, 1],
							"pivot": [-2.96261, 10.76506, 3.99548],
							"rotation": [2.5, 21, -156.5],
							"uv": {
								"north": {"uv": [19.00156, 23.00156], "uv_size": [5.99688, 0.99688]},
								"east": {"uv": [3.00156, 26.00156], "uv_size": [0.99688, 0.99688]},
								"south": {"uv": [23.00156, 13.00156], "uv_size": [5.99688, 0.99687]},
								"west": {"uv": [4.00156, 26.00156], "uv_size": [0.99687, 0.99688]},
								"up": {"uv": [23.00156, 14.00156], "uv_size": [5.99688, 0.99687]},
								"down": {"uv": [23.00156, 15.99844], "uv_size": [5.99688, -0.99687]}
							}
						},
						{
							"origin": [1, 12.6, -1.6],
							"size": [5, 1, 1],
							"pivot": [6, 12.6, -1.6],
							"rotation": [0, -22.5, 0],
							"uv": {
								"north": {"uv": [24.00156, 2.00156], "uv_size": [4.99688, 0.99688]},
								"east": {"uv": [5.00156, 26.00156], "uv_size": [0.99687, 0.99688]},
								"south": {"uv": [24.00156, 3.00156], "uv_size": [4.99688, 0.99688]},
								"west": {"uv": [6.00156, 26.00156], "uv_size": [0.99687, 0.99688]},
								"up": {"uv": [24.00156, 4.00156], "uv_size": [4.99688, 0.99687]},
								"down": {"uv": [24.00156, 5.99844], "uv_size": [4.99688, -0.99687]}
							}
						},
						{
							"origin": [-2, 12.6, 5.9],
							"size": [5, 1, 1],
							"pivot": [3, 12.6, 5.9],
							"rotation": [0, -22.5, 0],
							"uv": {
								"north": {"uv": [24.00156, 6.00156], "uv_size": [4.99688, 0.99687]},
								"east": {"uv": [7.00156, 26.00156], "uv_size": [0.99687, 0.99688]},
								"south": {"uv": [24.00156, 7.00156], "uv_size": [4.99688, 0.99687]},
								"west": {"uv": [8.00156, 26.00156], "uv_size": [0.99687, 0.99688]},
								"up": {"uv": [24.00156, 8.00156], "uv_size": [4.99688, 0.99687]},
								"down": {"uv": [24.00156, 9.99844], "uv_size": [4.99688, -0.99687]}
							}
						},
						{
							"origin": [-0.70009, 12.26928, -3.82828],
							"size": [2.2, 1, 1.1],
							"pivot": [0.49991, 12.76928, -3.32828],
							"rotation": [7.5, -20, -22.5],
							"uv": {
								"north": {"uv": [2.00156, 24.00156], "uv_size": [1.99688, 0.99688]},
								"east": {"uv": [9.00156, 26.00156], "uv_size": [0.99687, 0.99688]},
								"south": {"uv": [24.00156, 10.00156], "uv_size": [1.99688, 0.99687]},
								"west": {"uv": [10.00156, 26.00156], "uv_size": [0.99687, 0.99688]},
								"up": {"uv": [24.00156, 11.00156], "uv_size": [1.99688, 0.99687]},
								"down": {"uv": [24.00156, 12.99844], "uv_size": [1.99688, -0.99687]}
							}
						},
						{
							"origin": [-3.70009, 12.26928, 3.67172],
							"size": [2.2, 1, 1.1],
							"pivot": [-2.50009, 12.76928, 4.17172],
							"rotation": [7.5, -20, -22.5],
							"uv": {
								"north": {"uv": [24.00156, 16.00156], "uv_size": [1.99688, 0.99688]},
								"east": {"uv": [11.00156, 26.00156], "uv_size": [0.99687, 0.99688]},
								"south": {"uv": [24.00156, 21.00156], "uv_size": [1.99688, 0.99688]},
								"west": {"uv": [12.00156, 26.00156], "uv_size": [0.99687, 0.99688]},
								"up": {"uv": [24.00156, 22.00156], "uv_size": [1.99688, 0.99688]},
								"down": {"uv": [0.00156, 25.99844], "uv_size": [1.99688, -0.99688]}
							}
						},
						{
							"origin": [-1.64543, 11.84111, -4.16879],
							"size": [1.6, 1, 1.1],
							"pivot": [-0.44543, 12.34111, -3.26879],
							"rotation": [21, -3, -82.5],
							"uv": {
								"north": {"uv": [2.00156, 25.00156], "uv_size": [1.99688, 0.99688]},
								"east": {"uv": [13.00156, 26.00156], "uv_size": [0.99687, 0.99688]},
								"south": {"uv": [4.00156, 25.00156], "uv_size": [1.99687, 0.99688]},
								"west": {"uv": [14.00156, 26.00156], "uv_size": [0.99687, 0.99688]},
								"up": {"uv": [6.00156, 25.00156], "uv_size": [1.99687, 0.99688]},
								"down": {"uv": [8.00156, 25.99844], "uv_size": [1.99687, -0.99688]}
							}
						},
						{
							"origin": [-4.64543, 11.84111, 3.33121],
							"size": [1.6, 1, 1.1],
							"pivot": [-3.44543, 12.34111, 4.23121],
							"rotation": [21, -3, -82.5],
							"uv": {
								"north": {"uv": [10.00156, 25.00156], "uv_size": [1.99687, 0.99688]},
								"east": {"uv": [15.00156, 26.00156], "uv_size": [0.99687, 0.99688]},
								"south": {"uv": [12.00156, 25.00156], "uv_size": [1.99687, 0.99688]},
								"west": {"uv": [16.00156, 26.00156], "uv_size": [0.99688, 0.99688]},
								"up": {"uv": [14.00156, 25.00156], "uv_size": [1.99687, 0.99688]},
								"down": {"uv": [16.00156, 25.99844], "uv_size": [1.99688, -0.99688]}
							}
						},
						{
							"origin": [-1.74543, 11.24111, -4.16879],
							"size": [1.6, 1, 1.1],
							"pivot": [-0.54543, 11.74111, -3.26879],
							"rotation": [21, -3, -82.5],
							"uv": {
								"north": {"uv": [19.00156, 25.00156], "uv_size": [1.99688, 0.99688]},
								"east": {"uv": [17.00156, 26.00156], "uv_size": [0.99688, 0.99688]},
								"south": {"uv": [21.00156, 25.00156], "uv_size": [1.99688, 0.99688]},
								"west": {"uv": [19.00156, 26.00156], "uv_size": [0.99688, 0.99688]},
								"up": {"uv": [23.00156, 25.00156], "uv_size": [1.99688, 0.99688]},
								"down": {"uv": [25.00156, 25.99844], "uv_size": [1.99688, -0.99688]}
							}
						},
						{
							"origin": [-4.74543, 11.24111, 3.33121],
							"size": [1.6, 1, 1.1],
							"pivot": [-3.54543, 11.74111, 4.23121],
							"rotation": [21, -3, -82.5],
							"uv": {
								"north": {"uv": [25.00156, 17.00156], "uv_size": [1.99688, 0.99688]},
								"east": {"uv": [20.00156, 26.00156], "uv_size": [0.99688, 0.99688]},
								"south": {"uv": [25.00156, 18.00156], "uv_size": [1.99688, 0.99688]},
								"west": {"uv": [21.00156, 26.00156], "uv_size": [0.99688, 0.99688]},
								"up": {"uv": [25.00156, 19.00156], "uv_size": [1.99688, 0.99688]},
								"down": {"uv": [25.00156, 20.99844], "uv_size": [1.99688, -0.99688]}
							}
						},
						{
							"origin": [-4.76261, 10.26506, -4.00452],
							"size": [5.8, 1, 1],
							"pivot": [0.03739, 10.76506, -3.50452],
							"rotation": [2.5, 21, -156.5],
							"uv": {
								"north": {"uv": [10.00156, 24.00156], "uv_size": [5.99687, 0.99688]},
								"east": {"uv": [22.00156, 26.00156], "uv_size": [0.99688, 0.99688]},
								"south": {"uv": [19.00156, 24.00156], "uv_size": [5.99688, 0.99688]},
								"west": {"uv": [23.00156, 26.00156], "uv_size": [0.99688, 0.99688]},
								"up": {"uv": [24.00156, 0.00156], "uv_size": [5.99688, 0.99688]},
								"down": {"uv": [24.00156, 1.99844], "uv_size": [5.99688, -0.99688]}
							}
						}
					]
				},
				{
					"name": "pole",
					"parent": "chair",
					"pivot": [-0.41943, 2.3, 0.42642],
					"cubes": [
						{
							"origin": [-1.11943, 1.8, -0.27358],
							"size": [1.4, 6.5, 1.4],
							"pivot": [-0.41943, 2.3, 0.42642],
							"rotation": [0, -23, 0],
							"uv": {
								"north": {"uv": [13.00156, 17.00156], "uv_size": [0.99687, 6.99688]},
								"east": {"uv": [14.00156, 17.00156], "uv_size": [0.99687, 6.99688]},
								"south": {"uv": [15.00156, 17.00156], "uv_size": [0.99687, 6.99688]},
								"west": {"uv": [17.00156, 17.00156], "uv_size": [0.99688, 6.99688]},
								"up": {"uv": [24.00156, 26.00156], "uv_size": [0.99688, 0.99688]},
								"down": {"uv": [25.00156, 26.99844], "uv_size": [0.99688, -0.99688]}
							}
						}
					]
				},
				{
					"name": "legs",
					"parent": "chair",
					"pivot": [-0.03659, 1, 0.64943],
					"rotation": [0, -15, 0],
					"cubes": [
						{
							"origin": [-1.28822, 1, 3.15099],
							"size": [7, 1, 1],
							"pivot": [2.21178, 1.5, 3.65099],
							"rotation": [0, -51, 0],
							"uv": {
								"north": {"uv": [17.00156, 0.00156], "uv_size": [6.99688, 0.99688]},
								"east": {"uv": [26.00156, 26.00156], "uv_size": [0.99688, 0.99688]},
								"south": {"uv": [17.00156, 1.00156], "uv_size": [6.99688, 0.99688]},
								"west": {"uv": [26.00156, 10.00156], "uv_size": [0.99688, 0.99687]},
								"up": {"uv": [17.00156, 2.00156], "uv_size": [6.99688, 0.99688]},
								"down": {"uv": [17.00156, 3.99844], "uv_size": [6.99688, -0.99688]}
							}
						},
						{
							"origin": [-5.37976, 0, 5.64339],
							"size": [1, 1, 1],
							"pivot": [-4.87976, 0.5, 6.14339],
							"rotation": [0, -67, 0],
							"uv": {
								"north": {"uv": [26.00156, 11.00156], "uv_size": [0.99688, 0.99687]},
								"east": {"uv": [26.00156, 12.00156], "uv_size": [0.99688, 0.99687]},
								"south": {"uv": [26.00156, 16.00156], "uv_size": [0.99688, 0.99688]},
								"west": {"uv": [26.00156, 21.00156], "uv_size": [0.99688, 0.99688]},
								"up": {"uv": [26.00156, 22.00156], "uv_size": [0.99688, 0.99688]},
								"down": {"uv": [26.00156, 23.99844], "uv_size": [0.99688, -0.99688]}
							}
						},
						{
							"origin": [-3.94206, 1, 0.39768],
							"size": [1.1, 1, 7],
							"pivot": [-2.84206, 1, 4.39768],
							"rotation": [0, -38, 0],
							"uv": {
								"north": {"uv": [26.00156, 24.00156], "uv_size": [0.99688, 0.99688]},
								"east": {"uv": [17.00156, 4.00156], "uv_size": [6.99688, 0.99687]},
								"south": {"uv": [0.00156, 27.00156], "uv_size": [0.99688, 0.99688]},
								"west": {"uv": [17.00156, 5.00156], "uv_size": [6.99688, 0.99687]},
								"up": {"uv": [4.00156, 18.00156], "uv_size": [0.99687, 6.99688]},
								"down": {"uv": [5.00156, 24.99844], "uv_size": [0.99687, -6.99688]}
							}
						},
						{
							"origin": [-0.9, 0, -7.3],
							"size": [1, 1, 1],
							"pivot": [-0.4, 0.5, -6.8],
							"rotation": [0, -31, 0],
							"uv": {
								"north": {"uv": [1.00156, 27.00156], "uv_size": [0.99688, 0.99688]},
								"east": {"uv": [2.00156, 27.00156], "uv_size": [0.99688, 0.99688]},
								"south": {"uv": [3.00156, 27.00156], "uv_size": [0.99688, 0.99688]},
								"west": {"uv": [4.00156, 27.00156], "uv_size": [0.99687, 0.99688]},
								"up": {"uv": [5.00156, 27.00156], "uv_size": [0.99687, 0.99688]},
								"down": {"uv": [6.00156, 27.99844], "uv_size": [0.99687, -0.99688]}
							}
						},
						{
							"origin": [-0.86109, 1, -7.34961],
							"size": [1, 1, 7],
							"uv": {
								"north": {"uv": [7.00156, 27.00156], "uv_size": [0.99687, 0.99688]},
								"east": {"uv": [17.00156, 6.00156], "uv_size": [6.99688, 0.99687]},
								"south": {"uv": [8.00156, 27.00156], "uv_size": [0.99687, 0.99688]},
								"west": {"uv": [17.00156, 7.00156], "uv_size": [6.99688, 0.99687]},
								"up": {"uv": [6.00156, 18.00156], "uv_size": [0.99687, 6.99688]},
								"down": {"uv": [7.00156, 24.99844], "uv_size": [0.99687, -6.99688]}
							}
						},
						{
							"origin": [-6.86434, 0, -1.85254],
							"size": [1, 1, 1],
							"pivot": [-5.76434, 0, -3.05254],
							"rotation": [0, -35, 0],
							"uv": {
								"north": {"uv": [9.00156, 27.00156], "uv_size": [0.99687, 0.99688]},
								"east": {"uv": [10.00156, 27.00156], "uv_size": [0.99687, 0.99688]},
								"south": {"uv": [11.00156, 27.00156], "uv_size": [0.99687, 0.99688]},
								"west": {"uv": [12.00156, 27.00156], "uv_size": [0.99687, 0.99688]},
								"up": {"uv": [13.00156, 27.00156], "uv_size": [0.99687, 0.99688]},
								"down": {"uv": [14.00156, 27.99844], "uv_size": [0.99687, -0.99688]}
							}
						},
						{
							"origin": [-7.82724, 1, -1.54661],
							"size": [7, 1, 1],
							"pivot": [-4.32724, 1.5, -1.04661],
							"rotation": [0, -19.5, 0],
							"uv": {
								"north": {"uv": [17.00156, 8.00156], "uv_size": [6.99688, 0.99687]},
								"east": {"uv": [15.00156, 27.00156], "uv_size": [0.99687, 0.99688]},
								"south": {"uv": [17.00156, 16.00156], "uv_size": [6.99688, 0.99688]},
								"west": {"uv": [16.00156, 27.00156], "uv_size": [0.99688, 0.99688]},
								"up": {"uv": [18.00156, 18.00156], "uv_size": [6.99688, 0.99688]},
								"down": {"uv": [18.00156, 17.99844], "uv_size": [6.99688, -0.99688]}
							}
						},
						{
							"origin": [3.6, 0, 5.4],
							"size": [1, 1, 1],
							"pivot": [4.1, 0.5, 5.9],
							"rotation": [0, -17, 0],
							"uv": {
								"north": {"uv": [17.00156, 27.00156], "uv_size": [0.99688, 0.99688]},
								"east": {"uv": [19.00156, 27.00156], "uv_size": [0.99688, 0.99688]},
								"south": {"uv": [20.00156, 27.00156], "uv_size": [0.99688, 0.99688]},
								"west": {"uv": [21.00156, 27.00156], "uv_size": [0.99688, 0.99688]},
								"up": {"uv": [22.00156, 27.00156], "uv_size": [0.99688, 0.99688]},
								"down": {"uv": [23.00156, 27.99844], "uv_size": [0.99688, -0.99688]}
							}
						},
						{
							"origin": [6.04684, 1, -2.04897],
							"size": [1, 1, 7],
							"pivot": [6.54684, 1.5, -1.54897],
							"rotation": [0, -75, 0],
							"uv": {
								"north": {"uv": [24.00156, 27.00156], "uv_size": [0.99688, 0.99688]},
								"east": {"uv": [18.00156, 19.00156], "uv_size": [6.99688, 0.99688]},
								"south": {"uv": [25.00156, 27.00156], "uv_size": [0.99688, 0.99688]},
								"west": {"uv": [18.00156, 20.00156], "uv_size": [6.99688, 0.99688]},
								"up": {"uv": [8.00156, 18.00156], "uv_size": [0.99687, 6.99688]},
								"down": {"uv": [9.00156, 24.99844], "uv_size": [0.99687, -6.99688]}
							}
						},
						{
							"origin": [6, 0, -2],
							"size": [1, 1, 1],
							"pivot": [6.5, 0.5, -1.5],
							"rotation": [0, -40, 0],
							"uv": {
								"north": {"uv": [26.00156, 27.00156], "uv_size": [0.99688, 0.99688]},
								"east": {"uv": [27.00156, 27.00156], "uv_size": [0.99688, 0.99688]},
								"south": {"uv": [27.00156, 10.00156], "uv_size": [0.99688, 0.99687]},
								"west": {"uv": [27.00156, 11.00156], "uv_size": [0.99688, 0.99687]},
								"up": {"uv": [27.00156, 12.00156], "uv_size": [0.99688, 0.99687]},
								"down": {"uv": [27.00156, 16.99844], "uv_size": [0.99688, -0.99688]}
							}
						}
					]
				}
			]
		}
	]
}