{
	"format_version": "1.12.0",
	"minecraft:geometry": [
		{
			"description": {
				"identifier": "geometry.paintingb",
				"texture_width": 64,
				"texture_height": 64,
				"visible_bounds_width": 3,
				"visible_bounds_height": 2.5,
				"visible_bounds_offset": [0, 0.75, 0]
			},
			"bones": [
				{
					"name": "unknown_bone",
					"pivot": [0, 0, 0],
					"cubes": [
						{
							"origin": [-6, 0, 7],
							"size": [12, 21, 1],
							"uv": {
								"north": {"uv": [0, 0], "uv_size": [12, 21]},
								"east": {"uv": [0, 21], "uv_size": [1, 21]},
								"south": {"uv": [12, 12], "uv_size": [12, 21]},
								"west": {"uv": [1, 21], "uv_size": [1, 21]},
								"up": {"uv": [12, 0], "uv_size": [12, 1]},
								"down": {"uv": [12, 2], "uv_size": [12, -1]}
							}
						}
					]
				}
			]
		}
	]
}