{
	"format_version": "1.12.0",
	"minecraft:geometry": [
		{
			"description": {
				"identifier": "geometry.toiletroll",
				"texture_width": 16,
				"texture_height": 16,
				"visible_bounds_width": 3,
				"visible_bounds_height": 2.5,
				"visible_bounds_offset": [0, 0.75, 0]
			},
			"bones": [
				{
					"name": "unknown_bone",
					"pivot": [0, 0, 0],
					"cubes": [
						{
							"origin": [3.5, 5.6, 4.5],
							"size": [0.3, 1.3, 3.8],
							"uv": {
								"north": {"uv": [9, 8], "uv_size": [1, 1]},
								"east": {"uv": [8, 5], "uv_size": [2, 1]},
								"south": {"uv": [4, 10], "uv_size": [1, 1]},
								"west": {"uv": [8, 6], "uv_size": [2, 1]},
								"up": {"uv": [0, 9], "uv_size": [1, 2]},
								"down": {"uv": [1, 11], "uv_size": [1, -2]}
							}
						},
						{
							"origin": [-2.8, 5.6, 4.5],
							"size": [0.3, 1.3, 3.8],
							"uv": {
								"north": {"uv": [9, 8], "uv_size": [1, 1]},
								"east": {"uv": [8, 5], "uv_size": [2, 1]},
								"south": {"uv": [4, 10], "uv_size": [1, 1]},
								"west": {"uv": [8, 6], "uv_size": [2, 1]},
								"up": {"uv": [0, 9], "uv_size": [1, 2]},
								"down": {"uv": [1, 11], "uv_size": [1, -2]}
							}
						},
						{
							"origin": [-2.5, 3.02843, 6.925],
							"size": [6, 3.8, 0.075],
							"uv": {
								"north": {"uv": [0, 0], "uv_size": [3, 1.4]},
								"east": {"uv": [0, 0], "uv_size": [0.075, 1.4]},
								"south": {"uv": [0, 0], "uv_size": [3, 1.4]},
								"west": {"uv": [0, 0], "uv_size": [0.075, 1.4]},
								"up": {"uv": [3, 0.075], "uv_size": [-3, -0.075]},
								"down": {"uv": [3, 0.075], "uv_size": [-3, -0.075]}
							}
						}
					]
				},
				{
					"name": "octagon",
					"pivot": [-2, 2, 8],
					"rotation": [0, 0, 90],
					"cubes": [
						{
							"origin": [-7.77817, 1.5, 6.70711],
							"size": [1.65685, 6, 4],
							"pivot": [-2, 2, 8],
							"rotation": [0, -45, 0],
							"uv": {
								"north": {"uv": [0, 0], "uv_size": [1, 1]},
								"east": {"uv": [0, 0], "uv_size": [1, 1]},
								"south": {"uv": [0, 0], "uv_size": [1, 1]},
								"west": {"uv": [0, 0], "uv_size": [1, 1]},
								"up": {"uv": [1, 1], "uv_size": [-1, -1]},
								"down": {"uv": [1, 1], "uv_size": [-1, -1]}
							}
						},
						{
							"origin": [-6.82843, 1.5, 3],
							"size": [1.65685, 6, 4],
							"uv": {
								"north": {"uv": [0, 0], "uv_size": [1, 1]},
								"east": {"uv": [0, 0], "uv_size": [1, 1]},
								"south": {"uv": [0, 0], "uv_size": [1, 1]},
								"west": {"uv": [0, 0], "uv_size": [1, 1]},
								"up": {"uv": [1, 1], "uv_size": [-1, -1]},
								"down": {"uv": [1, 1], "uv_size": [-1, -1]}
							}
						},
						{
							"origin": [-8.94975, 1.5, 7.87868],
							"size": [4, 6, 1.65685],
							"pivot": [-2, 2, 8],
							"rotation": [0, -45, 0],
							"uv": {
								"north": {"uv": [0, 0], "uv_size": [1, 1]},
								"east": {"uv": [0, 0], "uv_size": [1, 1]},
								"south": {"uv": [0, 0], "uv_size": [1, 1]},
								"west": {"uv": [0, 0], "uv_size": [1, 1]},
								"up": {"uv": [1, 1], "uv_size": [-1, -1]},
								"down": {"uv": [1, 1], "uv_size": [-1, -1]}
							}
						},
						{
							"origin": [-8, 1.5, 4.17157],
							"size": [4, 6, 1.65685],
							"uv": {
								"north": {"uv": [0, 0], "uv_size": [1, 1]},
								"east": {"uv": [0, 0], "uv_size": [1, 1]},
								"south": {"uv": [0, 0], "uv_size": [1, 1]},
								"west": {"uv": [0, 0], "uv_size": [1, 1]},
								"up": {"uv": [1, 1], "uv_size": [-1, -1]},
								"down": {"uv": [1, 1], "uv_size": [-1, -1]}
							}
						}
					]
				}
			]
		}
	]
}