{
  "format_version": "1.8.0",
  "minecraft:entity": {
    "description": {
      "identifier": "scp4991:vhs",
      "is_spawnable": true,
      "is_summonable": true,
      "is_experimental": false
    },
	
	"component_groups": {
	  "minecraft:pose_0": {
	    "minecraft:mark_variant": { "value": 0 },
		"minecraft:interact": [
		  {
		    "on_interact": {
			  "filters": {
			    "all_of": [
				  { "test": "is_family", "subject": "other", "value": "player" },
				  { "test": "is_sneaking", "subject": "other", "value": true }
				]
			  },
			  "event": "minecraft:event_pose_1"
			},
			"swing": true,
			"interact_text": "action.interact.armorstand.pose"
		  }
		]
	  },
	  "minecraft:pose_1": {
	    "minecraft:mark_variant": { "value": 1 },
		"minecraft:interact": [
		  {
		    "on_interact": {
			  "filters": {
			    "all_of": [
				  { "test": "is_family", "subject": "other", "value": "player" },
				  { "test": "is_sneaking", "subject": "other", "value": true }
				]
			  },
			  "event": "minecraft:event_pose_0"
			},
			"swing": true,
			"interact_text": "action.interact.armorstand.pose"
		  }
		]
	  }
	},
	
    "components": {
	  "minecraft:loot": {
	    "table": "loot_tables/entities/empty.json"
	  },
      "minecraft:health": {
        "value": 3
      },
	  "minecraft:scale": {
	    "value": 0.6
	  },
      "minecraft:collision_box": {
        "width": 0.4,
        "height": 0.4
      },
      "minecraft:type_family": {
        "family": [ "inanimate" ]
      },
      "minecraft:physics": {},
	  "minecraft:pushable": {
	    "is_pushable": true,
		"is_pushable_by_piston": true }, "minecraft:nameable": {
      }
    },
	
	"events": {
	  "minecraft:entity_spawned": { "add": { "component_groups": [ "minecraft:pose_0" ] } },
	  
	  "minecraft:event_pose_0": { "add": { "component_groups": [ "minecraft:pose_0" ] } },
	  "minecraft:event_pose_1": { "add": { "component_groups": [ "minecraft:pose_1" ] } }
	}
  }
}