{
	"file_path": "C:\\Users\\User\\AppData\\Local\\Packages\\Microsoft.MinecraftUWP_8wekyb3d8bbwe\\LocalState\\games\\com.mojang\\development_behavior_packs\\Project Terracotta\\recipes\\campfire_from_charcoal_stripped_wood_maple_log.json",
	"file_type": "recipe",
	"format_version": 1,
	"file_uuid": "492f42e1_422f_4dde_be53_0831a6694adf",
	"file_version": 3,
	"cache_content": {
		"children": [
			{
				"data": "1.12",
				"key": "format_version"
			},
			{
				"open": {
					"format_version": 1.12,
					"minecraft:recipe_shaped": {
						"description": {
							"identifier": "ilosemypotato:campfire_from_charcoal_stripped_wood_maple_log"
						},
						"tags": [
							"crafting_table"
						],
						"pattern": [
							" | ",
							"|C|",
							"###"
						],
						"key": {
							"|": {
								"item": "minecraft:stick"
							},
							"#": {
								"item": "ilosemypotato:stripped_wood_maple_log"
							},
							"C": {
								"item": "minecraft:coal:1"
							}
						},
						"result": {
							"item": "minecraft:campfire"
						}
					}
				},
				"key": "minecraft:recipe_shaped",
				"children": [
					{
						"open": {
							"description": {
								"identifier": "ilosemypotato:campfire_from_charcoal_stripped_wood_maple_log"
							},
							"tags": [
								"crafting_table"
							],
							"pattern": [
								" | ",
								"|C|",
								"###"
							],
							"key": {
								"|": {
									"item": "minecraft:stick"
								},
								"#": {
									"item": "ilosemypotato:stripped_wood_maple_log"
								},
								"C": {
									"item": "minecraft:coal:1"
								}
							},
							"result": {
								"item": "minecraft:campfire"
							}
						},
						"key": "description",
						"is_minified": true,
						"children": {
							"identifier": "ilosemypotato:campfire_from_charcoal_stripped_wood_maple_log"
						}
					},
					{
						"open": {
							"description": {
								"identifier": "ilosemypotato:campfire_from_charcoal_stripped_wood_maple_log"
							},
							"tags": [
								"crafting_table"
							],
							"pattern": [
								" | ",
								"|C|",
								"###"
							],
							"key": {
								"|": {
									"item": "minecraft:stick"
								},
								"#": {
									"item": "ilosemypotato:stripped_wood_maple_log"
								},
								"C": {
									"item": "minecraft:coal:1"
								}
							},
							"result": {
								"item": "minecraft:campfire"
							}
						},
						"key": "tags",
						"is_minified": true,
						"children": [
							"crafting_table"
						]
					},
					{
						"key": "pattern",
						"is_minified": true,
						"children": [
							" | ",
							"|C|",
							"###"
						]
					},
					{
						"open": {
							"description": {
								"identifier": "ilosemypotato:campfire_from_charcoal_stripped_wood_maple_log"
							},
							"tags": [
								"crafting_table"
							],
							"pattern": [
								" | ",
								"|C|",
								"###"
							],
							"key": {
								"|": {
									"item": "minecraft:stick"
								},
								"#": {
									"item": "ilosemypotato:stripped_wood_maple_log"
								},
								"C": {
									"item": "minecraft:coal:1"
								}
							},
							"result": {
								"item": "minecraft:campfire"
							}
						},
						"key": "key",
						"children": [
							{
								"open": {
									"|": {
										"item": "minecraft:stick"
									},
									"#": {
										"item": "ilosemypotato:stripped_wood_maple_log"
									},
									"C": {
										"item": "minecraft:coal:1"
									}
								},
								"key": "|",
								"is_minified": true,
								"children": {
									"item": "minecraft:stick"
								}
							},
							{
								"open": {
									"|": {
										"item": "minecraft:stick"
									},
									"#": {
										"item": "ilosemypotato:stripped_wood_maple_log"
									},
									"C": {
										"item": "minecraft:coal:1"
									}
								},
								"key": "#",
								"is_minified": true,
								"children": {
									"item": "ilosemypotato:stripped_wood_maple_log"
								}
							},
							{
								"open": {
									"|": {
										"item": "minecraft:stick"
									},
									"#": {
										"item": "ilosemypotato:stripped_wood_maple_log"
									},
									"C": {
										"item": "minecraft:coal:1"
									}
								},
								"key": "C",
								"is_minified": true,
								"children": {
									"item": "minecraft:coal:1"
								}
							}
						]
					},
					{
						"open": {
							"description": {
								"identifier": "ilosemypotato:campfire_from_charcoal_stripped_wood_maple_log"
							},
							"tags": [
								"crafting_table"
							],
							"pattern": [
								" | ",
								"|C|",
								"###"
							],
							"key": {
								"|": {
									"item": "minecraft:stick"
								},
								"#": {
									"item": "ilosemypotato:stripped_wood_maple_log"
								},
								"C": {
									"item": "minecraft:coal:1"
								}
							},
							"result": {
								"item": "minecraft:campfire"
							}
						},
						"key": "result",
						"is_minified": true,
						"children": {
							"item": "minecraft:campfire"
						}
					}
				]
			}
		]
	}
}