{
	"file_path": "C:\\Users\\User\\AppData\\Local\\Packages\\Microsoft.MinecraftUWP_8wekyb3d8bbwe\\LocalState\\games\\com.mojang\\development_behavior_packs\\Project Terracotta\\recipes\\carpet_red_maple_leaves_from_red_maple_leaves.json",
	"file_type": "recipe",
	"format_version": 1,
	"file_uuid": "22abd1ef_b1a0_4c90_8aab_0bdd25d86b36",
	"file_version": 5,
	"cache_content": {
		"children": [
			{
				"open": {
					"format_version": 1.12,
					"minecraft:recipe_shaped": {
						"description": {
							"identifier": "ilosemypotato:carpet_red_maple_leaves_from_red_maple_leaves"
						},
						"tags": [
							"crafting_table"
						],
						"pattern": [
							"##"
						],
						"key": {
							"#": {
								"item": "ilosemypotato:leaves_maple_red",
								"data": 0
							}
						},
						"result": {
							"item": "ilosemypotato:carpet_leaves_maple_red",
							"data": 0,
							"count": 3
						}
					}
				},
				"data": "1.12",
				"key": "format_version"
			},
			{
				"open": {
					"format_version": 1.12,
					"minecraft:recipe_shaped": {
						"description": {
							"identifier": "ilosemypotato:carpet_red_maple_leaves_from_red_maple_leaves"
						},
						"tags": [
							"crafting_table"
						],
						"pattern": [
							"##"
						],
						"key": {
							"#": {
								"item": "ilosemypotato:leaves_maple_red",
								"data": 0
							}
						},
						"result": {
							"item": "ilosemypotato:carpet_leaves_maple_red",
							"data": 0,
							"count": 3
						}
					}
				},
				"key": "minecraft:recipe_shaped",
				"children": [
					{
						"open": {
							"description": {
								"identifier": "ilosemypotato:carpet_red_maple_leaves_from_red_maple_leaves"
							},
							"tags": [
								"crafting_table"
							],
							"pattern": [
								"##"
							],
							"key": {
								"#": {
									"item": "ilosemypotato:leaves_maple_red",
									"data": 0
								}
							},
							"result": {
								"item": "ilosemypotato:carpet_leaves_maple_red",
								"data": 0,
								"count": 3
							}
						},
						"key": "description",
						"is_minified": true,
						"children": {
							"identifier": "ilosemypotato:carpet_red_maple_leaves_from_red_maple_leaves"
						}
					},
					{
						"open": {
							"description": {
								"identifier": "ilosemypotato:carpet_red_maple_leaves_from_red_maple_leaves"
							},
							"tags": [
								"crafting_table"
							],
							"pattern": [
								"##"
							],
							"key": {
								"#": {
									"item": "ilosemypotato:leaves_maple_red",
									"data": 0
								}
							},
							"result": {
								"item": "ilosemypotato:carpet_leaves_maple_red",
								"data": 0,
								"count": 3
							}
						},
						"key": "tags",
						"is_minified": true,
						"children": [
							"crafting_table"
						]
					},
					{
						"open": {
							"description": {
								"identifier": "ilosemypotato:carpet_red_maple_leaves_from_red_maple_leaves"
							},
							"tags": [
								"crafting_table"
							],
							"pattern": [
								"##"
							],
							"key": {
								"#": {
									"item": "ilosemypotato:leaves_maple_red",
									"data": 0
								}
							},
							"result": {
								"item": "ilosemypotato:carpet_leaves_maple_red",
								"data": 0,
								"count": 3
							}
						},
						"key": "pattern",
						"is_minified": true,
						"children": [
							"##"
						]
					},
					{
						"open": {
							"description": {
								"identifier": "ilosemypotato:carpet_red_maple_leaves_from_red_maple_leaves"
							},
							"tags": [
								"crafting_table"
							],
							"pattern": [
								"##"
							],
							"key": {
								"#": {
									"item": "ilosemypotato:leaves_maple_red",
									"data": 0
								}
							},
							"result": {
								"item": "ilosemypotato:carpet_leaves_maple_red",
								"data": 0,
								"count": 3
							}
						},
						"key": "key",
						"children": [
							{
								"open": {
									"#": {
										"item": "ilosemypotato:leaves_maple_red",
										"data": 0
									}
								},
								"key": "#",
								"is_minified": true,
								"children": {
									"item": "ilosemypotato:leaves_maple_red",
									"data": 0
								}
							}
						]
					},
					{
						"open": {
							"description": {
								"identifier": "ilosemypotato:carpet_red_maple_leaves_from_red_maple_leaves"
							},
							"tags": [
								"crafting_table"
							],
							"pattern": [
								"##"
							],
							"key": {
								"#": {
									"item": "ilosemypotato:leaves_maple_red",
									"data": 0
								}
							},
							"result": {
								"item": "ilosemypotato:carpet_leaves_maple_red",
								"data": 0,
								"count": 3
							}
						},
						"key": "result",
						"is_minified": true,
						"children": {
							"item": "ilosemypotato:carpet_leaves_maple_red",
							"data": 0,
							"count": 3
						}
					}
				]
			}
		]
	}
}