{
	"file_path": "C:\\Users\\User\\AppData\\Local\\Packages\\Microsoft.MinecraftUWP_8wekyb3d8bbwe\\LocalState\\games\\com.mojang\\development_behavior_packs\\Project Terracotta\\recipes\\fletching_table_from_maple_planks.json",
	"file_type": "recipe",
	"format_version": 1,
	"file_uuid": "9a6bb1b1_069a_4af2_a623_257639bf03b0",
	"file_version": 0,
	"cache_content": {
		"children": [
			{
				"data": "1.16",
				"key": "format_version"
			},
			{
				"open": {
					"format_version": 1.16,
					"minecraft:recipe_shaped": {
						"description": {
							"identifier": "ilosemypotato:fletching_table_from_maple_planks"
						},
						"tags": [
							"crafting_table"
						],
						"pattern": [
							"AA",
							"BB",
							"BB"
						],
						"key": {
							"A": {
								"item": "flint"
							},
							"B": {
								"item": "ilosemypotato:planks_maple"
							}
						},
						"result": {
							"item": "fletching_table",
							"count": 1
						},
						"priority": 2
					}
				},
				"key": "minecraft:recipe_shaped",
				"children": [
					{
						"open": {
							"description": {
								"identifier": "ilosemypotato:fletching_table_from_maple_planks"
							},
							"tags": [
								"crafting_table"
							],
							"pattern": [
								"AA",
								"BB",
								"BB"
							],
							"key": {
								"A": {
									"item": "flint"
								},
								"B": {
									"item": "ilosemypotato:planks_maple"
								}
							},
							"result": {
								"item": "fletching_table",
								"count": 1
							},
							"priority": 2
						},
						"key": "description",
						"is_minified": true,
						"children": {
							"identifier": "ilosemypotato:fletching_table_from_maple_planks"
						}
					},
					{
						"key": "tags",
						"is_minified": true,
						"children": [
							"crafting_table"
						]
					},
					{
						"key": "pattern",
						"is_minified": true,
						"children": [
							"AA",
							"BB",
							"BB"
						]
					},
					{
						"open": {
							"description": {
								"identifier": "ilosemypotato:fletching_table_from_maple_planks"
							},
							"tags": [
								"crafting_table"
							],
							"pattern": [
								"AA",
								"BB",
								"BB"
							],
							"key": {
								"A": {
									"item": "flint"
								},
								"B": {
									"item": "ilosemypotato:planks_maple"
								}
							},
							"result": {
								"item": "fletching_table",
								"count": 1
							},
							"priority": 2
						},
						"key": "key",
						"children": [
							{
								"open": {
									"A": {
										"item": "flint"
									},
									"B": {
										"item": "ilosemypotato:planks_maple"
									}
								},
								"key": "A",
								"is_minified": true,
								"children": {
									"item": "flint"
								}
							},
							{
								"open": {
									"A": {
										"item": "flint"
									},
									"B": {
										"item": "ilosemypotato:planks_maple"
									}
								},
								"key": "B",
								"is_minified": true,
								"children": {
									"item": "ilosemypotato:planks_maple"
								}
							}
						]
					},
					{
						"key": "result",
						"is_minified": true,
						"children": {
							"item": "fletching_table",
							"count": 1
						}
					},
					{
						"data": "2",
						"key": "priority"
					}
				]
			}
		]
	}
}