{
	"file_path": "C:\\Users\\User\\AppData\\Local\\Packages\\Microsoft.MinecraftUWP_8wekyb3d8bbwe\\LocalState\\games\\com.mojang\\development_behavior_packs\\Project Terracotta\\recipes\\grindstone_from_maple_planks4.json",
	"file_type": "recipe",
	"format_version": 1,
	"file_uuid": "d8058699_b73c_468f_afee_f6dc80e85129",
	"file_version": 0,
	"cache_content": {
		"children": [
			{
				"data": "1.16",
				"key": "format_version"
			},
			{
				"open": {
					"format_version": 1.16,
					"minecraft:recipe_shaped": {
						"description": {
							"identifier": "ilosemypotato:grindstone_from_maple_planks4"
						},
						"tags": [
							"crafting_table"
						],
						"pattern": [
							"ABA",
							"C C"
						],
						"key": {
							"A": {
								"item": "stick"
							},
							"B": {
								"item": "stone_slab4"
							},
							"C": {
								"item": "ilosemypotato:planks_maple"
							}
						},
						"result": {
							"item": "grindstone",
							"count": 1
						},
						"priority": 2
					}
				},
				"key": "minecraft:recipe_shaped",
				"children": [
					{
						"open": {
							"description": {
								"identifier": "ilosemypotato:grindstone_from_maple_planks4"
							},
							"tags": [
								"crafting_table"
							],
							"pattern": [
								"ABA",
								"C C"
							],
							"key": {
								"A": {
									"item": "stick"
								},
								"B": {
									"item": "stone_slab4"
								},
								"C": {
									"item": "ilosemypotato:planks_maple"
								}
							},
							"result": {
								"item": "grindstone",
								"count": 1
							},
							"priority": 2
						},
						"key": "description",
						"is_minified": true,
						"children": {
							"identifier": "ilosemypotato:grindstone_from_maple_planks4"
						}
					},
					{
						"key": "tags",
						"is_minified": true,
						"children": [
							"crafting_table"
						]
					},
					{
						"key": "pattern",
						"is_minified": true,
						"children": [
							"ABA",
							"C C"
						]
					},
					{
						"open": {
							"description": {
								"identifier": "ilosemypotato:grindstone_from_maple_planks4"
							},
							"tags": [
								"crafting_table"
							],
							"pattern": [
								"ABA",
								"C C"
							],
							"key": {
								"A": {
									"item": "stick"
								},
								"B": {
									"item": "stone_slab4"
								},
								"C": {
									"item": "ilosemypotato:planks_maple"
								}
							},
							"result": {
								"item": "grindstone",
								"count": 1
							},
							"priority": 2
						},
						"key": "key",
						"children": [
							{
								"key": "A",
								"is_minified": true,
								"children": {
									"item": "stick"
								}
							},
							{
								"key": "B",
								"is_minified": true,
								"children": {
									"item": "stone_slab4"
								}
							},
							{
								"open": {
									"A": {
										"item": "stick"
									},
									"B": {
										"item": "stone_slab4"
									},
									"C": {
										"item": "ilosemypotato:planks_maple"
									}
								},
								"key": "C",
								"is_minified": true,
								"children": {
									"item": "ilosemypotato:planks_maple"
								}
							}
						]
					},
					{
						"key": "result",
						"is_minified": true,
						"children": {
							"item": "grindstone",
							"count": 1
						}
					},
					{
						"data": "2",
						"key": "priority"
					}
				]
			}
		]
	}
}