{
	"file_path": "C:\\Users\\User\\AppData\\Local\\Packages\\Microsoft.MinecraftUWP_8wekyb3d8bbwe\\LocalState\\games\\com.mojang\\development_behavior_packs\\Project Terracotta\\recipes\\pancake_maple.json",
	"file_type": "recipe",
	"format_version": 1,
	"file_uuid": "5e4344fa_c8e8_43c2_af81_f04117fe224b",
	"file_version": 1,
	"cache_content": {
		"children": [
			{
				"open": {
					"format_version": "1.16.0",
					"minecraft:recipe_shapeless": {
						"description": {
							"identifier": "ilosemypotato:pancake_maple"
						},
						"tags": [
							"crafting_table"
						],
						"ingredients": [
							{
								"item": "minecraft:bucket",
								"data": 1,
								"count": 1
							},
							{
								"item": "minecraft:wheat",
								"count": 2
							},
							{
								"item": "minecraft:egg",
								"count": 1
							},
							{
								"item": "ilosemypotato:maple_syrup_bottle",
								"count": 1
							}
						],
						"result": [
							{
								"item": "ilosemypotato:pancake_maple",
								"count": 1
							}
						]
					}
				},
				"data": "1.16.0",
				"key": "format_version"
			},
			{
				"open": {
					"format_version": "1.16.0",
					"minecraft:recipe_shapeless": {
						"description": {
							"identifier": "ilosemypotato:pancake_maple"
						},
						"tags": [
							"crafting_table"
						],
						"ingredients": [
							{
								"item": "minecraft:bucket",
								"data": 1,
								"count": 1
							},
							{
								"item": "minecraft:wheat",
								"count": 2
							},
							{
								"item": "minecraft:egg",
								"count": 1
							},
							{
								"item": "ilosemypotato:maple_syrup_bottle",
								"count": 1
							}
						],
						"result": [
							{
								"item": "ilosemypotato:pancake_maple",
								"count": 1
							}
						]
					}
				},
				"key": "minecraft:recipe_shapeless",
				"children": [
					{
						"open": {
							"description": {
								"identifier": "ilosemypotato:pancake_maple"
							},
							"tags": [
								"crafting_table"
							],
							"ingredients": [
								{
									"item": "minecraft:bucket",
									"data": 1,
									"count": 1
								},
								{
									"item": "minecraft:wheat",
									"count": 2
								},
								{
									"item": "minecraft:egg",
									"count": 1
								},
								{
									"item": "ilosemypotato:maple_syrup_bottle",
									"count": 1
								}
							],
							"result": [
								{
									"item": "ilosemypotato:pancake_maple",
									"count": 1
								}
							]
						},
						"key": "description",
						"is_minified": true,
						"children": {
							"identifier": "ilosemypotato:pancake_maple"
						}
					},
					{
						"open": {
							"description": {
								"identifier": "ilosemypotato:pancake_maple"
							},
							"tags": [
								"crafting_table"
							],
							"ingredients": [
								{
									"item": "minecraft:bucket",
									"data": 1,
									"count": 1
								},
								{
									"item": "minecraft:wheat",
									"count": 2
								},
								{
									"item": "minecraft:egg",
									"count": 1
								},
								{
									"item": "ilosemypotato:maple_syrup_bottle",
									"count": 1
								}
							],
							"result": [
								{
									"item": "ilosemypotato:pancake_maple",
									"count": 1
								}
							]
						},
						"key": "tags",
						"is_minified": true,
						"children": [
							"crafting_table"
						]
					},
					{
						"open": {
							"description": {
								"identifier": "ilosemypotato:pancake_maple"
							},
							"tags": [
								"crafting_table"
							],
							"ingredients": [
								{
									"item": "minecraft:bucket",
									"data": 1,
									"count": 1
								},
								{
									"item": "minecraft:wheat",
									"count": 2
								},
								{
									"item": "minecraft:egg",
									"count": 1
								},
								{
									"item": "ilosemypotato:maple_syrup_bottle",
									"count": 1
								}
							],
							"result": [
								{
									"item": "ilosemypotato:pancake_maple",
									"count": 1
								}
							]
						},
						"key": "ingredients",
						"children": [
							{
								"open": [
									{
										"item": "minecraft:bucket",
										"data": 1,
										"count": 1
									},
									{
										"item": "minecraft:wheat",
										"count": 2
									},
									{
										"item": "minecraft:egg",
										"count": 1
									},
									{
										"item": "ilosemypotato:maple_syrup_bottle",
										"count": 1
									}
								],
								"is_minified": true,
								"children": {
									"item": "minecraft:bucket",
									"data": 1,
									"count": 1
								}
							},
							{
								"open": [
									{
										"item": "minecraft:bucket",
										"data": 1,
										"count": 1
									},
									{
										"item": "minecraft:wheat",
										"count": 2
									},
									{
										"item": "minecraft:egg",
										"count": 1
									},
									{
										"item": "ilosemypotato:maple_syrup_bottle",
										"count": 1
									}
								],
								"is_minified": true,
								"children": {
									"item": "minecraft:wheat",
									"count": 2
								}
							},
							{
								"open": [
									{
										"item": "minecraft:bucket",
										"data": 1,
										"count": 1
									},
									{
										"item": "minecraft:wheat",
										"count": 2
									},
									{
										"item": "minecraft:egg",
										"count": 1
									},
									{
										"item": "ilosemypotato:maple_syrup_bottle",
										"count": 1
									}
								],
								"is_minified": true,
								"children": {
									"item": "minecraft:egg",
									"count": 1
								}
							},
							{
								"open": [
									{
										"item": "minecraft:bucket",
										"data": 1,
										"count": 1
									},
									{
										"item": "minecraft:wheat",
										"count": 2
									},
									{
										"item": "minecraft:egg",
										"count": 1
									},
									{
										"item": "ilosemypotato:maple_syrup_bottle",
										"count": 1
									}
								],
								"is_minified": true,
								"children": {
									"item": "ilosemypotato:maple_syrup_bottle",
									"count": 1
								}
							}
						]
					},
					{
						"open": {
							"description": {
								"identifier": "ilosemypotato:pancake_maple"
							},
							"tags": [
								"crafting_table"
							],
							"ingredients": [
								{
									"item": "minecraft:bucket",
									"data": 1,
									"count": 1
								},
								{
									"item": "minecraft:wheat",
									"count": 2
								},
								{
									"item": "minecraft:egg",
									"count": 1
								},
								{
									"item": "ilosemypotato:maple_syrup_bottle",
									"count": 1
								}
							],
							"result": [
								{
									"item": "ilosemypotato:pancake_maple",
									"count": 1
								}
							]
						},
						"key": "result",
						"children": [
							{
								"open": [
									{
										"item": "ilosemypotato:pancake_maple",
										"count": 1
									}
								],
								"is_minified": true,
								"children": {
									"item": "ilosemypotato:pancake_maple",
									"count": 1
								}
							}
						]
					}
				]
			}
		]
	}
}