{
	"file_path": "C:\\Users\\User\\AppData\\Local\\Packages\\Microsoft.MinecraftUWP_8wekyb3d8bbwe\\LocalState\\games\\com.mojang\\development_behavior_packs\\Project Terracotta\\recipes\\smoker_from_maple_log.json",
	"file_type": "recipe",
	"format_version": 1,
	"file_uuid": "f796c684_29ce_498b_bea9_4eb7df1a9301",
	"file_version": 1,
	"cache_content": {
		"children": [
			{
				"open": {
					"format_version": 1.16,
					"minecraft:recipe_shaped": {
						"description": {
							"identifier": "ilosemypotato:smoker_from_maple_log"
						},
						"tags": [
							"crafting_table"
						],
						"pattern": [
							" # ",
							"#F#",
							" # "
						],
						"key": {
							"F": {
								"item": "minecraft:furnace"
							},
							"#": {
								"item": "ilosemypotato:log_maple"
							}
						},
						"result": {
							"item": "minecraft:smoker"
						}
					}
				},
				"data": "1.16",
				"key": "format_version"
			},
			{
				"open": {
					"format_version": 1.16,
					"minecraft:recipe_shaped": {
						"description": {
							"identifier": "ilosemypotato:smoker_from_maple_log"
						},
						"tags": [
							"crafting_table"
						],
						"pattern": [
							" # ",
							"#F#",
							" # "
						],
						"key": {
							"F": {
								"item": "minecraft:furnace"
							},
							"#": {
								"item": "ilosemypotato:log_maple"
							}
						},
						"result": {
							"item": "minecraft:smoker"
						}
					}
				},
				"key": "minecraft:recipe_shaped",
				"children": [
					{
						"key": "description",
						"is_minified": true,
						"children": {
							"identifier": "ilosemypotato:smoker_from_maple_log"
						}
					},
					{
						"key": "tags",
						"is_minified": true,
						"children": [
							"crafting_table"
						]
					},
					{
						"key": "pattern",
						"is_minified": true,
						"children": [
							" # ",
							"#F#",
							" # "
						]
					},
					{
						"key": "key",
						"children": [
							{
								"open": {
									"F": {
										"item": "minecraft:furnace"
									},
									"#": {
										"item": "ilosemypotato:log_maple"
									}
								},
								"key": "F",
								"is_minified": true,
								"children": {
									"item": "minecraft:furnace"
								}
							},
							{
								"open": {
									"F": {
										"item": "minecraft:furnace"
									},
									"#": {
										"item": "ilosemypotato:log_maple"
									}
								},
								"key": "#",
								"is_minified": true,
								"children": {
									"item": "ilosemypotato:log_maple"
								}
							}
						]
					},
					{
						"key": "result",
						"is_minified": true,
						"children": {
							"item": "minecraft:smoker"
						}
					}
				]
			}
		]
	}
}