{
	"file_path": "C:\\Users\\User\\AppData\\Local\\Packages\\Microsoft.MinecraftUWP_8wekyb3d8bbwe\\LocalState\\games\\com.mojang\\development_behavior_packs\\Project Terracotta\\recipes\\soul_campfire_from_soul_soil_stripped_maple_log.json",
	"file_type": "recipe",
	"format_version": 1,
	"file_uuid": "e714be4b_e613_4c61_ac1e_71187a7e25a6",
	"file_version": 2,
	"cache_content": {
		"children": [
			{
				"data": "1.16",
				"key": "format_version"
			},
			{
				"open": {
					"format_version": 1.16,
					"minecraft:recipe_shaped": {
						"description": {
							"identifier": "ilosemypotato:soul_campfire_from_soul_soil_stripped_maple_log"
						},
						"tags": [
							"crafting_table"
						],
						"pattern": [
							" A ",
							"ABA",
							"CCC"
						],
						"key": {
							"A": {
								"item": "stick"
							},
							"B": {
								"item": "soul_soil"
							},
							"C": {
								"item": "ilosemypotato:stripped_maple_log"
							}
						},
						"result": {
							"item": "soul_campfire",
							"count": 1
						}
					}
				},
				"key": "minecraft:recipe_shaped",
				"children": [
					{
						"open": {
							"description": {
								"identifier": "ilosemypotato:soul_campfire_from_soul_soil_stripped_maple_log"
							},
							"tags": [
								"crafting_table"
							],
							"pattern": [
								" A ",
								"ABA",
								"CCC"
							],
							"key": {
								"A": {
									"item": "stick"
								},
								"B": {
									"item": "soul_soil"
								},
								"C": {
									"item": "ilosemypotato:stripped_maple_log"
								}
							},
							"result": {
								"item": "soul_campfire",
								"count": 1
							}
						},
						"key": "description",
						"is_minified": true,
						"children": {
							"identifier": "ilosemypotato:soul_campfire_from_soul_soil_stripped_maple_log"
						}
					},
					{
						"key": "tags",
						"is_minified": true,
						"children": [
							"crafting_table"
						]
					},
					{
						"key": "pattern",
						"is_minified": true,
						"children": [
							" A ",
							"ABA",
							"CCC"
						]
					},
					{
						"open": {
							"description": {
								"identifier": "ilosemypotato:soul_campfire_from_soul_soil_stripped_maple_log"
							},
							"tags": [
								"crafting_table"
							],
							"pattern": [
								" A ",
								"ABA",
								"CCC"
							],
							"key": {
								"A": {
									"item": "stick"
								},
								"B": {
									"item": "soul_soil"
								},
								"C": {
									"item": "ilosemypotato:stripped_maple_log"
								}
							},
							"result": {
								"item": "soul_campfire",
								"count": 1
							}
						},
						"key": "key",
						"children": [
							{
								"open": {
									"A": {
										"item": "stick"
									},
									"B": {
										"item": "soul_soil"
									},
									"C": {
										"item": "ilosemypotato:stripped_maple_log"
									}
								},
								"key": "A",
								"is_minified": true,
								"children": {
									"item": "stick"
								}
							},
							{
								"open": {
									"A": {
										"item": "stick"
									},
									"B": {
										"item": "soul_soil"
									},
									"C": {
										"item": "ilosemypotato:stripped_maple_log"
									}
								},
								"key": "B",
								"is_minified": true,
								"children": {
									"item": "soul_soil"
								}
							},
							{
								"open": {
									"A": {
										"item": "stick"
									},
									"B": {
										"item": "soul_soil"
									},
									"C": {
										"item": "ilosemypotato:stripped_maple_log"
									}
								},
								"key": "C",
								"is_minified": true,
								"children": {
									"item": "ilosemypotato:stripped_maple_log"
								}
							}
						]
					},
					{
						"key": "result",
						"is_minified": true,
						"children": {
							"item": "soul_campfire",
							"count": 1
						}
					}
				]
			}
		]
	}
}