{
	"file_path": "C:\\Users\\User\\AppData\\Local\\Packages\\Microsoft.MinecraftUWP_8wekyb3d8bbwe\\LocalState\\games\\com.mojang\\development_behavior_packs\\Project Terracotta\\recipes\\stick_from_maple_planks.json",
	"file_type": "recipe",
	"format_version": 1,
	"file_uuid": "cc7cefe0_2730_4d68_a110_d579dc2d6800",
	"file_version": 0,
	"cache_content": {
		"children": [
			{
				"open": {
					"format_version": 1.16,
					"minecraft:recipe_shaped": {
						"description": {
							"identifier": "ilosemypotato:stick_from_maple_planks"
						},
						"tags": [
							"crafting_table"
						],
						"pattern": [
							"A",
							"A"
						],
						"key": {
							"A": {
								"item": "ilosemypotato:planks_maple"
							}
						},
						"result": {
							"item": "stick",
							"count": 4
						},
						"priority": 2
					}
				},
				"data": "1.16",
				"key": "format_version"
			},
			{
				"open": {
					"format_version": 1.16,
					"minecraft:recipe_shaped": {
						"description": {
							"identifier": "ilosemypotato:stick_from_maple_planks"
						},
						"tags": [
							"crafting_table"
						],
						"pattern": [
							"A",
							"A"
						],
						"key": {
							"A": {
								"item": "ilosemypotato:planks_maple"
							}
						},
						"result": {
							"item": "stick",
							"count": 4
						},
						"priority": 2
					}
				},
				"key": "minecraft:recipe_shaped",
				"children": [
					{
						"open": {
							"description": {
								"identifier": "ilosemypotato:stick_from_maple_planks"
							},
							"tags": [
								"crafting_table"
							],
							"pattern": [
								"A",
								"A"
							],
							"key": {
								"A": {
									"item": "ilosemypotato:planks_maple"
								}
							},
							"result": {
								"item": "stick",
								"count": 4
							},
							"priority": 2
						},
						"key": "description",
						"is_minified": true,
						"children": {
							"identifier": "ilosemypotato:stick_from_maple_planks"
						}
					},
					{
						"key": "tags",
						"is_minified": true,
						"children": [
							"crafting_table"
						]
					},
					{
						"key": "pattern",
						"is_minified": true,
						"children": [
							"A",
							"A"
						]
					},
					{
						"open": {
							"description": {
								"identifier": "ilosemypotato:stick_from_maple_planks"
							},
							"tags": [
								"crafting_table"
							],
							"pattern": [
								"A",
								"A"
							],
							"key": {
								"A": {
									"item": "ilosemypotato:planks_maple"
								}
							},
							"result": {
								"item": "stick",
								"count": 4
							},
							"priority": 2
						},
						"key": "key",
						"children": [
							{
								"open": {
									"A": {
										"item": "ilosemypotato:planks_maple"
									}
								},
								"key": "A",
								"is_minified": true,
								"children": {
									"item": "ilosemypotato:planks_maple"
								}
							}
						]
					},
					{
						"key": "result",
						"is_minified": true,
						"children": {
							"item": "stick",
							"count": 4
						}
					},
					{
						"data": "2",
						"key": "priority"
					}
				]
			}
		]
	}
}