{
	"file_path": "C:\\Users\\User\\AppData\\Local\\Packages\\Microsoft.MinecraftUWP_8wekyb3d8bbwe\\LocalState\\games\\com.mojang\\development_behavior_packs\\Project Terracotta\\recipes\\wood_maple_from_log_maple.json",
	"file_type": "recipe",
	"format_version": 1,
	"file_uuid": "17e0593a_6f6b_4885_955b_fb52754640c5",
	"file_version": 0,
	"cache_content": {
		"children": [
			{
				"open": {
					"format_version": 1.12,
					"minecraft:recipe_shaped": {
						"description": {
							"identifier": "ilosemypotato:wood_maple_from_log_maple"
						},
						"tags": [
							"crafting_table"
						],
						"pattern": [
							"##",
							"##"
						],
						"key": {
							"#": {
								"item": "ilosemypotato:log_maple"
							}
						},
						"result": {
							"item": "ilosemypotato:wood_maple",
							"count": 3
						}
					}
				},
				"data": "1.12",
				"key": "format_version"
			},
			{
				"open": {
					"format_version": 1.12,
					"minecraft:recipe_shaped": {
						"description": {
							"identifier": "ilosemypotato:wood_maple_from_log_maple"
						},
						"tags": [
							"crafting_table"
						],
						"pattern": [
							"##",
							"##"
						],
						"key": {
							"#": {
								"item": "ilosemypotato:log_maple"
							}
						},
						"result": {
							"item": "ilosemypotato:wood_maple",
							"count": 3
						}
					}
				},
				"key": "minecraft:recipe_shaped",
				"children": [
					{
						"open": {
							"description": {
								"identifier": "ilosemypotato:wood_maple_from_log_maple"
							},
							"tags": [
								"crafting_table"
							],
							"pattern": [
								"##",
								"##"
							],
							"key": {
								"#": {
									"item": "ilosemypotato:log_maple"
								}
							},
							"result": {
								"item": "ilosemypotato:wood_maple",
								"count": 3
							}
						},
						"key": "description",
						"is_minified": true,
						"children": {
							"identifier": "ilosemypotato:wood_maple_from_log_maple"
						}
					},
					{
						"open": {
							"description": {
								"identifier": "ilosemypotato:wood_maple_from_log_maple"
							},
							"tags": [
								"crafting_table"
							],
							"pattern": [
								"##",
								"##"
							],
							"key": {
								"#": {
									"item": "ilosemypotato:log_maple"
								}
							},
							"result": {
								"item": "ilosemypotato:wood_maple",
								"count": 3
							}
						},
						"key": "tags",
						"is_minified": true,
						"children": [
							"crafting_table"
						]
					},
					{
						"open": {
							"description": {
								"identifier": "ilosemypotato:wood_maple_from_log_maple"
							},
							"tags": [
								"crafting_table"
							],
							"pattern": [
								"##",
								"##"
							],
							"key": {
								"#": {
									"item": "ilosemypotato:log_maple"
								}
							},
							"result": {
								"item": "ilosemypotato:wood_maple",
								"count": 3
							}
						},
						"key": "pattern",
						"is_minified": true,
						"children": [
							"##",
							"##"
						]
					},
					{
						"open": {
							"description": {
								"identifier": "ilosemypotato:wood_maple_from_log_maple"
							},
							"tags": [
								"crafting_table"
							],
							"pattern": [
								"##",
								"##"
							],
							"key": {
								"#": {
									"item": "ilosemypotato:log_maple"
								}
							},
							"result": {
								"item": "ilosemypotato:wood_maple",
								"count": 3
							}
						},
						"key": "key",
						"children": [
							{
								"open": {
									"#": {
										"item": "ilosemypotato:log_maple"
									}
								},
								"key": "#",
								"is_minified": true,
								"children": {
									"item": "ilosemypotato:log_maple"
								}
							}
						]
					},
					{
						"open": {
							"description": {
								"identifier": "ilosemypotato:wood_maple_from_log_maple"
							},
							"tags": [
								"crafting_table"
							],
							"pattern": [
								"##",
								"##"
							],
							"key": {
								"#": {
									"item": "ilosemypotato:log_maple"
								}
							},
							"result": {
								"item": "ilosemypotato:wood_maple",
								"count": 3
							}
						},
						"key": "result",
						"is_minified": true,
						"children": {
							"item": "ilosemypotato:wood_maple",
							"count": 3
						}
					}
				]
			}
		]
	}
}