{
  "format_version": "1.16",
  "minecraft:item": {
    "description": {
      "identifier": "serp:enigma_berry",
      "category": "Nature"
    },
    "components": {
      "minecraft:use_duration": 32,
      "minecraft:food": {
        "nutrition": 4,
        "saturation_modifier": "low",
        "on_use_action": "chorus_teleport",
        "on_use_range": [ 8, 8, 8 ],
        "cooldown_type": "chorusfruit",
        "cooldown_time": 20,
        "can_always_eat": true
      }
    }
  }
}