{
  "format_version": "1.16",
  "minecraft:item": {
    "description": {
      "identifier": "serp:lum_berry",
      "category": "Nature"
    },
    "components": {
      "minecraft:use_duration": 32,
      "minecraft:hand_equipped": false,
      "minecraft:food": {
        "nutrition": 5,
        "saturation_modifier": "normal",
        "can_always_eat": false,
        "effects": [
          {
            "name": "instant_health",
            "chance": 1.0,
            "duration": 1,
            "amplifier": 0
          }
        ]
      }
    }
  }
}