{
    "format_version": "1.10.0",
    "animation_controllers": {
		"controller.animation.flamethrower.general": {
			"states": {
				"default": {
					"particle_effects" : [
						{
							"effect" : "fire",
							"locator": "root"
						}
					]
				}
			}
		},
		"controller.animation.plasma": {
			"states": {
				"default": {
					"animations": [
						"move"
					],
					"particle_effects" : [
						{
							"effect" : "electricity2",
							"locator": "plasma"
						}
					]
				}
			}
		},
        "controller.animation.player.third_person.oblivion": {
            "initial_state": "default",
            "states": {
                "default": {
                    "animations": [
						"oblivion.default"
					],
                    "transitions": [
						{
                            "oblivion_draw_out": "v.oblivion"
                        }
                    ]
                },
                "oblivion_draw_out": {
                    "animations": [
						"oblivion.draw_out.third_person"
					],
                    "transitions": [
						{
                            "oblivion_draw_back": "!v.oblivion"
                        },
						{
                            "oblivion_holding": "q.all_animations_finished"
                        },
						{
                            "oblivion_reloading": "v.oblivion && q.is_powered"
                        }
                    ]
                },
                "oblivion_draw_back": {
                    "animations": [
						"oblivion.draw_back.third_person"
					],
                    "transitions": [
						{
                            "default": "q.all_animations_finished"
                        },
						{
                            "oblivion_reloading": "v.oblivion && q.is_powered"
                        }
                    ]
                },
                "oblivion_holding": {
                    "animations": [
						"oblivion.holding.third_person"
					],
                    "transitions": [
						{
                            "oblivion_draw_back": "!v.oblivion"
                        },
						{
                            "oblivion_holding_scoped": "v.oblivion && q.is_sneaking"
                        },
						{
                            "oblivion_reloading": "v.oblivion && q.is_powered"
                        }
                    ]
                },
                "oblivion_holding_scoped": {
                    "animations": [
						"oblivion.holding_scoped.third_person"
					],
                    "transitions": [
						{
                            "oblivion_draw_back": "!v.oblivion"
                        },
						{
                            "oblivion_holding": "v.oblivion && !q.is_sneaking"
                        },
						{
                            "oblivion_reloading": "v.oblivion && q.is_powered"
                        }
                    ]
                },
                "oblivion_reloading": {
                    "animations": [
						"oblivion.reload.third_person"
					],
                    "transitions": [
						{
                            "oblivion_draw_back": "!v.oblivion"
                        },
						{
                            "oblivion_holding": "v.oblivion && q.all_animations_finished || !q.is_powered"
                        }
                    ]
                }
            }
        },
		
        "controller.animation.player.first_person.oblivion": {
            "initial_state": "default",
            "states": {
                "default": {
                    "animations": [
						"oblivion.default"
					],
                    "transitions": [
						{
                            "oblivion_draw_out": "v.oblivion"
                        }
                    ]
                },
                "oblivion_draw_out": {
                    "animations": [
						"oblivion.draw_out.first_person"
					],
                    "transitions": [
						{
                            "default": "!v.oblivion"
                        },
						{
                            "oblivion_scoping_in": "v.oblivion && q.is_sneaking"
                        },
						{
                            "oblivion_holding": "q.all_animations_finished"
                        },
						{
                            "oblivion_reloading": "v.oblivion && q.is_powered"
                        }
                    ]
                },
                "oblivion_holding": {
                    "animations": [
						"oblivion.holding.first_person"
					],
                    "transitions": [
						{
                            "oblivion_scoping_in": "v.oblivion && q.is_sneaking"
                        },
						{
                            "default": "!v.oblivion"
                        },
						{
                            "oblivion_reloading": "v.oblivion && q.is_powered"
                        }
                    ]
                },
                "oblivion_holding": {
                    "animations": [
						"oblivion.holding.first_person"
					],
                    "transitions": [
						{
                            "oblivion_scoping_in": "v.oblivion && q.is_sneaking"
                        },
						{
                            "default": "!v.oblivion"
                        },
						{
                            "oblivion_reloading": "v.oblivion && q.is_powered"
                        }
                    ]
                },
                "oblivion_scoping_in": {
                    "animations": [
						"oblivion.scoping_in.first_person"
					],
                    "transitions": [
						{
                            "oblivion_scoping_out": "!q.is_sneaking"
                        },
						{
                            "oblivion_holding_scoped": "q.all_animations_finished"
                        },
						{
                            "oblivion_reloading": "v.oblivion && q.is_powered"
                        }
                    ]
                },
                "oblivion_scoping_out": {
                    "animations": [
						"oblivion.scoping_out.first_person"
					],
                    "transitions": [
						{
                            "oblivion_holding": "q.all_animations_finished"
                        },
						{
                            "oblivion_reloading": "v.oblivion && q.is_powered"
                        }
                    ]
                },
                "oblivion_holding_scoped": {
                    "animations": [
						"oblivion.holding_scoped.first_person"
					],
                    "transitions": [
						{
                            "default": "!v.oblivion"
                        },
						{
                            "oblivion_scoping_out": "v.oblivion && !q.is_sneaking"
                        },
						{
                            "oblivion_reloading": "v.oblivion && q.is_powered"
                        }
                    ]
                },
                "oblivion_reloading": {
                    "animations": [
						"oblivion.reload.first_person"
					],
                    "transitions": [
						{
                            "default": "!v.oblivion"
                        },
						{
                            "oblivion_holding": "v.oblivion && q.all_animations_finished || !q.is_powered"
                        }
                    ]
                }
            }
        },
        "controller.animation.player.shooting.oblivion": {
            "initial_state": "default",
            "states": {
                "default": {
                    "transitions": [
						{
                            "oblivion_shooting_first_person": "q.get_equipped_item_name(0) == 'oblivion' && q.is_using_item && v.is_first_person"
                        },
						{
                            "oblivion_shooting_third_person": "q.get_equipped_item_name(0) == 'oblivion' && q.is_using_item && v.is_third_person"
                        }
                    ]
                },
                "oblivion_shooting_first_person": {
                    "animations": [
						"oblivion.shooting.first_person"
					],
                    "transitions": [
						{
                            "oblivion_shooting_first_person": "(q.item_remaining_use_duration > 0 && q.all_animations_finished)"
                        },
						{
                            "default": "q.all_animations_finished || q.get_equipped_item_name(0) != 'oblivion'"
                        },
						{
                            "oblivion_shooting_third_person": "q.get_equipped_item_name(0) == 'oblivion' && q.is_using_item && v.is_third_person"
                        }
                    ]
                },
                "oblivion_shooting_third_person": {
                    "animations": [
						"oblivion.shooting.third_person"
					],
                    "transitions": [
						{
                            "oblivion_shooting_first_person": "q.get_equipped_item_name(0) == 'oblivion' && q.is_using_item && v.is_first_person"
                        },
						{
                            "oblivion_shooting_third_person": "(q.item_remaining_use_duration > 0 && q.all_animations_finished)"
                        },
						{
                            "default": "q.all_animations_finished || q.get_equipped_item_name(0) != 'oblivion'"
                        }
                    ]
                }
            }
        },
        "controller.animation.player.shooting_scoped.oblivion": {
            "initial_state": "default",
            "states": {
                "default": {
                    "transitions": [
						{
                            "oblivion_shooting_first_person": "q.get_equipped_item_name(0) == 'oblivion' && q.is_using_item && v.is_first_person"
                        },
						{
                            "oblivion_shooting_third_person": "q.get_equipped_item_name(0) == 'oblivion' && q.is_using_item && v.is_third_person"
                        }
                    ]
                },
                "oblivion_shooting_first_person": {
                    "animations": [
						"oblivion.shooting_scoped.first_person"
					],
                    "transitions": [
						{
                            "oblivion_shooting_first_person": "(q.item_remaining_use_duration > 0 && q.all_animations_finished)"
                        },
						{
                            "default": "q.all_animations_finished || q.get_equipped_item_name(0) != 'oblivion'"
                        },
						{
                            "oblivion_shooting_third_person": "q.get_equipped_item_name(0) == 'oblivion' && q.is_using_item && v.is_third_person"
                        }
                    ]
                },
                "oblivion_shooting_third_person": {
                    "animations": [
						"oblivion.shooting.third_person"
					],
                    "transitions": [
						{
                            "oblivion_shooting_first_person": "q.get_equipped_item_name(0) == 'oblivion' && q.is_using_item && v.is_first_person"
                        },
						{
                            "oblivion_shooting_third_person": "(q.item_remaining_use_duration > 0 && q.all_animations_finished)"
                        },
						{
                            "default": "q.all_animations_finished || q.get_equipped_item_name(0) != 'oblivion'"
                        }
                    ]
                }
            }
        },
        "controller.animation.player.shooting_recoil.oblivion": {
            "initial_state": "default",
            "states": {
                "default": {
                    "transitions": [
						{
                            "shooting_recoil": "q.get_equipped_item_name(0) == 'oblivion' && q.is_using_item && v.is_first_person"
                        }
                    ],
					"blend_transition": 0.2
                },
                "shooting_recoil": {
                    "animations": [
						"oblivion.shooting_recoil"
					],
                    "transitions": [
						{
                            "default": "!q.is_using_item || q.get_equipped_item_name(0) != 'oblivion'"
                        }
                    ],
					"blend_transition": 0.2
                }
            }
        },
		
		
        "controller.animation.player.third_person.svd": {
            "initial_state": "default",
            "states": {
                "default": {
                    "animations": [
						"svd.default"
					],
                    "transitions": [
						{
                            "svd_draw_out": "v.svd"
                        }
                    ]
                },
                "svd_draw_out": {
                    "animations": [
						"svd.draw_out.third_person"
					],
                    "transitions": [
						{
                            "svd_draw_back": "!v.svd"
                        },
						{
                            "svd_holding": "q.all_animations_finished"
                        },
						{
                            "svd_reloading": "v.svd && q.is_powered"
                        }
                    ]
                },
                "svd_draw_back": {
                    "animations": [
						"svd.draw_back.third_person"
					],
                    "transitions": [
						{
                            "default": "q.all_animations_finished"
                        }
                    ]
                },
                "svd_holding": {
                    "animations": [
						"svd.holding.third_person"
					],
                    "transitions": [
						{
                            "svd_draw_back": "!v.svd"
                        },
						{
                            "svd_holding_scoped": "v.svd && q.is_sneaking"
                        },
						{
                            "svd_reloading": "v.svd && q.is_powered"
                        }
                    ]
                },
                "svd_holding_scoped": {
                    "animations": [
						"svd.holding_scoped.third_person"
					],
                    "transitions": [
						{
                            "svd_draw_back": "!v.svd"
                        },
						{
                            "svd_holding": "v.svd && !q.is_sneaking"
                        },
						{
                            "svd_reloading": "v.svd && q.is_powered"
                        }
                    ]
                },
                "svd_reloading": {
                    "animations": [
						"svd.reload.third_person"
					],
                    "transitions": [
						{
                            "svd_draw_back": "!v.svd"
                        },
						{
                            "svd_holding": "v.svd && q.all_animations_finished || !q.is_powered"
                        }
                    ]
                }
            }
        },
		
        "controller.animation.player.first_person.svd": {
            "initial_state": "default",
            "states": {
                "default": {
                    "animations": [
						"svd.default"
					],
                    "transitions": [
						{
                            "svd_draw_out": "v.svd"
                        }
                    ]
                },
                "svd_draw_out": {
                    "animations": [
						"svd.draw_out.first_person"
					],
                    "transitions": [
						{
                            "default": "!v.svd"
                        },
						{
                            "svd_scoping_in": "v.svd && q.is_sneaking"
                        },
						{
                            "svd_holding": "q.all_animations_finished"
                        },
						{
                            "svd_reloading": "v.svd && q.is_powered"
                        }
                    ]
                },
                "svd_holding": {
                    "animations": [
						"svd.holding.first_person"
					],
                    "transitions": [
						{
                            "svd_scoping_in": "v.svd && q.is_sneaking"
                        },
						{
                            "default": "!v.svd"
                        },
						{
                            "svd_reloading": "v.svd && q.is_powered"
                        }
                    ]
                },
                "svd_scoping_in": {
                    "animations": [
						"svd.scoping_in.first_person"
					],
                    "transitions": [
						{
                            "svd_scoping_out": "!q.is_sneaking"
                        },
						{
                            "svd_holding_scoped": "q.all_animations_finished"
                        }
                    ]
                },
                "svd_scoping_out": {
                    "animations": [
						"svd.scoping_out.first_person"
					],
                    "transitions": [
						{
                            "svd_holding": "q.all_animations_finished"
                        }
                    ]
                },
                "svd_holding_scoped": {
                    "animations": [
						"svd.holding_scoped.first_person"
					],
                    "transitions": [
						{
                            "default": "!v.svd"
                        },
						{
                            "svd_scoping_out": "v.svd && !q.is_sneaking"
                        },
						{
                            "svd_reloading": "v.svd && q.is_powered"
                        }
                    ]
                },
                "svd_reloading": {
                    "animations": [
						"svd.reload.first_person"
					],
                    "transitions": [
						{
                            "default": "!v.svd"
                        },
						{
                            "svd_holding": "v.svd && q.all_animations_finished  || !q.is_powered"
                        }
                    ]
                }
            }
        },
		
        "controller.animation.player.third_person.fp6": {
            "initial_state": "default",
            "states": {
                "default": {
                    "animations": [
						"fp6.default"
					],
                    "transitions": [
						{
                            "fp6_draw_out": "v.fp6"
                        }
                    ]
                },
                "fp6_draw_out": {
                    "animations": [
						"fp6.draw_out.third_person"
					],
                    "transitions": [
						{
                            "fp6_draw_back": "!v.fp6"
                        },
						{
                            "fp6_holding": "q.all_animations_finished"
                        },
						{
                            "fp6_reloading": "v.fp6 && q.is_powered"
                        }
                    ]
                },
                "fp6_draw_back": {
                    "animations": [
						"fp6.draw_back.third_person"
					],
                    "transitions": [
						{
                            "default": "q.all_animations_finished"
                        }
                    ]
                },
                "fp6_holding": {
                    "animations": [
						"fp6.holding.third_person"
					],
                    "transitions": [
						{
                            "fp6_draw_back": "!v.fp6"
                        },
						{
                            "fp6_holding_scoped": "v.fp6 && q.is_sneaking"
                        },
						{
                            "fp6_reloading": "v.fp6 && q.is_powered"
                        }
                    ]
                },
                "fp6_holding_scoped": {
                    "animations": [
						"fp6.holding_scoped.third_person"
					],
                    "transitions": [
						{
                            "fp6_draw_back": "!v.fp6"
                        },
						{
                            "fp6_holding": "v.fp6 && !q.is_sneaking"
                        },
						{
                            "fp6_reloading": "v.fp6 && q.is_powered"
                        }
                    ]
                },
                "fp6_reloading": {
                    "animations": [
						"fp6.reload.third_person"
					],
                    "transitions": [
						{
                            "fp6_draw_back": "!v.fp6"
                        },
						{
                            "fp6_holding": "v.fp6 && q.all_animations_finished || !q.is_powered"
                        }
                    ]
                }
            }
        },
		
        "controller.animation.player.first_person.fp6": {
            "initial_state": "default",
            "states": {
                "default": {
                    "animations": [
						"fp6.default"
					],
                    "transitions": [
						{
                            "fp6_draw_out": "v.fp6"
                        }
                    ]
                },
                "fp6_draw_out": {
                    "animations": [
					{ "fp6.draw_out.first_person": "q.get_equipped_item_name(0) == 'fp6'" },
					{ "fp6.draw_out2.first_person": "q.get_equipped_item_name(0) == 'fp6_empty'" }
					],
                    "transitions": [
						{
                            "default": "!v.fp6"
                        },
						{
                            "fp6_scoping_in": "q.any_animation_finished && v.fp6 && q.is_sneaking"
                        },
						{
                            "fp6_holding": "q.any_animation_finished"
                        },
						{
                            "fp6_reloading": "v.fp6 && q.is_powered"
                        }
                    ]
                },
                "fp6_holding": {
                    "animations": [
						"fp6.holding.first_person"
					],
                    "transitions": [
						{
                            "fp6_scoping_in": "v.fp6 && q.is_sneaking"
                        },
						{
                            "default": "!v.fp6"
                        },
						{
                            "fp6_reloading": "v.fp6 && q.is_powered"
                        }
                    ]
                },
                "fp6_scoping_in": {
                    "animations": [
						"fp6.scoping_in.first_person"
					],
                    "transitions": [
						{
                            "fp6_scoping_out": "!q.is_sneaking"
                        },
						{
                            "fp6_holding_scoped": "q.all_animations_finished"
                        }
                    ]
                },
                "fp6_scoping_out": {
                    "animations": [
						"fp6.scoping_out.first_person"
					],
                    "transitions": [
						{
                            "fp6_holding": "q.all_animations_finished"
                        }
                    ]
                },
                "fp6_holding_scoped": {
                    "animations": [
						"fp6.holding_scoped.first_person"
					],
                    "transitions": [
						{
                            "default": "!v.fp6"
                        },
						{
                            "fp6_scoping_out": "v.fp6 && !q.is_sneaking"
                        },
						{
                            "fp6_reloading": "v.fp6 && q.is_powered"
                        }
                    ]
                },
                "fp6_reloading": {
                    "animations": [
						"fp6.reload.first_person"
					],
                    "transitions": [
						{
                            "default": "!v.fp6"
                        },
						{
                            "fp6_holding": "v.fp6 && q.all_animations_finished || !q.is_powered"
                        }
                    ]
                }
            }
        },
		
        "controller.animation.player.third_person.sh_plasma_cannon": {
            "initial_state": "default",
            "states": {
                "default": {
                    "animations": [
						"sh_plasma_cannon.default"
					],
                    "transitions": [
						{
                            "sh_plasma_cannon_draw_out": "v.sh_plasma_cannon"
                        }
                    ]
                },
                "sh_plasma_cannon_draw_out": {
                    "animations": [
						"sh_plasma_cannon.draw_out.third_person"
					],
                    "transitions": [
						{
                            "sh_plasma_cannon_draw_back": "!v.sh_plasma_cannon"
                        },
						{
                            "sh_plasma_cannon_holding": "q.all_animations_finished"
                        },
						{
                            "sh_plasma_cannon_reloading": "v.sh_plasma_cannon && q.is_powered"
                        }
                    ]
                },
                "sh_plasma_cannon_draw_back": {
                    "animations": [
						"sh_plasma_cannon.draw_back.third_person"
					],
                    "transitions": [
						{
                            "default": "q.all_animations_finished"
                        }
                    ]
                },
                "sh_plasma_cannon_holding": {
                    "animations": [
						"sh_plasma_cannon.holding.third_person"
					],
                    "transitions": [
						{
                            "sh_plasma_cannon_draw_back": "!v.sh_plasma_cannon"
                        },
						{
                            "sh_plasma_cannon_holding_scoped": "v.sh_plasma_cannon && q.is_sneaking"
                        },
						{
                            "sh_plasma_cannon_reloading": "v.sh_plasma_cannon && q.is_powered"
                        }
                    ]
                },
                "sh_plasma_cannon_holding_scoped": {
                    "animations": [
						"sh_plasma_cannon.holding_scoped.third_person"
					],
                    "transitions": [
						{
                            "sh_plasma_cannon_draw_back": "!v.sh_plasma_cannon"
                        },
						{
                            "sh_plasma_cannon_holding": "v.sh_plasma_cannon && !q.is_sneaking"
                        },
						{
                            "sh_plasma_cannon_reloading": "v.sh_plasma_cannon && q.is_powered"
                        }
                    ]
                },
                "sh_plasma_cannon_reloading": {
                    "animations": [
						"sh_plasma_cannon.reload.third_person"
					],
                    "transitions": [
						{
                            "sh_plasma_cannon_draw_back": "!v.sh_plasma_cannon"
                        },
						{
                            "sh_plasma_cannon_holding": "v.sh_plasma_cannon && q.all_animations_finished || !q.is_powered"
                        }
                    ]
                }
            }
        },
		
        "controller.animation.player.first_person.sh_plasma_cannon": {
            "initial_state": "default",
            "states": {
                "default": {
                    "animations": [
						"sh_plasma_cannon.default"
					],
                    "transitions": [
						{
                            "sh_plasma_cannon_draw_out": "v.sh_plasma_cannon"
                        }
                    ]
                },
                "sh_plasma_cannon_draw_out": {
                    "animations": [
						"sh_plasma_cannon.draw_out.first_person"
					],
                    "transitions": [
						{
                            "default": "!v.sh_plasma_cannon"
                        },
						{
                            "sh_plasma_cannon_scoping_in": "v.sh_plasma_cannon && q.is_sneaking"
                        },
						{
                            "sh_plasma_cannon_holding": "q.all_animations_finished"
                        },
						{
                            "sh_plasma_cannon_reloading": "v.sh_plasma_cannon && q.is_powered"
                        }
                    ]
                },
                "sh_plasma_cannon_holding": {
                    "animations": [
						"sh_plasma_cannon.holding.first_person"
					],
                    "transitions": [
						{
                            "sh_plasma_cannon_scoping_in": "v.sh_plasma_cannon && q.is_sneaking"
                        },
						{
                            "default": "!v.sh_plasma_cannon"
                        },
						{
                            "sh_plasma_cannon_reloading": "v.sh_plasma_cannon && q.is_powered"
                        }
                    ]
                },
                "sh_plasma_cannon_scoping_in": {
                    "animations": [
						"sh_plasma_cannon.scoping_in.first_person"
					],
                    "transitions": [
						{
                            "sh_plasma_cannon_scoping_out": "!q.is_sneaking"
                        },
						{
                            "sh_plasma_cannon_holding_scoped": "q.all_animations_finished"
                        }
                    ]
                },
                "sh_plasma_cannon_scoping_out": {
                    "animations": [
						"sh_plasma_cannon.scoping_out.first_person"
					],
                    "transitions": [
						{
                            "sh_plasma_cannon_holding": "q.all_animations_finished"
                        }
                    ]
                },
                "sh_plasma_cannon_holding_scoped": {
                    "animations": [
						"sh_plasma_cannon.holding_scoped.first_person"
					],
                    "transitions": [
						{
                            "default": "!v.sh_plasma_cannon"
                        },
						{
                            "sh_plasma_cannon_scoping_out": "v.sh_plasma_cannon && !q.is_sneaking"
                        },
						{
                            "sh_plasma_cannon_reloading": "v.sh_plasma_cannon && q.is_powered"
                        }
                    ]
                },
                "sh_plasma_cannon_reloading": {
                    "animations": [
						"sh_plasma_cannon.reload.first_person"
					],
                    "transitions": [
						{
                            "default": "!v.sh_plasma_cannon"
                        },
						{
                            "sh_plasma_cannon_holding": "v.sh_plasma_cannon && q.all_animations_finished || !q.is_powered"
                        }
                    ]
                }
            }
        },
        "controller.animation.player.shooting.sh_plasma_cannon": {
            "initial_state": "default",
            "states": {
                "default": {
                    "transitions": [
						{
                            "sh_plasma_cannon_shooting_first_person": "q.get_equipped_item_name(0) == 'sh_plasma_cannon' && q.is_using_item && v.is_first_person"
                        }
                    ],
					"blend_transition": 0.2
                },
                "sh_plasma_cannon_shooting_first_person": {
                    "animations": [
						"sh_plasma_cannon.first_person.shooting_recoil"
					],
                    "transitions": [
						{
                            "default": "!q.is_using_item || q.get_equipped_item_name(0) != 'sh_plasma_cannon'"
                        }
                    ],
					"blend_transition": 0.2
                }
            }
        },
		
        "controller.animation.player.third_person.sh_pistol": {
            "initial_state": "default",
            "states": {
                "default": {
                    "animations": [
						"sh_pistol.default"
					],
                    "transitions": [
						{
                            "sh_pistol_draw_out": "v.sh_pistol"
                        }
                    ]
                },
                "sh_pistol_draw_out": {
                    "animations": [
						"sh_pistol.draw_out.third_person"
					],
                    "transitions": [
						{
                            "sh_pistol_draw_back": "!v.sh_pistol"
                        },
						{
                            "sh_pistol_holding": "q.all_animations_finished"
                        },
						{
                            "sh_pistol_reloading": "v.sh_pistol && q.is_powered"
                        }
                    ]
                },
                "sh_pistol_draw_back": {
                    "animations": [
						"sh_pistol.draw_back.third_person"
					],
                    "transitions": [
						{
                            "default": "q.all_animations_finished"
                        }
                    ]
                },
                "sh_pistol_holding": {
                    "animations": [
						"sh_pistol.holding.third_person"
					],
                    "transitions": [
						{
                            "sh_pistol_draw_back": "!v.sh_pistol"
                        },
						{
                            "sh_pistol_holding_scoped": "v.sh_pistol && q.is_sneaking"
                        },
						{
                            "sh_pistol_reloading": "v.sh_pistol && q.is_powered"
                        }
                    ]
                },
                "sh_pistol_holding_scoped": {
                    "animations": [
						"sh_pistol.holding_scoped.third_person"
					],
                    "transitions": [
						{
                            "sh_pistol_draw_back": "!v.sh_pistol"
                        },
						{
                            "sh_pistol_holding": "v.sh_pistol && !q.is_sneaking"
                        },
						{
                            "sh_pistol_reloading": "v.sh_pistol && q.is_powered"
                        }
                    ]
                },
                "sh_pistol_reloading": {
                    "animations": [
						"sh_pistol.reload.third_person"
					],
                    "transitions": [
						{
                            "sh_pistol_draw_back": "!v.sh_pistol"
                        },
						{
                            "sh_pistol_holding": "v.sh_pistol && q.all_animations_finished || !q.is_powered"
                        }
                    ]
                }
            }
        },
		
		
        "controller.animation.player.first_person.sh_pistol": {
            "initial_state": "default",
            "states": {
                "default": {
                    "animations": [
						"sh_pistol.default"
					],
                    "transitions": [
						{
                            "sh_pistol_draw_out": "v.sh_pistol"
                        }
                    ]
                },
                "sh_pistol_draw_out": {
                    "animations": [
						"sh_pistol.draw_out.first_person",
						"sh_pistol.draw_out2.first_person"
					],
                    "transitions": [
						{
                            "default": "!v.sh_pistol"
                        },
						{
                            "sh_pistol_holding": "q.all_animations_finished"
                        },
						{
                            "sh_pistol_reloading": "v.sh_pistol && q.is_powered"
                        }
                    ]
                },
                "sh_pistol_holding": {
                    "animations": [
						"sh_pistol.holding.first_person"
					],
                    "transitions": [
						{
                            "sh_pistol_scoping_in": "v.sh_pistol && q.is_sneaking"
                        },
						{
                            "default": "!v.sh_pistol"
                        },
						{
                            "sh_pistol_reloading": "v.sh_pistol && q.is_powered"
                        }
                    ]
                },
                "sh_pistol_scoping_in": {
                    "animations": [
						"sh_pistol.scoping_in.first_person"
					],
                    "transitions": [
						{
                            "sh_pistol_scoping_out": "!q.is_sneaking"
                        },
						{
                            "sh_pistol_holding_scoped": "q.all_animations_finished"
                        }
                    ]
                },
                "sh_pistol_scoping_out": {
                    "animations": [
						"sh_pistol.scoping_out.first_person"
					],
                    "transitions": [
						{
                            "sh_pistol_holding": "q.all_animations_finished"
                        }
                    ]
                },
                "sh_pistol_holding_scoped": {
                    "animations": [
						"sh_pistol.holding_scoped.first_person"
					],
                    "transitions": [
						{
                            "default": "!v.sh_pistol"
                        },
						{
                            "sh_pistol_scoping_out": "v.sh_pistol && !q.is_sneaking"
                        },
						{
                            "sh_pistol_reloading": "v.sh_pistol && q.is_powered"
                        }
                    ]
                },
                "sh_pistol_reloading": {
                    "animations": [
						"sh_pistol.reload.first_person",
						"sh_pistol.reload2.first_person"
					],
                    "transitions": [
						{
                            "default": "!v.sh_pistol"
                        },
						{
                            "sh_pistol_holding": "v.sh_pistol && q.all_animations_finished || !q.is_powered"
                        }
                    ]
                }
            }
        }, 
        "controller.animation.player.third_person.hk417": {
            "initial_state": "default",
            "states": {
                "default": {
                    "animations": [
						"hk417.default"
					],
                    "transitions": [
						{
                            "hk417_draw_out": "v.hk417"
                        }
                    ]
                },
                "hk417_draw_out": {
                    "animations": [
						"hk417.draw_out.third_person"
					],
                    "transitions": [
						{
                            "hk417_draw_back": "!v.hk417"
                        },
						{
                            "hk417_holding": "q.all_animations_finished"
                        },
						{
                            "hk417_reloading": "v.hk417 && q.is_powered"
                        }
                    ]
                },
                "hk417_draw_back": {
                    "animations": [
						"hk417.draw_back.third_person"
					],
                    "transitions": [
						{
                            "default": "q.all_animations_finished"
                        }
                    ]
                },
                "hk417_holding": {
                    "animations": [
						"hk417.holding.third_person"
					],
                    "transitions": [
						{
                            "hk417_draw_back": "!v.hk417"
                        },
						{
                            "hk417_holding_scoped": "v.hk417 && q.is_sneaking"
                        },
						{
                            "hk417_reloading": "v.hk417 && q.is_powered"
                        }
                    ]
                },
                "hk417_holding_scoped": {
                    "animations": [
						"hk417.holding_scoped.third_person"
					],
                    "transitions": [
						{
                            "hk417_draw_back": "!v.hk417"
                        },
						{
                            "hk417_holding": "v.hk417 && !q.is_sneaking"
                        },
						{
                            "hk417_reloading": "v.hk417 && q.is_powered"
                        }
                    ]
                },
                "hk417_reloading": {
                    "animations": [
						"hk417.reload.third_person"
					],
                    "transitions": [
						{
                            "hk417_draw_back": "!v.hk417"
                        },
						{
                            "hk417_holding": "v.hk417 && q.all_animations_finished || !q.is_powered"
                        }
                    ]
                }
            }
        },
		
        "controller.animation.player.first_person.hk417": {
            "initial_state": "default",
            "states": {
                "default": {
                    "animations": [
						"hk417.default"
					],
                    "transitions": [
						{
                            "hk417_draw_out": "v.hk417"
                        }
                    ]
                },
                "hk417_draw_out": {
                    "animations": [
						"hk417.draw_out.first_person"
					],
                    "transitions": [
						{
                            "default": "!v.hk417"
                        },
						{
                            "hk417_scoping_in": "v.hk417 && q.is_sneaking"
                        },
						{
                            "hk417_holding": "q.all_animations_finished"
                        },
						{
                            "hk417_reloading": "v.hk417 && q.is_powered"
                        }
                    ]
                },
                "hk417_holding": {
                    "animations": [
						"hk417.holding.first_person"
					],
                    "transitions": [
						{
                            "hk417_scoping_in": "v.hk417 && q.is_sneaking"
                        },
						{
                            "default": "!v.hk417"
                        },
						{
                            "hk417_reloading": "v.hk417 && q.is_powered"
                        }
                    ]
                },
                "hk417_scoping_in": {
                    "animations": [
						"hk417.scoping_in.first_person"
					],
                    "transitions": [
						{
                            "hk417_scoping_out": "!q.is_sneaking"
                        },
						{
                            "hk417_holding_scoped": "q.all_animations_finished"
                        }
                    ]
                },
                "hk417_scoping_out": {
                    "animations": [
						"hk417.scoping_out.first_person"
					],
                    "transitions": [
						{
                            "hk417_holding": "q.all_animations_finished"
                        }
                    ]
                },
                "hk417_holding_scoped": {
                    "animations": [
						"hk417.holding_scoped.first_person"
					],
                    "transitions": [
						{
                            "default": "!v.hk417"
                        },
						{
                            "hk417_scoping_out": "v.hk417 && !q.is_sneaking"
                        },
						{
                            "hk417_reloading": "v.hk417 && q.is_powered"
                        }
                    ]
                },
                "hk417_reloading": {
                    "animations": [
						"hk417.reload.first_person"
					],
                    "transitions": [
						{
                            "default": "!v.hk417"
                        },
						{
                            "hk417_holding": "v.hk417 && q.all_animations_finished || !q.is_powered"
                        }
                    ]
                }
            }
        },
        "controller.animation.player.shooting.hk417": {
            "initial_state": "default",
            "states": {
                "default": {
                    "transitions": [
						{
                            "hk417_shooting_first_person": "q.get_equipped_item_name(0) == 'hk417' && q.is_using_item && v.is_first_person"
                        }
                    ],
					"blend_transition": 0.2
                },
                "hk417_shooting_first_person": {
                    "animations": [
						"hk417.first_person.shooting_recoil"
					],
                    "transitions": [
						{
                            "default": "!q.is_using_item || q.get_equipped_item_name(0) != 'hk417'"
                        }
                    ],
					"blend_transition": 0.2
                }
            }
        },
		
        "controller.animation.player.hk417.no_ammo": {
            "initial_state": "default",
            "states": {
                "default": {
                    "transitions": [
						{
                            "hk417.no_ammo": "q.get_equipped_item_name(0) == 'hk417_empty' && !q.is_powered && !q.is_sneaking"
                        }
                    ],
					"blend_transition": 0.2
                },
                "hk417.no_ammo": {
                    "animations": [
						"hk417.no_ammo"
					],
                    "transitions": [
						{
                            "default": "q.get_equipped_item_name(0) != 'hk417_empty' || q.is_powered || q.is_sneaking"
                        }
                    ],
					"blend_transition": 0.2
                }
            }
        },
        "controller.animation.player.sh_plasma_cannon.no_ammo": {
            "initial_state": "default",
            "states": {
                "default": {
                    "transitions": [
						{
                            "sh_plasma_cannon.no_ammo": "q.get_equipped_item_name(0) == 'sh_plasma_cannon_empty' && !q.is_powered && !q.is_sneaking"
                        }
                    ],
					"blend_transition": 0.2
                },
                "sh_plasma_cannon.no_ammo": {
                    "animations": [
						"sh_plasma_cannon.no_ammo"
					],
                    "transitions": [
						{
                            "default": "q.get_equipped_item_name(0) != 'sh_plasma_cannon_empty' || q.is_powered || q.is_sneaking"
                        }
                    ],
					"blend_transition": 0.2
                }
            }
        },
        "controller.animation.player.sh_pistol.no_ammo": {
            "initial_state": "default",
            "states": {
                "default": {
                    "transitions": [
						{
                            "sh_pistol.no_ammo": "q.get_equipped_item_name(0) == 'sh_pistol_empty' && !q.is_powered && !q.is_sneaking"
                        }
                    ],
					"blend_transition": 0.2
                },
                "sh_pistol.no_ammo": {
                    "animations": [
						"sh_pistol.no_ammo"
					],
                    "transitions": [
						{
                            "default": "q.get_equipped_item_name(0) != 'sh_pistol_empty' || q.is_powered || q.is_sneaking"
                        }
                    ],
					"blend_transition": 0.2
                }
            }
        },
        "controller.animation.player.svd.no_ammo": {
            "initial_state": "default",
            "states": {
                "default": {
                    "transitions": [
						{
                            "svd.no_ammo": "q.get_equipped_item_name(0) == 'svd_empty' && !q.is_powered && !q.is_sneaking"
                        }
                    ],
					"blend_transition": 0.2
                },
                "svd.no_ammo": {
                    "animations": [
						"svd.no_ammo"
					],
                    "transitions": [
						{
                            "default": "q.get_equipped_item_name(0) != 'svd_empty' || q.is_powered || q.is_sneaking"
                        }
                    ],
					"blend_transition": 0.2
                }
            }
        },
        "controller.animation.player.fp6.no_ammo": {
            "initial_state": "default",
            "states": {
                "default": {
                    "transitions": [
						{
                            "fp6.no_ammo": "q.get_equipped_item_name(0) == 'fp6_empty' && !q.is_powered && !q.is_sneaking"
                        }
                    ],
					"blend_transition": 0.2
                },
                "fp6.no_ammo": {
                    "animations": [
						"fp6.no_ammo"
					],
                    "transitions": [
						{
                            "default": "q.get_equipped_item_name(0) != 'fp6_empty' || q.is_powered || q.is_sneaking"
                        }
                    ],
					"blend_transition": 0.2
                }
            }
        },
        "controller.animation.player.oblivion.no_ammo": {
            "initial_state": "default",
            "states": {
                "default": {
                    "transitions": [
						{
                            "oblivion.no_ammo": "q.get_equipped_item_name(0) == 'oblivion_empty' && !q.is_powered && !q.is_sneaking"
                        }
                    ],
					"blend_transition": 0.2
                },
                "oblivion.no_ammo": {
                    "animations": [
						"oblivion.no_ammo"
					],
                    "transitions": [
						{
                            "default": "q.get_equipped_item_name(0) != 'oblivion_empty' || q.is_powered || q.is_sneaking"
                        }
                    ],
					"blend_transition": 0.2
                }
            }
        },
		
        "controller.animation.player.chainsaw.no_ammo": {
            "initial_state": "default",
            "states": {
                "default": {
                    "transitions": [
						{
                            "chainsaw.no_ammo": "q.get_equipped_item_name(0) == 'chainsaw_empty' && !q.is_saddled"
                        }
                    ],
					"blend_transition": 0.2
                },
                "chainsaw.no_ammo": {
                    "animations": [
						"chainsaw.no_ammo"
					],
                    "transitions": [
						{
                            "default": "q.get_equipped_item_name(0) != 'chainsaw_empty' || q.is_saddled"
                        }
                    ],
					"blend_transition": 0.2
                }
            }
        },
		
        "controller.animation.player.third_person.chainsaw": {
            "initial_state": "default",
            "states": {
                "default": {
                    "animations": [
						"chainsaw.default"
					],
                    "transitions": [
						{
                            "chainsaw_draw_out": "v.chainsaw"
                        }
                    ]
                },
                "chainsaw_draw_out": {
                    "animations": [
						"chainsaw.draw_out.third_person"
					],
                    "transitions": [
						{
                            "default": "!v.chainsaw"
                        },
						{
                            "chainsaw_holding": "q.all_animations_finished"
                        },
						{
                            "chainsaw_killing": "v.chainsaw && q.is_saddled && q.mark_variant != 7"
                        },
						{
                            "chainsaw_killing2": "v.chainsaw && q.is_saddled && q.mark_variant == 7"
                        }
                    ]
                },
                "chainsaw_holding": {
                    "animations": [
						"chainsaw.holding.third_person"
					],
                    "transitions": [
						{
                            "default": "!v.chainsaw"
                        },
						{
                            "chainsaw_killing": "v.chainsaw && q.is_saddled && q.mark_variant != 7"
                        },
						{
                            "chainsaw_killing2": "v.chainsaw && q.is_saddled && q.mark_variant == 7"
                        }
                    ]
                },
                "chainsaw_killing": {
                    "animations": [
						"chainsaw.killing.third_person"
					],
                    "transitions": [
						{
                            "chainsaw_holding": "q.all_animations_finished || !q.is_saddled"
                        }
                    ]
                },
                "chainsaw_killing2": {
                    "animations": [
						"chainsaw.killing2.third_person"
					],
                    "transitions": [
						{
                            "chainsaw_holding": "q.all_animations_finished || !q.is_saddled"
                        }
                    ]
                }
            }
        },
		
        "controller.animation.player.first_person.chainsaw": {
            "initial_state": "default",
            "states": {
                "default": {
                    "animations": [
						"chainsaw.default"
					],
                    "transitions": [
						{
                            "chainsaw_draw_out": "v.chainsaw"
                        }
                    ]
                },
                "chainsaw_draw_out": {
                    "animations": [
						"chainsaw.draw_out.first_person"
					],
                    "transitions": [
						{
                            "default": "!v.chainsaw"
                        },
						{
                            "chainsaw_holding": "q.all_animations_finished"
                        },
						{
                            "chainsaw_killing": "v.chainsaw && q.is_saddled && q.mark_variant != 7"
                        },
						{
                            "chainsaw_killing2": "v.chainsaw && q.is_saddled && q.mark_variant == 7"
                        }
                    ]
                },
                "chainsaw_holding": {
                    "animations": [
						"chainsaw.holding.first_person"
					],
                    "transitions": [
						{
                            "default": "!v.chainsaw"
                        },
						{
                            "chainsaw_killing": "v.chainsaw && q.is_saddled && q.mark_variant != 7"
                        },
						{
                            "chainsaw_killing2": "v.chainsaw && q.is_saddled && q.mark_variant == 7"
                        }
                    ]
                },
                "chainsaw_killing": {
                    "animations": [
						"chainsaw.killing.first_person"
					],
                    "transitions": [
						{
                            "chainsaw_holding": "q.any_animation_finished || !q.is_saddled"
                        }
                    ]
                },
                "chainsaw_killing2": {
                    "animations": [
						"chainsaw.killing2.first_person"
					],
                    "transitions": [
						{
                            "chainsaw_holding": "q.any_animation_finished || !q.is_saddled"
                        }
                    ]
                }
            }
        },
		
        "controller.animation.player.third_person.flamethrower": {
            "initial_state": "default",
            "states": {
                "default": {
                    "animations": [
						"flamethrower.default"
					],
                    "transitions": [
						{
                            "flamethrower_draw_out": "v.flamethrower"
                        }
                    ]
                },
                "flamethrower_draw_out": {
                    "animations": [
						"flamethrower.draw_out.third_person"
					],
                    "transitions": [
						{
                            "flamethrower_draw_back": "!v.flamethrower"
                        },
						{
                            "flamethrower_holding": "q.all_animations_finished"
                        },
						{
                            "flamethrower_reloading": "v.flamethrower && q.is_powered"
                        }
                    ]
                },
                "flamethrower_draw_back": {
                    "animations": [
						"flamethrower.draw_back.third_person"
					],
                    "transitions": [
						{
                            "default": "q.all_animations_finished"
                        }
                    ]
                },
                "flamethrower_holding": {
                    "animations": [
						"flamethrower.holding.third_person"
					],
                    "transitions": [
						{
                            "flamethrower_draw_back": "!v.flamethrower"
                        },
						{
                            "flamethrower_holding_scoped": "v.flamethrower && q.is_sneaking"
                        },
						{
                            "flamethrower_reloading": "v.flamethrower && q.is_powered"
                        }
                    ]
                },
                "flamethrower_holding_scoped": {
                    "animations": [
						"flamethrower.holding_scoped.third_person"
					],
                    "transitions": [
						{
                            "flamethrower_draw_back": "!v.flamethrower"
                        },
						{
                            "flamethrower_holding": "v.flamethrower && !q.is_sneaking"
                        },
						{
                            "flamethrower_reloading": "v.flamethrower && q.is_powered"
                        }
                    ]
                },
                "flamethrower_reloading": {
                    "animations": [
						"flamethrower.reload.third_person"
					],
                    "transitions": [
						{
                            "flamethrower_draw_back": "!v.flamethrower"
                        },
						{
                            "flamethrower_holding": "v.flamethrower && q.all_animations_finished || !q.is_powered"
                        }
                    ]
                }
            }
        },
		
        "controller.animation.player.first_person.flamethrower": {
            "initial_state": "default",
            "states": {
                "default": {
                    "animations": [
						"flamethrower.default"
					],
                    "transitions": [
						{
                            "flamethrower_draw_out": "v.flamethrower"
                        }
                    ]
                },
                "flamethrower_draw_out": {
                    "animations": [
						"flamethrower.draw_out.first_person"
					],
                    "transitions": [
						{
                            "default": "!v.flamethrower"
                        },
						{
                            "flamethrower_scoping_in": "v.flamethrower && q.is_sneaking"
                        },
						{
                            "flamethrower_holding": "q.all_animations_finished"
                        },
						{
                            "flamethrower_reloading": "v.flamethrower && q.is_powered"
                        }
                    ]
                },
                "flamethrower_holding": {
                    "animations": [
						"flamethrower.holding.first_person"
					],
                    "transitions": [
						{
                            "flamethrower_scoping_in": "v.flamethrower && q.is_sneaking"
                        },
						{
                            "default": "!v.flamethrower"
                        },
						{
                            "flamethrower_reloading": "v.flamethrower && q.is_powered"
                        }
                    ]
                },
                "flamethrower_scoping_in": {
                    "animations": [
						"flamethrower.scoping_in.first_person"
					],
                    "transitions": [
						{
                            "flamethrower_scoping_out": "!q.is_sneaking"
                        },
						{
                            "flamethrower_holding_scoped": "q.all_animations_finished"
                        }
                    ]
                },
                "flamethrower_scoping_out": {
                    "animations": [
						"flamethrower.scoping_out.first_person"
					],
                    "transitions": [
						{
                            "flamethrower_holding": "q.all_animations_finished"
                        }
                    ]
                },
                "flamethrower_holding_scoped": {
                    "animations": [
						"flamethrower.holding_scoped.first_person"
					],
                    "transitions": [
						{
                            "default": "!v.flamethrower"
                        },
						{
                            "flamethrower_scoping_out": "v.flamethrower && !q.is_sneaking"
                        },
						{
                            "flamethrower_reloading": "v.flamethrower && q.is_powered"
                        }
                    ]
                },
                "flamethrower_reloading": {
                    "animations": [
						"flamethrower.reload.first_person"
					],
                    "transitions": [
						{
                            "default": "!v.flamethrower"
                        },
						{
                            "flamethrower_holding": "v.flamethrower && q.all_animations_finished || !q.is_powered"
                        }
                    ]
                }
            }
        },
        "controller.animation.player.shooting.flamethrower": {
            "initial_state": "default",
            "states": {
                "default": {
                    "transitions": [
						{
                            "flamethrower_shooting_first_person": "q.get_equipped_item_name(0) == 'flamethrower' && q.is_using_item"
                        }
                    ],
					"blend_transition": 0.2
                },
                "flamethrower_shooting_first_person": {
                    "animations": [
						"flamethrower.first_person.shooting_recoil",
						"flamethrower.shooting.first_person"
					],
                    "transitions": [
						{
                            "default": "!q.is_using_item || q.get_equipped_item_name(0) != 'flamethrower'"
                        }
                    ],
					"blend_transition": 0.2
                }
            }
        },
		
        "controller.animation.player.flamethrower.no_ammo": {
            "initial_state": "default",
            "states": {
                "default": {
                    "transitions": [
						{
                            "flamethrower.no_ammo": "q.get_equipped_item_name(0) == 'flamethrower_empty' && !q.is_powered && !q.is_sneaking"
                        }
                    ],
					"blend_transition": 0.2
                },
                "flamethrower.no_ammo": {
                    "animations": [
						"flamethrower.no_ammo"
					],
                    "transitions": [
						{
                            "default": "q.get_equipped_item_name(0) != 'flamethrower_empty' || q.is_powered || q.is_sneaking"
                        }
                    ],
					"blend_transition": 0.2
                }
            }
        },
        "controller.animation.player.third_person.p250": {
            "initial_state": "default",
            "states": {
                "default": {
                    "animations": [
						"p250.default"
					],
                    "transitions": [
						{
                            "p250_draw_out": "v.p250"
                        }
                    ]
                },
                "p250_draw_out": {
                    "animations": [
						"p250.draw_out.third_person"
					],
                    "transitions": [
						{
                            "p250_draw_back": "!v.p250"
                        },
						{
                            "p250_holding": "q.all_animations_finished"
                        }
                    ]
                },
                "p250_draw_back": {
                    "animations": [
						"p250.draw_back.third_person"
					],
                    "transitions": [
						{
                            "default": "q.all_animations_finished"
                        }
                    ]
                },
                "p250_holding": {
                    "animations": [
						"p250.holding.third_person"
					],
                    "transitions": [
						{
                            "p250_draw_back": "!v.p250"
                        },
						{
                            "p250_holding_scoped": "v.p250 && q.is_sneaking"
                        }
                    ]
                },
                "p250_holding_scoped": {
                    "animations": [
						"p250.holding_scoped.third_person"
					],
                    "transitions": [
						{
                            "p250_draw_back": "!v.p250"
                        },
						{
                            "p250_holding": "v.p250 && !q.is_sneaking"
                        }
                    ]
                }
            }
        },
		
        "controller.animation.player.first_person.p250": {
            "initial_state": "default",
            "states": {
                "default": {
                    "animations": [
						"p250.default"
					],
                    "transitions": [
						{
                            "p250_draw_out": "v.p250"
                        }
                    ]
                },
                "p250_draw_out": {
                    "animations": [
						"p250.draw_out.first_person"
					],
                    "transitions": [
						{
                            "default": "!v.p250"
                        },
						{
                            "p250_scoping_in": "v.p250 && q.is_sneaking"
                        },
						{
                            "p250_holding": "q.all_animations_finished"
                        }
                    ]
                },
                "p250_holding": {
                    "animations": [
						"p250.holding.first_person"
					],
                    "transitions": [
						{
                            "p250_scoping_in": "v.p250 && q.is_sneaking"
                        },
						{
                            "default": "!v.p250"
                        }
                    ]
                },
                "p250_scoping_in": {
                    "animations": [
						"p250.scoping_in.first_person"
					],
                    "transitions": [
						{
                            "p250_scoping_out": "!q.is_sneaking"
                        },
						{
                            "p250_holding_scoped": "q.all_animations_finished"
                        }
                    ]
                },
                "p250_scoping_out": {
                    "animations": [
						"p250.scoping_out.first_person"
					],
                    "transitions": [
						{
                            "p250_holding": "q.all_animations_finished"
                        }
                    ]
                },
                "p250_holding_scoped": {
                    "animations": [
						"p250.holding_scoped.first_person"
					],
                    "transitions": [
						{
                            "default": "!v.p250"
                        },
						{
                            "p250_scoping_out": "v.p250 && !q.is_sneaking"
                        }
                    ]
                }
            }
        },
        "controller.animation.player.shooting.p250": {
            "initial_state": "default",
            "states": {
                "default": {
                    "transitions": [
						{
                            "p250_shooting_first_person": "q.get_equipped_item_name(0) == 'p250' && q.is_using_item && v.is_first_person"
                        }
                    ],
					"blend_transition": 0.2
                },
                "p250_shooting_first_person": {
                    "animations": [
						"p250.first_person.shooting_recoil"
					],
                    "transitions": [
						{
                            "default": "!q.is_using_item || q.get_equipped_item_name(0) != 'p250'"
                        }
                    ],
					"blend_transition": 0.2
                }
            }
        },
		
        "controller.animation.player.p250.no_ammo": {
            "initial_state": "default",
            "states": {
                "default": {
                    "transitions": [
						{
                            "p250.no_ammo": "q.get_equipped_item_name(0) == 'p250_empty' && !q.is_powered && !q.is_sneaking"
                        }
                    ],
					"blend_transition": 0.2
                },
                "p250.no_ammo": {
                    "animations": [
						"p250.no_ammo"
					],
                    "transitions": [
						{
                            "default": "q.get_equipped_item_name(0) != 'p250_empty' || q.is_powered || q.is_sneaking"
                        }
                    ],
					"blend_transition": 0.2
                }
            }
        }
    }
}