{
	"format_version": "1.16.100",
	"minecraft:item": {
		"description": {
			"identifier": "dragonmounts:storm_dragonscale_boots",
			"category": "equipment"
		},
		"components": {
			"minecraft:max_stack_size": 1,
			"minecraft:display_name": {
				"value": "item.dragonmounts:storm_dragonscale_boots.name"
			},
			"minecraft:armor": {
				"protection": 4
			},
			"minecraft:icon": {
				"texture": "storm_dragonscale_boots"
			},
			"minecraft:creative_category": {
				"parent": "itemGroup.name.boots"
			},
			"minecraft:wearable": {
				"slot": "slot.armor.feet"
			},
			"minecraft:durability": {
				"max_durability": 1678
			},
			"minecraft:knockback_resistance": {
				"protection": 0.1
			},
			"minecraft:enchantable": {
				"value": 30,
				"slot": "armor_feet"
			},
			"minecraft:repairable": {
				"repair_items": [
					{
						"items": [
							"dragonmounts:storm_dragonscales"
						],
						"repair_amount": "query.max_durability * 0.25"
					},
					{
						"items": [
							"dragonmounts:storm_dragonscale_boots"
						],
						"repair_amount": "context.other->query.remaining_durability + query.max_durability * 0.05"
					}
				]
			}
		}
	}
}