{
  "format_version": "1.8.0",
  "minecraft:entity": {
    "description": {
      "identifier": "minecraft:creeper",
      "minecraft:spawn_egg": {
        "value": true
      },
      "minecraft:is_summonable": {
        "value": true
      },
      "minecraft:is_experimental": {
        "value": false
      }
    },
    "component_groups": {
      },

      "components": {
        "minecraft:type_family": {
          "family": [ "happy_meal", "mcdonalds" ]
        },
        "minecraft:breathable": {
          "totalSupply": 15,
          "suffocateTime": 0
        },
        "minecraft:nameable": {
        },
        "minecraft:collision_box": {
          "width": 0.4,
          "height": 0.4
        },

        "minecraft:movement": {
          "value": 0.0
        },
        "minecraft:loot": {
          "table": "loot_tables/entities/none.json"
        },

        "minecraft:health": {
          "value": 20,
          "max": 20
        },

        "minecraft:damage_sensor": [
          {
            "deals_damage": false
          }
        ],
        "minecraft:physics": {
        }
      },

      "events": {
      }
    }
  }
