{
	"file_path": "C:\\Users\\Freddy\\AppData\\Local\\Packages\\Microsoft.MinecraftUWP_8wekyb3d8bbwe\\LocalState\\games\\com.mojang\\development_behavior_packs\\Spry Conquest Overhaul\\animation_controllers\\bridge\\commands_frostfire.json",
	"file_type": "animation_controller",
	"format_version": 1,
	"file_uuid": "94dad4e7_a3b2_4a6b_b795_d83bd3d064a5",
	"file_version": 8,
	"cache_content": {
		"children": [
			{
				"data": "1.10.0",
				"key": "format_version"
			},
			{
				"open": {
					"format_version": "1.10.0",
					"animation_controllers": {
						"controller.animation.bridge_frostfire.execute_commands": {
							"states": {
								"default": {
									"transitions": [
										{
											"execute_command_id_2": "query.skin_id == 2"
										},
										{
											"execute_command_id_1": "query.skin_id == 1"
										}
									]
								},
								"execute_command_id_1": {
									"transitions": [
										{
											"default": "query.skin_id != 1"
										}
									],
									"on_entry": [
										"/particle sc:ambient_frost_particle ~ ~ ~",
										"@s bridge:remove_command_id_1"
									]
								},
								"execute_command_id_2": {
									"transitions": [
										{
											"default": "query.skin_id != 2"
										}
									],
									"on_entry": [
										"/fill ~-2 ~-1 ~-1 ~1 ~2 ~1 frosted_ice 0 replace water",
										"@s bridge:remove_command_id_2"
									]
								}
							}
						},
						"controller.animation.frost": {
							"initial_state": "default",
							"states": {
								"default": {
									"transitions": [
										{
											"frost": "!query.is_delayed_attacking"
										}
									],
									"on_entry": [
										"/fill ~2 ~-1 ~2 ~-1 ~-1 ~-1 ice 0 replace water",
										"/fill ~2 ~-1 ~2 ~-1 ~-1 ~-1 ice 0 replace flowing_water"
									]
								},
								"frost": {
									"transitions": [
										{
											"default": "(1.0)"
										}
									],
									"on_entry": [
										"/fill ~2 ~-1 ~2 ~-1 ~-1 ~-1 ice 0 replace water",
										"/fill ~2 ~-1 ~2 ~-1 ~-1 ~-1 ice 0 replace flowing_water"
									]
								}
							}
						}
					}
				},
				"key": "animation_controllers",
				"children": [
					{
						"open": {
							"controller.animation.bridge_frostfire.execute_commands": {
								"states": {
									"default": {
										"transitions": [
											{
												"execute_command_id_2": "query.skin_id == 2"
											},
											{
												"execute_command_id_1": "query.skin_id == 1"
											}
										]
									},
									"execute_command_id_1": {
										"transitions": [
											{
												"default": "query.skin_id != 1"
											}
										],
										"on_entry": [
											"/particle sc:ambient_frost_particle ~ ~ ~",
											"@s bridge:remove_command_id_1"
										]
									},
									"execute_command_id_2": {
										"transitions": [
											{
												"default": "query.skin_id != 2"
											}
										],
										"on_entry": [
											"/fill ~-2 ~-1 ~-1 ~1 ~2 ~1 frosted_ice 0 replace water",
											"@s bridge:remove_command_id_2"
										]
									}
								}
							},
							"controller.animation.frost": {
								"initial_state": "default",
								"states": {
									"default": {
										"transitions": [
											{
												"frost": "!query.is_delayed_attacking"
											}
										],
										"on_entry": [
											"/fill ~2 ~-1 ~2 ~-1 ~-1 ~-1 ice 0 replace water",
											"/fill ~2 ~-1 ~2 ~-1 ~-1 ~-1 ice 0 replace flowing_water"
										]
									},
									"frost": {
										"transitions": [
											{
												"default": "(1.0)"
											}
										],
										"on_entry": [
											"/fill ~2 ~-1 ~2 ~-1 ~-1 ~-1 ice 0 replace water",
											"/fill ~2 ~-1 ~2 ~-1 ~-1 ~-1 ice 0 replace flowing_water"
										]
									}
								}
							}
						},
						"key": "controller.animation.bridge_frostfire.execute_commands",
						"children": [
							{
								"open": {
									"states": {
										"default": {
											"transitions": [
												{
													"execute_command_id_2": "query.skin_id == 2"
												},
												{
													"execute_command_id_1": "query.skin_id == 1"
												}
											]
										},
										"execute_command_id_1": {
											"transitions": [
												{
													"default": "query.skin_id != 1"
												}
											],
											"on_entry": [
												"/particle sc:ambient_frost_particle ~ ~ ~",
												"@s bridge:remove_command_id_1"
											]
										},
										"execute_command_id_2": {
											"transitions": [
												{
													"default": "query.skin_id != 2"
												}
											],
											"on_entry": [
												"/fill ~-2 ~-1 ~-1 ~1 ~2 ~1 frosted_ice 0 replace water",
												"@s bridge:remove_command_id_2"
											]
										}
									}
								},
								"key": "states",
								"children": [
									{
										"key": "default",
										"is_minified": true,
										"children": {
											"transitions": [
												{
													"execute_command_id_2": "query.skin_id == 2"
												},
												{
													"execute_command_id_1": "query.skin_id == 1"
												}
											]
										}
									},
									{
										"open": {
											"default": {
												"transitions": [
													{
														"execute_command_id_2": "query.skin_id == 2"
													},
													{
														"execute_command_id_1": "query.skin_id == 1"
													}
												]
											},
											"execute_command_id_1": {
												"transitions": [
													{
														"default": "query.skin_id != 1"
													}
												],
												"on_entry": [
													"/particle sc:ambient_frost_particle ~ ~ ~",
													"@s bridge:remove_command_id_1"
												]
											},
											"execute_command_id_2": {
												"transitions": [
													{
														"default": "query.skin_id != 2"
													}
												],
												"on_entry": [
													"/fill ~-2 ~-1 ~-1 ~1 ~2 ~1 frosted_ice 0 replace water",
													"@s bridge:remove_command_id_2"
												]
											}
										},
										"key": "execute_command_id_1",
										"children": [
											{
												"open": {
													"transitions": [
														{
															"default": "query.skin_id != 1"
														}
													],
													"on_entry": [
														"/particle sc:ambient_frost_particle ~ ~ ~",
														"@s bridge:remove_command_id_1"
													]
												},
												"key": "transitions",
												"children": [
													{
														"open": [
															{
																"default": "query.skin_id != 1"
															}
														],
														"is_minified": true,
														"children": {
															"default": "query.skin_id != 1"
														}
													}
												]
											},
											{
												"key": "on_entry",
												"is_minified": true,
												"children": [
													"/particle sc:ambient_frost_particle ~ ~ ~",
													"@s bridge:remove_command_id_1"
												]
											}
										]
									},
									{
										"open": {
											"default": {
												"transitions": [
													{
														"execute_command_id_2": "query.skin_id == 2"
													},
													{
														"execute_command_id_1": "query.skin_id == 1"
													}
												]
											},
											"execute_command_id_1": {
												"transitions": [
													{
														"default": "query.skin_id != 1"
													}
												],
												"on_entry": [
													"/particle sc:ambient_frost_particle ~ ~ ~",
													"@s bridge:remove_command_id_1"
												]
											},
											"execute_command_id_2": {
												"transitions": [
													{
														"default": "query.skin_id != 2"
													}
												],
												"on_entry": [
													"/fill ~-2 ~-1 ~-1 ~1 ~2 ~1 frosted_ice 0 replace water",
													"@s bridge:remove_command_id_2"
												]
											}
										},
										"key": "execute_command_id_2",
										"children": [
											{
												"open": {
													"transitions": [
														{
															"default": "query.skin_id != 2"
														}
													],
													"on_entry": [
														"/fill ~-2 ~-1 ~-1 ~1 ~2 ~1 frosted_ice 0 replace water",
														"@s bridge:remove_command_id_2"
													]
												},
												"key": "transitions",
												"children": [
													{
														"open": [
															{
																"default": "query.skin_id != 2"
															}
														],
														"is_minified": true,
														"children": {
															"default": "query.skin_id != 2"
														}
													}
												]
											},
											{
												"open": {
													"transitions": [
														{
															"default": "query.skin_id != 2"
														}
													],
													"on_entry": [
														"/fill ~-2 ~-1 ~-1 ~1 ~2 ~1 frosted_ice 0 replace water",
														"@s bridge:remove_command_id_2"
													]
												},
												"key": "on_entry",
												"is_minified": true,
												"children": [
													"/fill ~-2 ~-1 ~-1 ~1 ~2 ~1 frosted_ice 0 replace water",
													"@s bridge:remove_command_id_2"
												]
											}
										]
									}
								]
							}
						]
					},
					{
						"open": {
							"controller.animation.bridge_frostfire.execute_commands": {
								"states": {
									"default": {
										"transitions": [
											{
												"execute_command_id_2": "query.skin_id == 2"
											},
											{
												"execute_command_id_1": "query.skin_id == 1"
											}
										]
									},
									"execute_command_id_1": {
										"transitions": [
											{
												"default": "query.skin_id != 1"
											}
										],
										"on_entry": [
											"/particle sc:ambient_frost_particle ~ ~ ~",
											"@s bridge:remove_command_id_1"
										]
									},
									"execute_command_id_2": {
										"transitions": [
											{
												"default": "query.skin_id != 2"
											}
										],
										"on_entry": [
											"/fill ~-2 ~-1 ~-1 ~1 ~2 ~1 frosted_ice 0 replace water",
											"@s bridge:remove_command_id_2"
										]
									}
								}
							},
							"controller.animation.frost": {
								"initial_state": "default",
								"states": {
									"default": {
										"transitions": [
											{
												"frost": "!query.is_delayed_attacking"
											}
										],
										"on_entry": [
											"/fill ~2 ~-1 ~2 ~-1 ~-1 ~-1 ice 0 replace water",
											"/fill ~2 ~-1 ~2 ~-1 ~-1 ~-1 ice 0 replace flowing_water"
										]
									},
									"frost": {
										"transitions": [
											{
												"default": "(1.0)"
											}
										],
										"on_entry": [
											"/fill ~2 ~-1 ~2 ~-1 ~-1 ~-1 ice 0 replace water",
											"/fill ~2 ~-1 ~2 ~-1 ~-1 ~-1 ice 0 replace flowing_water"
										]
									}
								}
							}
						},
						"key": "controller.animation.frost",
						"children": [
							{
								"data": "default",
								"key": "initial_state"
							},
							{
								"open": {
									"initial_state": "default",
									"states": {
										"default": {
											"transitions": [
												{
													"frost": "!query.is_delayed_attacking"
												}
											],
											"on_entry": [
												"/fill ~2 ~-1 ~2 ~-1 ~-1 ~-1 ice 0 replace water",
												"/fill ~2 ~-1 ~2 ~-1 ~-1 ~-1 ice 0 replace flowing_water"
											]
										},
										"frost": {
											"transitions": [
												{
													"default": "(1.0)"
												}
											],
											"on_entry": [
												"/fill ~2 ~-1 ~2 ~-1 ~-1 ~-1 ice 0 replace water",
												"/fill ~2 ~-1 ~2 ~-1 ~-1 ~-1 ice 0 replace flowing_water"
											]
										}
									}
								},
								"key": "states",
								"children": [
									{
										"open": {
											"default": {
												"transitions": [
													{
														"frost": "!query.is_delayed_attacking"
													}
												],
												"on_entry": [
													"/fill ~2 ~-1 ~2 ~-1 ~-1 ~-1 ice 0 replace water",
													"/fill ~2 ~-1 ~2 ~-1 ~-1 ~-1 ice 0 replace flowing_water"
												]
											},
											"frost": {
												"transitions": [
													{
														"default": "(1.0)"
													}
												],
												"on_entry": [
													"/fill ~2 ~-1 ~2 ~-1 ~-1 ~-1 ice 0 replace water",
													"/fill ~2 ~-1 ~2 ~-1 ~-1 ~-1 ice 0 replace flowing_water"
												]
											}
										},
										"key": "default",
										"children": [
											{
												"open": {
													"transitions": [
														{
															"frost": "!query.is_delayed_attacking"
														}
													],
													"on_entry": [
														"/fill ~2 ~-1 ~2 ~-1 ~-1 ~-1 ice 0 replace water",
														"/fill ~2 ~-1 ~2 ~-1 ~-1 ~-1 ice 0 replace flowing_water"
													]
												},
												"key": "transitions",
												"children": [
													{
														"open": [
															{
																"frost": "!query.is_delayed_attacking"
															}
														],
														"is_minified": true,
														"children": {
															"frost": "!query.is_delayed_attacking"
														}
													}
												]
											},
											{
												"open": {
													"transitions": [
														{
															"frost": "!query.is_delayed_attacking"
														}
													],
													"on_entry": [
														"/fill ~2 ~-1 ~2 ~-1 ~-1 ~-1 ice 0 replace water",
														"/fill ~2 ~-1 ~2 ~-1 ~-1 ~-1 ice 0 replace flowing_water"
													]
												},
												"key": "on_entry",
												"is_minified": true,
												"children": [
													"/fill ~2 ~-1 ~2 ~-1 ~-1 ~-1 ice 0 replace water",
													"/fill ~2 ~-1 ~2 ~-1 ~-1 ~-1 ice 0 replace flowing_water"
												]
											}
										]
									},
									{
										"open": {
											"default": {
												"transitions": [
													{
														"frost": "!query.is_delayed_attacking"
													}
												],
												"on_entry": [
													"/fill ~2 ~-1 ~2 ~-1 ~-1 ~-1 ice 0 replace water",
													"/fill ~2 ~-1 ~2 ~-1 ~-1 ~-1 ice 0 replace flowing_water"
												]
											},
											"frost": {
												"transitions": [
													{
														"default": "(1.0)"
													}
												],
												"on_entry": [
													"/fill ~2 ~-1 ~2 ~-1 ~-1 ~-1 ice 0 replace water",
													"/fill ~2 ~-1 ~2 ~-1 ~-1 ~-1 ice 0 replace flowing_water"
												]
											}
										},
										"key": "frost",
										"children": [
											{
												"key": "transitions",
												"is_minified": true,
												"children": [
													{
														"default": "(1.0)"
													}
												]
											},
											{
												"open": {
													"transitions": [
														{
															"default": "(1.0)"
														}
													],
													"on_entry": [
														"/fill ~2 ~-1 ~2 ~-1 ~-1 ~-1 ice 0 replace water",
														"/fill ~2 ~-1 ~2 ~-1 ~-1 ~-1 ice 0 replace flowing_water"
													]
												},
												"key": "on_entry",
												"is_minified": true,
												"children": [
													"/fill ~2 ~-1 ~2 ~-1 ~-1 ~-1 ice 0 replace water",
													"/fill ~2 ~-1 ~2 ~-1 ~-1 ~-1 ice 0 replace flowing_water"
												]
											}
										]
									}
								]
							}
						]
					}
				]
			}
		]
	}
}