{
	"file_path": "C:\\Users\\Freddy\\AppData\\Local\\Packages\\Microsoft.MinecraftUWP_8wekyb3d8bbwe\\LocalState\\games\\com.mojang\\development_behavior_packs\\Spry Conquest Overhaul\\animation_controllers\\bridge\\frostfire.animations.controller.json",
	"file_type": "animation_controller",
	"format_version": 1,
	"file_uuid": "79ce6fcc_b1a6_4941_9d97_b031ccc3176e",
	"file_version": 4,
	"cache_content": {
		"children": [
			{
				"data": "1.10.0",
				"key": "format_version"
			},
			{
				"open": {
					"format_version": "1.10.0",
					"animation_controllers": {
						"controller.animation.frost_walk": {
							"initial_state": "default",
							"states": {
								"default": {
									"transitions": [
										{
											"frost": "(1.0)"
										}
									],
									"on_entry": [
										"/fill ~2 ~-1 ~2 ~-1 ~-1 ~-1 frosted_ice 0 replace water",
										"/fill ~2 ~-1 ~2 ~-1 ~-1 ~-1 frosted_ice 0 replace flowing_water",
										"/fill ~2 ~-1 ~2 ~-1 ~-1 ~-1 frosted_ice 0 replace frosted_ice"
									]
								},
								"frost": {
									"transitions": [
										{
											"default": "(1.0)"
										}
									],
									"on_entry": [
										"/fill ~2 ~-1 ~2 ~-1 ~-1 ~-1 frosted_ice 0 replace water",
										"/fill ~2 ~-1 ~2 ~-1 ~-1 ~-1 frosted_ice0 replace flowing_water",
										"/fill ~2 ~-1 ~2 ~-1 ~-1 ~-1 frosted_ice 0 replace frosted_ice"
									]
								}
							}
						}
					}
				},
				"key": "animation_controllers",
				"children": [
					{
						"open": {
							"controller.animation.frost_walk": {
								"initial_state": "default",
								"states": {
									"default": {
										"transitions": [
											{
												"frost": "(1.0)"
											}
										],
										"on_entry": [
											"/fill ~2 ~-1 ~2 ~-1 ~-1 ~-1 frosted_ice 0 replace water",
											"/fill ~2 ~-1 ~2 ~-1 ~-1 ~-1 frosted_ice 0 replace flowing_water",
											"/fill ~2 ~-1 ~2 ~-1 ~-1 ~-1 frosted_ice 0 replace frosted_ice"
										]
									},
									"frost": {
										"transitions": [
											{
												"default": "(1.0)"
											}
										],
										"on_entry": [
											"/fill ~2 ~-1 ~2 ~-1 ~-1 ~-1 frosted_ice 0 replace water",
											"/fill ~2 ~-1 ~2 ~-1 ~-1 ~-1 frosted_ice0 replace flowing_water",
											"/fill ~2 ~-1 ~2 ~-1 ~-1 ~-1 frosted_ice 0 replace frosted_ice"
										]
									}
								}
							}
						},
						"key": "controller.animation.frost_walk",
						"children": [
							{
								"data": "default",
								"key": "initial_state"
							},
							{
								"open": {
									"initial_state": "default",
									"states": {
										"default": {
											"transitions": [
												{
													"frost": "(1.0)"
												}
											],
											"on_entry": [
												"/fill ~2 ~-1 ~2 ~-1 ~-1 ~-1 frosted_ice 0 replace water",
												"/fill ~2 ~-1 ~2 ~-1 ~-1 ~-1 frosted_ice 0 replace flowing_water",
												"/fill ~2 ~-1 ~2 ~-1 ~-1 ~-1 frosted_ice 0 replace frosted_ice"
											]
										},
										"frost": {
											"transitions": [
												{
													"default": "(1.0)"
												}
											],
											"on_entry": [
												"/fill ~2 ~-1 ~2 ~-1 ~-1 ~-1 frosted_ice 0 replace water",
												"/fill ~2 ~-1 ~2 ~-1 ~-1 ~-1 frosted_ice0 replace flowing_water",
												"/fill ~2 ~-1 ~2 ~-1 ~-1 ~-1 frosted_ice 0 replace frosted_ice"
											]
										}
									}
								},
								"key": "states",
								"children": [
									{
										"open": {
											"default": {
												"transitions": [
													{
														"frost": "(1.0)"
													}
												],
												"on_entry": [
													"/fill ~2 ~-1 ~2 ~-1 ~-1 ~-1 frosted_ice 0 replace water",
													"/fill ~2 ~-1 ~2 ~-1 ~-1 ~-1 frosted_ice 0 replace flowing_water",
													"/fill ~2 ~-1 ~2 ~-1 ~-1 ~-1 frosted_ice 0 replace frosted_ice"
												]
											},
											"frost": {
												"transitions": [
													{
														"default": "(1.0)"
													}
												],
												"on_entry": [
													"/fill ~2 ~-1 ~2 ~-1 ~-1 ~-1 frosted_ice 0 replace water",
													"/fill ~2 ~-1 ~2 ~-1 ~-1 ~-1 frosted_ice0 replace flowing_water",
													"/fill ~2 ~-1 ~2 ~-1 ~-1 ~-1 frosted_ice 0 replace frosted_ice"
												]
											}
										},
										"key": "default",
										"children": [
											{
												"open": {
													"transitions": [
														{
															"frost": "(1.0)"
														}
													],
													"on_entry": [
														"/fill ~2 ~-1 ~2 ~-1 ~-1 ~-1 frosted_ice 0 replace water",
														"/fill ~2 ~-1 ~2 ~-1 ~-1 ~-1 frosted_ice 0 replace flowing_water",
														"/fill ~2 ~-1 ~2 ~-1 ~-1 ~-1 frosted_ice 0 replace frosted_ice"
													]
												},
												"key": "transitions",
												"children": [
													{
														"open": [
															{
																"frost": "(1.0)"
															}
														],
														"is_minified": true,
														"children": {
															"frost": "(1.0)"
														}
													}
												]
											},
											{
												"open": {
													"transitions": [
														{
															"frost": "(1.0)"
														}
													],
													"on_entry": [
														"/fill ~2 ~-1 ~2 ~-1 ~-1 ~-1 frosted_ice 0 replace water",
														"/fill ~2 ~-1 ~2 ~-1 ~-1 ~-1 frosted_ice 0 replace flowing_water",
														"/fill ~2 ~-1 ~2 ~-1 ~-1 ~-1 frosted_ice 0 replace frosted_ice"
													]
												},
												"key": "on_entry",
												"is_minified": true,
												"children": [
													"/fill ~2 ~-1 ~2 ~-1 ~-1 ~-1 frosted_ice 0 replace water",
													"/fill ~2 ~-1 ~2 ~-1 ~-1 ~-1 frosted_ice 0 replace flowing_water",
													"/fill ~2 ~-1 ~2 ~-1 ~-1 ~-1 frosted_ice 0 replace frosted_ice"
												]
											}
										]
									},
									{
										"open": {
											"default": {
												"transitions": [
													{
														"frost": "(1.0)"
													}
												],
												"on_entry": [
													"/fill ~2 ~-1 ~2 ~-1 ~-1 ~-1 frosted_ice 0 replace water",
													"/fill ~2 ~-1 ~2 ~-1 ~-1 ~-1 frosted_ice 0 replace flowing_water",
													"/fill ~2 ~-1 ~2 ~-1 ~-1 ~-1 frosted_ice 0 replace frosted_ice"
												]
											},
											"frost": {
												"transitions": [
													{
														"default": "(1.0)"
													}
												],
												"on_entry": [
													"/fill ~2 ~-1 ~2 ~-1 ~-1 ~-1 frosted_ice 0 replace water",
													"/fill ~2 ~-1 ~2 ~-1 ~-1 ~-1 frosted_ice0 replace flowing_water",
													"/fill ~2 ~-1 ~2 ~-1 ~-1 ~-1 frosted_ice 0 replace frosted_ice"
												]
											}
										},
										"key": "frost",
										"children": [
											{
												"key": "transitions",
												"is_minified": true,
												"children": [
													{
														"default": "(1.0)"
													}
												]
											},
											{
												"open": {
													"transitions": [
														{
															"default": "(1.0)"
														}
													],
													"on_entry": [
														"/fill ~2 ~-1 ~2 ~-1 ~-1 ~-1 frosted_ice 0 replace water",
														"/fill ~2 ~-1 ~2 ~-1 ~-1 ~-1 frosted_ice0 replace flowing_water",
														"/fill ~2 ~-1 ~2 ~-1 ~-1 ~-1 frosted_ice 0 replace frosted_ice"
													]
												},
												"key": "on_entry",
												"is_minified": true,
												"children": [
													"/fill ~2 ~-1 ~2 ~-1 ~-1 ~-1 frosted_ice 0 replace water",
													"/fill ~2 ~-1 ~2 ~-1 ~-1 ~-1 frosted_ice0 replace flowing_water",
													"/fill ~2 ~-1 ~2 ~-1 ~-1 ~-1 frosted_ice 0 replace frosted_ice"
												]
											}
										]
									}
								]
							}
						]
					}
				]
			}
		]
	}
}