{
  "format_version": "1.13.0",
  "minecraft:entity": {

    "description": {
      "identifier": "cre:aguia",
      "is_spawnable": true,
      "is_summonable": true,
      "is_experimental": false
    },

    "component_groups": {

    },

    "components": {
      "minecraft:experience_reward": {
        "on_death": "query.last_hit_by_player ? 5 : 0"
      },
      "minecraft:type_family": {
        "family": [ "aguia" ]
      },
       "minecraft:scale": {
          "value": 1.15
      },
      "minecraft:loot": {
        "table": "loot_tables/entities/aguia.json"
      },
      "minecraft:nameable": {
      },
      "minecraft:health": {
        "value": 15,
        "max": 15
      },
      "minecraft:hurt_on_condition": {
        "damage_conditions": [
          {
            "filters": { "test": "in_lava", "subject": "self", "operator": "==", "value": true },
            "cause": "lava",
            "damage_per_tick": 4
          }
        ]
      },
      "minecraft:physics": {
        "has_gravity": false
      },
      "minecraft:pushable": {
        "is_pushable": true,
        "is_pushable_by_piston": true
      },

      "minecraft:attack": {
        "damage": 5
      },
      "minecraft:breathable": {
        "total_supply": 15,
        "suffocate_time": 0,
        "breathes_air": true,
        "breathes_water": false
      },
      "minecraft:collision_box": {
        "width": 0.9,
        "height": 0.5
      },
      "minecraft:movement": {
        "value": 1.8
      },
      "minecraft:movement.glide": {
        "start_speed": 0.1,
        "speed_when_turning": 0.2
      },
      "minecraft:follow_range": {
        "value": 64,
        "max": 64
      },
      "minecraft:behavior.nearest_attackable_target": {
        "priority": 1,
        "within_radius": 64,
        "reselect_targets": true,
        "entity_types": [
          {
            "filters": {
              "test": "is_family",
              "subject": "other",
              "value": "rabbit"
            },
            "max_dist": 64
          },
          {
            "filters": {
              "test": "is_family",
              "subject": "other",
              "value": "rato"
            },
            "max_dist": 64
          },
          {
            "filters": {
              "test": "is_family",
              "subject": "other",
              "value": "chinchila"
            },
            "max_dist": 64
          }
        ],
        "must_see": false,
        "must_see_forget_duration": 0.5,
        "scan_interval": 20,
        "target_search_height": 80.0
      },
      "minecraft:behavior.swoop_attack": {
        "priority": 2,
        "delay_range": [ 10.0, 20.0 ]
      },
      "minecraft:behavior.circle_around_anchor": {
        "priority": 3,
        "radius_range": [ 5.0, 15.0 ],
        "radius_change_chance": 250,
        "height_above_target_range": [ 20.0, 40.0 ],
        "height_offset_range": [ -4.0, 5.0 ],
        "height_change_chance": 350,
        "goal_radius": 1.0
      }
    }
  }
}