{
  "format_version": "1.14.0",
  "minecraft:entity": {
    "description": {
      "identifier": "cre:cacatua_baby",
      "is_spawnable": false,
      "is_summonable": true,
      "is_experimental": false
    },

    "component_groups": {

      "minecraft:cacatua": {
      "minecraft:scale": {
        "value": 0.4
        },
        "minecraft:loot": {
          "table": "loot_tables/entities/parrot.json"
        }
      },
	  
      "minecraft:cacatua_become_adult": {
        "minecraft:variant": {
          "value": 1
        },
        "minecraft:transformation": {
          "into": "cre:cacatua",
          "delay": {
            "value": 5
          }
        }
      }
    },

    "components": {
      "minecraft:breathable": {
        "total_supply": 15,
        "suffocate_time": 0
      },
      "minecraft:collision_box": {
        "width": 0.4,
        "height": 0.8
      },
      "minecraft:nameable": {
      },
      "minecraft:timer": {
        "time": [ 1200, 1200 ],
        "time_down_event": {
          "event": "to_adult_mode",
          "target": "self"
        }
      },
      "minecraft:health": {
        "value": 5,
        "max": 5
      },
      "minecraft:hurt_on_condition": {
        "damage_conditions": [
          {
            "filters": { "test": "in_lava", "subject": "self", "operator": "==", "value": true },
            "cause": "lava",
            "damage_per_tick": 4
          }
        ]
      },
      "minecraft:movement": {
        "value": 0.2
      },
      "minecraft:damage_sensor": {
        "triggers": {
          "cause": "fall",
          "deals_damage": false
        }
      },
      "minecraft:jump.static": {
      },
      "minecraft:navigation.walk": {
        "can_path_over_water": true,
        "avoid_water": true,
        "avoid_damage_blocks": true
      },
      "minecraft:behavior.random_stroll": {
        "priority": 2,
        "speed_multiplier": 1.25
      },
      "minecraft:behavior.random_look_around": {
        "priority": 6
      },
      "minecraft:movement.basic": {
      },
      "minecraft:physics": {
      },
      "minecraft:pushable": {
        "is_pushable": true,
        "is_pushable_by_piston": true
      },
      "minecraft:behavior.float": {
        "priority": 0
      },
      "minecraft:behavior.panic": {
        "priority": 0,
        "speed_multiplier": 1.25
      },
      "minecraft:healable": {
        "force_use": true,
        "filters": { "test": "is_riding", "operator": "!=", "value": true },
        "items": [
          {
            "item": "cookie",
            "heal_amount": 0,
            "effects": [
              {
                "name": "fatal_poison",
                "chance": 1.0,
                "duration": 1000,
                "amplifier": 0
              }
            ]
          }
        ]
      },
      "minecraft:leashable": {
        "soft_distance": 4.0,
        "hard_distance": 6.0,
        "max_distance": 10.0
      }
    },

    "events": {
      "to_adult_mode": {
        "remove": {
        },
        "add": {
          "component_groups": [
            "minecraft:cacatua_become_adult"
          ]
        }
      },
      "minecraft:entity_spawned": {
        "randomize": [
          {
            "weight": 95,
            "add": {
              "component_groups": [
                "minecraft:cacatua"
              ]
            }
          }
        ]
      },
      "minecraft:entity_transformed": {
        "remove": {
        },
        "add": {
          "component_groups": [
            "minecraft:cacatua"
          ]
        }
      }
    }
  }
}
