{
  "format_version": "1.13.0",
  "minecraft:entity": {
    "description": {
      "identifier": "cre:chimpanze",
      "is_spawnable": true,
      "is_summonable": true,
      "is_experimental": false
    },

    "component_groups": {

      "minecraft:baby": {
        "minecraft:is_baby": {
        },
		  "minecraft:scale": {
          "value": 0.4
        },
      "minecraft:type_family": {
        "family": [ "chimpanze_baby" ]
      },
        "minecraft:tameable": {
          "probability": 0.33,
          "tame_items": "melon",
          "tame_event": {
            "event": "minecraft:on_tame",
            "target": "self"
          }
        },
        "minecraft:ageable": {
          "duration": 1200,
          "feed_items": [
            "apple"
          ],
          "grow_up": {
            "event": "minecraft:ageable_grow_up",
            "target": "self"
          }
        },
        "minecraft:behavior.follow_parent": {
          "priority": 6,
          "speed_multiplier": 1.15
        },
        "minecraft:behavior.find_mount": {
          "priority": 3,
          "within_radius": 16,
          "avoid_water": true,
          "start_delay": 100,
          "target_needed": false,
          "mount_distance": 2.0
        }
      },

      "minecraft:adult": {
        "minecraft:experience_reward": {
          "on_bred": "Math.Random(1,7)",
          "on_death": "query.last_hit_by_player ? Math.Random(1,3) : 0"
        },
        "minecraft:behavior.breed": {
          "priority": 2
        },
      "minecraft:rideable": {
        "seat_count": 1,
        "family_types": [
          "chimpanze_baby"
        ],
        "pull_in_entities": true,
        "seats": [
          {
            "position": [ 0.0, 0.6, 0.0 ],
            "min_rider_count": 0,
            "max_rider_count": 0,
            "lock_rider_rotation": 0
          }
        ]
      },
        "minecraft:loot": {
          "table": "loot_tables/entities/mob.json"
        },
        "minecraft:breedable": {
          "require_tame": false,
          "breeds_with": {
            "mate_type": "cre:chimpanze",
            "baby_type": "cre:chimpanze",
            "breed_event": {
              "event": "minecraft:entity_born",
              "target": "baby"
            }
          },
          "breed_items": [
            "melon"
          ]
        }
      },

      "minecraft:wild": {
      },

      "minecraft:tame": {
        "minecraft:is_tamed": {
        },
        "minecraft:health": {
          "value": 30,
          "max": 30
        },
        "minecraft:behavior.breed": {
          "priority": 3
        },
        "minecraft:leashable": {
          "soft_distance": 4.0,
          "hard_distance": 6.0,
          "max_distance": 10.0,
          "on_leash": {
            "event": "minecraft:on_leash",
            "target": "self"
          },
          "on_unleash": {
            "event": "minecraft:on_unleash",
            "target": "self"
          }
        }
      }
    },


    "components": {
      "minecraft:nameable": {
      },
      "minecraft:type_family": {
        "family": [ "chimpanze" ]
      },
      "minecraft:breathable": {
        "total_supply": 15,
        "suffocate_time": 0
      },
      "minecraft:collision_box": {
        "width": 0.9,
        "height": 1.0
      },
      "minecraft:health": {
        "value": 25,
        "max": 25
      },
      "minecraft:hurt_on_condition": {
        "damage_conditions": [
          {
            "filters": { "test": "in_lava", "subject": "self", "operator": "==", "value": true },
            "cause": "lava",
            "damage_per_tick": 4
          }
        ]
      },
      "minecraft:movement": {
        "value": 0.3
      },
      "minecraft:navigation.walk": {
        "can_path_over_water": true,
        "avoid_water": true,
        "avoid_damage_blocks": true
      },
      "minecraft:movement.basic": {
      },
      "minecraft:jump.static": {
      },
      "minecraft:can_climb": {
      },
      "minecraft:behavior.float": {
        "priority": 0
      },
      "minecraft:behavior.leap_at_target": {
        "priority": 0,
        "target_dist": 0.8
      },
      "minecraft:behavior.melee_attack": {
        "priority": 2,
        "target_dist": 1.2,
        "track_target": true,
        "reach_multiplier": 1.0,
        "speed_multiplier": 1.35
      },
      "minecraft:attack": {
        "damage": 6
      },
      "minecraft:behavior.mount_pathing": {
        "priority": 1,
        "speed_multiplier": 1.25,
        "target_dist": 0,
        "track_target": true
      },
      "minecraft:behavior.random_stroll": {
        "priority": 1,
        "speed_multiplier": 1.35
      },
      "minecraft:behavior.random_look_around": {
        "priority": 5
      },
      "minecraft:behavior.look_at_player": {
        "priority": 16,
        "target_distance": 6.0,
        "probability": 0.02
      },
	    "minecraft:physics": {
      },
      "minecraft:pushable": {
        "is_pushable": true,
        "is_pushable_by_piston": true
      },
      "minecraft:persistent": {
      },
      "minecraft:follow_range": {
        "value": 64
      }
    },


    "events": {
      "minecraft:entity_spawned": {
        "randomize": [
          {
            "weight": 9,
            "remove": {
            },
            "add": {
              "component_groups": [
                "minecraft:adult",
                "minecraft:wild"
              ]
            }
          },
          {
            "weight": 1,
            "remove": {
            },
            "add": {
              "component_groups": [
                "minecraft:baby",
                "minecraft:wild"
              ]
            }
          }
        ]
      },

      "minecraft:entity_born": {
        "remove": {
        },
        "add": {
          "component_groups": [
            "minecraft:baby",
            "minecraft:wild"
          ]
        }
      },
	  
      "minecraft:entity_transformed": {
        "remove": {
        },
        "add": {
          "component_groups": [
            "minecraft:baby",
            "minecraft:wild"
          ]
        }
      },

      "minecraft:ageable_grow_up": {
        "remove": {
          "component_groups": [
            "minecraft:baby"
          ]
        },
        "add": {
          "component_groups": [
            "minecraft:adult"
          ]
        }
      },

      "minecraft:ageable_set_baby": {
        "remove": {
          "component_groups": [
            "minecraft:adult"
          ]
        },
        "add": {
          "component_groups": [
            "minecraft:baby"
          ]
        }
      },

      "minecraft:on_tame": {
        "remove": {
          "component_groups": [
            "minecraft:wild"
          ]
        },
        "add": {
          "component_groups": [
            "minecraft:tame"
          ]
        }
      }
    }
  }
}
