{
  "format_version": "1.13.0",
  "minecraft:entity": {
    "description": {
      "identifier": "cre:hiena",
      "is_spawnable": true,
      "is_summonable": true,
      "is_experimental": false
    },

    "component_groups": {

      "minecraft:hiena_baby": {
        "minecraft:is_baby": {
        },
		  "minecraft:scale": {
          "value": 0.5
        },
        "minecraft:tameable": {
          "probability": 0.33,
          "tame_items": "bone",
          "tame_event": {
            "event": "minecraft:on_tame",
            "target": "self"
          }
        },
        "minecraft:ageable": {
          "duration": 1200,
          "feed_items": [
            "beef"
          ],
          "grow_up": {
            "event": "minecraft:ageable_grow_up",
            "target": "self"
          }
        }
      },

      "minecraft:hiena_adult": {
        "minecraft:experience_reward": {
          "on_bred": "Math.Random(1,7)",
          "on_death": "query.last_hit_by_player ? Math.Random(1,3) : 0"
        },
		  "minecraft:scale": {
          "value": 1.25
        },
        "minecraft:behavior.breed": {
          "priority": 2
        },
        "minecraft:loot": {
          "table": "loot_tables/entities/giant.json"
        },
        "minecraft:breedable": {
          "require_tame": false,
          "breeds_with": {
            "mate_type": "cre:hiena",
            "baby_type": "cre:hiena",
            "breed_event": {
              "event": "minecraft:entity_born",
              "target": "baby"
            }
          },
          "breed_items": [
            "beef"
          ]
        }
      },

      "minecraft:hiena_baby_wild": {
      },
	  
      "minecraft:hiena_wild": {
      "minecraft:behavior.nearest_attackable_target": {
        "priority": 1,
        "reselect_targets": true,
        "entity_types": [
          {
            "filters": {
              "all_of": [
                {
                  "test": "in_water",
                  "subject": "other",
                  "value": true
                },
                {
                  "any_of": [
                    {
                      "test": "is_family",
                      "subject": "other",
                      "operator" : "not",
                      "value": "monster"
                    }
                  ]
                },
                {
                  "any_of": [
                    {
                      "test": "is_family",
                      "subject": "other",
                      "operator" : "not",
                      "value": "hiena"
                    }
                  ]
                },
                {
                  "any_of": [
                    {
                      "test": "is_family",
                      "subject": "other",
                      "operator" : "not",
                      "value": "turtle"
                    }
                  ]
                },
                {
                  "any_of": [
                    {
                      "test": "is_family",
                      "subject": "other",
                      "operator" : "not",
                      "value": "inanimate"
                    }
                  ]
                },
                {
                  "any_of": [
                    {
                      "test": "is_family",
                      "subject": "other",
                      "operator" : "not",
                      "value": "fish"
                    }
                  ]
                },
                {
                  "any_of": [
                    {
                      "test": "is_family",
                      "subject": "other",
                      "operator" : "not",
                      "value": "squid"
                    }
                  ]
                }
              ]
            },
            "max_dist": 40
          },
          {
            "filters": {
              "all_of": [
                {
                  "test": "in_water",
                  "subject": "other",
                  "value": true
                },
                {
                  "test": "is_family",
                  "subject": "other",
                  "value": "baby_turtle"
                }
              ]
            },
            "max_dist": 40
          },
          {
            "filters": {
              "all_of": [
                {
                  "test": "in_water",
                  "subject": "other",
                  "value": true
                },
                {
                  "test": "is_family",
                  "subject": "other",
                  "value": "fish"
                }
              ]
            },
            "max_dist":40
          },
          {
            "filters": {
              "all_of": [
                {
                  "test": "in_water",
                  "subject": "self",
                  "value": false
                },
                {
                  "any_of": [
                    {
                      "test": "is_family",
                      "subject": "other",
                      "operator" : "not",
                      "value": "monster"
                    }
                  ]
                },
                {
                  "any_of": [
                    {
                      "test": "is_family",
                      "subject": "other",
                      "operator" : "not",
                      "value": "hiena"
                    }
                  ]
                },
                {
                  "any_of": [
                    {
                      "test": "is_family",
                      "subject": "other",
                      "operator" : "not",
                      "value": "turtle"
                    }
                  ]
                },
                {
                  "any_of": [
                    {
                      "test": "is_family",
                      "subject": "other",
                      "operator" : "not",
                      "value": "inanimate"
                    }
                  ]
                }
              ]
            },
            "max_dist": 40
          },
          {
            "filters": {
              "all_of": [
                {
                  "any_of": [
                    {
                      "test": "is_family",
                      "subject": "other",
                      "operator" : "not",
                      "value": "hiena"
                    }
                  ]
                },
                {
                  "any_of": [
                    {
                      "test": "is_family",
                      "subject": "other",
                      "operator" : "not",
                      "value": "inanimate"
                    }
                  ]
                }
              ]
            },
            "max_dist": 40
          }
        ],
        "must_see": true,
        "must_see_forget_duration": 17.0,
        "persist_time": 0
      }
      },

      "minecraft:hiena_tame": {
        "minecraft:is_tamed": {
        },
        "minecraft:health": {
          "value": 30,
          "max": 30
        },
        "minecraft:behavior.breed": {
          "priority": 3
        },
        "minecraft:leashable": {
          "soft_distance": 4.0,
          "hard_distance": 6.0,
          "max_distance": 10.0,
          "on_leash": {
            "event": "minecraft:on_leash",
            "target": "self"
          },
          "on_unleash": {
            "event": "minecraft:on_unleash",
            "target": "self"
          }
        }
      }
    },


    "components": {
      "minecraft:nameable": {
      },
      "minecraft:type_family": {
        "family": [ "hiena", "felino" ]
      },
      "minecraft:breathable": {
        "total_supply": 15,
        "suffocate_time": 0
      },
      "minecraft:collision_box": {
        "width": 0.7,
        "height": 1.2
      },
      "minecraft:health": {
        "value": 25,
        "max": 25
      },
      "minecraft:hurt_on_condition": {
        "damage_conditions": [
          {
            "filters": { "test": "in_lava", "subject": "self", "operator": "==", "value": true },
            "cause": "lava",
            "damage_per_tick": 4
          }
        ]
      },
      "minecraft:movement": {
        "value": 0.35
      },
      "minecraft:navigation.walk": {
        "can_path_over_water": true,
        "avoid_water": true,
        "avoid_damage_blocks": true
      },
      "minecraft:movement.basic": {
      },
      "minecraft:jump.static": {
      },
      "minecraft:can_climb": {
      },
      "minecraft:behavior.float": {
        "priority": 0
      },
      "minecraft:behavior.mount_pathing": {
        "priority": 1,
        "speed_multiplier": 1.25,
        "target_dist": 0,
        "track_target": true
      },
      "minecraft:behavior.random_stroll": {
        "priority": 1,
        "speed_multiplier": 1.35
      },
      "minecraft:behavior.look_at_player": {
        "priority": 16,
        "target_distance": 6.0,
        "probability": 0.02
      },
	    "minecraft:physics": {
      },
      "minecraft:pushable": {
        "is_pushable": true,
        "is_pushable_by_piston": true
      },
      "minecraft:persistent": {
      },
      "minecraft:behavior.stomp_attack": {
        "priority": 2,
        "target_dist": 8.0,
        "speed_multiplier": 1.45,
        "track_target": true
      },
      "minecraft:behavior.hurt_by_target": {
        "priority": 1
      },
        "minecraft:attack": {
          "damage": 4
        },
      "minecraft:follow_range": {
        "value": 64
      }
    },


    "events": {
      "minecraft:entity_spawned": {
        "randomize": [
          {
            "weight": 9,
            "remove": {
            },
            "add": {
              "component_groups": [
                "minecraft:hiena_adult",
                "minecraft:hiena_wild"
              ]
            }
          },
          {
            "weight": 1,
            "remove": {
            },
            "add": {
              "component_groups": [
                "minecraft:hiena_baby",
                "minecraft:hiena_baby_wild"
              ]
            }
          }
        ]
      },

      "minecraft:entity_born": {
        "remove": {
        },
        "add": {
          "component_groups": [
            "minecraft:hiena_baby",
            "minecraft:hiena_baby_wild"
          ]
        }
      },

      "minecraft:ageable_grow_up": {
        "remove": {
          "component_groups": [
            "minecraft:hiena_baby"
          ]
        },
        "add": {
          "component_groups": [
            "minecraft:hiena_adult"
          ]
        }
      },

      "minecraft:ageable_set_baby": {
        "remove": {
          "component_groups": [
            "minecraft:hiena_adult"
          ]
        },
        "add": {
          "component_groups": [
            "minecraft:hiena_baby"
          ]
        }
      },

      "minecraft:on_tame": {
        "remove": {
          "component_groups": [
            "minecraft:hiena_baby_wild"
          ]
        },
        "add": {
          "component_groups": [
            "minecraft:hiena_tame"
          ]
        }
      }
    }
  }
}
