{
  "format_version": "1.13.0",
  "minecraft:entity": {
    "description": {
      "identifier": "cre:piranha",
      "is_spawnable": true,
      "is_summonable": true,
      "is_experimental": false
    },
    "components": {
      "minecraft:experience_reward": {
        "on_death": "query.last_hit_by_player ? Math.Random(1,3) : 0"
      },
      "minecraft:type_family": {
        "family": [ "piranha" ]
      },
      "minecraft:collision_box": {
        "width": 0.6,
        "height": 0.5
      },
      "minecraft:health": {
        "value": 8,
        "max": 8
      },
      "minecraft:hurt_on_condition": {
        "damage_conditions": [
          {
            "filters": { "test": "in_lava", "subject": "self", "operator": "==", "value": true },
            "cause": "lava",
            "damage_per_tick": 4
          }
        ]
      },
      "minecraft:loot": {
        "table": "loot_tables/entities/fish.json"
      },
      "minecraft:scale": {
        "value": 1.0
      },
      "minecraft:breathable": {
        "total_supply": 15,
        "suffocate_time": 0,
        "breathes_air": false,
        "breathes_water": true
      },
      "minecraft:movement": {
        "value": 0.2
      },
      "minecraft:underwater_movement": {
        "value": 0.2
      },
      "minecraft:navigation.generic": { // Allows the mob to go through water
        "is_amphibious": false,
        "can_path_over_water": false,
        "can_swim": true,
        "can_walk": false,
        "can_breach": false,
        "can_sink": false
      },
      "minecraft:physics": {
        "has_gravity": true
      },
      "minecraft:pushable": {
        "is_pushable": true,
        "is_pushable_by_piston": true
      },
      "minecraft:attack": {
          "damage": 5
      },
      "minecraft:movement.sway": {
        "sway_amplitude": 0.0
      },
      "minecraft:behavior.swim_idle": {
        "priority": 5
      },
      "minecraft:behavior.random_swim": { // Randomly selects points to go to, even in water
        "priority": 3,
        "speed_multiplier": 1.0,
        "xz_dist": 16,
        "y_dist": 4,
        "interval": 0
      },
      "minecraft:behavior.swim_wander": {
        "priority": 4,
        "speed_multiplier": 1.0,
        "interval": 10,
        "look_ahead": 2.0
      },
      "minecraft:behavior.melee_attack": {
        "priority": 1,
        "target_dist": 1.2,
        "track_target": true,
        "reach_multiplier": 1.75
      },
      "minecraft:behavior.nearest_attackable_target": {
        "priority": 0,
        "reselect_targets": true,
        "entity_types": [
          {
            "filters": {
              "all_of": [
                {
                  "test": "in_water",
                  "subject": "other",
                  "value": true
                },
                {
                  "any_of": [
                    {
                      "test": "is_family",
                      "subject": "other",
                      "operator" : "not",
                      "value": "monster"
                    }
                  ]
                },
                {
                  "any_of": [
                    {
                      "test": "is_family",
                      "subject": "other",
                      "operator" : "not",
                      "value": "piranha"
                    }
                  ]
                },
                {
                  "any_of": [
                    {
                      "test": "is_family",
                      "subject": "other",
                      "operator" : "not",
                      "value": "turtle"
                    }
                  ]
                },
                {
                  "any_of": [
                    {
                      "test": "is_family",
                      "subject": "other",
                      "operator" : "not",
                      "value": "inanimate"
                    }
                  ]
                },
                {
                  "any_of": [
                    {
                      "test": "is_family",
                      "subject": "other",
                      "operator" : "not",
                      "value": "fish"
                    }
                  ]
                },
                {
                  "any_of": [
                    {
                      "test": "is_family",
                      "subject": "other",
                      "operator" : "not",
                      "value": "squid"
                    }
                  ]
                }
              ]
            },
            "max_dist": 40
          },
          {
            "filters": {
              "all_of": [
                {
                  "test": "in_water",
                  "subject": "other",
                  "value": true
                },
                {
                  "test": "is_family",
                  "subject": "other",
                  "value": "baby_turtle"
                }
              ]
            },
            "max_dist": 40
          },
          {
            "filters": {
              "all_of": [
                {
                  "test": "in_water",
                  "subject": "other",
                  "value": true
                },
                {
                  "test": "is_family",
                  "subject": "other",
                  "value": "fish"
                }
              ]
            },
            "max_dist":40
          },
          {
            "filters": {
              "all_of": [
                {
                  "test": "in_water",
                  "subject": "self",
                  "value": false
                },
                {
                  "any_of": [
                    {
                      "test": "is_family",
                      "subject": "other",
                      "operator" : "not",
                      "value": "monster"
                    }
                  ]
                },
                {
                  "any_of": [
                    {
                      "test": "is_family",
                      "subject": "other",
                      "operator" : "not",
                      "value": "piranha"
                    }
                  ]
                },
                {
                  "any_of": [
                    {
                      "test": "is_family",
                      "subject": "other",
                      "operator" : "not",
                      "value": "turtle"
                    }
                  ]
                },
                {
                  "any_of": [
                    {
                      "test": "is_family",
                      "subject": "other",
                      "operator" : "not",
                      "value": "inanimate"
                    }
                  ]
                }
              ]
            },
            "max_dist": 40
          },
          {
            "filters": {
              "all_of": [
                {
                  "any_of": [
                    {
                      "test": "is_family",
                      "subject": "other",
                      "operator" : "not",
                      "value": "piranha"
                    }
                  ]
                },
                {
                  "any_of": [
                    {
                      "test": "is_family",
                      "subject": "other",
                      "operator" : "not",
                      "value": "inanimate"
                    }
                  ]
                }
              ]
            },
            "max_dist": 40
          }
        ],
        "must_see": true,
        "must_see_forget_duration": 17.0,
        "persist_time": 0
      },
      "minecraft:behavior.hurt_by_target": {
        "priority": 0
      },
      "minecraft:flocking": {
        "in_water": true,
        "match_variants": false,
        "use_center_of_mass": true,
        "low_flock_limit": 4,
        "high_flock_limit": 8,
        "goal_weight": 2.0,
        "loner_chance": 0.1,
        "influence_radius": 3.0,
        "breach_influence": 7.0,
        "separation_weight": 1.75,
        "separation_threshold": 0.95,
        "cohesion_weight": 2.0,
        "cohesion_threshold": 1.95,
        "innner_cohesion_threshold": 1.25,
        "min_height": 1.5,
        "max_height": 6.0,
        "block_distance": 2.0,
        "block_weight": 0.85
      },
      "minecraft:nameable": {
      }
    }
  }
}