{
  "format_version": "1.8.0",
  "minecraft:client_entity": {
    "description": {
      "identifier": "raigen:andesite_quartz_splice",
      "materials": {
	    "default": "translucence"
	  },
      "textures": {
        "default": "textures/decor/amnesiac/andesite_quartz_splice"
      },
      "geometry": {
        "default": "geometry.splice_block"
      },
      "spawn_egg": {
        "texture": "amnesiac",
        "texture_index": 15
      },
      "render_controllers": [ "controller.render.translucence" ]
    }
  }
}