{
  "format_version": "1.8.0",
  "minecraft:client_entity": {
    "description": {
      "identifier": "raigen:burnt_body",
      "materials": {
	    "default": "translucence"
	  },
      "textures": {
        "default": "textures/decor/amnesiac/burnt_body"
      },
      "geometry": {
        "default": "geometry.burnt_body"
      },
      "spawn_egg": {
        "texture": "amnesiac",
        "texture_index": 24
      },
      "render_controllers": [ "controller.render.translucence" ]
    }
  }
}