{
  "format_version": "1.8.0",
  "minecraft:client_entity": {
    "description": {
      "identifier": "raigen:fluid_tripod",
      "materials": {
	    "default": "translucence"
	  },
      "textures": {
        "default": "textures/decor/amnesiac/fluid_tripod"
      },
      "geometry": {
        "default": "geometry.fluid_tripod"
      },
      "spawn_egg": {
        "texture": "amnesiac",
        "texture_index": 10
      },
      "render_controllers": [ "controller.render.translucence" ]
    }
  }
}