{
  "format_version": "1.8.0",
  "render_controllers": {
      "controller.render.sieve": {
          "geometry": "Geometry.default",
          "materials": [ { "*": "Material.default" } ],
          "textures": [ "Texture.default" ],
          "part_visibility": [
              { "dirt1": "query.mark_variant == 1" },
              { "dirt2": "query.mark_variant == 2" },
              { "dirt3": "query.mark_variant == 3" },
              { "sand1": "query.mark_variant == 4" },
              { "sand2": "query.mark_variant == 5" },
              { "sand3": "query.mark_variant == 6" },
              { "gravel1": "query.mark_variant == 7" },
              { "gravel2": "query.mark_variant == 8" },
              { "gravel3": "query.mark_variant == 9" },
              { "soulsand1": "query.mark_variant == 10" },
              { "soulsand2": "query.mark_variant == 11" },
              { "soulsand3": "query.mark_variant == 12" }
          ]
      }
  }
}