{
  "format_version": "1.10",
  "minecraft:entity": {
    "description": {
      "identifier": "minecraft:player",
      "is_spawnable": false,
      "is_summonable": false,
      "is_experimental": false,
      "scripts": {
        "animate": [
          "walk",
          "frost:staff_of_frost",
          "frost:frozen_helmet",
          "frost:wool_hat",
          "frost:frozen_chestplate",
          "frost:frozen_leggings",
          "frost:frozen_boots"
        ]
      },
      "animations": {
        "walk": "controller.animation.walk",
        "frost:staff_of_frost": "controller.animation.frost_staff_of_frost",
        "frost:frozen_helmet": "controller.animation.frost_frozen_helmet",
        "frost:wool_hat": "controller.animation.frost_wool_hat",
        "frost:frozen_chestplate": "controller.animation.frost_frozen_chestplate",
        "frost:frozen_leggings": "controller.animation.frost_frozen_leggings",
        "frost:frozen_boots": "controller.animation.frost_frozen_boots"
      }
    },
    "component_groups": {
      "pamobile:respawn": {
        "minecraft:mark_variant": {
          "value": 99999
        },
        "minecraft:health": {
          "value": 20,
          "max": 20
        },
        "minecraft:movement": {
          "value": 0.1
        },
        "minecraft:attack": {
          "damage": 1
        },
        "minecraft:spell_effects": {
          "remove_effects": []
        }
      },
      "ammo:1": {
        "minecraft:mark_variant": {
          "value": 1
        }
      },
      "frost:frozen_sword": {
        "minecraft:health": {
          "value": 20,
          "max": 20
        },
        "minecraft:movement": {
          "value": 0.1
        },
        "minecraft:spell_effects": {
          "add_effects": []
        }
      },
      "frost:frozen_axe": {
        "minecraft:health": {
          "value": 20,
          "max": 20
        },
        "minecraft:movement": {
          "value": 0.1
        },
        "minecraft:spell_effects": {
          "add_effects": []
        }
      },
      "frost:frozen_hoe": {
        "minecraft:health": {
          "value": 20,
          "max": 20
        },
        "minecraft:movement": {
          "value": 0.1
        },
        "minecraft:spell_effects": {
          "add_effects": []
        }
      },
      "frost:frozen_shovel": {
        "minecraft:health": {
          "value": 20,
          "max": 20
        },
        "minecraft:movement": {
          "value": 0.1
        },
        "minecraft:spell_effects": {
          "add_effects": []
        }
      },
      "frost:frozen_pickaxe": {
        "minecraft:health": {
          "value": 20,
          "max": 20
        },
        "minecraft:movement": {
          "value": 0.1
        },
        "minecraft:spell_effects": {
          "add_effects": []
        }
      },
      "frost:staff_of_frost_fire": {
        "minecraft:spawn_entity": [
          {
            "min_wait_time": 0,
            "max_wait_time": 0,
            "single_use": true,
            "spawn_entity": "frost:staff_of_frost",
            "num_to_spawn": 1
          }
        ]
      },
      "frost:frozen_helmet_event_play": {
        "minecraft:health": {
          "value": 20,
          "max": 20
        },
        "minecraft:movement": {
          "value": 0.1
        },
        "minecraft:spell_effects": {
          "add_effects": []
        }
      },
      "frost:wool_hat_event_play": {
        "minecraft:health": {
          "value": 20,
          "max": 20
        },
        "minecraft:movement": {
          "value": 0.1
        },
        "minecraft:spell_effects": {
          "add_effects": []
        }
      },
      "frost:frozen_chestplate_event_play": {
        "minecraft:health": {
          "value": 20,
          "max": 20
        },
        "minecraft:movement": {
          "value": 0.1
        },
        "minecraft:spell_effects": {
          "add_effects": []
        }
      },
      "frost:frozen_leggings_event_play": {
        "minecraft:health": {
          "value": 20,
          "max": 20
        },
        "minecraft:movement": {
          "value": 0.1
        },
        "minecraft:spell_effects": {
          "add_effects": []
        }
      },
      "frost:frozen_boots_event_play": {
        "minecraft:health": {
          "value": 20,
          "max": 20
        },
        "minecraft:movement": {
          "value": 0.1
        },
        "minecraft:spell_effects": {
          "add_effects": []
        }
      }
    },
    "components": {
      "minecraft:type_family": {
        "family": [
          "player"
        ]
      },
      "minecraft:loot": {
        "table": "loot_tables/empty.json"
      },
      "minecraft:collision_box": {
        "width": 0.6,
        "height": 1.8
      },
      "minecraft:can_climb": {},
      "minecraft:movement": {
        "value": 0.1
      },
      "minecraft:environment_sensor": [
        {
          "on_environment": {
            "filters": {
              "any_of": [
                {
                  "test": "is_family",
                  "subject": "self",
                  "value": "player"
                }
              ]
            },
            "event": "pamobile:refresh_player"
          }
        },
        {
          "on_environment": {
            "filters": {
              "all_of": [
                {
                  "test": "has_equipment",
                  "subject": "self",
                  "domain": "hand",
                  "value": "frost:frozen_sword"
                }
              ]
            },
            "event": "frost:frozen_sword_event"
          }
        },
        {
          "on_environment": {
            "filters": {
              "all_of": [
                {
                  "test": "has_equipment",
                  "subject": "self",
                  "domain": "hand",
                  "value": "frost:frozen_axe"
                }
              ]
            },
            "event": "frost:frozen_axe_event"
          }
        },
        {
          "on_environment": {
            "filters": {
              "all_of": [
                {
                  "test": "has_equipment",
                  "subject": "self",
                  "domain": "hand",
                  "value": "frost:frozen_hoe"
                }
              ]
            },
            "event": "frost:frozen_hoe_event"
          }
        },
        {
          "on_environment": {
            "filters": {
              "all_of": [
                {
                  "test": "has_equipment",
                  "subject": "self",
                  "domain": "hand",
                  "value": "frost:frozen_shovel"
                }
              ]
            },
            "event": "frost:frozen_shovel_event"
          }
        },
        {
          "on_environment": {
            "filters": {
              "all_of": [
                {
                  "test": "has_equipment",
                  "subject": "self",
                  "domain": "hand",
                  "value": "frost:frozen_pickaxe"
                }
              ]
            },
            "event": "frost:frozen_pickaxe_event"
          }
        },
        {
          "on_environment": {
            "filters": {
              "all_of": [
                {
                  "test": "has_equipment",
                  "subject": "self",
                  "domain": "hand",
                  "value": "frost:staff_of_frost"
                },
                {
                  "test": "is_family",
                  "subject": "self",
                  "value": "player"
                }
              ]
            },
            "event": "ammo:1"
          }
        },
        {
          "on_environment": {
            "filters": {
              "all_of": [
                {
                  "test": "has_equipment",
                  "subject": "self",
                  "domain": "hand",
                  "value": "frost:frozen_helmet"
                }
              ]
            },
            "event": "frost:frozen_helmet_event_hold"
          }
        },
        {
          "on_environment": {
            "filters": {
              "all_of": [
                {
                  "test": "has_equipment",
                  "subject": "self",
                  "domain": "head",
                  "value": "frost:frozen_helmet"
                }
              ]
            },
            "event": "frost:frozen_helmet_event_play"
          }
        },
        {
          "on_environment": {
            "filters": {
              "all_of": [
                {
                  "test": "has_equipment",
                  "subject": "self",
                  "domain": "hand",
                  "value": "frost:wool_hat"
                }
              ]
            },
            "event": "frost:wool_hat_event_hold"
          }
        },
        {
          "on_environment": {
            "filters": {
              "all_of": [
                {
                  "test": "has_equipment",
                  "subject": "self",
                  "domain": "head",
                  "value": "frost:wool_hat"
                }
              ]
            },
            "event": "frost:wool_hat_event_play"
          }
        },
        {
          "on_environment": {
            "filters": {
              "all_of": [
                {
                  "test": "has_equipment",
                  "subject": "self",
                  "domain": "hand",
                  "value": "frost:frozen_chestplate"
                }
              ]
            },
            "event": "frost:frozen_chestplate_event_hold"
          }
        },
        {
          "on_environment": {
            "filters": {
              "all_of": [
                {
                  "test": "has_equipment",
                  "subject": "self",
                  "domain": "head",
                  "value": "frost:frozen_chestplate"
                }
              ]
            },
            "event": "frost:frozen_chestplate_event_play"
          }
        },
        {
          "on_environment": {
            "filters": {
              "all_of": [
                {
                  "test": "has_equipment",
                  "subject": "self",
                  "domain": "hand",
                  "value": "frost:frozen_leggings"
                }
              ]
            },
            "event": "frost:frozen_leggings_event_hold"
          }
        },
        {
          "on_environment": {
            "filters": {
              "all_of": [
                {
                  "test": "has_equipment",
                  "subject": "self",
                  "domain": "head",
                  "value": "frost:frozen_leggings"
                }
              ]
            },
            "event": "frost:frozen_leggings_event_play"
          }
        },
        {
          "on_environment": {
            "filters": {
              "all_of": [
                {
                  "test": "has_equipment",
                  "subject": "self",
                  "domain": "hand",
                  "value": "frost:frozen_boots"
                }
              ]
            },
            "event": "frost:frozen_boots_event_hold"
          }
        },
        {
          "on_environment": {
            "filters": {
              "all_of": [
                {
                  "test": "has_equipment",
                  "subject": "self",
                  "domain": "head",
                  "value": "frost:frozen_boots"
                }
              ]
            },
            "event": "frost:frozen_boots_event_play"
          }
        }
      ],
      "minecraft:player.saturation": {
        "value": 20
      },
      "minecraft:player.exhaustion": {
        "value": 0,
        "max": 4
      },
      "minecraft:player.level": {
        "value": 0,
        "max": 24791
      },
      "minecraft:player.experience": {
        "value": 0,
        "max": 1
      },
      "minecraft:breathable": {
        "totalSupply": 15,
        "suffocateTime": -1,
        "inhaleTime": 3.75,
        "generatesBubbles": false
      },
      "minecraft:nameable": {
        "alwaysShow": true,
        "allowNameTagRenaming": false
      },
      "minecraft:physics": {},
      "minecraft:insomnia": {
        "days_until_insomnia": 3
      },
      "minecraft:rideable": {
        "seat_count": 2,
        "family_types": [
          "parrot_tame"
        ],
        "pull_in_entities": true,
        "seats": [
          {
            "position": [
              0.4,
              -0.15,
              0.04
            ],
            "min_rider_count": 0,
            "max_rider_count": 0,
            "lock_rider_rotation": 0
          },
          {
            "position": [
              -0.4,
              -0.15,
              0.04
            ],
            "min_rider_count": 1,
            "max_rider_count": 2,
            "lock_rider_rotation": 0
          }
        ]
      },
      "minecraft:scaffolding_climber": {}
    },
    "events": {
      "pamobile:refresh_player": {
        "add": {
          "component_groups": [
            "pamobile:respawn"
          ]
        },
        "remove": {
          "component_groups": [
            "frost:frozen_sword",
            "frost:frozen_axe",
            "frost:frozen_hoe",
            "frost:frozen_shovel",
            "frost:frozen_pickaxe",
            "frost:frozen_helmet_event_hold",
            "frost:frozen_helmet_event_play",
            "frost:wool_hat_event_hold",
            "frost:wool_hat_event_play",
            "frost:frozen_chestplate_event_hold",
            "frost:frozen_chestplate_event_play",
            "frost:frozen_leggings_event_hold",
            "frost:frozen_leggings_event_play",
            "frost:frozen_boots_event_hold",
            "frost:frozen_boots_event_play"
          ]
        }
      },
      "minecraft:entity_spawned": {
        "add": {
          "component_groups": [
            "pamobile:respawn"
          ]
        },
        "remove": {}
      },
      "ammo:1": {
        "remove": {
          "component_groups": [
            "ammo:1"
          ]
        },
        "add": {
          "component_groups": [
            "ammo:1"
          ]
        }
      },
      "ammo:2": {
        "remove": {
          "component_groups": [
            "ammo:2"
          ]
        },
        "add": {
          "component_groups": [
            "ammo:2"
          ]
        }
      },
      "frost:frozen_sword_event": {
        "add": {
          "component_groups": [
            "frost:frozen_sword"
          ]
        }
      },
      "frost:frozen_axe_event": {
        "add": {
          "component_groups": [
            "frost:frozen_axe"
          ]
        }
      },
      "frost:frozen_hoe_event": {
        "add": {
          "component_groups": [
            "frost:frozen_hoe"
          ]
        }
      },
      "frost:frozen_shovel_event": {
        "add": {
          "component_groups": [
            "frost:frozen_shovel"
          ]
        }
      },
      "frost:frozen_pickaxe_event": {
        "add": {
          "component_groups": [
            "frost:frozen_pickaxe"
          ]
        }
      },
      "frost:staff_of_frost_fire": {
        "add": {
          "component_groups": [
            "frost:staff_of_frost_fire"
          ]
        }
      },
      "frost:frozen_helmet_event_hold": {
        "add": {
          "component_groups": [
            "frost:frozen_helmet_event_hold"
          ]
        }
      },
      "frost:frozen_helmet_event_play": {
        "add": {
          "component_groups": [
            "frost:frozen_helmet_event_play"
          ]
        }
      },
      "frost:wool_hat_event_hold": {
        "add": {
          "component_groups": [
            "frost:wool_hat_event_hold"
          ]
        }
      },
      "frost:wool_hat_event_play": {
        "add": {
          "component_groups": [
            "frost:wool_hat_event_play"
          ]
        }
      },
      "frost:frozen_chestplate_event_hold": {
        "add": {
          "component_groups": [
            "frost:frozen_chestplate_event_hold"
          ]
        }
      },
      "frost:frozen_chestplate_event_play": {
        "add": {
          "component_groups": [
            "frost:frozen_chestplate_event_play"
          ]
        }
      },
      "frost:frozen_leggings_event_hold": {
        "add": {
          "component_groups": [
            "frost:frozen_leggings_event_hold"
          ]
        }
      },
      "frost:frozen_leggings_event_play": {
        "add": {
          "component_groups": [
            "frost:frozen_leggings_event_play"
          ]
        }
      },
      "frost:frozen_boots_event_hold": {
        "add": {
          "component_groups": [
            "frost:frozen_boots_event_hold"
          ]
        }
      },
      "frost:frozen_boots_event_play": {
        "add": {
          "component_groups": [
            "frost:frozen_boots_event_play"
          ]
        }
      }
    }
  }
}