{
  "format_version": "1.16.100",
  "minecraft:block": {
    "description": {
      "identifier": "magistral:ab1_thick",
      "properties": {
        "block:placement_state": [ 1, 2, 3, 4, 5, 6 ]
      }
    },
    "components": {
        "minecraft:material_instances": {
               "*": {
                  "texture": "ab1_standard",
                  "render_method": "opaque"
              },
              "ends": {
                  "texture": "ab1_thick",
                  "render_method": "opaque"
              },
              "down" : "*",
              "east" : "*",
              "north" : "ends",
              "south" : "ends",
              "up" : "ends",
              "west" : "*"
          },
           "tag:stone": {},
           "minecraft:destroy_time": 10.0,
           "minecraft:unit_cube": {},
           "minecraft:map_color": "#8f8f8f",
           "minecraft:flammable": {
           "flame_odds": 0,
           "burn_odds": 0
           },
           "minecraft:on_player_placing": {
           "event": "placement_state"
           },
           "minecraft:block_light_absorption": 1,
           "minecraft:block_light_emission": 0.0,
           "minecraft:explosion_resistance": 30
          },
         "events": {
            "placement_state": {
                "set_block_property": {
                     "block:placement_state": "(query.cardinal_facing_2d)"
             }
         }
    },
    "permutations": [
            {
                "condition": "query.block_property('block:placement_state') == 2",
                "components": {
                    "minecraft:rotation": [ 0, 0, 0 ]
                }
            },
            {
                "condition": "query.block_property('block:placement_state') == 3",
                "components": {
                    "minecraft:rotation": [ 0, 180, 0 ]
                }
            },
            {
                "condition": "query.block_property('block:placement_state') == 4",
                "components": {
                    "minecraft:rotation": [ 0, 90, 0 ]
                }
            },
            {
                "condition": "query.block_property('block:placement_state') == 5",
                "components": {
                    "minecraft:rotation": [ 0, 270, 0 ]
                }
            }
        ]
    }
}