{
	"resource_pack_name": "vanilla",
	"texture_name": "atlas.items",
	"texture_data": {
		"airsword": {
			"textures": "textures/chetty/sword/air"
		},
		"earthsword": {
			"textures": "textures/chetty/sword/earth"
		},
		"firesword": {
			"textures": "textures/chetty/sword/fire"
		},
		"watersword": {
			"textures": "textures/chetty/sword/water"
		},
		"icesword": {
			"textures": "textures/chetty/sword/ice"
		},
		"magmasword": {
			"textures": "textures/chetty/sword/magma"
		},
		"lightningsword": {
			"textures": "textures/chetty/sword/lightning"
		},
		"naturesword": {
			"textures": "textures/chetty/sword/nature"
		},
		"soulsword": {
			"textures": "textures/chetty/sword/soul"
		},
		"souls": {
			"textures": "textures/chetty/item/soul"
		},
		"airgem": {
			"textures": "textures/chetty/gem/air"
		},
		"earthgem": {
			"textures": "textures/chetty/gem/earth"
		},
		"firegem": {
			"textures": "textures/chetty/gem/fire"
		},
		"waterpearl": {
			"textures": "textures/chetty/gem/water"
		},
		"icegem": {
			"textures": "textures/chetty/gem/ice"
		},
		"magmagem": {
			"textures": "textures/chetty/gem/magma"
		},
		"lightninggem": {
			"textures": "textures/chetty/gem/lightning"
		},
		"naturegem": {
			"textures": "textures/chetty/gem/nature"
		},
		"soulgem": {
			"textures": "textures/chetty/gem/soul"
		}
	}
}
