{"packs":[{"can_be_redownloaded":false,"name":"AutocompletionRight","uuid":"0fabc282-65c3-459e-affc-a2c8539c18b6","version":[1,4,0]},{"can_be_redownloaded":false,"name":"Minecraft vs Zombies","uuid":"52ad8ad2-6035-4e4b-bf26-d2b0a28d1ebd","version":[0,0,1]},{"can_be_redownloaded":false,"name":"Minecraft vs Zombies","uuid":"c1df7bbc-c802-4524-832c-23a12063325b","version":[0,0,1]},{"can_be_redownloaded":false,"name":"Minecraft vs Zombies","uuid":"bdd51060-55ac-4554-9e15-a01367d62129","version":[0,0,1]}]}
