{
	"format_version": "1.8.0",
	"animations": {
		"animation.plasma_blast.scale": {
			"loop": true,
			"bones": {
				"praedo_overheat_bar": {
					"scale": ["variable.plasma_blast * 0.0135", 1, 1]
				}
			}
		},
		"animation.pose0": {
			"loop": true,
			"timeline": {
				"0": ["v.scp173dy_pose=0;"]
			}
		},
		"animation.pose1": {
			"loop": true,
			"timeline": {
				"0": ["v.scp173dy_pose=1;"]
			}
		},
		"animation.pose2": {
			"loop": true,
			"timeline": {
				"0": ["v.scp173dy_pose=2;"]
			}
		},
		"animation.pose3": {
			"loop": true,
			"timeline": {
				"0": ["v.scp173dy_pose=3;"]
			}
		},
		"animation.pose4": {
			"loop": true,
			"timeline": {
				"0": ["v.scp173dy_pose=4;"]
			}
		},
		"animation.pose5": {
			"loop": true,
			"timeline": {
				"0": ["v.scp173dy_pose=5;"]
			}
		},
		"animation.pose6": {
			"loop": true,
			"timeline": {
				"0": ["v.scp173dy_pose=6;"]
			}
		},
		"animation.plasma_blast0": {
			"loop": true,
			"timeline": {
				"0": ["v.plasma_blast = 0;"]
			}
		},
		"animation.plasma_blast1": {
			"loop": true,
			"timeline": {
				"0": ["v.plasma_blast = 1;"]
			}
		},
		"animation.plasma_blast2": {
			"loop": true,
			"timeline": {
				"0": ["v.plasma_blast = 2;"]
			}
		},
		"animation.plasma_blast3": {
			"loop": true,
			"timeline": {
				"0": ["v.plasma_blast = 3;"]
			}
		},
		"animation.plasma_blast4": {
			"loop": true,
			"timeline": {
				"0": ["v.plasma_blast = 4;"]
			}
		},
		"animation.plasma_blast5": {
			"loop": true,
			"timeline": {
				"0": ["v.plasma_blast = 5;"]
			}
		},
		"animation.plasma_blast6": {
			"loop": true,
			"timeline": {
				"0": ["v.plasma_blast = 6;"]
			}
		},
		"animation.plasma_blast7": {
			"loop": true,
			"timeline": {
				"0": ["v.plasma_blast = 7;"]
			}
		},
		"animation.plasma_blast8": {
			"loop": true,
			"timeline": {
				"0": ["v.plasma_blast = 8;"]
			}
		},
		"animation.plasma_blast9": {
			"loop": true,
			"timeline": {
				"0": ["v.plasma_blast = 9;"]
			}
		},
		"animation.plasma_blast10": {
			"loop": true,
			"timeline": {
				"0": ["v.plasma_blast = 10;"]
			}
		},
		"animation.plasma_blast11": {
			"loop": true,
			"timeline": {
				"0": ["v.plasma_blast = 11;"]
			}
		},
		"animation.plasma_blast12": {
			"loop": true,
			"timeline": {
				"0": ["v.plasma_blast = 12;"]
			}
		},
		"animation.plasma_blast13": {
			"loop": true,
			"timeline": {
				"0": ["v.plasma_blast = 13;"]
			}
		},
		"animation.plasma_blast14": {
			"loop": true,
			"timeline": {
				"0": ["v.plasma_blast = 14;"]
			}
		},
		"animation.plasma_blast15": {
			"loop": true,
			"timeline": {
				"0": ["v.plasma_blast = 15;"]
			}
		},
		"animation.plasma_blast16": {
			"loop": true,
			"timeline": {
				"0": ["v.plasma_blast = 16;"]
			}
		},
		"animation.plasma_blast17": {
			"loop": true,
			"timeline": {
				"0": ["v.plasma_blast = 17;"]
			}
		},
		"animation.plasma_blast18": {
			"loop": true,
			"timeline": {
				"0": ["v.plasma_blast = 18;"]
			}
		},
		"animation.plasma_blast19": {
			"loop": true,
			"timeline": {
				"0": ["v.plasma_blast = 19;"]
			}
		},
		"animation.plasma_blast20": {
			"loop": true,
			"timeline": {
				"0": ["v.plasma_blast = 20;"]
			}
		},
		"animation.plasma_blast21": {
			"loop": true,
			"timeline": {
				"0": ["v.plasma_blast = 21;"]
			}
		},
		"animation.plasma_blast22": {
			"loop": true,
			"timeline": {
				"0": ["v.plasma_blast = 22;"]
			}
		},
		"animation.plasma_blast23": {
			"loop": true,
			"timeline": {
				"0": ["v.plasma_blast = 23;"]
			}
		},
		"animation.plasma_blast24": {
			"loop": true,
			"timeline": {
				"0": ["v.plasma_blast = 24;"]
			}
		},
		"animation.plasma_blast25": {
			"loop": true,
			"timeline": {
				"0": ["v.plasma_blast = 25;"]
			}
		},
		"animation.plasma_blast26": {
			"loop": true,
			"timeline": {
				"0": ["v.plasma_blast = 26;"]
			}
		},
		"animation.plasma_blast27": {
			"loop": true,
			"timeline": {
				"0": ["v.plasma_blast = 27;"]
			}
		},
		"animation.plasma_blast28": {
			"loop": true,
			"timeline": {
				"0": ["v.plasma_blast = 28;"]
			}
		},
		"animation.plasma_blast29": {
			"loop": true,
			"timeline": {
				"0": ["v.plasma_blast = 29;"]
			}
		},
		"animation.plasma_blast30": {
			"loop": true,
			"timeline": {
				"0": ["v.plasma_blast = 30;"]
			}
		},
		"animation.plasma_blast31": {
			"loop": true,
			"timeline": {
				"0": ["v.plasma_blast = 31;"]
			}
		},
		"animation.plasma_blast32": {
			"loop": true,
			"timeline": {
				"0": ["v.plasma_blast = 32;"]
			}
		},
		"animation.plasma_blast33": {
			"loop": true,
			"timeline": {
				"0": ["v.plasma_blast = 33;"]
			}
		},
		"animation.plasma_blast34": {
			"loop": true,
			"timeline": {
				"0": ["v.plasma_blast = 35;"]
			}
		},
		"animation.plasma_blast36": {
			"loop": true,
			"timeline": {
				"0": ["v.plasma_blast = 37;"]
			}
		},
		"animation.plasma_blast38": {
			"loop": true,
			"timeline": {
				"0": ["v.plasma_blast = 39;"]
			}
		},
		"animation.plasma_blast40": {
			"loop": true,
			"timeline": {
				"0": ["v.plasma_blast = 40;"]
			}
		},
		"animation.plasma_blast41": {
			"loop": true,
			"timeline": {
				"0": ["v.plasma_blast = 41;"]
			}
		},
		"animation.plasma_blast42": {
			"loop": true,
			"timeline": {
				"0": ["v.plasma_blast = 42;"]
			}
		},
		"animation.plasma_blast43": {
			"loop": true,
			"timeline": {
				"0": ["v.plasma_blast = 43;"]
			}
		},
		"animation.plasma_blast44": {
			"loop": true,
			"timeline": {
				"0": ["v.plasma_blast = 44;"]
			}
		},
		"animation.plasma_blast45": {
			"loop": true,
			"timeline": {
				"0": ["v.plasma_blast = 45;"]
			}
		},
		"animation.plasma_blast46": {
			"loop": true,
			"timeline": {
				"0": ["v.plasma_blast = 46;"]
			}
		},
		"animation.plasma_blast47": {
			"loop": true,
			"timeline": {
				"0": ["v.plasma_blast = 47;"]
			}
		},
		"animation.plasma_blast48": {
			"loop": true,
			"timeline": {
				"0": ["v.plasma_blast = 48;"]
			}
		},
		"animation.plasma_blast49": {
			"loop": true,
			"timeline": {
				"0": ["v.plasma_blast = 49;"]
			}
		},
		"animation.plasma_blast50": {
			"loop": true,
			"timeline": {
				"0": ["v.plasma_blast = 50;"]
			}
		},
		"animation.plasma_blast51": {
			"loop": true,
			"timeline": {
				"0": ["v.plasma_blast = 51;"]
			}
		},
		"animation.plasma_blast52": {
			"loop": true,
			"timeline": {
				"0": ["v.plasma_blast = 52;"]
			}
		},
		"animation.plasma_blast53": {
			"loop": true,
			"timeline": {
				"0": ["v.plasma_blast = 53;"]
			}
		},
		"animation.plasma_blast54": {
			"loop": true,
			"timeline": {
				"0": ["v.plasma_blast = 54;"]
			}
		},
		"animation.plasma_blast55": {
			"loop": true,
			"timeline": {
				"0": ["v.plasma_blast = 55;"]
			}
		},
		"animation.plasma_blast56": {
			"loop": true,
			"timeline": {
				"0": ["v.plasma_blast = 56;"]
			}
		},
		"animation.plasma_blast57": {
			"loop": true,
			"timeline": {
				"0": ["v.plasma_blast = 57;"]
			}
		},
		"animation.plasma_blast58": {
			"loop": true,
			"timeline": {
				"0": ["v.plasma_blast = 58;"]
			}
		},
		"animation.plasma_blast59": {
			"loop": true,
			"timeline": {
				"0": ["v.plasma_blast = 59;"]
			}
		},
		"animation.plasma_blast60": {
			"loop": true,
			"timeline": {
				"0": ["v.plasma_blast = 60;"]
			}
		},
		"animation.plasma_blast61": {
			"loop": true,
			"timeline": {
				"0": ["v.plasma_blast = 61;"]
			}
		},
		"animation.plasma_blast62": {
			"loop": true,
			"timeline": {
				"0": ["v.plasma_blast = 62;"]
			}
		},
		"animation.plasma_blast63": {
			"loop": true,
			"timeline": {
				"0": ["v.plasma_blast = 63;"]
			}
		},
		"animation.plasma_blast64": {
			"loop": true,
			"timeline": {
				"0": ["v.plasma_blast = 64;"]
			}
		},
		"animation.plasma_blast65": {
			"loop": true,
			"timeline": {
				"0": ["v.plasma_blast = 65;"]
			}
		},
		"animation.plasma_blast66": {
			"loop": true,
			"timeline": {
				"0": ["v.plasma_blast = 66;"]
			}
		},
		"animation.plasma_blast67": {
			"loop": true,
			"timeline": {
				"0": ["v.plasma_blast = 67;"]
			}
		},
		"animation.plasma_blast68": {
			"loop": true,
			"timeline": {
				"0": ["v.plasma_blast = 68;"]
			}
		},
		"animation.plasma_blast69": {
			"loop": true,
			"timeline": {
				"0": ["v.plasma_blast = 69;"]
			}
		},
		"animation.plasma_blast70": {
			"loop": true,
			"timeline": {
				"0": ["v.plasma_blast = 70;"]
			}
		},
		"animation.plasma_blast71": {
			"loop": true,
			"timeline": {
				"0": ["v.plasma_blast = 71;"]
			}
		},
		"animation.plasma_blast72": {
			"loop": true,
			"timeline": {
				"0": ["v.plasma_blast = 72;"]
			}
		},
		"animation.plasma_blast73": {
			"loop": true,
			"timeline": {
				"0": ["v.plasma_blast = 73;"]
			}
		},
		"animation.plasma_blast74": {
			"loop": true,
			"timeline": {
				"0": ["v.plasma_blast = 74;"]
			}
		},
		"animation.plasma_blast75": {
			"loop": true,
			"timeline": {
				"0": ["v.plasma_blast = 75;"]
			}
		},
		"animation.plasma_cannon_charged0": {
			"loop": true,
			"timeline": {
				"0": ["v.plasma_cannon_charged = 0;"]
			}
		},
		"animation.plasma_cannon_charged1": {
			"loop": true,
			"timeline": {
				"0": ["v.plasma_cannon_charged = 1;"]
			}
		}
	}
}