{
	"format_version": "1.8.0",
	"animations": {
		"animation.hk417.third_person.draw_out": {
			"loop": "hold_on_last_frame",
			"animation_length": 0.52,
			"bones": {
				"rightArm": {
					"rotation": {
						"0.0": {
							"post": [-60, -29.5, -12.5],
							"lerp_mode": "catmullrom"
						},
						"0.24": {
							"post": [-92, -12, 6.5],
							"lerp_mode": "catmullrom"
						},
						"0.44": [-90, -12, 7.5]
					},
					"position": {
						"0.0": {
							"post": [0, 0, 0],
							"lerp_mode": "catmullrom"
						},
						"0.24": {
							"post": [0, 0, 0],
							"lerp_mode": "catmullrom"
						},
						"0.44": [0, 0, 0]
					}
				},
				"rightItem": {
					"scale": {
						"0.0": {
							"post": [0, 0, 0],
							"lerp_mode": "catmullrom"
						},
						"0.24": {
							"post": [0, 0, 0],
							"lerp_mode": "catmullrom"
						},
						"0.44": [0, 0, 0]
					}
				},
				"leftArm": {
					"rotation": {
						"0.0": {
							"post": [-70, 20.5, -23.5],
							"lerp_mode": "catmullrom"
						},
						"0.24": {
							"post": [-107, 33, -23.5],
							"lerp_mode": "catmullrom"
						},
						"0.44": [-105, 33, -23.5]
					},
					"position": {
						"0.0": {
							"post": [-1.2, -0.5, -2.1],
							"lerp_mode": "catmullrom"
						},
						"0.24": {
							"post": [-1.2, -0.5, -2.1],
							"lerp_mode": "catmullrom"
						},
						"0.44": [-1.2, -0.5, -2.1]
					}
				},
				"hk417": {
					"rotation": {
						"0.0": {
							"post": [90, 7.5, 10],
							"lerp_mode": "catmullrom"
						},
						"0.24": {
							"post": [90, 7.5, 10],
							"lerp_mode": "catmullrom"
						},
						"0.44": [90, 7.5, 10]
					},
					"position": {
						"0.0": {
							"post": [1.5, 0.2, 0.3],
							"lerp_mode": "catmullrom"
						},
						"0.24": {
							"post": [1.5, 0.2, 0.3],
							"lerp_mode": "catmullrom"
						},
						"0.44": [1.5, 0.2, 0.3]
					},
					"scale": {
						"0.0": {
							"post": [0.265, 0.29, 0.32],
							"lerp_mode": "catmullrom"
						},
						"0.24": {
							"post": [0.265, 0.29, 0.32],
							"lerp_mode": "catmullrom"
						},
						"0.44": [0.265, 0.29, 0.32]
					}
				},
				"waist": {
					"rotation": {
						"0.0": {
							"post": [0, -7.5, 0],
							"lerp_mode": "catmullrom"
						},
						"0.24": {
							"post": [-1, 0.5, 0],
							"lerp_mode": "catmullrom"
						},
						"0.44": [0, 2.5, 0]
					}
				}
			}
		},
		"animation.hk417.third_person.draw_back": {
			"loop": "hold_on_last_frame",
			"animation_length": 0.24,
			"bones": {
				"rightArm": {
					"rotation": {
						"0.0": {
							"post": [-90, -12, 7.5],
							"lerp_mode": "catmullrom"
						},
						"0.24": [0, 0, 0]
					},
					"position": {
						"0.0": {
							"post": [0, 0, 0],
							"lerp_mode": "catmullrom"
						},
						"0.24": [0, 0, 0]
					}
				},
				"rightItem": {
					"scale": {
						"0.0": [0, 0, 0],
						"0.24": [1, 1, 1]
					}
				},
				"leftArm": {
					"rotation": {
						"0.0": {
							"post": [-105, 33, -23.5],
							"lerp_mode": "catmullrom"
						},
						"0.24": [0, 0, 0]
					},
					"position": {
						"0.0": {
							"post": [-1.2, -0.5, -2.1],
							"lerp_mode": "catmullrom"
						},
						"0.24": [0, 0, 0]
					}
				},
				"hk417": {
					"rotation": [90, 7.5, 10],
					"position": [1.5, 0.2, 0.3],
					"scale": [0.265, 0.29, 0.32]
				},
				"waist": {
					"rotation": {
						"0.0": {
							"post": [0, 2.5, 0],
							"lerp_mode": "catmullrom"
						},
						"0.24": [0, 0, 0]
					}
				}
			}
		},
		"animation.hk417.third_person.holding": {
			"loop": true,
			"bones": {
				"rightArm": {
					"rotation": [-90, -12, 7.5],
					"position": [0, 0, 0]
				},
				"rightItem": {
					"scale": 0
				},
				"leftArm": {
					"rotation": [-105, 33, -23.5],
					"position": [-1.2, -0.5, -2.1]
				},
				"hk417": {
					"rotation": [90, 7.5, 10],
					"position": [1.5, 0.2, 0.3],
					"scale": [0.265, 0.29, 0.32]
				},
				"waist": {
					"rotation": [0, 2.5, 0]
				}
			}
		},
		"animation.hk417.third_person.holding_scoped": {
			"loop": true,
			"bones": {
				"rightArm": {
					"rotation": [-112.5, -9.5, 12.5],
					"position": [0, 0, 0]
				},
				"rightItem": {
					"scale": 0
				},
				"leftArm": {
					"rotation": [-132.5, 33, -33.5],
					"position": [-1.2, -0.5, -2.1]
				},
				"hk417": {
					"rotation": [90, 7.5, 10],
					"position": [1.5, 0.2, 0.3],
					"scale": [0.265, 0.29, 0.32]
				},
				"waist": {
					"rotation": [0, 2.5, 0]
				}
			}
		},
		"animation.hk417.third_person.reload": {
			"loop": true,
			"animation_length": 3.4,
			"bones": {
				"rightArm": {
					"rotation": {
						"0.0": {
							"post": [-90, -12, 7.5],
							"lerp_mode": "catmullrom"
						},
						"0.28": {
							"post": [-100, -26.5, -32.5],
							"lerp_mode": "catmullrom"
						},
						"0.44": {
							"post": [-100, -26.5, -32.5],
							"lerp_mode": "catmullrom"
						},
						"0.6": {
							"post": [-100, -26.5, -32.5],
							"lerp_mode": "catmullrom"
						},
						"1.0": {
							"post": [-100, -26.5, -32.5],
							"lerp_mode": "catmullrom"
						},
						"1.16": {
							"post": [-100, -26.5, -32.5],
							"lerp_mode": "catmullrom"
						},
						"1.32": {
							"post": [-100, -26.5, -32.5],
							"lerp_mode": "catmullrom"
						},
						"1.64": {
							"post": [-100, -26.5, -32.5],
							"lerp_mode": "catmullrom"
						},
						"2.0": {
							"post": [-82.98, -9.76, -9.21],
							"lerp_mode": "catmullrom"
						},
						"2.52": {
							"post": [-93.5, -7.5, 28.5],
							"lerp_mode": "catmullrom"
						},
						"2.96": {
							"post": [-83.5, 5, 35],
							"lerp_mode": "catmullrom"
						},
						"3.4": [-90, -12, 7.5]
					},
					"position": {
						"0.0": {
							"post": [0, 0, 0],
							"lerp_mode": "catmullrom"
						},
						"3.4": [0, 0, 0]
					}
				},
				"rightItem": {
					"scale": {
						"0.0": [0, 0, 0],
						"3.4": [0, 0, 0]
					}
				},
				"leftArm": {
					"rotation": {
						"0.0": {
							"post": [-105, 33, -23.5],
							"lerp_mode": "catmullrom"
						},
						"0.28": {
							"post": [-108, 19.5, -33],
							"lerp_mode": "catmullrom"
						},
						"0.44": {
							"post": [-105.5, 19.5, -25.5],
							"lerp_mode": "catmullrom"
						},
						"0.56": {
							"post": [-73, 32.5, -33],
							"lerp_mode": "catmullrom"
						},
						"0.84": {
							"post": [-30.5, 13, -33],
							"lerp_mode": "catmullrom"
						},
						"1.04": {
							"post": [-73, 32.5, -33],
							"lerp_mode": "catmullrom"
						},
						"1.16": {
							"post": [-105.5, 19.5, -25.5],
							"lerp_mode": "catmullrom"
						},
						"1.32": {
							"post": [-108, 19.5, -33],
							"lerp_mode": "catmullrom"
						},
						"1.64": {
							"post": [-119, 20.5, -43],
							"lerp_mode": "catmullrom"
						},
						"1.92": {
							"post": [-115.5, 20.5, -43],
							"lerp_mode": "catmullrom"
						},
						"2.12": {
							"post": [-123.46, 15.69, -17.46],
							"lerp_mode": "catmullrom"
						},
						"2.24": {
							"post": [-136.48, 57.76, 7.21],
							"lerp_mode": "catmullrom"
						},
						"2.36": {
							"post": [-107.5, 69, 18],
							"lerp_mode": "catmullrom"
						},
						"2.6": {
							"post": [-99.5, 76.5, 40.5],
							"lerp_mode": "catmullrom"
						},
						"2.84": {
							"post": [-115, 49.5, 48],
							"lerp_mode": "catmullrom"
						},
						"3.4": [-105, 33, -23.5]
					},
					"position": {
						"0.0": {
							"post": [-1.2, -0.5, -2.1],
							"lerp_mode": "catmullrom"
						},
						"0.28": {
							"post": [-1.2, 0.8, -2.5],
							"lerp_mode": "catmullrom"
						},
						"0.44": {
							"post": [-1.2, 0.8, -2.5],
							"lerp_mode": "catmullrom"
						},
						"1.16": {
							"post": [-1.2, 0.8, -2.5],
							"lerp_mode": "catmullrom"
						},
						"1.32": {
							"post": [-1.2, 0.8, -2.5],
							"lerp_mode": "catmullrom"
						},
						"3.4": [-1.2, -0.5, -2.1]
					}
				},
				"hk417": {
					"rotation": {
						"0.0": {
							"post": [90, 7.5, 10],
							"lerp_mode": "catmullrom"
						},
						"0.24": [87.5, 7.5, 2.5],
						"0.4": [90, 7.5, 2.5],
						"0.52": [92.91, 10, 2.5],
						"0.88": [87.5, 7.5, 2.5],
						"1.44": [85.5, 7.5, 2.5],
						"1.52": [83.5, 7.5, 2.5],
						"1.64": [86.5, 7.5, 2.5],
						"2.36": [85.5, 2.5, 2.5],
						"2.6": [90.24, 0.86, 2.5],
						"2.88": [85.5, 0.5, 2.5],
						"3.4": [90, 7.5, 10]
					},
					"position": {
						"0.0": {
							"post": [1.5, 0.2, 0.3],
							"lerp_mode": "catmullrom"
						},
						"0.4": [0.6, -0.8, -0.1],
						"0.52": [0.6, -0.8, 0.1],
						"0.88": [0.6, -0.8, -0.1],
						"2.36": [0.6, -0.8, -0.1],
						"2.6": [0.6, -0.6, -0.1],
						"2.8": [0.6, -1, -0.1],
						"2.84": [0.6, -0.7, -0.1],
						"3.4": [1.5, 0.2, 0.3]
					},
					"scale": {
						"0.0": [0.265, 0.29, 0.32],
						"3.4": [0.265, 0.29, 0.32]
					}
				},
				"magazine": {
					"rotation": {
						"0.4": {
							"post": [0, 0, 0],
							"lerp_mode": "catmullrom"
						},
						"0.44": {
							"post": [-7.5, 9.03, -13.06],
							"lerp_mode": "catmullrom"
						},
						"0.56": {
							"post": [22.5, 32.5, -20],
							"lerp_mode": "catmullrom"
						},
						"0.68": {
							"post": [25, 32.5, -20],
							"lerp_mode": "catmullrom"
						},
						"0.92": {
							"post": [25, 32.5, -20],
							"lerp_mode": "catmullrom"
						},
						"1.04": {
							"post": [22.5, 32.5, -20],
							"lerp_mode": "catmullrom"
						},
						"1.16": {
							"post": [-7.5, 9.03, -13.06],
							"lerp_mode": "catmullrom"
						},
						"1.2": [0, 0, 0]
					},
					"position": {
						"0.4": {
							"post": [0, 0, 0],
							"lerp_mode": "catmullrom"
						},
						"0.44": {
							"post": [-0.28, -2.28, 4.39],
							"lerp_mode": "catmullrom"
						},
						"0.56": {
							"post": [-10, -17.6, 4.5],
							"lerp_mode": "catmullrom"
						},
						"0.68": {
							"post": [3, -34, 8],
							"lerp_mode": "catmullrom"
						},
						"0.92": {
							"post": [3, -34, 8],
							"lerp_mode": "catmullrom"
						},
						"1.04": {
							"post": [-10, -17.6, 4.5],
							"lerp_mode": "catmullrom"
						},
						"1.16": {
							"post": [-0.28, -2.28, 4.39],
							"lerp_mode": "catmullrom"
						},
						"1.2": [0, 0, 0]
					},
					"scale": {
						"0.56": [1, 1, 1],
						"0.68": [0, 0, 0],
						"0.92": [0, 0, 0],
						"1.04": [1, 1, 1]
					}
				},
				"reload": {
					"position": {
						"2.36": [0, 0, 0],
						"2.6": [0, 0, 6],
						"2.64": [0, 0, 6],
						"2.76": [0, 0, 0],
						"2.8": [0, 0, -0.3],
						"2.84": [0, 0, 0]
					}
				},
				"waist": {
					"rotation": {
						"0.0": {
							"post": [0, 0, 0],
							"lerp_mode": "catmullrom"
						},
						"0.08": {
							"post": [-5, 0, 0],
							"lerp_mode": "catmullrom"
						},
						"0.36": {
							"post": [0, 0, 0],
							"lerp_mode": "catmullrom"
						},
						"0.52": {
							"post": [0, 0, -2.5],
							"lerp_mode": "catmullrom"
						},
						"1.56": {
							"post": [-5.53, -8.02, 0.07],
							"lerp_mode": "catmullrom"
						},
						"1.88": {
							"post": [-3, -7.5, 0],
							"lerp_mode": "catmullrom"
						},
						"2.24": {
							"post": [-3, -7.5, 2],
							"lerp_mode": "catmullrom"
						},
						"2.64": {
							"post": [-3, -8.5, 2],
							"lerp_mode": "catmullrom"
						},
						"2.88": {
							"post": [-5, -7.5, 1],
							"lerp_mode": "catmullrom"
						},
						"3.4": [0, 2.5, 0]
					}
				}
			}
		},
		"animation.hk417.first_person.holding": {
			"loop": true,
			"bones": {
				"rightArm": {
					"rotation": [-90, -2.5, 7.5],
					"position": [0, -1, 0]
				},
				"rightItem": {
					"scale": 0
				},
				"leftArm": {
					"rotation": [-107.5, 15.5, -18.5],
					"position": [-6.4, -2.3, -9]
				},
				"hk417": {
					"rotation": [90, 7.5, 2.5],
					"position": [0.6, -0.8, -0.1],
					"scale": [0.265, 0.29, 0.32]
				},
				"root": {
					"rotation": [0, 180, 0]
				}
			}
		},
		"animation.hk417.first_person.reload": {
			"loop": true,
			"animation_length": 3.4,
			"bones": {
				"rightArm": {
					"rotation": {
						"0.0": {
							"post": [-90, -2.5, 7.5],
							"lerp_mode": "catmullrom"
						},
						"0.16": {
							"post": [-85, -2.5, 10],
							"lerp_mode": "catmullrom"
						},
						"0.44": {
							"post": [-102.5, -2.5, -2.5],
							"lerp_mode": "catmullrom"
						},
						"0.6": {
							"post": [-95, -2.5, -1.5],
							"lerp_mode": "catmullrom"
						},
						"1.0": {
							"post": [-99.5, -2.5, -5.5],
							"lerp_mode": "catmullrom"
						},
						"1.2": {
							"post": [-91, 0, -19],
							"lerp_mode": "catmullrom"
						},
						"1.36": {
							"post": [-94, 0, -19],
							"lerp_mode": "catmullrom"
						},
						"1.44": {
							"post": [-99.5, 0, -19],
							"lerp_mode": "catmullrom"
						},
						"1.64": {
							"post": [-97, 0, -19],
							"lerp_mode": "catmullrom"
						},
						"1.72": {
							"post": [-93, 0, -19],
							"lerp_mode": "catmullrom"
						},
						"1.92": {
							"post": [-93.5, 0, -14],
							"lerp_mode": "catmullrom"
						},
						"2.36": {
							"post": [-83.5, 5, 36],
							"lerp_mode": "catmullrom"
						},
						"2.96": {
							"post": [-83.5, 5, 35],
							"lerp_mode": "catmullrom"
						},
						"3.28": [-90, -2.5, 7.5]
					},
					"position": {
						"0.0": {
							"post": [0, -1, 0],
							"lerp_mode": "catmullrom"
						},
						"1.92": {
							"post": [0, -1, 0],
							"lerp_mode": "catmullrom"
						},
						"2.36": {
							"post": [0, -1, -1.4],
							"lerp_mode": "catmullrom"
						},
						"2.6": {
							"post": [0, -1, -1.2],
							"lerp_mode": "catmullrom"
						},
						"2.96": {
							"post": [0, -1, -1.5],
							"lerp_mode": "catmullrom"
						},
						"3.28": [0, -1, 0]
					}
				},
				"rightItem": {
					"scale": 0
				},
				"leftArm": {
					"rotation": {
						"0.0": {
							"post": [-107.5, 15.5, -18.5],
							"lerp_mode": "catmullrom"
						},
						"0.16": {
							"post": [-102.5, 15.5, -8.5],
							"lerp_mode": "catmullrom"
						},
						"0.28": {
							"post": [-94.69, 32, -27.37],
							"lerp_mode": "catmullrom"
						},
						"0.4": {
							"post": [-115.5, 32.5, -25.5],
							"lerp_mode": "catmullrom"
						},
						"0.56": {
							"post": [-73, 32.5, -33],
							"lerp_mode": "catmullrom"
						},
						"0.84": {
							"post": [-30.5, 13, -33],
							"lerp_mode": "catmullrom"
						},
						"1.32": {
							"post": [-110.5, 10.5, -43],
							"lerp_mode": "catmullrom"
						},
						"1.44": {
							"post": [-123, 20.5, -43],
							"lerp_mode": "catmullrom"
						},
						"1.64": {
							"post": [-119, 20.5, -43],
							"lerp_mode": "catmullrom"
						},
						"1.92": {
							"post": [-115.5, 20.5, -43],
							"lerp_mode": "catmullrom"
						},
						"2.12": {
							"post": [-123.46, 15.69, -17.46],
							"lerp_mode": "catmullrom"
						},
						"2.24": {
							"post": [-136.48, 57.76, 7.21],
							"lerp_mode": "catmullrom"
						},
						"2.36": {
							"post": [-107.5, 69, 30.5],
							"lerp_mode": "catmullrom"
						},
						"2.6": {
							"post": [-99.5, 76.5, 40.5],
							"lerp_mode": "catmullrom"
						},
						"2.84": {
							"post": [-115, 49.5, 48],
							"lerp_mode": "catmullrom"
						},
						"3.28": [-107.5, 15.5, -18.5]
					},
					"position": {
						"0.0": {
							"post": [-6.4, -2.3, -9],
							"lerp_mode": "catmullrom"
						},
						"0.16": {
							"post": [-5.9, -4.4, -7.6],
							"lerp_mode": "catmullrom"
						},
						"0.4": {
							"post": [-4.3, -3.4, -7.3],
							"lerp_mode": "catmullrom"
						},
						"0.68": {
							"post": [-3.3, -6.4, -7.3],
							"lerp_mode": "catmullrom"
						},
						"1.32": {
							"post": [-4.7, -4.5, -6.4],
							"lerp_mode": "catmullrom"
						},
						"1.44": {
							"post": [-4.7, -4.1, -6.4],
							"lerp_mode": "catmullrom"
						},
						"1.92": {
							"post": [-4.7, -4.1, -6.4],
							"lerp_mode": "catmullrom"
						},
						"2.12": {
							"post": [-3.54, -3.2, -4.73],
							"lerp_mode": "catmullrom"
						},
						"2.24": {
							"post": [-2.9, -2.2, -5.3],
							"lerp_mode": "catmullrom"
						},
						"2.6": {
							"post": [-2.1, -2.3, -4],
							"lerp_mode": "catmullrom"
						},
						"2.84": {
							"post": [-3.9, -3.2, -5],
							"lerp_mode": "catmullrom"
						},
						"3.28": [-6.4, -2.3, -9]
					}
				},
				"hk417": {
					"rotation": {
						"0.04": [90, 7.5, 2.5],
						"0.24": [87.5, 7.5, 2.5],
						"0.4": [90, 7.5, 2.5],
						"0.52": [92.91, 10, 2.5],
						"0.88": [87.5, 7.5, 2.5],
						"1.44": [85.5, 7.5, 2.5],
						"1.52": [83.5, 7.5, 2.5],
						"1.64": [86.5, 7.5, 2.5],
						"2.36": [85.5, 2.5, 2.5],
						"2.6": [90.24, 0.86, 2.5],
						"2.88": [85.5, 0.5, 2.5],
						"3.28": [90, 7.5, 2.5]
					},
					"position": {
						"0.04": [0.6, -0.8, -0.1],
						"0.4": [0.6, -0.8, -0.1],
						"0.52": [0.6, -0.8, 0.1],
						"0.88": [0.6, -0.8, -0.1],
						"2.36": [0.6, -0.8, -0.1],
						"2.6": [0.6, -0.6, -0.1],
						"2.8": [0.6, -1, -0.1],
						"2.84": [0.6, -0.7, -0.1],
						"3.28": [0.6, -0.8, -0.1]
					},
					"scale": [0.265, 0.29, 0.32]
				},
				"root": {
					"rotation": [0, 180, 0],
					"position": [0, 0, 0]
				},
				"body": {
					"rotation": {
						"0.0": {
							"post": [0, 0, 0],
							"lerp_mode": "catmullrom"
						},
						"0.08": {
							"post": [-5, 0, 0],
							"lerp_mode": "catmullrom"
						},
						"0.36": {
							"post": [0, 0, 0],
							"lerp_mode": "catmullrom"
						},
						"0.52": {
							"post": [0, 0, -2.5],
							"lerp_mode": "catmullrom"
						},
						"1.32": {
							"post": [-5, -7.5, 0],
							"lerp_mode": "catmullrom"
						},
						"1.56": {
							"post": [-5.53, -8.02, 0.07],
							"lerp_mode": "catmullrom"
						},
						"1.88": {
							"post": [-3, -7.5, 0],
							"lerp_mode": "catmullrom"
						},
						"2.24": {
							"post": [-3, -7.5, 2],
							"lerp_mode": "catmullrom"
						},
						"2.64": {
							"post": [-3, -8.5, 2],
							"lerp_mode": "catmullrom"
						},
						"2.88": {
							"post": [-5, -7.5, 1],
							"lerp_mode": "catmullrom"
						},
						"3.4": [0, 0, 0]
					}
				},
				"magazine": {
					"rotation": {
						"0.4": [0, 0, 0],
						"0.44": [-15, 9.03, -5.56],
						"0.56": [22.5, 32.5, -20],
						"0.68": [25, 32.5, -20],
						"1.12": [25, 32.5, -20],
						"1.32": [-15, -5, -17.5],
						"1.44": [0, 0, 0]
					},
					"position": {
						"0.4": [0, 0, 0],
						"0.44": [-0.28, -6.28, -3.61],
						"0.56": [-1, -22.6, -9.5],
						"0.68": [23, -40, -7],
						"1.12": [3, -21, -7],
						"1.16": [3.88, -13.13, -5.8],
						"1.2": [3.26, -8.76, -4.6],
						"1.24": [2.64, -5.4, -3.4],
						"1.28": [2.52, -3.2, -2.2],
						"1.32": [1.6, -3, -1],
						"1.44": [0, 0, 0],
						"1.48": [0, 0.3, 0],
						"1.52": [0, 0, 0]
					},
					"scale": {
						"0.56": [1, 1, 1],
						"0.68": [0, 0, 0],
						"1.08": [0, 0, 0],
						"1.12": [1, 1, 1]
					}
				},
				"reload": {
					"position": {
						"2.36": [0, 0, 0],
						"2.6": [0, 0, 6],
						"2.64": [0, 0, 6],
						"2.76": [0, 0, 0],
						"2.8": [0, 0, -0.3],
						"2.84": [0, 0, 0]
					}
				}
			}
		},
		"animation.hk417.first_person.scoping_in": {
			"loop": "hold_on_last_frame",
			"animation_length": 0.16,
			"bones": {
				"rightArm": {
					"rotation": {
						"0.0": [-90, -2.5, 7.5],
						"0.16": [-90, -2.5, 7.5]
					},
					"position": {
						"0.0": [0, -1, 0],
						"0.16": [0, -1, 0]
					}
				},
				"rightItem": {
					"scale": {
						"0.0": [0, 0, 0],
						"0.16": [0, 0, 0]
					}
				},
				"leftArm": {
					"rotation": {
						"0.0": [-107.5, 15.5, -18.5],
						"0.16": [-105, 10.5, -8.5]
					},
					"position": {
						"0.0": [-6.4, -2.3, -9],
						"0.16": [-8.8, -2.3, -9.2]
					}
				},
				"hk417": {
					"rotation": {
						"0.0": [90, 7.5, 2.5],
						"0.16": [90, 7.5, 2.5]
					},
					"position": {
						"0.0": [0.6, -0.8, -0.1],
						"0.16": [0.6, -0.8, -0.1]
					},
					"scale": {
						"0.0": [0.265, 0.29, 0.32],
						"0.16": [0.265, 0.29, 0.32]
					}
				},
				"root": {
					"rotation": {
						"0.0": [0, 180, 0],
						"0.16": [0, 180, 0]
					},
					"position": {
						"0.0": [0, 0, 0],
						"0.16": [-4.92, 0.3, -6]
					}
				}
			}
		},
		"animation.hk417.first_person.scoping_out": {
			"loop": "hold_on_last_frame",
			"animation_length": 0.16,
			"bones": {
				"rightArm": {
					"rotation": {
						"0.0": [-90, -2.5, 7.5],
						"0.16": [-90, -2.5, 7.5]
					},
					"position": {
						"0.0": [0, -1, 0],
						"0.16": [0, -1, 0]
					}
				},
				"rightItem": {
					"scale": {
						"0.0": [0, 0, 0],
						"0.16": [0, 0, 0]
					}
				},
				"leftArm": {
					"rotation": {
						"0.0": [-105, 10.5, -8.5],
						"0.16": [-107.5, 15.5, -18.5]
					},
					"position": {
						"0.0": [-8.8, -2.3, -9.2],
						"0.16": [-6.4, -2.3, -9]
					}
				},
				"hk417": {
					"rotation": {
						"0.0": [90, 7.5, 2.5],
						"0.16": [90, 7.5, 2.5]
					},
					"position": {
						"0.0": [0.6, -0.8, -0.1],
						"0.16": [0.6, -0.8, -0.1]
					},
					"scale": {
						"0.0": [0.265, 0.29, 0.32],
						"0.16": [0.265, 0.29, 0.32]
					}
				},
				"root": {
					"rotation": {
						"0.0": [0, 180, 0],
						"0.16": [0, 180, 0]
					},
					"position": {
						"0.0": [-4.92, 0.3, -6],
						"0.16": [0, 0, 0]
					}
				}
			}
		},
		"animation.hk417.first_person.holding_scoped": {
			"loop": true,
			"animation_length": 30,
			"bones": {
				"rightArm": {
					"rotation": [-90, -2.5, 7.5],
					"position": [0, -1, 0]
				},
				"rightItem": {
					"scale": 0
				},
				"leftArm": {
					"rotation": [-105, 10.5, -8.5],
					"position": [-8.8, -2.3, -9.2]
				},
				"hk417": {
					"rotation": [90, 7.5, 2.5],
					"position": [0.6, -0.8, -0.1],
					"scale": [0.265, 0.29, 0.32]
				},
				"root": {
					"rotation": [0, 180, 0],
					"position": [-4.92, 0.3, -6]
				}
			}
		},
		"animation.hk417.first_person.draw_out": {
			"loop": "hold_on_last_frame",
			"animation_length": 0.92,
			"bones": {
				"rightArm": {
					"rotation": {
						"0.04": {
							"post": [-82.5, -2.5, 10],
							"lerp_mode": "catmullrom"
						},
						"0.24": {
							"post": [-91.5, -2.5, -2.5],
							"lerp_mode": "catmullrom"
						},
						"0.44": {
							"post": [-92.07, -2.5, 3.59],
							"lerp_mode": "catmullrom"
						},
						"0.68": [-90, -2.5, 7.5]
					},
					"position": {
						"0.04": {
							"post": [0, -1, 0],
							"lerp_mode": "catmullrom"
						},
						"0.68": [0, -1, 0]
					}
				},
				"rightItem": {
					"scale": 0
				},
				"leftArm": {
					"rotation": {
						"0.08": {
							"post": [-97.5, 23, -18.5],
							"lerp_mode": "catmullrom"
						},
						"0.2": {
							"post": [-99.52, 21.6, -18.5],
							"lerp_mode": "catmullrom"
						},
						"0.4": {
							"post": [-111.54, 8.29, -27.5],
							"lerp_mode": "catmullrom"
						},
						"0.68": [-107.5, 15.5, -18.5]
					},
					"position": {
						"0.08": {
							"post": [-5.5, -2.3, -9],
							"lerp_mode": "catmullrom"
						},
						"0.2": {
							"post": [-5.64, -0.3, -8],
							"lerp_mode": "catmullrom"
						},
						"0.4": {
							"post": [-5.95, -1.03, -9],
							"lerp_mode": "catmullrom"
						},
						"0.68": [-6.4, -2.3, -9]
					}
				},
				"hk417": {
					"rotation": {
						"0.0": {
							"post": [90, -5.5, 2.5],
							"lerp_mode": "catmullrom"
						},
						"0.16": {
							"post": [86.13, -3.8, 2.5],
							"lerp_mode": "catmullrom"
						},
						"0.44": {
							"post": [84, 2.19, 2.5],
							"lerp_mode": "catmullrom"
						},
						"0.68": [90, 7.5, 2.5]
					},
					"position": {
						"0.0": {
							"post": [0.6, -0.8, -0.1],
							"lerp_mode": "catmullrom"
						},
						"0.32": {
							"post": [1, -0.8, -0.1],
							"lerp_mode": "catmullrom"
						},
						"0.68": [0.6, -0.8, -0.1]
					},
					"scale": {
						"0.0": {
							"post": [0.265, 0.29, 0.32],
							"lerp_mode": "catmullrom"
						},
						"0.68": [0.265, 0.29, 0.32]
					}
				},
				"root": {
					"rotation": {
						"0.0": {
							"post": [0, 180, 0],
							"lerp_mode": "catmullrom"
						},
						"0.68": [0, 180, 0]
					},
					"position": {
						"0.0": {
							"post": [0, 0, 0],
							"lerp_mode": "catmullrom"
						},
						"0.68": [0, 0, 0]
					}
				},
				"body": {
					"rotation": {
						"0.0": {
							"post": [12.5, -20, 15],
							"lerp_mode": "catmullrom"
						},
						"0.16": {
							"post": [5, -10, 0],
							"lerp_mode": "catmullrom"
						},
						"0.32": {
							"post": [0, -7.5, 0],
							"lerp_mode": "catmullrom"
						},
						"0.52": {
							"post": [0, -5, -1],
							"lerp_mode": "catmullrom"
						},
						"0.76": {
							"post": [0, 0.1, -0.1],
							"lerp_mode": "catmullrom"
						},
						"0.92": [0, 0, 0]
					},
					"position": {
						"0.0": {
							"post": [0, -1, 0],
							"lerp_mode": "catmullrom"
						},
						"0.2": {
							"post": [0, 0, 0],
							"lerp_mode": "catmullrom"
						},
						"0.4": {
							"post": [0, 0, -1],
							"lerp_mode": "catmullrom"
						},
						"0.68": [0, 0, 0]
					}
				}
			}
		},
		"animation.hk417.default": {
			"loop": true,
			"bones": {
				"hk417": {
					"scale": 0
				}
			}
		},
		"animation.hk417.first_person.shooting": {
			"animation_length": 0.52,
			"anim_time_update": "query.anim_time + query.delta_time* 1.7",
			"bones": {
				"body": {
					"rotation": {
						"0.0": {
							"post": [0, 0, 0],
							"lerp_mode": "catmullrom"
						},
						"0.04": {
							"post": [1.5, 0, 0],
							"lerp_mode": "catmullrom"
						},
						"0.2": {
							"post": [-2, 0, -2],
							"lerp_mode": "catmullrom"
						},
						"0.36": {
							"post": [1, 0, 3],
							"lerp_mode": "catmullrom"
						},
						"0.52": [0, 0, 0]
					},
					"position": {
						"0.04": {
							"post": [0, 0, 0],
							"lerp_mode": "catmullrom"
						},
						"0.12": {
							"post": [0, 0, 0.5],
							"lerp_mode": "catmullrom"
						},
						"0.24": {
							"post": [0, 0.5, 0.7],
							"lerp_mode": "catmullrom"
						},
						"0.4": [0, 0, 0]
					}
				},
				"hk417": {
					"rotation": {
						"0.0": {
							"post": [0, 0, 0],
							"lerp_mode": "catmullrom"
						},
						"0.04": {
							"post": [1.5, 0, 0],
							"lerp_mode": "catmullrom"
						},
						"0.08": {
							"post": [-2, 0, 0],
							"lerp_mode": "catmullrom"
						},
						"0.36": [0, 0, 0]
					},
					"position": {
						"0.04": {
							"post": [0, 0, 0],
							"lerp_mode": "catmullrom"
						},
						"0.08": {
							"post": [0, 0.2, 0],
							"lerp_mode": "catmullrom"
						},
						"0.16": {
							"post": [0, 0.4, 0],
							"lerp_mode": "catmullrom"
						},
						"0.36": [0, 0, 0]
					}
				},
				"leftArm": {
					"rotation": {
						"0.04": {
							"post": [0, 0, 0],
							"lerp_mode": "catmullrom"
						},
						"0.36": [0, 0, 0]
					},
					"position": {
						"0.04": {
							"post": [0, 0, 0],
							"lerp_mode": "catmullrom"
						},
						"0.08": {
							"post": [0, 0.3, 0.5],
							"lerp_mode": "catmullrom"
						},
						"0.16": {
							"post": [0, 0.5, 0.5],
							"lerp_mode": "catmullrom"
						},
						"0.36": [0, 0, 0]
					}
				},
				"rightArm": {
					"rotation": [0, 0, 0]
				}
			},
			"sound_effects": {}
		},
		"animation.hk417.first_person.shooting_recoil": {
			"loop": "hold_on_last_frame",
			"animation_length": 6,
			"bones": {
				"waist": {
					"position": [0, 0, "math.clamp(query.anim_time / 2, 0, 3)"]
				}
			}
		},
		"animation.hk417.first_person.shooting_scoped": {
			"animation_length": 1.8,
			"anim_time_update": "query.anim_time + query.delta_time* 2",
			"bones": {
				"leftArm": {
					"rotation": {
						"0.0": {
							"post": [0, 0, 0],
							"lerp_mode": "catmullrom"
						},
						"0.12": {
							"post": [-2, 0, 0],
							"lerp_mode": "catmullrom"
						},
						"0.28": [0, 0, 0]
					},
					"position": {
						"0.0": {
							"post": [0, 0, 0],
							"lerp_mode": "catmullrom"
						},
						"0.28": [0, 0, 0]
					}
				},
				"hk417": {
					"rotation": {
						"0.0": {
							"post": [0, 0, 0],
							"lerp_mode": "catmullrom"
						},
						"0.04": {
							"post": [-1, 2, 0],
							"lerp_mode": "catmullrom"
						},
						"0.28": [0, 0, 0]
					},
					"position": {
						"0.0": {
							"post": [0, 0, 0],
							"lerp_mode": "catmullrom"
						},
						"0.04": {
							"post": [0, 0.3, 0],
							"lerp_mode": "catmullrom"
						},
						"0.28": [0, 0, 0]
					}
				},
				"body": {
					"rotation": {
						"0.0": {
							"post": [0, 0, 0],
							"lerp_mode": "catmullrom"
						},
						"0.04": {
							"post": [-3.5, 0, -1],
							"lerp_mode": "catmullrom"
						},
						"0.32": {
							"post": [0, 0, 0],
							"lerp_mode": "catmullrom"
						}
					},
					"position": {
						"0.0": {
							"post": [0, 0, 0],
							"lerp_mode": "catmullrom"
						},
						"0.16": {
							"post": [0, 0, 0.6],
							"lerp_mode": "catmullrom"
						},
						"0.32": {
							"post": [0, 0, 0],
							"lerp_mode": "catmullrom"
						}
					}
				},
				"waist": {
					"position": [0, 0, 0]
				}
			}
		},
		"animation.hk417.third_person.shooting": {
			"animation_length": 0.1667,
			"anim_time_update": "query.anim_time + query.delta_time*1.5",
			"bones": {
				"rightArm": {
					"rotation": {
						"0.0": [0, 0, 0],
						"0.08": [-5, 0, 0],
						"0.16": [0, 0, 0]
					},
					"position": {
						"0.0": [0, 0, 0],
						"0.08": [0, 0, 0.4],
						"0.16": [0, 0, 0]
					}
				},
				"leftArm": {
					"rotation": {
						"0.0": [0, 0, 0],
						"0.08": [-5, 0, 0],
						"0.16": [0, 0, 0]
					},
					"position": {
						"0.0": [0, 0, 0],
						"0.08": [0, 0, 0.4],
						"0.16": [0, 0, 0]
					}
				},
				"hk417": {
					"rotation": {
						"0.0": [0, 0, 0],
						"0.08": [-5, 0, 0],
						"0.16": [0, 0, 0]
					},
					"position": {
						"0.0": [0, 0, 0],
						"0.08": [0, 0.4, 0],
						"0.16": [0, 0, 0]
					}
				}
			}
		},
		"animation.hk417.no_ammo": {
			"loop": true,
			"bones": {
				"body": {
					"rotation": [12.5, 0, 5]
				}
			}
		},
		"animation.hk417.third_person.shooting_scoped": {
			"animation_length": 0.1667,
			"anim_time_update": "query.anim_time + query.delta_time*1.5",
			"bones": {
				"rightArm": {
					"rotation": {
						"0.0": [0, 0, 0],
						"0.08": [-5, 0, 0],
						"0.16": [0, 0, 0]
					},
					"position": {
						"0.0": [0, 0, 0],
						"0.08": [0, 0, 0.4],
						"0.16": [0, 0, 0]
					}
				},
				"leftArm": {
					"rotation": {
						"0.0": [0, 0, 0],
						"0.08": [-5, 0, 0],
						"0.16": [0, 0, 0]
					},
					"position": {
						"0.0": [0, 0, 0],
						"0.08": [0, 0, 0.4],
						"0.16": [0, 0, 0]
					}
				},
				"hk417": {
					"rotation": {
						"0.0": [0, 0, 0],
						"0.08": [-2, 0, 0],
						"0.16": [0, 0, 0]
					},
					"position": {
						"0.0": [0, 0, 0],
						"0.08": [0, 0.4, 0],
						"0.16": [0, 0, 0]
					}
				}
			}
		},
		"animation.hk417.setup": {
			"loop": true
		}
	}
}