{
	"format_version": "1.8.0",
	"animations": {
		"animation.sh_plasma_cannon.first_person.plasma_blast": {
			"animation_length": 1.32,
			"anim_time_update": "query.anim_time + query.delta_time* 2",
			"bones": {
				"waist": {
					"position": [0, 0, 0]
				},
				"body": {
					"rotation": {
						"0.0": {
							"post": [0, 0, 0],
							"lerp_mode": "catmullrom"
						},
						"0.04": {
							"post": [-2.5, 0, -1],
							"lerp_mode": "catmullrom"
						},
						"0.12": {
							"post": [-6.65, 0, -0.66],
							"lerp_mode": "catmullrom"
						},
						"1.0": [0, 0, 0]
					},
					"position": {
						"0.0": {
							"post": [0, 0, 0],
							"lerp_mode": "catmullrom"
						},
						"0.12": {
							"post": [0, 0, 4.3],
							"lerp_mode": "catmullrom"
						},
						"0.36": {
							"post": [0, -0.04, 5.26],
							"lerp_mode": "catmullrom"
						},
						"0.52": {
							"post": [0, -0.04, 5.76],
							"lerp_mode": "catmullrom"
						},
						"0.72": [0, -0.82, 2.27],
						"1.0": [0, 0, 0]
					}
				},
				"sh_plasma_cannon": {
					"rotation": {
						"0.0": {
							"post": [0, 0, 0],
							"lerp_mode": "catmullrom"
						},
						"0.12": {
							"post": [-11, 2, 0],
							"lerp_mode": "catmullrom"
						},
						"0.36": {
							"post": [-12.16, 1.32, 0],
							"lerp_mode": "catmullrom"
						},
						"0.68": [0, 0, 0]
					},
					"position": {
						"0.0": {
							"post": [0, 0, 0],
							"lerp_mode": "catmullrom"
						},
						"0.12": {
							"post": [0, 0.3, 0],
							"lerp_mode": "catmullrom"
						},
						"0.68": [0, 0, 0]
					}
				},
				"leftArm": {
					"rotation": {
						"0.0": {
							"post": [0, 0, 0],
							"lerp_mode": "catmullrom"
						},
						"0.12": {
							"post": [-11, 0, 0],
							"lerp_mode": "catmullrom"
						},
						"0.36": {
							"post": [-14.32, 0, 0],
							"lerp_mode": "catmullrom"
						},
						"0.68": [0, 0, 0]
					},
					"position": {
						"0.0": {
							"post": [0, 0, 0],
							"lerp_mode": "catmullrom"
						},
						"0.12": {
							"post": [0, 0.8, 0],
							"lerp_mode": "catmullrom"
						},
						"0.68": [0, 0, 0]
					}
				}
			},
			"particle_effects": {
				"0.0": {
					"effect": "plasma_blast",
					"locator": "plasma_cannon"
				}
			}
		},
		"animation.sh_plasma_cannon.first_person.plasma_blast_ready": {
			"animation_length": 0.24,
			"anim_time_update": "query.anim_time + query.delta_time* 2",
			"bones": {
				"body": {
					"rotation": {
						"0.0": {
							"post": [0, 0, 0],
							"lerp_mode": "catmullrom"
						},
						"0.08": {
							"post": [0, 0, -4],
							"lerp_mode": "catmullrom"
						},
						"0.16": {
							"post": [0, 0, 4],
							"lerp_mode": "catmullrom"
						},
						"0.24": [0, 0, 0]
					}
				}
			}
		},
		"animation.sh_plasma_cannon.third_person.draw_out": {
			"loop": "hold_on_last_frame",
			"animation_length": 0.44,
			"bones": {
				"rightArm": {
					"rotation": {
						"0.0": {
							"post": [-60, -30, 0],
							"lerp_mode": "catmullrom"
						},
						"0.24": {
							"post": [-88.5, -22.5, 2],
							"lerp_mode": "catmullrom"
						},
						"0.44": [-87.5, -22.5, 10]
					},
					"position": {
						"0.0": {
							"post": [0, 0, 0.4],
							"lerp_mode": "catmullrom"
						},
						"0.24": {
							"post": [0, 0, 0.4],
							"lerp_mode": "catmullrom"
						},
						"0.44": [0, 0, 0.4]
					}
				},
				"rightItem": {
					"scale": {
						"0.0": {
							"post": [0, 0, 0],
							"lerp_mode": "catmullrom"
						},
						"0.24": {
							"post": [0, 0, 0],
							"lerp_mode": "catmullrom"
						},
						"0.44": [0, 0, 0]
					}
				},
				"leftArm": {
					"rotation": {
						"0.0": {
							"post": [-36, 32.5, 2.5],
							"lerp_mode": "catmullrom"
						},
						"0.24": {
							"post": [-73, 32.5, -5],
							"lerp_mode": "catmullrom"
						},
						"0.44": [-71, 32.5, -5]
					},
					"position": {
						"0.0": {
							"post": [-1, 0, -3],
							"lerp_mode": "catmullrom"
						},
						"0.24": {
							"post": [-1, 0, -3],
							"lerp_mode": "catmullrom"
						},
						"0.44": [-1, 0, -3]
					}
				},
				"sh_plasma_cannon": {
					"rotation": {
						"0.0": [85, 10, 9],
						"0.24": [85, 10, 9],
						"0.44": [85, 10, 9]
					},
					"position": {
						"0.0": [2.2, -0.1, -1.2],
						"0.24": [2.2, -0.1, -1.2],
						"0.44": [2.2, -0.1, -1.2]
					},
					"scale": {
						"0.0": [0.32, 0.32, 0.32],
						"0.24": [0.32, 0.32, 0.32],
						"0.44": [0.32, 0.32, 0.32]
					}
				},
				"waist": {
					"rotation": {
						"0.0": {
							"post": [5, -2.5, 0],
							"lerp_mode": "catmullrom"
						},
						"0.24": {
							"post": [-1, 14.5, 0],
							"lerp_mode": "catmullrom"
						},
						"0.44": [0, 12.5, 0]
					}
				}
			}
		},
		"animation.sh_plasma_cannon.third_person.draw_back": {
			"loop": "hold_on_last_frame",
			"animation_length": 0.24,
			"bones": {
				"rightArm": {
					"rotation": {
						"0.0": {
							"post": [-87.5, -22.5, 10],
							"lerp_mode": "catmullrom"
						},
						"0.24": [0, 0, 0]
					},
					"position": {
						"0.0": {
							"post": [0, 0, 0.4],
							"lerp_mode": "catmullrom"
						},
						"0.24": [0, 0, 0]
					}
				},
				"rightItem": {
					"scale": {
						"0.0": [0, 0, 0],
						"0.24": [1, 1, 1]
					}
				},
				"leftArm": {
					"rotation": {
						"0.0": {
							"post": [-71, 32.5, -5],
							"lerp_mode": "catmullrom"
						},
						"0.24": [0, 0, 0]
					},
					"position": {
						"0.0": {
							"post": [-1, 0, -3],
							"lerp_mode": "catmullrom"
						},
						"0.24": [0, 0, 0]
					}
				},
				"sh_plasma_cannon": {
					"rotation": [85, 10, 9],
					"position": [2.2, -0.1, -1.2],
					"scale": 0.32
				},
				"waist": {
					"rotation": {
						"0.0": {
							"post": [0, 12.5, 0],
							"lerp_mode": "catmullrom"
						},
						"0.24": [0, 0, 0]
					}
				}
			}
		},
		"animation.sh_plasma_cannon.third_person.holding": {
			"loop": true,
			"bones": {
				"rightArm": {
					"rotation": [-87.5, -22.5, 10],
					"position": [0, 0, 0.4]
				},
				"rightItem": {
					"scale": 0
				},
				"leftArm": {
					"rotation": [-71, 32.5, -5],
					"position": [-1, 0, -3]
				},
				"sh_plasma_cannon": {
					"rotation": [85, 10, 9],
					"position": [2.2, -0.1, -1.2],
					"scale": 0.32
				},
				"waist": {
					"rotation": [0, 12.5, 0]
				}
			}
		},
		"animation.sh_plasma_cannon.third_person.holding_scoped": {
			"loop": true,
			"bones": {
				"rightArm": {
					"rotation": [-112.5, -20, 12.5],
					"position": [0, 0, 0.4]
				},
				"rightItem": {
					"scale": 0
				},
				"leftArm": {
					"rotation": [-106, 30, -5],
					"position": [-1, 0, -3]
				},
				"sh_plasma_cannon": {
					"rotation": [85, 10, 9],
					"position": [2.2, -0.1, -1.2],
					"scale": 0.32
				},
				"waist": {
					"rotation": [0, 12.5, 0]
				}
			}
		},
		"animation.sh_plasma_cannon.third_person.reload": {
			"loop": true,
			"animation_length": 2.84,
			"bones": {
				"rightArm": {
					"rotation": {
						"0.0": {
							"post": [-87.5, -22.5, 10],
							"lerp_mode": "catmullrom"
						},
						"0.24": {
							"post": [-96.6, -19.25, -1.36],
							"lerp_mode": "catmullrom"
						},
						"0.44": {
							"post": [-91, -15, -5],
							"lerp_mode": "catmullrom"
						},
						"0.64": {
							"post": [-93.42, -6.96, -15.32],
							"lerp_mode": "catmullrom"
						},
						"0.84": {
							"post": [-93.42, -6.96, -15.32],
							"lerp_mode": "catmullrom"
						},
						"1.16": {
							"post": [-93.42, 0.04, -5.32],
							"lerp_mode": "catmullrom"
						},
						"1.76": {
							"post": [-93.42, -10.89, -11.26],
							"lerp_mode": "catmullrom"
						},
						"2.0": {
							"post": [-93.42, -10.89, -11.26],
							"lerp_mode": "catmullrom"
						},
						"2.52": [-87.5, -22.5, 10]
					},
					"position": {
						"0.0": [0, 0, 0.4],
						"2.52": [0, 0, 0.4]
					}
				},
				"rightItem": {
					"scale": 0
				},
				"leftArm": {
					"rotation": {
						"0.0": {
							"post": [-71, 32.5, -5],
							"lerp_mode": "catmullrom"
						},
						"0.12": {
							"post": [-74.5, 9.5, -11],
							"lerp_mode": "catmullrom"
						},
						"0.28": {
							"post": [-81.5, 31.5, -19],
							"lerp_mode": "catmullrom"
						},
						"0.44": {
							"post": [-72.28, 38.81, -19.5],
							"lerp_mode": "catmullrom"
						},
						"0.64": {
							"post": [-80, 39.5, -19],
							"lerp_mode": "catmullrom"
						},
						"0.68": {
							"post": [-66.19, 47.2, -23.6],
							"lerp_mode": "catmullrom"
						},
						"0.72": {
							"post": [-53, 45.5, -31.5],
							"lerp_mode": "catmullrom"
						},
						"0.96": {
							"post": [-35.5, 20.5, -34],
							"lerp_mode": "catmullrom"
						},
						"1.4": {
							"post": [-58, 30.5, -34],
							"lerp_mode": "catmullrom"
						},
						"1.56": {
							"post": [-78, 45.5, -31.5],
							"lerp_mode": "catmullrom"
						},
						"1.72": {
							"post": [-83, 45.5, -19],
							"lerp_mode": "catmullrom"
						},
						"1.8": {
							"post": [-86, 45.5, -19],
							"lerp_mode": "catmullrom"
						},
						"1.88": {
							"post": [-83, 45.5, -19],
							"lerp_mode": "catmullrom"
						},
						"2.08": {
							"post": [-83, 45.5, -16.5],
							"lerp_mode": "catmullrom"
						},
						"2.24": {
							"post": [-87.7, 25.86, -34.25],
							"lerp_mode": "catmullrom"
						},
						"2.44": [-95.5, 26.5, -11],
						"2.52": [-71, 32.5, -5]
					},
					"position": {
						"0.0": [-1, 0, -3],
						"1.72": [-1, 0, -3.7],
						"2.52": [-1, 0, -3]
					}
				},
				"sh_plasma_cannon": {
					"rotation": {
						"0.0": [85, 10, 9],
						"0.6": [90, 7.5, 2.5],
						"0.68": [95, 5, 2.5],
						"0.88": [89.5, 7.5, 2.5],
						"1.2": [90, 7.5, 2.5],
						"1.72": [90, 7.5, 2.5],
						"1.8": [87, 7.5, 2.5],
						"2.08": [89, 10.5, 2.5],
						"2.28": [90, 7.5, 2.5],
						"2.52": [85, 10, 9]
					},
					"position": {
						"0.0": [2.2, -0.1, -1.2],
						"2.52": [2.2, -0.1, -1.2]
					},
					"scale": {
						"0.0": [0.32, 0.32, 0.32],
						"2.52": [0.32, 0.32, 0.32]
					}
				},
				"ammo": {
					"rotation": {
						"0.64": [0, 0, 0],
						"0.72": [0, 42.5, -24],
						"0.96": [10, 20, -24],
						"1.4": [10, 20, -24],
						"1.56": [0, 42.5, -24],
						"1.72": [0, 0, 0],
						"2.28": [0, 0, 0]
					},
					"position": {
						"0.64": [0, 0, 0],
						"0.72": [0, -15, 1.5],
						"0.96": [19, -19, 1.5],
						"1.4": [20, -19, 8.5],
						"1.56": [5, -6, 4.5],
						"1.72": [0, 0, 0]
					},
					"scale": {
						"0.92": [1, 1, 1],
						"0.96": [0, 0, 0],
						"1.4": [0, 0, 0],
						"1.44": [1, 1, 1]
					}
				}
			}
		},
		"animation.sh_plasma_cannon.first_person.holding": {
			"loop": true,
			"animation_length": 30,
			"bones": {
				"rightArm": {
					"rotation": [-90, -2.5, 7.5],
					"position": [1, 0, 5]
				},
				"rightItem": {
					"scale": 0
				},
				"leftArm": {
					"rotation": [-95.5, 26.5, -11],
					"position": [-4.1, -4.2, -12.4]
				},
				"sh_plasma_cannon": {
					"rotation": [90, 7.5, 2.5],
					"position": [1.2, -4.8, -0.8],
					"scale": 0.42
				},
				"root": {
					"rotation": [0, 180, 0],
					"position": [0, 0, 0]
				},
				"waist": {
					"position": [-2, 0, 1]
				}
			},
			"sound_effects": {
				"4.04": {
					"effect": "spark"
				},
				"13.88": {
					"effect": "spark"
				},
				"29.96": {
					"effect": "spark"
				}
			},
			"particle_effects": {
				"4.04": {
					"effect": "electricity3",
					"locator": "plasma_cannon"
				},
				"13.88": {
					"effect": "electricity3",
					"locator": "plasma_cannon"
				},
				"29.96": {
					"effect": "electricity3",
					"locator": "plasma_cannon"
				}
			}
		},
		"animation.sh_plasma_cannon.first_person.reload": {
			"loop": true,
			"animation_length": 2.84,
			"bones": {
				"rightArm": {
					"rotation": {
						"0.04": {
							"post": [-90, -2.5, 7.5],
							"lerp_mode": "catmullrom"
						},
						"0.2": {
							"post": [-87.5, -2.5, 15],
							"lerp_mode": "catmullrom"
						},
						"0.44": {
							"post": [-95, 0, -5],
							"lerp_mode": "catmullrom"
						},
						"0.64": {
							"post": [-93.42, 0.04, -5.32],
							"lerp_mode": "catmullrom"
						},
						"0.84": {
							"post": [-91.42, 0.04, -5.32],
							"lerp_mode": "catmullrom"
						},
						"1.16": {
							"post": [-93.42, 0.04, -5.32],
							"lerp_mode": "catmullrom"
						},
						"1.72": {
							"post": [-93.42, 0.04, -6.32],
							"lerp_mode": "catmullrom"
						},
						"1.76": {
							"post": [-95.42, 0.04, -9.32],
							"lerp_mode": "catmullrom"
						},
						"2.0": {
							"post": [-93.42, 0.04, -6.32],
							"lerp_mode": "catmullrom"
						},
						"2.52": [-90, -2.5, 7.5]
					},
					"position": [1, 0, 5]
				},
				"rightItem": {
					"scale": 0
				},
				"leftArm": {
					"rotation": {
						"0.04": {
							"post": [-95.5, 26.5, -11],
							"lerp_mode": "catmullrom"
						},
						"0.12": {
							"post": [-93.5, 26.5, -11],
							"lerp_mode": "catmullrom"
						},
						"0.28": {
							"post": [-74, 31.5, -19],
							"lerp_mode": "catmullrom"
						},
						"0.44": {
							"post": [-72.28, 38.81, -19.5],
							"lerp_mode": "catmullrom"
						},
						"0.64": {
							"post": [-83, 45.5, -19],
							"lerp_mode": "catmullrom"
						},
						"0.68": {
							"post": [-66.19, 47.2, -23.6],
							"lerp_mode": "catmullrom"
						},
						"0.72": {
							"post": [-53, 45.5, -31.5],
							"lerp_mode": "catmullrom"
						},
						"0.96": {
							"post": [-35.5, 20.5, -34],
							"lerp_mode": "catmullrom"
						},
						"1.4": {
							"post": [-35.5, 20.5, -34],
							"lerp_mode": "catmullrom"
						},
						"1.56": {
							"post": [-53, 45.5, -31.5],
							"lerp_mode": "catmullrom"
						},
						"1.72": {
							"post": [-83, 45.5, -19],
							"lerp_mode": "catmullrom"
						},
						"1.8": {
							"post": [-86, 45.5, -19],
							"lerp_mode": "catmullrom"
						},
						"1.88": {
							"post": [-83, 45.5, -19],
							"lerp_mode": "catmullrom"
						},
						"2.08": {
							"post": [-83, 45.5, -16.5],
							"lerp_mode": "catmullrom"
						},
						"2.24": {
							"post": [-87.7, 25.86, -34.25],
							"lerp_mode": "catmullrom"
						},
						"2.44": [-95.5, 26.5, -11]
					},
					"position": {
						"0.04": {
							"post": [-4.1, -4.2, -12.4],
							"lerp_mode": "catmullrom"
						},
						"0.4": {
							"post": [-3.1, -4.2, -7.4],
							"lerp_mode": "catmullrom"
						},
						"0.64": {
							"post": [-3.1, -3.2, -6.4],
							"lerp_mode": "catmullrom"
						},
						"0.96": {
							"post": [0.9, -3.2, -6.4],
							"lerp_mode": "catmullrom"
						},
						"1.4": {
							"post": [0.9, -3.2, -6.4],
							"lerp_mode": "catmullrom"
						},
						"1.72": {
							"post": [-3.1, -3.2, -6.4],
							"lerp_mode": "catmullrom"
						},
						"2.08": {
							"post": [-3.1, -3.2, -6.4],
							"lerp_mode": "catmullrom"
						},
						"2.24": {
							"post": [-3.01, -4.03, -9.4],
							"lerp_mode": "catmullrom"
						},
						"2.44": [-4.1, -4.2, -12.4]
					}
				},
				"sh_plasma_cannon": {
					"rotation": {
						"0.0": [90, 7.5, 2.5],
						"0.6": [90, 7.5, 2.5],
						"0.68": [95, 5, 2.5],
						"0.88": [89.5, 7.5, 2.5],
						"1.2": [90, 7.5, 2.5],
						"1.72": [90, 7.5, 2.5],
						"1.8": [87, 7.5, 2.5],
						"2.08": [89, 10.5, 2.5],
						"2.28": [90, 7.5, 2.5]
					},
					"position": [1.2, -4.8, -0.8],
					"scale": 0.42
				},
				"root": {
					"rotation": [0, 180, 0],
					"position": [0, 0, 0]
				},
				"body": {
					"rotation": {
						"0.0": {
							"post": [0, -2.5, 0],
							"lerp_mode": "catmullrom"
						},
						"0.16": {
							"post": [2.5, -2.5, 2.5],
							"lerp_mode": "catmullrom"
						},
						"0.4": {
							"post": [0, 2.5, 0],
							"lerp_mode": "catmullrom"
						},
						"0.6": {
							"post": [1, 2.5, 3],
							"lerp_mode": "catmullrom"
						},
						"0.96": {
							"post": [1, 2.5, 3],
							"lerp_mode": "catmullrom"
						},
						"1.32": {
							"post": [-1, 2.5, 2],
							"lerp_mode": "catmullrom"
						},
						"1.64": {
							"post": [3, 0.5, 3],
							"lerp_mode": "catmullrom"
						},
						"1.96": {
							"post": [2, 0.5, 3],
							"lerp_mode": "catmullrom"
						},
						"2.24": {
							"post": [2, -0.5, 4],
							"lerp_mode": "catmullrom"
						},
						"2.52": {
							"post": [0, 0, 0],
							"lerp_mode": "catmullrom"
						},
						"2.64": {
							"post": [-0.1, -0.2, 0],
							"lerp_mode": "catmullrom"
						},
						"2.84": [0, 0, 0]
					},
					"position": {
						"0.0": {
							"post": [0, 0, 0],
							"lerp_mode": "catmullrom"
						},
						"0.16": {
							"post": [0, -0.3, 0],
							"lerp_mode": "catmullrom"
						},
						"0.4": {
							"post": [0, -0.2, 0],
							"lerp_mode": "catmullrom"
						},
						"0.96": [0, 0, 0]
					}
				},
				"waist": {
					"position": [-2, 0, 1]
				},
				"ammo": {
					"rotation": {
						"0.64": [0, 0, 0],
						"0.72": [0, 42.5, -24],
						"0.96": [10, 20, -24],
						"1.4": [10, 20, -24],
						"1.56": [0, 42.5, -24],
						"1.72": [0, 0, 0],
						"2.28": [0, 0, 0]
					},
					"position": {
						"0.64": [0, 0, 0],
						"0.72": [0, -15, 1.5],
						"0.96": [19, -19, 1.5],
						"1.4": [19, -19, 1.5],
						"1.56": [0, -15, 1.5],
						"1.72": [0, 0, 0]
					},
					"scale": {
						"0.92": [1, 1, 1],
						"0.96": [0, 0, 0],
						"1.4": [0, 0, 0],
						"1.44": [1, 1, 1]
					}
				}
			},
			"sound_effects": {}
		},
		"animation.sh_plasma_cannon.first_person.scoping_in": {
			"loop": "hold_on_last_frame",
			"animation_length": 0.16,
			"bones": {
				"rightArm": {
					"rotation": {
						"0.0": [-90, -2.5, 7.5],
						"0.16": [-90, -2.5, 7.5]
					},
					"position": {
						"0.0": [1, 0, 5],
						"0.16": [1, 0, 5]
					}
				},
				"rightItem": {
					"scale": {
						"0.0": [0, 0, 0],
						"0.16": [0, 0, 0]
					}
				},
				"leftArm": {
					"rotation": {
						"0.0": [-95.5, 26.5, -11],
						"0.16": [-95.5, 26.5, -11]
					},
					"position": {
						"0.0": [-4.1, -4.2, -12.4],
						"0.16": [-4.1, -4.2, -12.4]
					}
				},
				"sh_plasma_cannon": {
					"rotation": {
						"0.0": [90, 7.5, 2.5],
						"0.16": [90, 7.5, 2.5]
					},
					"position": {
						"0.0": [1.2, -4.8, -0.8],
						"0.16": [1.2, -4.8, -0.8]
					},
					"scale": {
						"0.0": [0.42, 0.42, 0.42],
						"0.16": [0.42, 0.42, 0.42]
					}
				},
				"root": {
					"rotation": {
						"0.0": [0, 180, 0],
						"0.16": [0, 180, 0]
					},
					"position": {
						"0.0": [0, 0, 0],
						"0.16": [-6.18, -0.7, -6]
					}
				},
				"waist": {
					"position": {
						"0.0": [-2, 0, 1],
						"0.16": [-2, 0, 1]
					}
				}
			}
		},
		"animation.sh_plasma_cannon.first_person.scoping_out": {
			"loop": "hold_on_last_frame",
			"animation_length": 0.16,
			"bones": {
				"rightArm": {
					"rotation": {
						"0.0": [-90, -2.5, 7.5],
						"0.16": [-90, -2.5, 7.5]
					},
					"position": {
						"0.0": [1, 0, 5],
						"0.16": [1, 0, 5]
					}
				},
				"rightItem": {
					"scale": {
						"0.0": [0, 0, 0],
						"0.16": [0, 0, 0]
					}
				},
				"leftArm": {
					"rotation": {
						"0.0": [-95.5, 26.5, -11],
						"0.16": [-95.5, 26.5, -11]
					},
					"position": {
						"0.0": [-4.1, -4.2, -12.4],
						"0.16": [-4.1, -4.2, -12.4]
					}
				},
				"sh_plasma_cannon": {
					"rotation": {
						"0.0": [90, 7.5, 2.5],
						"0.16": [90, 7.5, 2.5]
					},
					"position": {
						"0.0": [1.2, -4.8, -0.8],
						"0.16": [1.2, -4.8, -0.8]
					},
					"scale": {
						"0.0": [0.42, 0.42, 0.42],
						"0.16": [0.42, 0.42, 0.42]
					}
				},
				"root": {
					"rotation": {
						"0.0": [0, 180, 0],
						"0.16": [0, 180, 0]
					},
					"position": {
						"0.0": [-6.18, -0.7, -6],
						"0.16": [0, 0, 0]
					}
				},
				"waist": {
					"position": {
						"0.0": [-2, 0, 1],
						"0.16": [-2, 0, 1]
					}
				}
			}
		},
		"animation.sh_plasma_cannon.first_person.holding_scoped": {
			"loop": true,
			"animation_length": 30,
			"bones": {
				"rightArm": {
					"rotation": [-90, -2.5, 7.5],
					"position": [1, 0, 5]
				},
				"rightItem": {
					"scale": 0
				},
				"leftArm": {
					"rotation": [-95.5, 26.5, -11],
					"position": [-4.1, -4.2, -12.4]
				},
				"sh_plasma_cannon": {
					"rotation": [90, 7.5, 2.5],
					"position": [1.2, -4.8, -0.8],
					"scale": 0.42
				},
				"root": {
					"rotation": [0, 180, 0],
					"position": [-6.18, -0.7, -6]
				},
				"waist": {
					"position": [-2, 0, 1]
				}
			},
			"sound_effects": {
				"1.96": {
					"effect": "spark"
				},
				"18.28": {
					"effect": "spark"
				}
			},
			"particle_effects": {
				"1.96": {
					"effect": "electricity3",
					"locator": "plasma_cannon"
				},
				"18.28": {
					"effect": "electricity3",
					"locator": "plasma_cannon"
				}
			}
		},
		"animation.sh_plasma_cannon.first_person.draw_out": {
			"loop": "hold_on_last_frame",
			"animation_length": 0.88,
			"bones": {
				"rightArm": {
					"rotation": {
						"0.0": {
							"post": [-90, -2.5, 12.5],
							"lerp_mode": "catmullrom"
						},
						"0.6": [-90, -2.5, 7.5]
					},
					"position": [1, 0, 5]
				},
				"rightItem": {
					"scale": 0
				},
				"leftArm": {
					"rotation": {
						"0.16": {
							"post": [-95.5, 26.5, -11],
							"lerp_mode": "catmullrom"
						},
						"0.48": {
							"post": [-100.5, 26.5, -11],
							"lerp_mode": "catmullrom"
						},
						"0.6": {
							"post": [-100.5, 26.5, -11],
							"lerp_mode": "catmullrom"
						},
						"0.72": {
							"post": [-96.5, 26.5, -11],
							"lerp_mode": "catmullrom"
						},
						"0.8": [-95.5, 26.5, -11]
					},
					"position": {
						"0.16": {
							"post": [-4.1, -4.2, -12.4],
							"lerp_mode": "catmullrom"
						},
						"0.36": {
							"post": [-4.1, -3.4, -12.4],
							"lerp_mode": "catmullrom"
						},
						"0.6": {
							"post": [-4.1, -4.2, -12.4],
							"lerp_mode": "catmullrom"
						},
						"0.8": [-4.1, -4.2, -12.4]
					}
				},
				"sh_plasma_cannon": {
					"rotation": {
						"0.12": [92.5, 5, 2.5],
						"0.48": [86.44, 6.56, 0],
						"0.72": [90, 7.5, 2.5]
					},
					"position": {
						"0.12": [1.2, -4.8, -0.8],
						"0.36": [1.2, -4.8, -1.1],
						"0.6": [1.2, -4.8, -0.8]
					},
					"scale": 0.42
				},
				"root": {
					"rotation": [0, 180, 0],
					"position": [0, 0, 0]
				},
				"body": {
					"rotation": {
						"0.0": {
							"post": [15, -15, 5],
							"lerp_mode": "catmullrom"
						},
						"0.24": {
							"post": [2.94, 2.21, -3.53],
							"lerp_mode": "catmullrom"
						},
						"0.4": {
							"post": [-0.87, 3.73, -4.46],
							"lerp_mode": "catmullrom"
						},
						"0.6": {
							"post": [0, 0, 0],
							"lerp_mode": "catmullrom"
						},
						"0.76": {
							"post": [0.5, 0, 0.5],
							"lerp_mode": "catmullrom"
						},
						"0.88": [0, 0, 0]
					},
					"position": {
						"0.0": {
							"post": [0, -1, 0],
							"lerp_mode": "catmullrom"
						},
						"0.24": {
							"post": [0, 0.47, 0],
							"lerp_mode": "catmullrom"
						},
						"0.6": [0, 0, 0]
					}
				},
				"waist": {
					"position": [-2, 0, 1]
				}
			}
		},
		"animation.sh_plasma_cannon.default": {
			"loop": true,
			"bones": {
				"sh_plasma_cannon": {
					"scale": 0
				}
			}
		},
		"animation.sh_plasma_cannon.first_person.shooting": {
			"animation_length": 0.32,
			"anim_time_update": "query.anim_time + query.delta_time* 3",
			"bones": {
				"waist": {
					"position": [0, 0, 0]
				},
				"body": {
					"rotation": {
						"0.0": {
							"post": [0, 0, 0],
							"lerp_mode": "catmullrom"
						},
						"0.04": {
							"post": [-2.5, 0, -1],
							"lerp_mode": "catmullrom"
						},
						"0.32": {
							"post": [0, 0, 0],
							"lerp_mode": "catmullrom"
						}
					},
					"position": {
						"0.0": {
							"post": [0, 0, 0],
							"lerp_mode": "catmullrom"
						},
						"0.16": {
							"post": [0, 0, 0.6],
							"lerp_mode": "catmullrom"
						},
						"0.32": {
							"post": [0, 0, 0],
							"lerp_mode": "catmullrom"
						}
					}
				},
				"sh_plasma_cannon": {
					"rotation": {
						"0.0": {
							"post": [0, 0, 0],
							"lerp_mode": "catmullrom"
						},
						"0.12": {
							"post": [-1, 2, 0],
							"lerp_mode": "catmullrom"
						},
						"0.28": [0, 0, 0]
					},
					"position": {
						"0.0": {
							"post": [0, 0, 0],
							"lerp_mode": "catmullrom"
						},
						"0.12": {
							"post": [0, 0.3, 0],
							"lerp_mode": "catmullrom"
						},
						"0.28": [0, 0, 0]
					}
				},
				"leftArm": {
					"rotation": {
						"0.0": {
							"post": [0, 0, 0],
							"lerp_mode": "catmullrom"
						},
						"0.12": {
							"post": [-2, 0, 0],
							"lerp_mode": "catmullrom"
						},
						"0.28": [0, 0, 0]
					},
					"position": {
						"0.0": {
							"post": [0, 0, 0],
							"lerp_mode": "catmullrom"
						},
						"0.28": [0, 0, 0]
					}
				}
			}
		},
		"animation.sh_plasma_cannon.first_person.shooting_recoil": {
			"loop": "hold_on_last_frame",
			"animation_length": 10,
			"bones": {
				"waist": {
					"position": [0, 0, "math.clamp(query.anim_time / 1.2, 0, 5)"]
				}
			}
		},
		"animation.sh_plasma_cannon.first_person.shooting_scoped": {
			"animation_length": 1.8,
			"anim_time_update": "query.anim_time + query.delta_time* 2",
			"bones": {
				"rightArm": {
					"rotation": {
						"0.0": {
							"post": [0, 0, 0],
							"lerp_mode": "catmullrom"
						},
						"0.8": {
							"post": [12.5, -5, 7.5],
							"lerp_mode": "catmullrom"
						},
						"1.32": {
							"post": [12.5, -5, 7.5],
							"lerp_mode": "catmullrom"
						},
						"1.56": [0, 0, 0]
					}
				},
				"leftArm": {
					"rotation": {
						"0.04": {
							"post": [0, 0, 0],
							"lerp_mode": "catmullrom"
						},
						"0.08": {
							"post": [7.5, 0, 0],
							"lerp_mode": "catmullrom"
						},
						"0.28": {
							"post": [3.5, 0, 2.5],
							"lerp_mode": "catmullrom"
						},
						"0.52": {
							"post": [12, 0, 0],
							"lerp_mode": "catmullrom"
						},
						"0.8": {
							"post": [8.5, 0, 12.5],
							"lerp_mode": "catmullrom"
						},
						"1.04": {
							"post": [12.5, 5, 18],
							"lerp_mode": "catmullrom"
						},
						"1.08": {
							"post": [12.5, 6, 16],
							"lerp_mode": "catmullrom"
						},
						"1.12": {
							"post": [12.5, 5, 15],
							"lerp_mode": "catmullrom"
						},
						"1.32": {
							"post": [5.19, 1.44, 15.06],
							"lerp_mode": "catmullrom"
						},
						"1.56": [0, 0, 0]
					},
					"position": {
						"0.04": {
							"post": [0, 0, 0],
							"lerp_mode": "catmullrom"
						},
						"0.08": {
							"post": [0, 1.5, -0.3],
							"lerp_mode": "catmullrom"
						},
						"0.28": {
							"post": [0.4, 0.5, -0.7],
							"lerp_mode": "catmullrom"
						},
						"0.52": {
							"post": [0, -1.5, 0],
							"lerp_mode": "catmullrom"
						},
						"0.8": {
							"post": [3.1, -0.4, -1],
							"lerp_mode": "catmullrom"
						},
						"1.04": {
							"post": [2.3, -0.6, 2.1],
							"lerp_mode": "catmullrom"
						},
						"1.08": {
							"post": [2.2, -0.7, 2.1],
							"lerp_mode": "catmullrom"
						},
						"1.12": {
							"post": [2.3, -0.5, 2.1],
							"lerp_mode": "catmullrom"
						},
						"1.32": {
							"post": [3.1, -0.4, -1],
							"lerp_mode": "catmullrom"
						},
						"1.56": [0, 0, 0]
					}
				},
				"sh_plasma_cannon": {
					"rotation": {
						"0.0": {
							"post": [0, 0, 0],
							"lerp_mode": "catmullrom"
						},
						"0.04": {
							"post": [2, 0, 0],
							"lerp_mode": "catmullrom"
						},
						"0.08": {
							"post": [-4, 0, 0],
							"lerp_mode": "catmullrom"
						},
						"0.28": {
							"post": [-6, 0, 0],
							"lerp_mode": "catmullrom"
						},
						"0.52": {
							"post": [0, 0, 0],
							"lerp_mode": "catmullrom"
						},
						"0.8": {
							"post": [-19.5, -15, -9.5],
							"lerp_mode": "catmullrom"
						},
						"1.12": {
							"post": [-18.5, -17, -9.5],
							"lerp_mode": "catmullrom"
						},
						"1.28": {
							"post": [-22.5, -17, -9.5],
							"lerp_mode": "catmullrom"
						},
						"1.56": [0, 0, 0]
					},
					"position": {
						"0.0": {
							"post": [0, 0, 0],
							"lerp_mode": "catmullrom"
						},
						"0.28": {
							"post": [0, 0, -0.5],
							"lerp_mode": "catmullrom"
						},
						"0.52": {
							"post": [0, 0, 0],
							"lerp_mode": "catmullrom"
						},
						"0.8": {
							"post": [0.2, 0, -0.3],
							"lerp_mode": "catmullrom"
						},
						"1.28": {
							"post": [0.2, 0, -0.3],
							"lerp_mode": "catmullrom"
						},
						"1.56": [0, 0, 0]
					}
				},
				"body": {
					"rotation": {
						"0.0": {
							"post": [0, 0, 0],
							"lerp_mode": "catmullrom"
						},
						"0.04": {
							"post": [2.5, 0, 0],
							"lerp_mode": "catmullrom"
						},
						"0.12": {
							"post": [-5.5, 0, 0],
							"lerp_mode": "catmullrom"
						},
						"0.36": {
							"post": [-9.5, 1, -7],
							"lerp_mode": "catmullrom"
						},
						"0.64": {
							"post": [2, 0, 0],
							"lerp_mode": "catmullrom"
						},
						"0.84": {
							"post": [0, 0, 0],
							"lerp_mode": "catmullrom"
						},
						"1.08": {
							"post": [2, 1, 3],
							"lerp_mode": "catmullrom"
						},
						"1.16": {
							"post": [-1, 1, 3],
							"lerp_mode": "catmullrom"
						},
						"1.36": {
							"post": [-3, 1, 0],
							"lerp_mode": "catmullrom"
						},
						"1.56": {
							"post": [-1, 1, -1],
							"lerp_mode": "catmullrom"
						},
						"1.76": [0, 0, 0]
					},
					"position": {
						"0.0": {
							"post": [0, 0, 0],
							"lerp_mode": "catmullrom"
						},
						"0.04": {
							"post": [0, 0, -0.2],
							"lerp_mode": "catmullrom"
						},
						"0.12": {
							"post": [0, 0, 2.2],
							"lerp_mode": "catmullrom"
						},
						"0.36": {
							"post": [0, 0, 4.2],
							"lerp_mode": "catmullrom"
						},
						"0.84": {
							"post": [0, 0, 0],
							"lerp_mode": "catmullrom"
						},
						"1.08": {
							"post": [0, 0, 0.3],
							"lerp_mode": "catmullrom"
						},
						"1.16": {
							"post": [0, 0, 0],
							"lerp_mode": "catmullrom"
						},
						"1.36": {
							"post": [0, 0.1, 0],
							"lerp_mode": "catmullrom"
						},
						"1.76": [0, 0, 0]
					}
				},
				"pump": {
					"position": {
						"0.8": [0, 0, 0],
						"1.04": [0, 0, 14],
						"1.08": [0, 0, 15.4],
						"1.12": [0, 0, 14],
						"1.36": [0, 0, 0]
					}
				}
			}
		},
		"animation.sh_plasma_cannon.third_person.shooting": {
			"animation_length": 0.1667,
			"anim_time_update": "query.anim_time + query.delta_time*1.5",
			"bones": {
				"rightArm": {
					"rotation": {
						"0.0": [0, 0, 0],
						"0.08": [-5, 0, 0],
						"0.16": [0, 0, 0]
					},
					"position": {
						"0.0": [0, 0, 0],
						"0.08": [0, 0, 0.4],
						"0.16": [0, 0, 0]
					}
				},
				"leftArm": {
					"rotation": {
						"0.0": [0, 0, 0],
						"0.08": [-5, 0, 0],
						"0.16": [0, 0, 0]
					},
					"position": {
						"0.0": [0, 0, 0],
						"0.08": [0, 0, 0.4],
						"0.16": [0, 0, 0]
					}
				},
				"sh_plasma_cannon": {
					"rotation": {
						"0.0": [0, 0, 0],
						"0.08": [-5, 0, 0],
						"0.16": [0, 0, 0]
					},
					"position": {
						"0.0": [0, 0, 0],
						"0.08": [0, 0.4, 0],
						"0.16": [0, 0, 0]
					}
				}
			}
		},
		"animation.sh_plasma_cannon.no_ammo": {
			"loop": true,
			"bones": {
				"body": {
					"rotation": [12.5, 0, 5]
				}
			}
		},
		"animation.sh_plasma_cannon.third_person.shooting_scoped": {
			"animation_length": 0.1667,
			"anim_time_update": "query.anim_time + query.delta_time*1.5",
			"bones": {
				"rightArm": {
					"rotation": {
						"0.0": [0, 0, 0],
						"0.08": [-5, 0, 0],
						"0.16": [0, 0, 0]
					},
					"position": {
						"0.0": [0, 0, 0],
						"0.08": [0, 0, 0.4],
						"0.16": [0, 0, 0]
					}
				},
				"leftArm": {
					"rotation": {
						"0.0": [0, 0, 0],
						"0.08": [-5, 0, 0],
						"0.16": [0, 0, 0]
					},
					"position": {
						"0.0": [0, 0, 0],
						"0.08": [0, 0, 0.4],
						"0.16": [0, 0, 0]
					}
				},
				"sh_plasma_cannon": {
					"rotation": {
						"0.0": [0, 0, 0],
						"0.08": [-2, 0, 0],
						"0.16": [0, 0, 0]
					},
					"position": {
						"0.0": [0, 0, 0],
						"0.08": [0, 0.4, 0],
						"0.16": [0, 0, 0]
					}
				}
			}
		},
		"animation.sh_plasma_cannon.setup": {
			"loop": true
		}
	}
}