{
  "animation_controllers" : {
    "controller.animation.cc_elita_one_car" : {
      "states" : {
        "default" : {
          "on_entry" : [
            "\/function cc_elita_one_car"
          ],
          "transitions" : [
            {
              "walking" : "(1.0)"
            }
          ]
        },
        "walking" : {
          "on_entry" : [
            "\/function cc_elita_one_car"
          ],
          "transitions" : [
            {
              "default" : "query.get_equipped_item_name=='elita_one_car' && query.is_using_item"
            }
          ]
        }
      }
    }
  },
  "format_version" : "1.10.0"
}