{
  "animation_controllers" : {
    "controller.animation.cc_trailbreaker_armour" : {
      "states" : {
        "default" : {
          "on_entry" : [
            "\/function cc_trailbreaker_armour"
          ],
          "transitions" : [
            {
              "walking" : "(1.0)"
            }
          ]
        },
        "walking" : {
          "on_entry" : [
            "\/function cc_trailbreaker_armour"
          ],
          "transitions" : [
            {
              "default" : "query.get_equipped_item_name=='trailbreaker_armour' && query.is_using_item"
            }
          ]
        }
      }
    }
  },
  "format_version" : "1.10.0"
}