{
	"file_path": "C:\\Users\\User\\AppData\\Local\\Packages\\Microsoft.MinecraftUWP_8wekyb3d8bbwe\\LocalState\\games\\com.mojang\\development_behavior_packs\\Terracotta Expansion BP\\loot_tables\\frog_loot.json",
	"file_type": "loot_table",
	"format_version": 1,
	"file_uuid": "149c4c31_b02f_4898_8424_d802c331f06c",
	"file_version": 4,
	"cache_content": {
		"children": [
			{
				"open": {
					"pools": [
						{
							"rolls": 1,
							"entries": [
								{
									"type": "item",
									"name": "ilosemypotato:frog_leg",
									"weight": 1,
									"functions": [
										{
											"function": "set_count",
											"count": {
												"min": 0,
												"max": 2
											}
										},
										{
											"function": "furnace_smelt",
											"conditions": [
												{
													"condition": "entity_properties",
													"entity": "this",
													"properties": {
														"on_fire": true
													}
												}
											]
										},
										{
											"function": "looting_enchant",
											"count": {
												"min": 0,
												"max": 2
											}
										}
									]
								}
							]
						}
					]
				},
				"key": "pools",
				"children": [
					{
						"open": [
							{
								"rolls": 1,
								"entries": [
									{
										"type": "item",
										"name": "ilosemypotato:frog_leg",
										"weight": 1,
										"functions": [
											{
												"function": "set_count",
												"count": {
													"min": 0,
													"max": 2
												}
											},
											{
												"function": "furnace_smelt",
												"conditions": [
													{
														"condition": "entity_properties",
														"entity": "this",
														"properties": {
															"on_fire": true
														}
													}
												]
											},
											{
												"function": "looting_enchant",
												"count": {
													"min": 0,
													"max": 2
												}
											}
										]
									}
								]
							}
						],
						"children": [
							{
								"open": {
									"rolls": 1,
									"entries": [
										{
											"type": "item",
											"name": "ilosemypotato:frog_leg",
											"weight": 1,
											"functions": [
												{
													"function": "set_count",
													"count": {
														"min": 0,
														"max": 2
													}
												},
												{
													"function": "furnace_smelt",
													"conditions": [
														{
															"condition": "entity_properties",
															"entity": "this",
															"properties": {
																"on_fire": true
															}
														}
													]
												},
												{
													"function": "looting_enchant",
													"count": {
														"min": 0,
														"max": 2
													}
												}
											]
										}
									]
								},
								"data": "1",
								"key": "rolls"
							},
							{
								"open": {
									"rolls": 1,
									"entries": [
										{
											"type": "item",
											"name": "ilosemypotato:frog_leg",
											"weight": 1,
											"functions": [
												{
													"function": "set_count",
													"count": {
														"min": 0,
														"max": 2
													}
												},
												{
													"function": "furnace_smelt",
													"conditions": [
														{
															"condition": "entity_properties",
															"entity": "this",
															"properties": {
																"on_fire": true
															}
														}
													]
												},
												{
													"function": "looting_enchant",
													"count": {
														"min": 0,
														"max": 2
													}
												}
											]
										}
									]
								},
								"key": "entries",
								"children": [
									{
										"open": [
											{
												"type": "item",
												"name": "ilosemypotato:frog_leg",
												"weight": 1,
												"functions": [
													{
														"function": "set_count",
														"count": {
															"min": 0,
															"max": 2
														}
													},
													{
														"function": "furnace_smelt",
														"conditions": [
															{
																"condition": "entity_properties",
																"entity": "this",
																"properties": {
																	"on_fire": true
																}
															}
														]
													},
													{
														"function": "looting_enchant",
														"count": {
															"min": 0,
															"max": 2
														}
													}
												]
											}
										],
										"children": [
											{
												"open": {
													"type": "item",
													"name": "ilosemypotato:frog_leg",
													"weight": 1,
													"functions": [
														{
															"function": "set_count",
															"count": {
																"min": 0,
																"max": 2
															}
														},
														{
															"function": "furnace_smelt",
															"conditions": [
																{
																	"condition": "entity_properties",
																	"entity": "this",
																	"properties": {
																		"on_fire": true
																	}
																}
															]
														},
														{
															"function": "looting_enchant",
															"count": {
																"min": 0,
																"max": 2
															}
														}
													]
												},
												"data": "item",
												"key": "type"
											},
											{
												"open": {
													"type": "item",
													"name": "ilosemypotato:frog_leg",
													"weight": 1,
													"functions": [
														{
															"function": "set_count",
															"count": {
																"min": 0,
																"max": 2
															}
														},
														{
															"function": "furnace_smelt",
															"conditions": [
																{
																	"condition": "entity_properties",
																	"entity": "this",
																	"properties": {
																		"on_fire": true
																	}
																}
															]
														},
														{
															"function": "looting_enchant",
															"count": {
																"min": 0,
																"max": 2
															}
														}
													]
												},
												"data": "ilosemypotato:frog_leg",
												"key": "name"
											},
											{
												"open": {
													"type": "item",
													"name": "ilosemypotato:frog_leg",
													"weight": 1,
													"functions": [
														{
															"function": "set_count",
															"count": {
																"min": 0,
																"max": 2
															}
														},
														{
															"function": "furnace_smelt",
															"conditions": [
																{
																	"condition": "entity_properties",
																	"entity": "this",
																	"properties": {
																		"on_fire": true
																	}
																}
															]
														},
														{
															"function": "looting_enchant",
															"count": {
																"min": 0,
																"max": 2
															}
														}
													]
												},
												"data": "1",
												"key": "weight"
											},
											{
												"open": {
													"type": "item",
													"name": "ilosemypotato:frog_leg",
													"weight": 1,
													"functions": [
														{
															"function": "set_count",
															"count": {
																"min": 0,
																"max": 2
															}
														},
														{
															"function": "furnace_smelt",
															"conditions": [
																{
																	"condition": "entity_properties",
																	"entity": "this",
																	"properties": {
																		"on_fire": true
																	}
																}
															]
														},
														{
															"function": "looting_enchant",
															"count": {
																"min": 0,
																"max": 2
															}
														}
													]
												},
												"key": "functions",
												"children": [
													{
														"open": [
															{
																"function": "set_count",
																"count": {
																	"min": 0,
																	"max": 2
																}
															},
															{
																"function": "furnace_smelt",
																"conditions": [
																	{
																		"condition": "entity_properties",
																		"entity": "this",
																		"properties": {
																			"on_fire": true
																		}
																	}
																]
															},
															{
																"function": "looting_enchant",
																"count": {
																	"min": 0,
																	"max": 2
																}
															}
														],
														"children": [
															{
																"open": {
																	"function": "set_count",
																	"count": {
																		"min": 0,
																		"max": 2
																	}
																},
																"data": "set_count",
																"key": "function"
															},
															{
																"open": {
																	"function": "set_count",
																	"count": {
																		"min": 0,
																		"max": 2
																	}
																},
																"key": "count",
																"is_minified": true,
																"children": {
																	"min": 0,
																	"max": 2
																}
															}
														]
													},
													{
														"open": [
															{
																"function": "set_count",
																"count": {
																	"min": 0,
																	"max": 2
																}
															},
															{
																"function": "furnace_smelt",
																"conditions": [
																	{
																		"condition": "entity_properties",
																		"entity": "this",
																		"properties": {
																			"on_fire": true
																		}
																	}
																]
															},
															{
																"function": "looting_enchant",
																"count": {
																	"min": 0,
																	"max": 2
																}
															}
														],
														"children": [
															{
																"open": {
																	"function": "furnace_smelt",
																	"conditions": [
																		{
																			"condition": "entity_properties",
																			"entity": "this",
																			"properties": {
																				"on_fire": true
																			}
																		}
																	]
																},
																"data": "furnace_smelt",
																"key": "function"
															},
															{
																"open": {
																	"function": "furnace_smelt",
																	"conditions": [
																		{
																			"condition": "entity_properties",
																			"entity": "this",
																			"properties": {
																				"on_fire": true
																			}
																		}
																	]
																},
																"key": "conditions",
																"children": [
																	{
																		"open": [
																			{
																				"condition": "entity_properties",
																				"entity": "this",
																				"properties": {
																					"on_fire": true
																				}
																			}
																		],
																		"children": [
																			{
																				"open": {
																					"condition": "entity_properties",
																					"entity": "this",
																					"properties": {
																						"on_fire": true
																					}
																				},
																				"data": "entity_properties",
																				"key": "condition"
																			},
																			{
																				"open": {
																					"condition": "entity_properties",
																					"entity": "this",
																					"properties": {
																						"on_fire": true
																					}
																				},
																				"data": "this",
																				"key": "entity"
																			},
																			{
																				"open": {
																					"condition": "entity_properties",
																					"entity": "this",
																					"properties": {
																						"on_fire": true
																					}
																				},
																				"key": "properties",
																				"is_minified": true,
																				"children": {
																					"on_fire": true
																				}
																			}
																		]
																	}
																]
															}
														]
													},
													{
														"open": [
															{
																"function": "set_count",
																"count": {
																	"min": 0,
																	"max": 2
																}
															},
															{
																"function": "furnace_smelt",
																"conditions": [
																	{
																		"condition": "entity_properties",
																		"entity": "this",
																		"properties": {
																			"on_fire": true
																		}
																	}
																]
															},
															{
																"function": "looting_enchant",
																"count": {
																	"min": 0,
																	"max": 2
																}
															}
														],
														"children": [
															{
																"open": {
																	"function": "looting_enchant",
																	"count": {
																		"min": 0,
																		"max": 2
																	}
																},
																"data": "looting_enchant",
																"key": "function"
															},
															{
																"open": {
																	"function": "looting_enchant",
																	"count": {
																		"min": 0,
																		"max": 2
																	}
																},
																"key": "count",
																"is_minified": true,
																"children": {
																	"min": 0,
																	"max": 2
																}
															}
														]
													}
												]
											}
										]
									}
								]
							}
						]
					}
				]
			}
		]
	}
}