{"format_version":"1.10.0","minecraft:attachable":{"description":{"identifier":"tl:coffee","materials":{"default":"entity","enchanted":"entity"},"textures":{"default":"textures/items/9a706f4f825c569d91043d37bf9cd3e7c6980edb.png","enchanted":"textures/items/9a706f4f825c569d91043d37bf9cd3e7c6980edb.png"},"geometry":{"default":"geometry.ocqgybsjdmgxkpc"},"animations":{"hold_first_person":"animation.coffee.hold_first_person","hold_third_person":"animation.coffee.hold_third_person"},"scripts":{"animate":[{"hold_first_person":"context.is_first_person == 1.0"},{"hold_third_person":"context.is_first_person == 0.0"}]},"render_controllers":["controller.render.item_default"]}}}