{
  "resource_pack_name": "vanilla",
  "texture_name": "atlas.items",
  "texture_data": {
  	
   "pistol_ammo": { "textures": "textures/ammo/pistol_ammo" },
   "shotgun_ammo": { "textures": "textures/ammo/shotgun_ammo" },
   "smg_ammo": { "textures": "textures/ammo/smg_ammo" },
   "rifle_ammo": { "textures": "textures/ammo/rifle_ammo" },
   "sniper_ammo": { "textures": "textures/ammo/sniper_ammo" },
   "rpg_ammo": { "textures": "textures/ammo/rpg_ammo" },
   "mg_ammo": { "textures": "textures/ammo/mg_ammo" },

    "explosive": { "textures": "textures/granades/explosive" },
    "smoke": { "textures": "textures/granades/smoke" },
    "flashbang": { "textures": "textures/granades/flashbang" },
  	
    "mp5": { "textures": "textures/guns/mp5" },
    "molotov": { "textures": "textures/granades/molotov" },
    
    "galil": { "textures": "textures/guns/galil" },
    "magnum": { "textures": "textures/guns/magnum" },

    "famas": { "textures": "textures/guns/famas" },

    "m4": { "textures": "textures/guns/m4" },
    "pois": { "textures": "textures/granades/pois" },

    "bizon": { "textures": "textures/guns/bizon" },
    "m67": { "textures": "textures/granades/m67" },

     "usp": { "textures": "textures/guns/usp" },
     "svd": { "textures": "textures/guns/svd" },

     "rpg": { "textures": "textures/guns/rpg" },
     "mp7": { "textures": "textures/guns/mp7" },

     "ak47": { "textures": "textures/guns/ak47" },
     "ump45": { "textures": "textures/guns/ump45" },

     "mac": { "textures": "textures/guns/mac" },
     "bar": { "textures": "textures/guns/bar" },

     "m3": { "textures": "textures/guns/m3" },
     "ber": { "textures": "textures/guns/ber" },

     "m16a4": { "textures": "textures/guns/m16a4" },
     "m16a4_empty": { "textures": "textures/guns/m16a4_empty" },

     "m24": { "textures": "textures/guns/m24" },

     "scar": { "textures": "textures/guns/scar" },
     "aa12": { "textures": "textures/guns/aa12" },
     
     "glock": { "textures": "textures/guns/glock" },

     "flame": { "textures": "textures/guns/flame" },
     "g36c_empty": { "textures": "textures/guns/g36c_empty" },

     "kar98k": { "textures": "textures/guns/kar98k" },
     "kar98k_empty": { "textures": "textures/guns/kar98k_empty" },
     
     "barreta": { "textures": "textures/guns/barreta" },
     "barreta_empty": { "textures": "textures/guns/barreta_empty" },

     "deagle": { "textures": "textures/guns/deagle" },
     "deagle_empty": { "textures": "textures/guns/deagle_empty" },

     "mp40": { "textures": "textures/guns/mp40" },
     "mp40_empty": { "textures": "textures/guns/mp40_empty" },

     "p90": { "textures": "textures/guns/p90" },
     
     "uzi": { "textures": "textures/guns/uzi" },
     "uzi_empty": { "textures": "textures/guns/uzi_empty" },

     "ump45": { "textures": "textures/guns/ump45" },
     "ump45_empty": { "textures": "textures/guns/ump45_empty" },

     "colt45": { "textures": "textures/guns/colt45" },
     "colt45_empty": { "textures": "textures/guns/colt45_empty" },

     "glock18": { "textures": "textures/guns/glock18" },
     "glock18_empty": { "textures": "textures/guns/glock18_empty" }
     
  }
}