{
	"format_version": "1.16.100",
	"minecraft:block": {
		"description": {
			"identifier": "furnicraft:basura",
			"properties": {
				"furnicraft:active": [
					false,
					true
				],
				"furnicraft:rotation": [
					2,
					3,
					4,
					5
				]
			}
		},
		"components": {
			"minecraft:destroy_time": 0.3,
			"minecraft:friction": 0.7,
			"minecraft:map_color": "#FFFFFF",
			"minecraft:explosion_resistance": 1,
			"minecraft:flammable": {
				"flame_odds": 1,
				"burn_odds": 1
			},
			"minecraft:block_light_absorption": 0,
			"minecraft:block_light_emission": 0,
			"minecraft:on_player_destroyed": {
				"event": "remove",
				"target": "self"
			},
			"minecraft:material_instances": {
				"*": {
					"texture": "refrigerador",
					"render_method": "opaque"
				}
			},
			"minecraft:on_placed": {
				"event": "inventory",
				"target": "self"
			},
			"minecraft:on_interact": {
				"event": "furnicraft:closed"
			},
			"minecraft:geometry": "geometry.refrigerador",
			"minecraft:on_player_placing": {
				"event": "furnicraft:rotation"
			},
			"minecraft:entity_collision": {
				"origin": [
					-8,
					0,
					-8
				],
				"size": [
					16,
					16,
					16
				]
			},
			"minecraft:pick_collision": {
				"origin": [
					-8,
					0,
					-8
				],
				"size": [
					16,
					16,
					16
				]
			},
			"minecraft:creative_category": {
				"category": "items",
				"group": "itemGroup.name.furnicraft_cocina"
			}
		},
		"events": {
			"inventorys": {
				"run_command": {
					"command": [
						"summon furnicraft:basura_chest"
					]
				}
			},
			"remove": {
				"run_command": {
					"command": [
						"kill @e[type=furnicraft:basura_chest,r=1]",
						"kill @e[type=item,r=2]"
					]
				}
			},
			"furnicraft:closed": {
				"set_block_property": {
					"furnicraft:active": true
				},
				"run_command": {
					"command": [
						"summon furnicraft:basura_chest"
					]
				}
			},
			"furnicraft:open": {
				"set_block_property": {
					"furnicraft:active": false
				},
				"run_command": {
					"command": [
						"kill @e[type=furnicraft:basura_chest,r=1]",
						"kill @e[type=item,r=2]"
					]
				}
			},
			"furnicraft:rotation": {
				"set_block_property": {
					"furnicraft:rotation": "query.cardinal_facing_2d"
				}
			}
		},
		"permutations": [
			{
				"condition": "query.block_property('furnicraft:rotation') == 2",
				"components": {
					"minecraft:rotation": [
						0,
						0,
						0
					]
				}
			},
			{
				"condition": "query.block_property('furnicraft:rotation') == 3",
				"components": {
					"minecraft:rotation": [
						0,
						-180,
						0
					]
				}
			},
			{
				"condition": "query.block_property('furnicraft:rotation') == 4",
				"components": {
					"minecraft:rotation": [
						0,
						90,
						0
					]
				}
			},
			{
				"condition": "query.block_property('furnicraft:rotation') == 5",
				"components": {
					"minecraft:rotation": [
						0,
						-90,
						0
					]
				}
			},
			{
				"condition": "query.block_property('furnicraft:active') == true",
				"components": {
					"minecraft:on_interact": {
						"event": "furnicraft:open"
					},
                    "minecraft:pick_collision": {
                        "origin": [ -8, 0, -8 ],
                        "size": [ 16, 13, 16 ]
                    },
                    "minecraft:entity_collision": {
                        "origin": [ -8, 0, -8 ],
                        "size": [ 16, 16, 16 ]
                    },
					"minecraft:geometry": "geometry.basura_2"
				}
			},
			{
				"condition": "query.block_property('furnicraft:active') == false",
				"components": {
					"minecraft:on_interact": {
						"event": "furnicraft:closed"
					},
					"minecraft:geometry": "geometry.basura_1"
				}
			}
		]
	}
}