{
  "format_version": "1.10.0",
  "minecraft:client_entity": {
    "description": {
      "identifier": "js:flamethrower_bullet",
      "materials": {
        "default": "skeleton"
      },
      "textures": {
        "default": "textures/guns/rifle_bullet"
      },
      "animations": {
        "general": "controller.animation.flamethrower.general",
        "move": "animation.bullet.move2"
      },
      "scripts": {
        "animate": [
          "general",
          "move"
        ]
      },
	  "particle_effects": {
		"fire": "js:fire"
	  },
      "geometry": {
        "default": "geometry.rifle_bullet"
      },
      "render_controllers": [ "controller.render.default" ]
    }
  }
}
