{
  "format_version": "1.10.0",
  "minecraft:client_entity": {
    "description": {
      "identifier": "js:fp6_bullet",
      "materials": {
        "default": "skeleton"
      },
      "textures": {
        "default": "textures/guns/rifle_bullet"
      },
      "animations": {
        "move": "animation.bullet.move"
      },
      "scripts": {
        "animate": [
          "move"
        ]
      },
      "geometry": {
        "default": "geometry.rifle_bullet"
      },
      "render_controllers": [ "controller.render.default" ]
    }
  }
}
