{
  "format_version": "1.10.0",
  "minecraft:client_entity": {
    "description": {
      "identifier": "js:frag",
      "materials": {
        "default": "npc"
      },
      "textures": {
        "default": "textures/entity/nade"
      },
      "animations": {
        "move": "animation.projectile_face",
        "move2": "animation.projectile_face2"
      },
      "scripts": {
        "pre_animation": [
          "variable.flash = Math.mod(Math.Round(query.anim_time * 10.0), 2.0);"
        ],
        "animate": [
          "move", "move2"
        ]
      },
      "geometry": {
        "default": "geometry.nade"
      },
      "render_controllers": [ "controller.render.exploding_zombie" ]
    }
  }
}
