{
  "format_version": "1.8.0",
  "minecraft:entity": {
    "description": {
      "identifier": "minecraft:armor_stand",
      "minecraft:spawn_egg": {
        "value": false
      },
      "minecraft:is_summonable": {
        "value": true
      },
      "minecraft:is_experimental": {
        "value": false
      }
    },
    
        "component_groups": {
    },

    "components": {
      "minecraft:identifier": {
        "id": "minecraft:armor_stand"
      },
      "minecraft:type_family": {
        "family": [ "McDonalds", "Robot" ]
      },
      "minecraft:collision_box": {
        "width": 0.5,
        "height": 1.975
      },
      "minecraft:health": {
        "value": 6,
        "max": 6
      },
     "minecraft:damage_sensor": [
      {
        "deals_damage": false
       }
     ],
      "minecraft:loot": {
        "table": "loot_tables/entities/armor_stand.json"
      },
      "minecraft:nameable": {
     "alwaysShow": true
      },
      "minecraft:physics": {
      }
    },

    "events": {
    }
  }
}