{
  "format_version": "1.16.100",
  "minecraft:block": {
    "description": {
      "identifier": "frost:frozen_stonebrick_slab",
      "properties": {
        "slab:interact": [
          0,
          1
        ]
      }
    },
    "components": {
      "minecraft:loot": "loot_tables/blocks/frost_frozen_stonebrick_slab.json",
      "minecraft:destroy_time": 2.0,
      "minecraft:friction": 0.7,
      "minecraft:map_color": "#FFFFFF",
      "minecraft:explosion_resistance": 1.0,
      "minecraft:block_light_absorption": 15.0,
      "minecraft:block_light_emission": 0.0,
      "minecraft:material_instances": {
        "*": {
          "texture": "frost_frozen_stonebrick_slab",
          "render_method": "blend"
        }
      },
      "tag:wood": {}
    },
    "permutations": [
      {
        "condition": "query.block_property('slab:interact') == 0",
        "components": {
          "minecraft:geometry": "geometry.pa_slab",
          "minecraft:on_interact": {
            "event": "block",
            "target": "self",
            "condition": "query.get_equipped_item_name('main_hand') == 'frozen_stonebrick_slab'"
          },
          "minecraft:entity_collision": {
            "origin": [
              -8,
              0,
              -8
            ],
            "size": [
              16,
              8,
              16
            ]
          },
          "minecraft:pick_collision": {
            "origin": [
              -8,
              0,
              -8
            ],
            "size": [
              16,
              8,
              16
            ]
          }
        }
      },
      {
        "condition": "query.block_property('slab:interact') == 1",
        "components": {
          "minecraft:loot": "loot_tables/slab_double.json",
          "minecraft:unit_cube": {}
        }
      }
    ],
    "events": {
      "block": {
        "set_block_property": {
          "slab:interact": 1
        },
        "decrement_stack": {}
      }
    }
  }
}