{
  "format_version": "1.16.100",
  "minecraft:item": {
    "description": {
      "identifier": "serp:vulpix",
      "category": "Items"
    },
    "components": {
      "minecraft:display_name":{"value":"item.serp:vulpix.name"},
	  "minecraft:creative_category":{"parent":"itemGroup.name.chest"},
    "minecraft:render_offsets": {
        "main_hand": {
"first_person":{"scale":[0.02,0.02,0.02]},
"third_person":{"scale":[0.03,0.03,0.03]}}},
      "minecraft:max_stack_size": 1,
      "minecraft:entity_placer":{
    "entity" : "serp:spawn1<p:37>"
      },
	"minecraft:icon":{"texture": "vulpix"}
    }
  }
}