{
  //Controls visibility of vanilla UI elements
  "centered_gui_elements_at_bottom_middle": {
    "bindings": [
      {
        "binding_name": "#hud_title_text_string",
        "binding_name_override": "#text",
        "binding_type": "global"
      },
      {
        "binding_type": "view",
        "source_property_name": "(not (#text = 'title' or #text = 'hud hide'))",
        "target_property_name": "#visible"
      }
    ]
  },
  "mob_effects_renderer": {
    "bindings": [
      {
        "binding_name": "#hud_title_text_string",
        "binding_name_override": "#text",
        "binding_type": "global"
      },
      {
        "binding_type": "view",
        "source_property_name": "(not (#text = 'title' or #text = 'hud hide'))",
        "target_property_name": "#visible"
      }
    ]
  },
  "cursor_renderer": {
    "bindings": [
      {
        "binding_name": "#hud_title_text_string",
        "binding_name_override": "#text",
        "binding_type": "global"
      },
      {
        "binding_type": "view",
        "source_property_name": "(not (#text = 'title' or #text = 'hud hide'))",
        "target_property_name": "#visible"
      }
    ]
  },
  "chat_panel": {
    "bindings": [
      {
        "binding_name": "#hud_title_text_string",
        "binding_name_override": "#text",
        "binding_type": "global"
      },
      {
        "binding_type": "view",
        "source_property_name": "(not (#text = 'title' or #text = 'hud hide'))",
        "target_property_name": "#visible"
      }
    ]
  },
  "centered_gui_elements": {
    "bindings": [
      {
        "binding_name": "#hud_title_text_string",
        "binding_name_override": "#text",
        "binding_type": "global"
      },
      {
        "binding_type": "view",
        "source_property_name": "(not (#text = 'title' or #text = 'hud hide'))",
        "target_property_name": "#visible"
      },
      {
        "binding_name": "#hud_visible",
        "binding_name_override": "#visible",
        "binding_type": "global"
      }
    ]
  },
  //Modifies the look of the title so that stats are visible
  "hud_title_text": {
    "bindings": [
      {
        "binding_name": "#hud_title_text_string",
        "binding_name_override": "#text",
        "binding_type": "global"
      },
      { //Prevent titles with text such as "title","blink", etc. from showing up
        "binding_type": "view",
        "source_property_name": "(not (#text = 'image in1' or #text = 'image out1' or #text = 'image in2' or #text = 'image out2' or #text = 'image in3' or #text = 'image out3'))",
        "target_property_name": "#visible"
      }
    ]
  },
  
  //steak image
  "image1": {
    "type": "image",
    "texture": "textures/ui/steak/steak",
    "size": [
      150,
      150
    ],
    "offset": [
      130,
      -60
    ],
    "fill": true,
    "keep_ratio": true,
    "alpha": "$anim_alpha",
    "uv": [
      0,
      0
    ],
    "layer": 100,
    "ignored": "(not ($title_text = 'image out1' or $title_text = 'image in1'))",
    "variables": [
     
      {
        "requires": "($title_text = 'image out1'))",
        "$anim_alpha": "@blink_slow_out"
      },
      {
        "requires": "($title_text = 'image in1'))",
        "$anim_alpha": "@blink_slow_in"
      }
    ]
  },
  //salmon image
  "image2": {
    "type": "image",
    "texture": "textures/ui/slamon/salmon",
    "size": [
      150,
      150
    ],
    "offset": [
      130,
      -60
    ],
    "fill": true,
    "keep_ratio": true,
    "alpha": "$anim_alpha",
    "uv": [
      0,
      0
    ],
    "layer": 100,
    "ignored": "(not ($title_text = 'image out2' or $title_text = 'image in2'))",
    "variables": [
     
      {
        "requires": "($title_text = 'image out2'))",
        "$anim_alpha": "@blink_slow_out"
      },
      {
        "requires": "($title_text = 'image in2'))",
        "$anim_alpha": "@blink_slow_in"
      }
    ]
  },
  //soup image
  "image3": {
    "type": "image",
    "texture": "textures/ui/soup/soup",
    "size": [
      150,
      150
    ],
    "offset": [
      130,
      -60
    ],
    "fill": true,
    "keep_ratio": true,
    "alpha": "$anim_alpha",
    "uv": [
      0,
      0
    ],
    "layer": 100,
    "ignored": "(not ($title_text = 'image out3' or $title_text = 'image in3'))",
    "variables": [
     
      {
        "requires": "($title_text = 'image out3'))",
        "$anim_alpha": "@blink_slow_out"
      },
      {
        "requires": "($title_text = 'image in3'))",
        "$anim_alpha": "@blink_slow_in"
      }
    ]
  },
  "image1_factory": {
    "type": "panel",
    "factory": {
      "name": "hud_title_text_factory",
      "control_ids": {
        "hud_title_text": "image1@hud.image1"
      }
    }
  },
  "image2_factory": {
    "type": "panel",
    "factory": {
      "name": "hud_title_text_factory",
      "control_ids": {
        "hud_title_text": "image2@hud.image2"
      }
    }
  },
  "image3_factory": {
    "type": "panel",
    "factory": {
      "name": "hud_title_text_factory",
      "control_ids": {
        "hud_title_text": "image3@hud.image3"
      }
    }
  },
  //ROOT PANEL - here is where we "modify" the main hud screen panel in order to add the cinematic elements.
  "root_panel": {
    "bindings": [
      {
        "binding_name": "#hud_propagate_alpha",
        "binding_name_override": "#propagateAlpha",
        "binding_type": "global"
      }
    ],
    "modifications": [
      {
        "array_name": "controls",
        "operation": "insert_back",
        "value": {
          "image1_factory@hud.image1_factory": {}
        }
      },
      {
        "array_name": "controls",
        "operation": "insert_back",
        "value": {
          "image2_factory@hud.image2_factory": {}
        }
      },
      {
        "array_name": "controls",
        "operation": "insert_back",
        "value": {
          "image3_factory@hud.image3_factory": {}
        }
      }
    ]
  },
  //Blink Slow Animation
  "blink_slow_in": {
    "anim_type": "alpha",
    "easing": "in_quad",
    "from": 0.0,
    "to": 1.0,
    "duration": 0.5
  },
  "blink_slow_out": {
    "anim_type": "alpha",
    "easing": "in_out_quad",
    "from": 1.0,
    "to": 0.0,
    "duration": 0.5
  }
}