{
	"format_version": "1.8.0",
	"animations": {
		"animation.agua_viva.move": {
			"loop": true,
			"animation_length": 2,
			"bones": {
				"body": {
					"scale": {
						"0.0": [1, 1, 1],
						"1.0": [1, 0.9, 1],
						"2.0": [1, 1, 1]
					}
				},
				"body5": {
					"rotation": {
						"0.0": [0, 0, 0],
						"1.0": [0, 0, 25],
						"2.0": [0, 0, 0]
					},
					"position": {
						"0.0": [0, 0, 0],
						"1.0": [-3, 2, 0],
						"2.0": [0, 0, 0]
					}
				},
				"leg1": {
					"rotation": {
						"0.0": [0, 0, 0],
						"1.0": [0, 0, -40],
						"2.0": [0, 0, 0]
					}
				},
				"leg2": {
					"rotation": {
						"0.0": [0, 0, 0],
						"1.0": [0, 0, -40],
						"2.0": [0, 0, 0]
					}
				},
				"leg3": {
					"rotation": {
						"0.0": [0, 0, 0],
						"1.0": [0, 0, 40],
						"2.0": [0, 0, 0]
					}
				},
				"leg4": {
					"rotation": {
						"0.0": [0, 0, 0],
						"1.0": [0, 0, 40],
						"2.0": [0, 0, 0]
					}
				},
				"leg5": {
					"rotation": {
						"0.0": [0, 0, 0],
						"1.0": [-40, 0, 0],
						"2.0": [0, 0, 0]
					}
				},
				"leg6": {
					"rotation": {
						"0.0": [0, 0, 0],
						"1.0": [-40, 0, 0],
						"2.0": [0, 0, 0]
					}
				},
				"leg7": {
					"rotation": {
						"0.0": [0, 0, 0],
						"1.0": [40, 0, 0],
						"2.0": [0, 0, 0]
					}
				},
				"leg8": {
					"rotation": {
						"0.0": [0, 0, 0],
						"1.0": [40, 0, 0],
						"2.0": [0, 0, 0]
					}
				},
				"bodyb": {
					"rotation": {
						"0.0": [0, 0, 0],
						"1.0": [0, 0, 10],
						"2.0": [0, 0, 0]
					}
				}
			}
		}
	}
}