{
	"format_version": "1.8.0",
	"animations": {
		"animation.beluga.move": {
			"loop": true,
			"animation_length": 2,
			"bones": {
				"bodyb" : {
					"rotation" : [ "query.target_x_rotation - 2.865 + (-2.865 * math.cos(query.life_time * 343.8))", "query.target_y_rotation", 0.0 ]
				},
				"body": {
					"rotation": {
						"0.0": [0, 0, 0],
						"1.0": [-5, 0, 0],
						"2.0": [0, 0, 0]
					}
				},
				"head": {
					"rotation": {
						"0.0": [0, 0, 0],
						"1.0": [-5, 0, 0],
						"2.0": [0, 0, 0]
					}
				},
				"tail": {
					"rotation": {
						"0.0": [0, 0, 0],
						"0.5167": [-20, 0, 0],
						"1.0": [0, 0, 0],
						"1.5167": [25, 0, 0],
						"2.0": [0, 0, 0]
					}
				},
				"tail2": {
					"rotation": {
						"0.0": [0, 0, 0],
						"0.5167": [-15, 0, 0],
						"1.0": [0, 0, 0],
						"1.5167": [30, 0, 0],
						"2.0": [0, 0, 0]
					},
					"position": {
						"1.0": [0, 0, 0],
						"2.0": [0, 0, 0]
					}
				},
				"tail3": {
					"rotation": {
						"0.0": [0, 0, 0],
						"0.5167": [-25, 0, 0],
						"1.0": [0, 0, 0],
						"1.5167": [50, 0, 0],
						"2.0": [0, 0, 0]
					},
					"position": {
						"0.0": [0, 0, 0],
						"0.5167": [0, -4, 0],
						"1.0": [0, 0, 0],
						"1.5167": [0, 5, 0],
						"2.0": [0, 0, 0]
					}
				},
				"tail4": {
					"rotation": {
						"0.0": [0, 0, 0],
						"0.5167": [-25, 0, 0],
						"1.0": [0, 0, 0],
						"1.5167": [45, 0, 0],
						"2.0": [0, 0, 0]
					},
					"position": {
						"0.0": [0, 0, 0],
						"0.5167": [0, -6, 0],
						"1.0": [0, 0, 0],
						"1.5167": [0, 13, 0],
						"2.0": [0, 0, 0]
					}
				},
				"tail5": {
					"rotation": {
						"0.0": [0, 0, 0],
						"0.5167": [-25, 0, 0],
						"1.0": [0, 0, 0],
						"1.5167": [45, 0, 0],
						"2.0": [0, 0, 0]
					},
					"position": {
						"0.0": [0, 0, 0],
						"0.5167": [0, -6, 0],
						"1.0": [0, 0, 0],
						"1.5167": [0, 12, 0],
						"2.0": [0, 0, 0]
					}
				},
				"fin": {
					"rotation": {
						"0.0": [0, 0, 0],
						"1.0": [0, 0, 40],
						"2.0": [0, 0, 0]
					}
				},
				"fin2": {
					"rotation": {
						"0.0": [0, 0, 0],
						"1.0": [0, 0, -40],
						"2.0": [0, 0, 0]
					}
				}
			}
		}
	}
}