{
	"format_version": "1.8.0",
	"animations": {
		"animation.cabra.walk": {
			"loop": true,
			"animation_length": 0.98,
			"bones": {
				"leg1": {
					"rotation": {
						"0.0": [0, 0, 0],
						"0.2333": [-40, 0, 0],
						"0.4667": [0, 0, 0],
						"0.7167": [40, 0, 0],
						"0.9833": [0, 0, 0]
					},
					"position": {
						"0.0": [0, 0, 0],
						"0.2333": [0, 3, -1],
						"0.4667": [0, 0, 0],
						"0.7167": [0, -3, 5],
						"0.9833": [0, 0, 0]
					}
				},
				"leg2": {
					"rotation": {
						"0.0": [0, 0, 0],
						"0.2333": [40, 0, 0],
						"0.4667": [0, 0, 0],
						"0.7167": [-40, 0, 0],
						"0.9833": [0, 0, 0]
					},
					"position": {
						"0.0": [0, 0, 0],
						"0.2333": [0, -3, 4],
						"0.4667": [0, 0, 0],
						"0.7167": [0, 3, -1],
						"0.9833": [0, 0, 0]
					}
				},
				"leg3": {
					"rotation": {
						"0.0": [0, 0, 0],
						"0.2333": [40, 0, 0],
						"0.4667": [0, 0, 0],
						"0.7167": [-40, 0, 0],
						"0.9833": [0, 0, 0]
					},
					"position": {
						"0.0": [0, 0, 0],
						"0.2333": [0, 3, 3],
						"0.4667": [0, 0, 0],
						"0.7167": [0, -3, -6],
						"0.9833": [0, 0, 0]
					}
				},
				"leg4": {
					"rotation": {
						"0.0": [0, 0, 0],
						"0.2333": [-40, 0, 0],
						"0.4667": [0, 0, 0],
						"0.7167": [40, 0, 0],
						"0.9833": [0, 0, 0]
					},
					"position": {
						"0.0": [0, 0, 0],
						"0.2333": [0, -3, -5],
						"0.4667": [0, 0, 0],
						"0.7167": [0, 4, 3],
						"0.9833": [0, 0, 0]
					}
				}
			}
		}
	}
}