{
	"format_version": "1.8.0",
	"animations": {
		"animation.calango.setup": {
			"loop": true,
			"bones": {
				"leg1": {
					"rotation": [0, 0, 0],
					"position": [0, 0, 0]
				},
				"leg2": {
					"rotation": [0, 0, 0],
					"position": [0, 0, 0]
				},
				"leg3": {
					"rotation": [0, 0, 0],
					"position": [0, 0, 0]
				},
				"leg4": {
					"rotation": [0, 0, 0],
					"position": [0, 0, 0]
				},
				"body": {
					"rotation": [0, 0, 0],
					"position": [0, 0, 0]
				},
				"head": {
					"rotation": [0, 0, 0],
					"position": [0, 0, 0]
				},
				"tail": {
					"rotation": [0, 0, 0],
					"position": [0, 0, 0]
				}
			}
		},
		"animation.calango.walk": {
			"loop": true,
			"animation_length": 1.01333,
			"bones": {
				"leg1": {
					"rotation": [0, 0, 0],
					"position": {
						"0.0": [0, 0, 0],
						"0.25": [0, 0, 2],
						"0.5": [0, 0, 0],
						"0.75": [0, 0, -2],
						"1.0167": [0, 0, 0]
					}
				},
				"leg2": {
					"rotation": [0, 0, 0],
					"position": {
						"0.0": [0, 0, 0],
						"0.25": [0, 0, -2],
						"0.5": [0, 0, 0],
						"0.75": [0, 0, 2],
						"1.0167": [0, 0, 0]
					}
				},
				"leg2b": {
					"position": [0, 0, 0]
				},
				"leg3": {
					"rotation": [0, 0, 0],
					"position": {
						"0.0": [0, 0, 0],
						"0.25": [0, 0, 2],
						"0.5": [0, 0, 0],
						"0.75": [0, 0, -2],
						"1.0167": [0, 0, 0]
					}
				},
				"leg4": {
					"rotation": [0, 0, 0],
					"position": {
						"0.0": [0, 0, 0],
						"0.25": [0, 0, -2],
						"0.5": [0, 0, 0],
						"0.75": [0, 0, 2],
						"1.0167": [0, 0, 0]
					}
				},
				"tail": {
					"rotation": {
						"0.0": [0, 0, 0],
						"0.2833": [0, 5, 0],
						"0.7333": [0, -5, 0],
						"0.9833": [0, 0, 0]
					},
					"position": [0, 0, 0]
				}
			}
		}
	}
}