{
	"format_version": "1.8.0",
	"animations": {
		"animation.canario.fly": {
			"loop": true,
			"animation_length": 1.1,
			"bones": {
				"body0": {
					"rotation": [20, 0, 0],
					"position": {
						"0.0": [0, 4, -1],
						"0.2833": [0, 2, -1],
						"0.5333": [0, 4, -1],
						"0.8": [0, 6, -1],
						"1.1": [0, 4, -1]
					}
				},
				"wing3": {
					"rotation": [-55, 25, -30],
					"position": [0, 0, -1]
				},
				"wing4": {
					"rotation": [-55, -5, 30],
					"position": [0.7, 0.5, -2]
				}
			}
		}
	}
}