{
	"format_version": "1.8.0",
	"animations": {
		"animation.capivara.setup": {
			"loop": true,
			"bones": {
				"body0": {
					"rotation": [0, 0, 0],
					"position": [0, 0, 0]
				},
				"head0": {
					"rotation": [0, 0, 0],
					"position": [0, 0, 0]
				},
				"leg0": {
					"rotation": [0, 0, 0],
					"position": [0, 0, 0]
				},
				"leg1": {
					"rotation": [0, 0, 0],
					"position": [0, 0, 0]
				},
				"leg3": {
					"rotation": [0, 0, 0],
					"position": [0, 0, 0]
				},
				"leg2": {
					"rotation": [0, 0, 0],
					"position": [0, 0, 0]
				}
			}
		},
		"animation.capivara.walk": {
			"loop": true,
			"animation_length": 0.96,
			"bones": {
				"leg0": {
					"rotation": {
						"0.0": [0, 0, 0],
						"0.2333": [50, 0, 0],
						"0.4833": [0, 0, 0],
						"0.7167": [-50, 0, 0],
						"0.9667": [0, 0, 0]
					},
					"position": [0, 0, 0]
				},
				"leg1": {
					"rotation": {
						"0.0": [0, 0, 0],
						"0.2333": [-50, 0, 0],
						"0.4833": [0, 0, 0],
						"0.7167": [50, 0, 0],
						"0.9667": [0, 0, 0]
					},
					"position": [0, 0, 0]
				},
				"leg3": {
					"rotation": {
						"0.0": [0, 0, 0],
						"0.2333": [-50, 0, 0],
						"0.4833": [0, 0, 0],
						"0.7167": [50, 0, 0],
						"0.9667": [0, 0, 0]
					},
					"position": [0, 0, 0]
				},
				"leg2": {
					"rotation": {
						"0.0": [0, 0, 0],
						"0.2333": [50, 0, 0],
						"0.4833": [0, 0, 0],
						"0.7167": [-50, 0, 0],
						"0.9667": [0, 0, 0]
					},
					"position": [0, 0, 0]
				}
			}
		}
	}
}