{
	"format_version": "1.8.0",
	"animations": {
		"animation.casuar.sleep": {
			"loop": true,
			"bones": {
				"body": {
					"position": [0, -10, 0]
				},
				"head": {
					"position": [0, -15, 1]
				}
			}
		},
		"animation.casuar.sit": {
			"loop": true,
			"bones": {
				"leg1": {
					"rotation": [15, 0, 0],
					"position": [0, 7, 0]
				}
			}
		},
		"animation.casuar.wiggle": {
			"loop": true,
			"animation_length": 0.96,
			"bones": {
				"body": {
					"rotation": {
						"0.0": [10, 0, 0],
						"0.2333": [10, -5, 0],
						"0.4833": [10, 0, 0],
						"0.7167": [10, 5, 0],
						"0.9667": [10, 0, 0]
					}
				},
				"body1": {
					"rotation": {
						"0.0": [35, 0, 0],
						"0.4833": [40, 0, 0],
						"0.9667": [35, 0, 0]
					},
					"position": [0, 0, 9]
				},
				"body2": {
					"position": [0, 5, -1]
				},
				"head": {
					"rotation": {
						"0.0": [0, 0, 0],
						"0.2333": [5, 0, 0],
						"0.4833": [0, 0, 0],
						"0.7167": [5, 0, 0],
						"0.9667": [0, 0, 0]
					},
					"position": [0, 4, -4]
				},
				"head1": {
					"position": [0, 1, 0]
				},
				"leg0": {
					"position": [0, 0, -6]
				},
				"leg1": {
					"position": [0, 0, 0]
				}
			}
		},
		"animation.casuar.crouch": {
			"loop": true,
			"animation_length": 0.96,
			"bones": {
				"body": {
					"rotation": {
						"0.0": [10, 0, 0],
						"0.2333": [10, -5, 0],
						"0.4833": [10, 0, 0],
						"0.7167": [10, 5, 0],
						"0.9667": [10, 0, 0]
					}
				},
				"body1": {
					"rotation": {
						"0.0": [35, 0, 0],
						"0.4833": [40, 0, 0],
						"0.9667": [35, 0, 0]
					},
					"position": [0, 0, 9]
				},
				"body2": {
					"position": [0, 5, -1]
				},
				"head": {
					"rotation": {
						"0.0": [0, 0, 0],
						"0.2333": [5, 0, 0],
						"0.4833": [0, 0, 0],
						"0.7167": [5, 0, 0],
						"0.9667": [0, 0, 0]
					},
					"position": [0, 4, -4]
				},
				"head1": {
					"position": [0, 1, 0]
				},
				"leg0": {
					"position": [0, 0, -6]
				},
				"leg1": {
					"position": [0, 0, 0]
				}
			}
		},
		"animation.casuar.setup": {
			"loop": true,
			"bones": {
				"body": {
					"rotation": [0, 0, 0],
					"position": [0, 0, 0]
				},
				"head": {
					"rotation": [0, 0, 0],
					"position": [0, 0, 0]
				},
				"leg0": {
					"rotation": [0, 0, 0],
					"position": [0, 0, 0]
				},
				"leg1": {
					"rotation": [0, 0, 0],
					"position": [0, 0, 0]
				}
			}
		},
		"animation.casuar.move": {
			"loop": true,
			"animation_length": 0.96,
			"bones": {
				"leg0": {
					"rotation": {
						"0.0": [0, 0, 0],
						"0.2333": [45, 0, 0],
						"0.4833": [0, 0, 0],
						"0.7167": [-45, 0, 0],
						"0.9667": [0, 0, 0]
					}
				},
				"leg1": {
					"rotation": {
						"0.0": [0, 0, 0],
						"0.2333": [-45, 0, 0],
						"0.4833": [0, 0, 0],
						"0.7167": [45, 0, 0],
						"0.9667": [0, 0, 0]
					}
				}
			}
		}
	}
}