{
	"format_version": "1.8.0",
	"animations": {
		"animation.elefante.walk": {
			"loop": true,
			"animation_length": 1.5,
			"bones": {
				"leg2": {
					"rotation": {
						"0.0": [0, 0, 0],
						"0.4": [-40, 0, 0],
						"0.7833": [0, 0, 0],
						"1.1333": [40, 0, 0],
						"1.4667": [0, 0, 0]
					},
					"position": {
						"0.0": [0, 0, 0],
						"0.4": [0, 6, -4],
						"0.7833": [0, 0, 0],
						"1.1333": [0, -5, 9],
						"1.4667": [0, 0, 0]
					}
				},
				"leg1": {
					"rotation": {
						"0.0": [0, 0, 0],
						"0.4": [40, 0, 0],
						"0.7833": [0, 0, 0],
						"1.1333": [-40, 0, 0],
						"1.4667": [0, 0, 0]
					},
					"position": {
						"0.0": [0, 0, 0],
						"0.4": [0, 5, 5],
						"0.7833": [0, 0, 0],
						"1.1333": [0, -4, -8],
						"1.4667": [0, 0, 0]
					}
				},
				"body": {
					"rotation": [0, 0, 0],
					"position": [0, 0, 0]
				},
				"leg3": {
					"rotation": {
						"0.0": [0, 0, 0],
						"0.4": [40, 0, 0],
						"0.7833": [0, 0, 0],
						"1.1333": [-40, 0, 0],
						"1.4667": [0, 0, 0]
					},
					"position": {
						"0.0": [0, 0, 0],
						"0.4": [0, -4, 9],
						"0.7833": [0, 0, 0],
						"1.1333": [0, 6, -4],
						"1.4667": [0, 0, 0]
					}
				},
				"leg0": {
					"rotation": {
						"0.0": [0, 0, 0],
						"0.4": [-40, 0, 0],
						"0.7833": [0, 0, 0],
						"1.1333": [40, 0, 0],
						"1.4667": [0, 0, 0]
					},
					"position": {
						"0.0": [0, 0, 0],
						"0.4": [0, -4, -8],
						"0.7833": [0, 0, 0],
						"1.1333": [0, 5, 5],
						"1.4667": [0, 0, 0]
					}
				},
				"head": {
					"rotation": {
						"0.0": [10, 0, 0],
						"0.5": [10, 0, 0],
						"0.9667": [10, -25, 0],
						"1.5": [10, 0, 0]
					},
					"position": {
						"0.0": [0, 0, 0],
						"0.5": [0, 0, 0],
						"0.9667": [-6, 0, 0],
						"1.5": [0, 0, 0]
					}
				},
				"head8": {
					"rotation": {
						"0.0": [0, 0, 0],
						"0.5167": [0, 15, 0],
						"1.0333": [0, 0, 0]
					},
					"position": {
						"0.0": [0, 0, 0],
						"0.5167": [4, 0, 0],
						"1.0333": [-1, 0, 0]
					}
				},
				"head9": {
					"rotation": {
						"0.0": [0, 0, 0],
						"0.5333": [0, -15, 0],
						"1.0333": [0, 0, 0]
					},
					"position": {
						"0.0": [0, 0, 0],
						"0.5333": [-4, 0, 0],
						"1.0333": [0, 0, 0]
					}
				},
				"head12": {
					"rotation": {
						"0.0": [0, 0, 0],
						"0.8333": [-10, 0, 0],
						"1.45": [0, 0, 0]
					},
					"position": {
						"0.0": [0, 0, 0],
						"0.8333": [0, -3, -1],
						"1.45": [0, 0, 0]
					}
				},
				"head13": {
					"rotation": {
						"0.0": [0, 0, 0],
						"0.8333": [-10, 0, 0],
						"1.45": [0, 0, 0]
					},
					"position": {
						"0.0": [0, 0, 0],
						"0.8333": [0, -3, 0],
						"1.45": [0, 0, 0]
					}
				},
				"head14": {
					"rotation": {
						"0.0": [0, 0, 0],
						"0.8333": [-10, 0, 0],
						"1.45": [0, 0, 0]
					},
					"position": {
						"0.0": [0, 0, 0],
						"0.8333": [0, -3, 0],
						"1.45": [0, 0, 0]
					}
				},
				"tail": {
					"rotation": {
						"0.0": [0, 0, 0],
						"0.5333": [0, 0, -20],
						"0.9833": [0, 0, 25],
						"1.2833": [0, 0, 0]
					},
					"position": {
						"0.0": [0, 0, 0],
						"0.5333": [7, 1, 0],
						"0.6667": [2.43, 0.3, 0],
						"0.8": [-1.92, 0.01, 0],
						"0.9833": [-8, 2, 0],
						"1.2833": [0, 0, 0]
					}
				}
			}
		},
		"animation.elefante.setup": {
		    "loop": true,
			"bones": {
				"leg2": {
					"rotation": [0, 0, 0],
					"position": [0, 0, 0]
				},
				"leg1": {
					"rotation": [0, 0, 0],
					"position": [0, 0, 0]
				},
				"body": {
					"rotation": [0, 0, 0],
					"position": [0, 0, 0]
				},
				"leg3": {
					"rotation": [0, 0, 0],
					"position": [0, 0, 0]
				},
				"leg0": {
					"rotation": [0, 0, 0],
					"position": [0, 0, 0]
				},
				"head": {
					"rotation": [0, 0, 0],
					"position": [0, 0, 0]
				},
				"tail": {
					"rotation": [0, 0, 0],
					"position": [0, 0, 0]
				}
			}
		}
	}
}