{
	"format_version": "1.8.0",
	"animations": {
		"animation.lemure.base": {
			"loop": true,
			"bones": {
				"leg1": {
					"rotation": [0, 0, 0],
					"position": [0, 0, 0]
				},
				"leg2": {
					"rotation": [0, 0, 0],
					"position": [0, 0, 0]
				},
				"leg3": {
					"rotation": [0, 0, 0],
					"position": [0, 0, 0]
				},
				"leg4": {
					"rotation": [0, 0, 0],
					"position": [0, 0, 0]
				},
				"body": {
					"rotation": [0, 0, 0],
					"position": [0, 0, 0]
				},
				"tail": {
					"rotation": [0, 0, 0],
					"position": [0, 0, 0]
				},
				"head": {
					"rotation": [0, 0, 0],
					"position": [0, 0, 0]
				}
			}
		},
		"animation.lemure.walk": {
			"loop": true,
			"animation_length": 0.96667,
			"bones": {
				"leg1": {
					"rotation": {
						"0.0": [0, 0, 0],
						"0.2333": [-40, 0, 0],
						"0.45": [0, 0, 0],
						"0.6833": [40, 0, 0],
						"0.9333": [0, 0, 0]
					},
					"position": {
						"0.0": [0, 0, 0],
						"0.2333": [0, 6, -4],
						"0.45": [0, 0, 0],
						"0.6833": [0, -3, 7],
						"0.9333": [0, 0, 0]
					}
				},
				"leg2": {
					"rotation": {
						"0.0": [0, 0, 0],
						"0.2333": [40, 0, 0],
						"0.45": [0, 0, 0],
						"0.6833": [-40, 0, 0],
						"0.9333": [0, 0, 0]
					},
					"position": {
						"0.0": [0, 0, 0],
						"0.2333": [0, -3, 6],
						"0.45": [0, 0, 0],
						"0.6833": [0, 6, -4],
						"0.9333": [0, 0, 0]
					}
				},
				"leg3": {
					"rotation": {
						"0.0": [0, 0, 0],
						"0.2333": [40, 0, 0],
						"0.45": [0, 0, 0],
						"0.6833": [-40, 0, 0],
						"0.9333": [0, 0, 0]
					},
					"position": {
						"0.0": [0, 0, 0],
						"0.2333": [0, 3, 4],
						"0.45": [0, 0, 0],
						"0.6833": [0, -1, -5],
						"0.9333": [0, 0, 0]
					}
				},
				"leg4": {
					"rotation": {
						"0.0": [0, 0, 0],
						"0.2333": [-40, 0, 0],
						"0.45": [0, 0, 0],
						"0.6833": [40, 0, 0],
						"0.9333": [0, 0, 0]
					},
					"position": {
						"0.0": [0, 0, 0],
						"0.2333": [0, -1, -5],
						"0.45": [0, 0, 0],
						"0.6833": [0, 3, 4],
						"0.9333": [0, 0, 0]
					}
				},
				"tail": {
					"rotation": {
						"0.0": [0, 0, 0],
						"0.2667": [10, 0, 0],
						"0.5": [0, 0, 0],
						"0.7667": [-10, 0, 0],
						"0.9667": [0, 0, 0]
					},
					"position": {
						"0.0": [0, 0, 0],
						"0.2667": [0, -1, 2],
						"0.5": [0, 0, 0],
						"0.7667": [0, 2, 0],
						"0.9667": [0, 0, 0]
					}
				},
				"head6": {
					"rotation": [0, 0, 0],
					"position": [0, 0, 0]
				}
			}
		},
		"animation.lemure.sit": {
			"loop": true,
			"bones": {
				"leg1a": {
					"position": [0, 0, 1]
				},
				"leg1b": {
					"position": [0, -4, -1]
				},
				"leg2a": {
					"position": [0, 0, 1]
				},
				"leg2b": {
					"position": [0, -4, -1]
				},
				"leg3": {
					"position": [0, 0, 3]
				},
				"leg4": {
					"position": [0, 0, 3]
				},
				"body": {
					"rotation": [-40, 0, 0],
					"position": [0, 1, -3]
				},
				"tail": {
					"rotation": [-20, 0, 0],
					"position": [0, -4, -2]
				},
				"tail6": {
					"rotation": [-40, 0, 0],
					"position": [0, 14, -7]
				},
				"tail7": {
					"rotation": [-55, 0, 0],
					"position": [0, 20, -8]
				},
				"tail8": {
					"rotation": [-70, 0, 0],
					"position": [0, 25, -9]
				},
				"head": {
					"position": [0, 2, 3]
				}
			}
		}
	}
}