{
  "format_version": "1.8.0",
	"animations": {
		"animation.macaco.base": {
		    "loop": true,
			"bones": {
				"leg2": {
					"rotation": [0, 0, 0],
					"position": [0, 0, 0]
				},
				"leg3": {
					"rotation": [0, 0, 0],
					"position": [0, 0, 0]
				},
				"leg0": {
					"rotation": [0, 0, 0],
					"position": [0, 0, 0]
				},
				"leg1": {
					"rotation": [0, 0, 0],
					"position": [0, 0, 0]
				},
				"body": {
					"rotation": [0, 0, 0],
					"position": [0, 0, 0]
				},
				"head": {
					"rotation": [0, 0, 0],
					"position": [0, 0, 0]
				},
				"tail": {
					"rotation": [0, 0, 0],
					"position": [0, 0, 0]
				},
				"tail1": {
					"rotation": [0, 0, 0],
					"position": [0, 0, 0]
				},
				"tail2": {
					"rotation": [0, 0, 0],
					"position": [0, 0, 0]
				}
			}
		},
		"animation.macaco.walk": {
			"loop": true,
			"animation_length": 2.06,
			"bones": {
				"leg2": {
					"rotation": {
						"0.0": [0, 0, 0],
						"0.3667": [30, 0, 0],
						"0.8333": [55, 0, 0],
						"1.4": [0, 0, 0],
						"1.6": [-45, 0, 0],
						"1.9667": [0, 0, 0]
					},
					"position": {
						"0.0": [0, 0, 0],
						"0.3667": [0, 2, 1],
						"0.8333": [0, 8, 3],
						"1.0833": [0, 5, 0],
						"1.4": [0, 0, -4],
						"1.6": [0, -1, -6],
						"1.9667": [0, 0, -4]
					}
				},
				"leg3": {
					"rotation": {
						"0.0": [0, 0, 0],
						"0.3667": [30, 0, 0],
						"0.8333": [55, 0, 0],
						"1.4": [0, 0, 0],
						"1.6": [-45, 0, 0],
						"1.9667": [0, 0, 0]
					},
					"position": {
						"0.0": [0, 0, 0],
						"0.3667": [0, 2, 1],
						"0.8333": [0, 8, 3],
						"1.0833": [0, 5, 0],
						"1.4": [0, 0, -4],
						"1.6": [0, -1, -6],
						"1.9667": [0, 0, -4]
					}
				},
				"leg0": {
					"rotation": {
						"0.0": [0, 0, 0],
						"0.3667": [-45, 0, 0],
						"0.8333": [-35, 0, 0],
						"1.4": [0, 0, 0],
						"1.6": [45, 0, 0],
						"1.9667": [0, 0, 0]
					},
					"position": {
						"0.0": [0, 0, 0],
						"0.3667": [0, 4, -3],
						"0.8333": [0, 3, -3],
						"1.0833": [0, -1, -5],
						"1.4": [0, 0, -5],
						"1.6": [0, 0, -4],
						"1.9667": [0, 0, -6],
						"2.0333": [0, 0, -5],
						"2.0667": [0, 0, -4]
					}
				},
				"leg1": {
					"rotation": {
						"0.0": [0, 0, 0],
						"0.3667": [-45, 0, 0],
						"0.8333": [-35, 0, 0],
						"1.4": [0, 0, 0],
						"1.6": [45, 0, 0],
						"1.9667": [0, 0, 0]
					},
					"position": {
						"0.0": [0, 0, 0],
						"0.3667": [0, 4, -3],
						"0.8333": [0, 3, -3],
						"1.0833": [0, -1, -5],
						"1.4": [0, 0, -5],
						"1.6": [0, 0, -4],
						"1.9667": [0, 0, -6],
						"2.0333": [0, 0, -5],
						"2.0667": [0, 0, -4]
					}
				},
				"body": {
					"rotation": {
						"0.0": [0, 0, 0],
						"0.3667": [-15, 0, 0],
						"0.8167": [25, 0, 0],
						"1.0833": [35, 0, 0],
						"1.4": [10, 0, 0],
						"2.0333": [0, 0, 0]
					},
					"position": {
						"0.0": [0, 0, 0],
						"0.3667": [0, 1, 0],
						"0.8167": [0, 5, -2],
						"1.0833": [0, 1, -6],
						"1.4": [0, -1, -6],
						"2.0333": [0, 0, -4]
					}
				},
				"head": {
					"rotation": {
						"0.0": [0, 0, 0],
						"0.8333": [15, 0, 0],
						"1.75": [0, -15, 0],
						"1.9667": [0, 0, 0]
					},
					"position": {
						"0.0": [0, 0, 0],
						"0.3667": [0, 3, 0],
						"0.8": [0, -0.1, -0.86],
						"1.0833": [0, -2, -3],
						"1.4": [0, -2, -5],
						"2.0333": [0, 0, -5],
						"2.0667": [0, 0, -4]
					}
				},
				"tail": {
					"rotation": {
						"0.0": [0, 0, 0],
						"0.9667": [16.84, 0, -5],
						"2.0333": [25, 0, 0]
					},
					"position": {
						"0.0": [0, 0, 0],
						"0.3667": [0, 1, -1],
						"0.6": [0, 3.09, 0],
						"0.8": [0, 5.65, 1.09],
						"0.8333": [1, 6, 1],
						"0.9333": [0.75, 4.31, 0.32],
						"0.9667": [1, 3.42, -0.58],
						"1.0833": [1, 2, -2],
						"1.2": [1, 0.55, -2.36],
						"1.3333": [0.33, -0.82, -3.12],
						"1.4": [0, -2, -3],
						"2.0333": [0, -2, 0]
					}
				},
				"tail1": {
					"rotation": {
						"0.0": [0, 0, 0],
						"0.8333": [-5, 0, 0],
						"2.0333": [25, 0, 0]
					},
					"position": {
						"0.0": [0, 0, 0],
						"0.2667": [0, 2.52, -0.76],
						"0.3667": [0, 3, -1],
						"0.3833": [0, 3.44, -2.08],
						"0.4667": [0, 4.37, -1.44],
						"0.6": [0, 6.09, -2],
						"0.8": [-1, 9.74, -1.09],
						"0.8333": [0, 10, -1],
						"0.8667": [0, 8.86, -1.39],
						"0.9667": [0, 7.42, -2.58],
						"1.0": [0, 6.48, -4.13],
						"1.0833": [0, 5, -4],
						"1.2333": [0, 3.04, -4.49],
						"1.4": [0, 0, -5],
						"2.0333": [0, -2, 0]
					}
				},
				"tail2": {
					"rotation": {
						"0.0": [0, 0, 0],
						"0.8333": [-85, 0, 0],
						"2.0333": [5, 0, 0]
					},
					"position": {
						"0.0": [0, 0, 0],
						"0.2": [0, 7.46, -2.15],
						"0.2667": [0, 10.87, -2.08],
						"0.3667": [0, 14, -2],
						"0.3833": [0, 15, -2.83],
						"0.4667": [0, 18.34, -1.09],
						"0.6": [0, 23.5, 0],
						"0.8": [-1, 31.36, 5.49],
						"0.8333": [0, 32, 6],
						"0.8667": [0, 30.61, 4.86],
						"0.9667": [0, 28.42, 1.42],
						"1.0": [0, 27.87, -0.97],
						"1.0833": [0, 25, -3],
						"1.2": [0, 22, -4],
						"1.25": [0, 20.3, -6.2],
						"1.3": [0, 18.14, -6.71],
						"1.3333": [0, 18.71, -6.9],
						"1.3667": [0, 15.85, -7.95],
						"1.4": [0, 15, -9],
						"1.9": [0, 5.4, -6],
						"2.0333": [0, 3, -4]
					}
				}
			}
		},
		"animation.macaco.sit": {
			"loop": true,
			"bones": {
				"leg2": {
					"rotation": [0, 0, -205],
					"position": [-1, 16, -5]
				},
				"leg3": {
					"rotation": [0, 0, -480],
					"position": [1, 16, -5]
				},
				"leg0": {
					"rotation": [10, 0, 0]
				},
				"leg1": {
					"rotation": [-10, 0, 0]
				},
				"body": {
					"rotation": [90, 0, 0],
					"position": [0, 3, -9]
				},
				"head": {
					"rotation": [15, 0, 0],
					"position": [0, -2, 0]
				},
				"tail": {
					"rotation": [135, 0, 0],
					"position": [0, 17, 9]
				},
				"tail1": {
					"rotation": [135, 0, 0],
					"position": [0, 17, 9]
				},
				"tail2": {
					"rotation": [-35, 0, 0],
					"position": [0, 23, -30]
				}
			}
		}
    }
}