{
	"format_version": "1.8.0",
	"animations": {
		"animation.mandril.setup": {
			"loop": true,
			"bones": {
				"leg1": {
					"rotation": [0, 0, 0],
					"position": [0, 0, 0]
				},
				"leg2": {
					"rotation": [0, 0, 0],
					"position": [0, 0, 0]
				},
				"leg3": {
					"rotation": [0, 0, 0],
					"position": [0, 0, 0]
				},
				"leg4": {
					"rotation": [0, 0, 0],
					"position": [0, 0, 0]
				},
				"body": {
					"rotation": [0, 0, 0],
					"position": [0, 0, 0]
				},
				"head": {
					"rotation": [0, 0, 0],
					"position": [0, 0, 0]
				},
				"bodyb": {
					"rotation": [0, 0, 0],
					"position": [0, 0, 0]
				}
			}
		},
		"animation.mandril.walk": {
			"loop": true,
			"animation_length": 0.92,
			"bones": {
				"leg1": {
					"rotation": {
						"0.0": [0, 0, 0],
						"0.2333": [-50, 0, 0],
						"0.45": [0, 0, 0],
						"0.7": [50, 0, 0],
						"0.9167": [0, 0, 0]
					},
					"position": {
						"0.0": [0, 0, 0],
						"0.2333": [0, 6, -4],
						"0.45": [0, 0, 0],
						"0.7": [0, -4, 8],
						"0.9167": [0, 0, 0]
					}
				},
				"leg2": {
					"rotation": {
						"0.0": [0, 0, 0],
						"0.2333": [50, 0, 0],
						"0.45": [0, 0, 0],
						"0.7": [-50, 0, 0],
						"0.9167": [0, 0, 0]
					},
					"position": {
						"0.0": [0, 0, 0],
						"0.2333": [0, -4, 8],
						"0.45": [0, 0, 0],
						"0.7": [0, 6, -4],
						"0.9167": [0, 0, 0]
					}
				},
				"leg3": {
					"rotation": {
						"0.0": [0, 0, 0],
						"0.2333": [50, 0, 0],
						"0.45": [0, 0, 0],
						"0.7": [-50, 0, 0],
						"0.9167": [0, 0, 0]
					},
					"position": {
						"0.0": [0, 0, 0],
						"0.2333": [0, 4, 5],
						"0.45": [0, 0, 0],
						"0.7": [0, -2, -7],
						"0.9167": [0, 0, 0]
					}
				},
				"leg4": {
					"rotation": {
						"0.0": [0, 0, 0],
						"0.2333": [-50, 0, 0],
						"0.45": [0, 0, 0],
						"0.6833": [50, 0, 0],
						"0.9167": [0, 0, 0]
					},
					"position": {
						"0.0": [0, 0, 0],
						"0.2333": [0, -2, -6],
						"0.45": [0, 0, 0],
						"0.6833": [0, 4, 5],
						"0.9167": [0, 0, 0]
					}
				}
			}
		},
		"animation.mandril.sit": {
			"loop": true,
			"bones": {
				"leg1": {
					"position": [0, 0, -3.6]
				},
				"leg1b": {
					"position": [0, -4, 1]
				},
				"leg2": {
					"position": [0, 0, -3.6]
				},
				"leg2b": {
					"position": [0, -4, 1]
				},
				"leg3": {
					"rotation": [5, 0, 0],
					"position": [0, 0, 4]
				},
				"leg4": {
					"rotation": [5, 0, 0],
					"position": [0, 0, 4]
				},
				"body": {
					"rotation": [-55, 0, 0],
					"position": [0, 5, -4]
				},
				"body3": {
					"rotation": [5, 0, 0]
				},
				"head": {
					"position": [0, 5, 5]
				},
				"head4": {
					"position": [0, 0, 0]
				}
			}
		},
		"animation.mandril.attack": {
			"loop": true,
			"animation_length": 0.74,
			"bones": {
				"leg1": {
					"rotation": {
						"0.0": [0, 0, 0],
						"0.1833": [95, 0, 0],
						"0.7333": [0, 0, 0]
					},
					"position": {
						"0.0": [0, 0, 0],
						"0.0833": [0, -3.29, 6.86],
						"0.1333": [0, -2.25, 12],
						"0.1833": [0, 1, 16],
						"0.3667": [0, -2.34, 10.6],
						"0.5167": [0, -3.4, 6.36],
						"0.7333": [0, 0, 0]
					}
				},
				"leg2": {
					"rotation": {
						"0.0": [0, 0, 0],
						"0.1833": [75, 0, 0],
						"0.7333": [0, 0, 0]
					},
					"position": {
						"0.0": [0, 0, 0],
						"0.0833": [0, -2.86, 5.57],
						"0.1833": [0, -2, 13],
						"0.3667": [0, -3.33, 8.61],
						"0.5167": [0, -3, 5.17],
						"0.7333": [0, 0, 0]
					}
				},
				"leg3": {
					"rotation": {
						"0.0": [0, 0, 0],
						"0.2": [-60, 0, 0],
						"0.7333": [0, 0, 0]
					},
					"position": {
						"0.0": [0, 0, 0],
						"0.2": [0, 0, -8],
						"0.7333": [0, 0, 0]
					}
				},
				"leg4": {
					"rotation": {
						"0.0": [0, 0, 0],
						"0.2": [-55, 0, 0],
						"0.7333": [0, 0, 0]
					},
					"position": {
						"0.0": [0, 0, 0],
						"0.2": [0, 0, -8],
						"0.7333": [0, 0, 0]
					}
				},
				"bodyb": {
					"rotation": {
						"0.0": [0, 0, 0],
						"0.1667": [-40, 0, 0],
						"0.3333": [-5, 0, 0],
						"0.5167": [35, 0, 0],
						"0.7333": [0, 0, 0]
					},
					"position": {
						"0.0": [0, 0, 0],
						"0.1667": [0, 11, -2],
						"0.7333": [0, 0, 0]
					}
				}
			}
		}
	}
}