{
	"format_version": "1.8.0",
	"animations": {
		"animation.orca.move": {
			"loop": true,
			"animation_length": 2,
			"bones": {
				"bodyb": {
					"rotation": ["query.target_x_rotation - 2.865 + (-2.865 * math.cos(query.life_time * 343.8))", "query.target_y_rotation", 0]
				},
				"body": {
					"rotation": {
						"0.0": [0, 0, 0],
						"1.0": [-5, 0, 0],
						"2.0": [0, 0, 0]
					}
				},
				"head": {
					"rotation": {
						"0.0": [0, 0, 0],
						"1.0": [5, 0, 0],
						"2.0": [0, 0, 0]
					},
					"position": {
						"0.0": [0, 0, 0],
						"1.0": [0, 0, 2],
						"2.0": [0, 0, 0]
					}
				},
				"tail": {
					"rotation": {
						"0.0": [0, 0, 0],
						"0.5167": [-15, 0, 0],
						"1.0": [0, 0, 0],
						"1.5167": [15, 0, 0],
						"2.0": [0, 0, 0]
					},
					"position": {
						"0.0": [0, -1, 4],
						"0.5167": [0, -1, 4],
						"1.5167": [0, -1, 5],
						"2.0": [0, -1, 4]
					}
				},
				"tail2": {
					"rotation": {
						"0.0": [0, 0, 0],
						"0.5167": [-15, 0, 0],
						"1.0": [0, 0, 0],
						"1.5167": [30, 0, 0],
						"2.0": [0, 0, 0]
					},
					"position": {
						"1.0": [0, 0, 0],
						"2.0": [0, 0, 0]
					}
				},
				"tail3": {
					"rotation": {
						"0.0": [0, 0, 0],
						"0.5167": [-25, 0, 0],
						"1.0": [0, 0, 0],
						"1.5167": [50, 0, 0],
						"2.0": [0, 0, 0]
					},
					"position": {
						"0.0": [0, 0, 0],
						"0.5167": [0, -4, 0],
						"1.0": [0, 0, 0],
						"1.5167": [0, 5, 0],
						"2.0": [0, 0, 0]
					}
				},
				"tail4": {
					"rotation": {
						"0.0": [0, 0, 0],
						"0.5167": [-25, 0, 0],
						"1.0": [0, 0, 0],
						"1.5167": [45, 0, 0],
						"2.0": [0, 0, 0]
					},
					"position": {
						"0.0": [0, 0, 0],
						"0.5167": [0, -6, 0],
						"1.0": [0, 0, 0],
						"1.5167": [0, 13, 0],
						"2.0": [0, 0, 0]
					}
				},
				"tail5": {
					"rotation": {
						"0.0": [0, 0, 0],
						"0.5167": [-25, 0, 0],
						"1.0": [0, 0, 0],
						"1.5167": [45, 0, 0],
						"2.0": [0, 0, 0]
					},
					"position": {
						"0.0": [0, 0, 0],
						"0.5167": [0, -6, 0],
						"1.0": [0, 0, 0],
						"1.5167": [0, 12, 0],
						"2.0": [0, 0, 0]
					}
				},
				"fin": {
					"rotation": {
						"0.0": [0, 0, 0],
						"1.0": [0, 0, 40],
						"2.0": [0, 0, 0]
					}
				},
				"fin2": {
					"rotation": {
						"0.0": [0, 0, 0],
						"1.0": [0, 0, -40],
						"2.0": [0, 0, 0]
					}
				},
				"will": {
					"rotation": {
						"0.0": [0, 0, 0],
						"1.0": [-5, 0, 0],
						"2.0": [0, 0, 0]
					}
				}
			}
		},
		"animation.orca.setup": {
			"loop": true,
			"animation_length": 50,
			"bones": {
				"bodyb": {
					"rotation": {
						"0.0": [0, 0, 0],
						"10.4": [0, 0, 0],
						"11.2": [0, 0, -180],
						"12.0": [0, 0, -360],
						"14.5667": [0, 0, -360],
						"15.3167": [0, 0, -180],
						"16.0333": [0, 0, 0],
						"50.0": [0, 0, 0]
					},
					"position": {
						"10.4": [0, 0, 0],
						"10.8": [5, 9.71, 0],
						"11.2": [0, 17, 0],
						"11.6": [-7, 7.29, 0],
						"12.0": [0, 0, 0],
						"14.5667": [0, 0, 0],
						"14.9167": [1.34, 9, 0],
						"15.3167": [2.67, 18, 0],
						"15.7167": [4, 0, 0],
						"16.0333": [0, 0, 0],
						"50.0": [0, 0, 0]
					}
				}
			}
		}
	}
}