{
  "format_version": "1.8.0",
	"animations": {
  		"animation.pan.base": {
			"bones": {
				"leg2": {
					"rotation": [0, 0, 0],
					"position": [0, 0, 0]
				},
				"leg3": {
					"rotation": [0, 0, 0],
					"position": [0, 0, 0]
				},
				"leg0": {
					"position": [0, 0, 0]
				},
				"leg1": {
					"position": [0, 0, 0]
				},
				"body": {
					"rotation": [0, 0, 0],
					"position": [0, 0, 0]
				},
				"head": {
					"position": [0, 0, 0]
				},
				"tail": {
					"position": [0, 0, 0]
				}
			}
		},
		"animation.pan.sit": {
			"loop": true,
			"bones": {
				"leg0": {
					"rotation": [-55, 0, 0],
					"position": [0, 10, 3]
				},
				"leg1": {
					"rotation": [-85, 0, 0],
					"position": [0, 11, 3]
				},
				"body": {
					"rotation": [-80, 0, 0],
					"position": [0, -1, 6]
				},
				"head": {
					"position": [0, 10, 8]
				}
			}
		},
    "animation.pan.move": {
        "loop": true,
         "bones": {
           "leg0": { "rotation": [ "Math.cos(query.modified_distance_moved * 38.17) * 58.1 * query.modified_move_speed", 0.0, 0.0 ] },
           "leg3": { "rotation": [ "Math.cos(query.modified_distance_moved * 38.17 + 180.0) * 58.1 * query.modified_move_speed", 0.0, 0.0 ] },
           "leg1": { "rotation": [ "Math.cos(query.modified_distance_moved * 38.17 + 180.0) * 58.1 * query.modified_move_speed", 0.0, 0.0 ] },
           "leg2": { "rotation": [ "Math.cos(query.modified_distance_moved * 38.17) * 58.1 * query.modified_move_speed", 0.0, 0.0 ] }

       }
     }
    }
}