{
	"format_version": "1.8.0",
	"animations": {
		"animation.pinguim.setup": {
			"loop": true,
			"bones": {
				"body": {
					"rotation": [0, 0, 0],
					"position": [0, 0, 0]
				},
				"leg0": {
					"rotation": [0, 0, 0],
					"position": [0, 0, 0]
				},
				"leg1": {
					"rotation": [0, 0, 0],
					"position": [0, 0, 0]
				},
				"head": {
					"rotation": [0, 0, 0],
					"position": [0, 0, 0]
				},
				"wing0": {
					"rotation": [0, 0, 0],
					"position": [0, 0, 0]
				},
				"wing1": {
					"rotation": [0, 0, 0],
					"position": [0, 0, 0]
				},
				"tail": {
					"rotation": [0, 0, 0],
					"position": [0, 0, 0]
				}
			}
		},
		"animation.pinguim.walk": {
			"loop": true,
			"animation_length": 0.9833,
			"bones": {
				"leg0": {
					"rotation": [0, 0, 0],
					"position": {
						"0.0": [0, 0, 0],
						"0.25": [0, 0, -1],
						"0.4833": [0, 0, 0],
						"0.7333": [0, 0, 1],
						"0.9833": [0, 0, 0]
					}
				},
				"leg1": {
					"rotation": [0, 0, 0],
					"position": {
						"0.0": [0, 0, 0],
						"0.25": [0, 0, 1],
						"0.4833": [0, 0, 0],
						"0.7333": [0, 0, -1],
						"0.9833": [0, 0, 0]
					}
				},
				"wing0": {
					"rotation": {
						"0.0": [0, 0, 0],
						"0.2167": [0, 0, -15]
					},
					"position": {
						"0.0": [0, 0, 0],
						"0.2167": [2, 0, 0]
					}
				},
				"wing1": {
					"rotation": {
						"0.0": [0, 0, 0],
						"0.2167": [0, 0, 15]
					},
					"position": {
						"0.0": [0, 0, 0],
						"0.2167": [-2, 0, 0]
					}
				}
			}
		},
		"animation.pinguim.attack": {
			"loop": true,
			"bones": {
				"body": {
					"rotation": [15, 0, 0]
				},
				"head": {
					"rotation": [15, 0, 0]
				},
				"head2": {
					"rotation": [-30, 0, 0],
					"position": [0, -0.5, -5.5]
				},
				"wing0": {
					"rotation": [15, 0, -20],
					"position": [3, 0, 0]
				},
				"wing1": {
					"rotation": [15, 0, 20],
					"position": [-3, 0.3, 0]
				}
			}
		},
		"animation.pinguim.swim": {
			"loop": true,
			"animation_length": 0.50667,
			"bones": {
				"body": {
					"rotation": [60, 0, 0]
				},
				"leg0": {
					"rotation": {
						"0.0": [45, 0, 0],
						"0.25": [55, 0, 0],
						"0.4833": [40, 0, 0]
					},
					"position": [0, -2, -1]
				},
				"leg1": {
					"rotation": {
						"0.0": [45, 0, 0],
						"0.25": [35, 0, 0],
						"0.4833": [45, 0, 0]
					},
					"position": [0, -2, -1]
				},
				"head": {
					"rotation": {
						"0.0": [15, 0, 0],
						"0.2667": [20, 0, 0],
						"0.5": [15, 0, 0]
					},
					"position": [0, -3, -4]
				},
				"wing0": {
					"rotation": {
						"0.0": [0, 0, -60],
						"0.25": [0, 0, -35],
						"0.5": [0, 0, -60]
					},
					"position": {
						"0.0": [7, -1, -4],
						"0.25": [4, -3, -5],
						"0.5": [7, -1, -4]
					}
				},
				"wing1": {
					"rotation": {
						"0.0": [0, 0, 60],
						"0.2667": [0, 0, 35],
						"0.5": [0, 0, 60]
					},
					"position": {
						"0.0": [-7, -1, -5],
						"0.2667": [-4, -3, -5],
						"0.5": [-7, -1, -5]
					}
				},
				"tail": {
					"position": [0, 0, -4]
				}
			}
		}
	}
}