{
	"format_version": "1.8.0",
	"animations": {
		"animation.sapo.walk": {
			"loop": true,
			"animation_length": 0.5,
			"bones": {
				"body": {
					"rotation": [0, 0, 0],
					"position": {
						"0.0": [0, 9, 0],
						"0.5": [0, 0, 0]
					}
				},
				"leg0": {
					"rotation": {
						"0.0": [60, 60, 0],
						"0.5": [0, 0, 0]
					},
					"position": {
						"0.0": [0, 9, 0],
						"0.5": [0, 0, 0]
					}
				},
				"leg1": {
					"rotation": {
						"0.0": [60, -60, 0],
						"0.5": [0, 0, 0]
					},
					"position": {
						"0.0": [0, 9, 0],
						"0.5": [0, 0, 0]
					}
				},
				"leg2": {
					"rotation": {
						"0.0": [-60, 0, 0],
						"0.5": [0, 9, 0]
					},
					"position": {
						"0.0": [0, 9, 0],
						"0.5": [0, 0, 0]
					}
				},
				"leg3": {
					"rotation": {
						"0.0": [-60, 0, -5],
						"0.5": [0, 0, 0]
					},
					"position": {
						"0.0": [0, 9, 0],
						"0.5": [0, 0, 0]
					}
				},
				"head": {
					"rotation": [0, 0, 0],
					"position": {
						"0.0": [0, 9, 0],
						"0.5": [0, 0, 0]
					}
				}
			}
		}
	}
}