{
	"format_version": "1.8.0",
	"animations": {
		"animation.suindara.base": {
			"loop": true,
			"bones": {
				"bodyb": {
					"rotation": [0, 0, 0],
					"position": [0, 0, 0]
				}
			}
		},
		"animation.suindara.dance": {
			"loop": true,
			"bones": {
				"bodyb": {
					"rotation": [0, 0, 0],
					"position": [0, 0, 0]
				}
			}
		},
		"animation.suindara.flying": {
			"loop": true,
			"animation_length": 0.8,
			"bones": {
				"wing4": {
					"rotation": {
						"0.0": [-10, -40, -90],
						"0.2": [-45, -40, -30],
						"0.4": [-10, -40, -90],
						"0.6": [20, -40, -130],
						"0.8": [-10, -40, -90]
					},
					"position": [0, -1, 0]
				},
				"wing3": {
					"rotation": {
						"0.0": [-10, 40, 90],
						"0.2": [-45, 40, 30],
						"0.4": [-10, 40, 90],
						"0.6": [20, 40, 130],
						"0.8": [-10, 40, 90]
					},
					"position": [0, -1, 0]
				},
				"head": {
					"rotation": [-40, 0, 0]
				},
				"tail": {
					"rotation": {
						"0.0": [0, 0, 0],
						"0.4": [-35, 0, 0],
						"0.8": [0, 0, 0]
					},
					"position": {
						"0.0": [0, 0, 0],
						"0.4": [0, 0, -0.5],
						"0.8": [0, 0, 0]
					}
				},
				"bodyb": {
					"rotation": {
						"0.0": [45, 0, 0],
						"0.4": [60, 0, 0],
						"0.8": [45, 0, 0]
					},
					"position": {
						"0.0": [0, 4.75, 5],
						"0.4": [0, 4, 5],
						"0.8": [0, 4.75, 5]
					}
				}
			}
		},
		"animation.suindara.moving": {
			"loop": true,
			"bones": {
				"bodyb": {
					"rotation": [0, 0, 0],
					"position": [0, 0, 0]
				}
			}
		},
		"animation.suindara.sitting": {
			"loop": true,
			"bones": {
				"bodyb": {
					"position": [0, -1, 0]
				}
			}
		},
		"animation.suindara.standing": {
			"loop": true,
			"bones": {
				"bodyb": {
					"rotation": [0, 0, 0],
					"position": [0, 0, 0]
				}
			}
		}
	}
}