{
	"format_version": "1.8.0",
	"animations": {
		"animation.tamandua.walk": {
			"loop": true,
			"animation_length": 1.04,
			"bones": {
				"leg2": {
					"rotation": {
						"0.0": [0, 0, 0],
						"0.25": [40, 0, 0],
						"0.5": [0, 0, 0],
						"0.7667": [-40, 0, 0],
						"1.0333": [0, 0, 0]
					},
					"position": {
						"0.0": [0, 0, 0],
						"0.25": [0, -1, 6],
						"0.5": [0, 0, 0],
						"0.7667": [0, 3, -2],
						"1.0333": [0, 0, 0]
					}
				},
				"leg1": {
					"rotation": {
						"0.0": [0, 0, 0],
						"0.25": [-40, 0, 0],
						"0.5": [0, 0, 0],
						"0.7667": [40, 0, 0],
						"1.0333": [0, 0, 0]
					},
					"position": {
						"0.0": [0, 0, 0],
						"0.25": [0, -4, -5],
						"0.5": [0, 0, 0],
						"0.7667": [0, 6, 1],
						"1.0333": [0, 0, 0]
					}
				},
				"leg3": {
					"rotation": {
						"0.0": [0, 0, 0],
						"0.25": [-40, 0, 0],
						"0.5": [0, 0, 0],
						"0.7667": [40, 0, 0],
						"1.0333": [0, 0, 0]
					},
					"position": {
						"0.0": [0, 0, 0],
						"0.25": [0, 3, -2],
						"0.5": [0, 0, 0],
						"0.7667": [0, -1, 6],
						"1.0333": [0, 0, 0]
					}
				},
				"leg0": {
					"rotation": {
						"0.0": [0, 0, 0],
						"0.25": [45, 0, 0],
						"0.5": [0, 0, 0],
						"0.7667": [-40, 0, 0],
						"1.0333": [0, 0, 0]
					},
					"position": {
						"0.0": [0, 0, 0],
						"0.25": [0, 7, 1],
						"0.5": [0, 0, 0],
						"0.7667": [0, -4, -5],
						"1.0333": [0, 0, 0]
					}
				},
				"head": {
					"rotation": {
						"0.0": [0, 0, 0],
						"0.5": [10, 0, 0],
						"0.9667": [0, 0, 0]
					},
					"position": {
						"0.0": [0, 0, 0],
						"0.5": [0, 2, 1],
						"0.9667": [0, 0, 0]
					}
				},
				"tail": {
					"rotation": {
						"0.0": [0, 0, 0],
						"0.5167": [-15, 0, 0],
						"0.95": [0, 0, 0]
					},
					"position": {
						"0.0": [0, 0, 0],
						"0.5167": [0, 3, -3],
						"0.95": [0, 0, 0]
					}
				},
				"head4": {
					"rotation": [0, 0, 0],
					"position": {
						"0.0": [0, 0, 0],
						"0.5": [0, -1, -5],
						"0.6333": [0, -1, -5],
						"0.9667": [0, 0, 0]
					}
				}
			}
		},
		"animation.tamandua.base": {
			"loop": true,
			"bones": {
				"leg2": {
					"rotation": [0, 0, 0],
					"position": [0, 0, 0]
				},
				"leg1": {
					"rotation": [0, 0, 0],
					"position": [0, 0, 0]
				},
				"leg3": {
					"rotation": [0, 0, 0],
					"position": [0, 0, 0]
				},
				"leg0": {
					"rotation": [0, 0, 0],
					"position": [0, 0, 0]
				},
				"body": {
					"rotation": [0, 0, 0],
					"position": [0, 0, 0]
				},
				"head": {
					"rotation": [0, 0, 0],
					"position": [0, 0, 0]
				},
				"tail": {
					"rotation": [0, 0, 0],
					"position": [0, 0, 0]
				}
			}
		}
	}
}