{
	"format_version": "1.8.0",
	"animations": {
		"animation.tubarao.swim": {
			"loop": true,
			"animation_length": 0.96,
			"bones": {
				"body": {
					"rotation": ["query.target_x_rotation - 2.865 + (-2.865 * math.cos(query.life_time * 343.8))", "query.target_y_rotation", 0]
				},
				"jaw_lower": {
					"rotation": {
						"0.0": [0, 0, 0],
						"0.4833": [20, 0, 0],
						"0.9667": [0, 0, 0]
					}
				},
				"tail_1": {
					"rotation": {
						"0.0": [0, 0, 0],
						"0.2333": [0, 15, 0],
						"0.4833": [0, 0, 0],
						"0.7167": [0, -15, 0],
						"0.9667": [0, 0, 0]
					}
				},
				"tail_2": {
					"rotation": {
						"0.0": [0, 0, 0],
						"0.2333": [0, 25, 0],
						"0.4833": [0, 0, 0],
						"0.7167": [0, -25, 0],
						"0.9667": [0, 0, 0]
					}
				},
				"tail_3": {
					"rotation": {
						"0.0": [0, 0, 0],
						"0.2333": [0, 15, 0],
						"0.4833": [0, 0, 0],
						"0.7167": [0, -15, 0],
						"0.9667": [0, 0, 0]
					},
					"position": {
						"0.0": [0, 0, 0],
						"0.2333": [1, 0, 0],
						"0.4833": [0, 0, 0],
						"0.7167": [-1, 0, 0],
						"0.9667": [0, 0, 0]
					}
				},
				"tail_3_fins": {
					"rotation": {
						"0.0": [0, 0, 0],
						"0.2333": [0, 30, 0],
						"0.4833": [0, 0, 0],
						"0.7167": [0, -30, 0],
						"0.9667": [0, 0, 0]
					},
					"position": {
						"0.0": [0, 0, 0],
						"0.2333": [3, 0, 0],
						"0.4833": [0, 0, 0],
						"0.7167": [-3, 0, 0],
						"0.9667": [0, 0, 0]
					}
				}
			}
		},
		"animation.tubarao.flop": {
			"loop": true,
			"animation_length": 1,
			"bones": {
				"body": {
					"rotation": [0, 0, -90],
					"position": [9, 9, 0]
				},
				"body_left_fin": {
					"rotation": {
						"0.0": [0, 0, 45],
						"0.4833": [0, 0, 65],
						"1.0": [0, 0, 45]
					},
					"position": {
						"0.0": [-8, 2, -3],
						"0.4833": [-11, 4, -3],
						"1.0": [-8, 2, -3]
					}
				},
				"body_right_fin": {
					"position": [0, 0, -3]
				},
				"jaw_lower": {
					"rotation": {
						"0.0": [0, 0, 0],
						"0.4833": [25, 0, 0],
						"1.0": [0, 0, 0]
					}
				},
				"tail_3_fins": {
					"rotation": {
						"0.0": [0, 0, 0],
						"0.4833": [0, 30, 0],
						"1.0": [0, 0, 0]
					},
					"position": {
						"0.0": [0, 0, 0],
						"0.4833": [3, 0, 0],
						"1.0": [0, 0, 0]
					}
				}
			}
		}
	}
}