{
	"format_version": "1.8.0",
	"animations": {
		"animation.zelador.walk": {
			"loop": true,
			"animation_length": 0.64,
			"bones": {
				"rightArm": {
					"rotation": {
						"0.0": [0, 0, 0],
						"0.1667": [40, 0, 0],
						"0.3167": [0, 0, 0],
						"0.4833": [-40, 0, 0],
						"0.6333": [0, 0, 0]
					},
					"position": [0, 0, 0]
				},
				"leftArm": {
					"rotation": {
						"0.0": [0, 0, 0],
						"0.1667": [-40, 0, 0],
						"0.3167": [0, 0, 0],
						"0.4833": [40, 0, 0],
						"0.6333": [0, 0, 0]
					},
					"position": [0, 0, 0]
				},
				"leg0": {
					"rotation": {
						"0.0": [0, 0, 0],
						"0.1667": [-60, 0, 0],
						"0.3167": [0, 0, 0],
						"0.4833": [60, 0, 0],
						"0.6333": [0, 0, 0]
					},
					"position": [0, 0, 0]
				},
				"leg1": {
					"rotation": {
						"0.0": [0, 0, 0],
						"0.1667": [60, 0, 0],
						"0.3167": [0, 0, 0],
						"0.4833": [-60, 0, 0],
						"0.6333": [0, 0, 0]
					},
					"position": [0, 0, 0]
				}
			}
		},
		"animation.zelador.setup": {
			"loop": true,
			"bones": {
				"waist": {
					"rotation": [0, 0, 0],
					"position": [0, 0, 0]
				}
			}
		},
		"animation.zelador.sit": {
			"loop": true,
			"animation_length": 0.8,
			"bones": {
				"waist": {
					"rotation": [0, 0, 0],
					"position": {
						"0.0": [0, 0, 0],
						"0.1667": [0, 8, 0],
						"0.3167": [0, 0, 0],
						"0.4833": [0, 5, 0],
						"0.6833": [0, 0, 0]
					}
				},
				"rightArm": {
					"rotation": {
						"0.0": [0, 0, 130],
						"0.1667": [0, 0, 100],
						"0.3167": [0, 0, 155],
						"0.4833": [0, 0, 100],
						"0.6333": [0, 0, 135],
						"0.8": [0, 0, 130]
					},
					"position": {
						"0.0": [-1, 0, 0],
						"0.1667": [-1, 0, 0]
					}
				}
			}
		}
	}
}