{
	"file_path": "C:\\Users\\Freddy\\AppData\\Local\\Packages\\Microsoft.MinecraftUWP_8wekyb3d8bbwe\\LocalState\\games\\com.mojang\\development_behavior_packs\\Spry Conquest Overhaul\\items\\argent\\argent_leggings.json",
	"file_type": "item",
	"format_version": 1,
	"file_uuid": "9f1c3a3d_c2a3_4594_aa91_9b91855b4064",
	"file_version": 40,
	"cache_content": {
		"children": [
			{
				"data": "1.16.100",
				"key": "format_version"
			},
			{
				"open": {
					"format_version": "1.16.100",
					"minecraft:item": {
						"description": {
							"identifier": "sc:argent_leggings",
							"category": "equipment"
						},
						"components": {
							"minecraft:icon": {
								"texture": "argent_leggings"
							},
							"minecraft:max_stack_size": 1,
							"minecraft:wearable": {
								"dispensable": true,
								"slot": "slot.armor.legs"
							},
							"minecraft:creative_category": {
								"parent": "itemGroup.name.leggings"
							},
							"minecraft:durability": {
								"max_damage": 300,
								"damage_chance": {
									"min": 60,
									"max": 100
								},
								"max_durability": 300
							},
							"minecraft:armor": {
								"protection": 5
							},
							"minecraft:knockback_resistance": {
								"protection": 0.3
							},
							"minecraft:enchantable": {
								"value": 15,
								"slot": "armor_legs"
							}
						},
						"events": {}
					}
				},
				"key": "minecraft:item",
				"children": [
					{
						"open": {
							"description": {
								"identifier": "sc:argent_leggings",
								"category": "equipment"
							},
							"components": {
								"minecraft:icon": {
									"texture": "argent_leggings"
								},
								"minecraft:max_stack_size": 1,
								"minecraft:wearable": {
									"dispensable": true,
									"slot": "slot.armor.legs"
								},
								"minecraft:creative_category": {
									"parent": "itemGroup.name.leggings"
								},
								"minecraft:durability": {
									"max_damage": 300,
									"damage_chance": {
										"min": 60,
										"max": 100
									},
									"max_durability": 300
								},
								"minecraft:armor": {
									"protection": 5
								},
								"minecraft:knockback_resistance": {
									"protection": 0.3
								},
								"minecraft:enchantable": {
									"value": 15,
									"slot": "armor_legs"
								}
							},
							"events": {}
						},
						"key": "description",
						"is_minified": true,
						"children": {
							"identifier": "sc:argent_leggings",
							"category": "equipment"
						}
					},
					{
						"open": {
							"description": {
								"identifier": "sc:argent_leggings",
								"category": "equipment"
							},
							"components": {
								"minecraft:icon": {
									"texture": "argent_leggings"
								},
								"minecraft:max_stack_size": 1,
								"minecraft:wearable": {
									"dispensable": true,
									"slot": "slot.armor.legs"
								},
								"minecraft:creative_category": {
									"parent": "itemGroup.name.leggings"
								},
								"minecraft:durability": {
									"max_damage": 300,
									"damage_chance": {
										"min": 60,
										"max": 100
									},
									"max_durability": 300
								},
								"minecraft:armor": {
									"protection": 5
								},
								"minecraft:knockback_resistance": {
									"protection": 0.3
								},
								"minecraft:enchantable": {
									"value": 15,
									"slot": "armor_legs"
								}
							},
							"events": {}
						},
						"key": "components",
						"children": [
							{
								"open": {
									"minecraft:icon": {
										"texture": "argent_leggings"
									},
									"minecraft:max_stack_size": 1,
									"minecraft:wearable": {
										"dispensable": true,
										"slot": "slot.armor.legs"
									},
									"minecraft:creative_category": {
										"parent": "itemGroup.name.leggings"
									},
									"minecraft:durability": {
										"max_damage": 300,
										"damage_chance": {
											"min": 60,
											"max": 100
										},
										"max_durability": 300
									},
									"minecraft:armor": {
										"protection": 5
									},
									"minecraft:knockback_resistance": {
										"protection": 0.3
									},
									"minecraft:enchantable": {
										"value": 15,
										"slot": "armor_legs"
									}
								},
								"key": "minecraft:icon",
								"is_minified": true,
								"children": {
									"texture": "argent_leggings"
								}
							},
							{
								"data": "1",
								"key": "minecraft:max_stack_size"
							},
							{
								"key": "minecraft:wearable",
								"is_minified": true,
								"children": {
									"dispensable": true,
									"slot": "slot.armor.legs"
								}
							},
							{
								"key": "minecraft:creative_category",
								"is_minified": true,
								"children": {
									"parent": "itemGroup.name.leggings"
								}
							},
							{
								"open": {
									"minecraft:icon": {
										"texture": "argent_leggings"
									},
									"minecraft:max_stack_size": 1,
									"minecraft:wearable": {
										"dispensable": true,
										"slot": "slot.armor.legs"
									},
									"minecraft:creative_category": {
										"parent": "itemGroup.name.leggings"
									},
									"minecraft:durability": {
										"max_damage": 300,
										"damage_chance": {
											"min": 60,
											"max": 100
										},
										"max_durability": 300
									},
									"minecraft:armor": {
										"protection": 5
									},
									"minecraft:knockback_resistance": {
										"protection": 0.3
									},
									"minecraft:enchantable": {
										"value": 15,
										"slot": "armor_legs"
									}
								},
								"key": "minecraft:durability",
								"children": [
									{
										"open": {
											"max_damage": 300,
											"damage_chance": {
												"min": 60,
												"max": 100
											},
											"max_durability": 300
										},
										"data": "300",
										"key": "max_damage"
									},
									{
										"open": {
											"max_damage": 300,
											"damage_chance": {
												"min": 60,
												"max": 100
											},
											"max_durability": 300
										},
										"key": "damage_chance",
										"is_minified": true,
										"children": {
											"min": 60,
											"max": 100
										}
									},
									{
										"open": {
											"max_damage": 300,
											"damage_chance": {
												"min": 60,
												"max": 100
											},
											"max_durability": 300
										},
										"data": "300",
										"key": "max_durability"
									}
								]
							},
							{
								"open": {
									"minecraft:icon": {
										"texture": "argent_leggings"
									},
									"minecraft:max_stack_size": 1,
									"minecraft:wearable": {
										"dispensable": true,
										"slot": "slot.armor.legs"
									},
									"minecraft:creative_category": {
										"parent": "itemGroup.name.leggings"
									},
									"minecraft:durability": {
										"max_damage": 300,
										"damage_chance": {
											"min": 60,
											"max": 100
										},
										"max_durability": 300
									},
									"minecraft:armor": {
										"protection": 5
									},
									"minecraft:knockback_resistance": {
										"protection": 0.3
									},
									"minecraft:enchantable": {
										"value": 15,
										"slot": "armor_legs"
									}
								},
								"key": "minecraft:armor",
								"is_minified": true,
								"children": {
									"protection": 5
								}
							},
							{
								"key": "minecraft:knockback_resistance",
								"is_minified": true,
								"children": {
									"protection": 0.3
								}
							},
							{
								"open": {
									"minecraft:icon": {
										"texture": "argent_leggings"
									},
									"minecraft:max_stack_size": 1,
									"minecraft:wearable": {
										"dispensable": true,
										"slot": "slot.armor.legs"
									},
									"minecraft:creative_category": {
										"parent": "itemGroup.name.leggings"
									},
									"minecraft:durability": {
										"max_damage": 300,
										"damage_chance": {
											"min": 60,
											"max": 100
										},
										"max_durability": 300
									},
									"minecraft:armor": {
										"protection": 5
									},
									"minecraft:knockback_resistance": {
										"protection": 0.3
									},
									"minecraft:enchantable": {
										"value": 15,
										"slot": "armor_legs"
									}
								},
								"key": "minecraft:enchantable",
								"is_minified": true,
								"children": {
									"value": 15,
									"slot": "armor_legs"
								}
							}
						]
					},
					{
						"key": "events",
						"is_minified": true,
						"children": {}
					}
				]
			}
		]
	}
}