{
	"file_path": "C:\\Users\\Freddy\\AppData\\Local\\Packages\\Microsoft.MinecraftUWP_8wekyb3d8bbwe\\LocalState\\games\\com.mojang\\development_behavior_packs\\Spry Conquest Overhaul\\items\\argent\\argent_ingot.json",
	"file_type": "item",
	"format_version": 1,
	"file_uuid": "51f5b1cb_64ce_408c_adc2_a4bd1e38a8e7",
	"file_version": 11,
	"cache_content": {
		"children": [
			{
				"data": "1.16.100",
				"key": "format_version"
			},
			{
				"open": {
					"format_version": "1.16.100",
					"minecraft:item": {
						"description": {
							"identifier": "sc:argent_ingot",
							"category": "items"
						},
						"components": {
							"minecraft:max_stack_size": 64,
							"minecraft:icon": {
								"texture": "argent_ingot"
							},
							"minecraft:creative_category": {
								"parent": "itemGroup.name.gold"
							}
						},
						"events": {}
					}
				},
				"key": "minecraft:item",
				"children": [
					{
						"open": {
							"description": {
								"identifier": "sc:argent_ingot",
								"category": "items"
							},
							"components": {
								"minecraft:max_stack_size": 64,
								"minecraft:icon": {
									"texture": "argent_ingot"
								},
								"minecraft:creative_category": {
									"parent": "itemGroup.name.gold"
								}
							},
							"events": {}
						},
						"key": "description",
						"is_minified": true,
						"children": {
							"identifier": "sc:argent_ingot",
							"category": "items"
						}
					},
					{
						"open": {
							"description": {
								"identifier": "sc:argent_ingot",
								"category": "items"
							},
							"components": {
								"minecraft:max_stack_size": 64,
								"minecraft:icon": {
									"texture": "argent_ingot"
								},
								"minecraft:creative_category": {
									"parent": "itemGroup.name.gold"
								}
							},
							"events": {}
						},
						"key": "components",
						"children": [
							{
								"data": "64",
								"key": "minecraft:max_stack_size"
							},
							{
								"open": {
									"minecraft:max_stack_size": 64,
									"minecraft:icon": {
										"texture": "argent_ingot"
									},
									"minecraft:creative_category": {
										"parent": "itemGroup.name.gold"
									}
								},
								"key": "minecraft:icon",
								"is_minified": true,
								"children": {
									"texture": "argent_ingot"
								}
							},
							{
								"key": "minecraft:creative_category",
								"is_minified": true,
								"children": {
									"parent": "itemGroup.name.gold"
								}
							}
						]
					},
					{
						"key": "events",
						"is_minified": true,
						"children": {}
					}
				]
			}
		]
	}
}