{
	"file_path": "C:\\Users\\Freddy\\AppData\\Local\\Packages\\Microsoft.MinecraftUWP_8wekyb3d8bbwe\\LocalState\\games\\com.mojang\\development_behavior_packs\\Spry Conquest Overhaul\\items\\argent\\argent_boots.json",
	"file_type": "item",
	"format_version": 1,
	"file_uuid": "e9c5ff04_18c8_4e4b_93c0_5421a3a45db4",
	"file_version": 46,
	"cache_content": {
		"children": [
			{
				"data": "1.16.100",
				"key": "format_version"
			},
			{
				"open": {
					"format_version": "1.16.100",
					"minecraft:item": {
						"description": {
							"identifier": "sc:argent_boots",
							"category": "equipment"
						},
						"components": {
							"minecraft:icon": {
								"texture": "argent_boots"
							},
							"minecraft:max_stack_size": 1,
							"minecraft:wearable": {
								"dispensable": true,
								"slot": "slot.armor.feet"
							},
							"minecraft:creative_category": {
								"parent": "itemGroup.name.boots"
							},
							"minecraft:durability": {
								"max_damage": 125,
								"damage_chance": {
									"min": 60,
									"max": 100
								},
								"max_durability": 125
							},
							"minecraft:armor": {
								"protection": 3
							},
							"minecraft:knockback_resistance": {
								"protection": 0.3
							},
							"minecraft:enchantable": {
								"value": 15,
								"slot": "armor_feet"
							}
						},
						"events": {}
					}
				},
				"key": "minecraft:item",
				"children": [
					{
						"open": {
							"description": {
								"identifier": "sc:argent_boots",
								"category": "equipment"
							},
							"components": {
								"minecraft:icon": {
									"texture": "argent_boots"
								},
								"minecraft:max_stack_size": 1,
								"minecraft:wearable": {
									"dispensable": true,
									"slot": "slot.armor.feet"
								},
								"minecraft:creative_category": {
									"parent": "itemGroup.name.boots"
								},
								"minecraft:durability": {
									"max_damage": 125,
									"damage_chance": {
										"min": 60,
										"max": 100
									},
									"max_durability": 125
								},
								"minecraft:armor": {
									"protection": 3
								},
								"minecraft:knockback_resistance": {
									"protection": 0.3
								},
								"minecraft:enchantable": {
									"value": 15,
									"slot": "armor_feet"
								}
							},
							"events": {}
						},
						"key": "description",
						"is_minified": true,
						"children": {
							"identifier": "sc:argent_boots",
							"category": "equipment"
						}
					},
					{
						"open": {
							"description": {
								"identifier": "sc:argent_boots",
								"category": "equipment"
							},
							"components": {
								"minecraft:icon": {
									"texture": "argent_boots"
								},
								"minecraft:max_stack_size": 1,
								"minecraft:wearable": {
									"dispensable": true,
									"slot": "slot.armor.feet"
								},
								"minecraft:creative_category": {
									"parent": "itemGroup.name.boots"
								},
								"minecraft:durability": {
									"max_damage": 125,
									"damage_chance": {
										"min": 60,
										"max": 100
									},
									"max_durability": 125
								},
								"minecraft:armor": {
									"protection": 3
								},
								"minecraft:knockback_resistance": {
									"protection": 0.3
								},
								"minecraft:enchantable": {
									"value": 15,
									"slot": "armor_feet"
								}
							},
							"events": {}
						},
						"key": "components",
						"children": [
							{
								"open": {
									"minecraft:icon": {
										"texture": "argent_boots"
									},
									"minecraft:max_stack_size": 1,
									"minecraft:wearable": {
										"dispensable": true,
										"slot": "slot.armor.feet"
									},
									"minecraft:creative_category": {
										"parent": "itemGroup.name.boots"
									},
									"minecraft:durability": {
										"max_damage": 125,
										"damage_chance": {
											"min": 60,
											"max": 100
										},
										"max_durability": 125
									},
									"minecraft:armor": {
										"protection": 3
									},
									"minecraft:knockback_resistance": {
										"protection": 0.3
									},
									"minecraft:enchantable": {
										"value": 15,
										"slot": "armor_feet"
									}
								},
								"key": "minecraft:icon",
								"is_minified": true,
								"children": {
									"texture": "argent_boots"
								}
							},
							{
								"data": "1",
								"key": "minecraft:max_stack_size"
							},
							{
								"key": "minecraft:wearable",
								"is_minified": true,
								"children": {
									"dispensable": true,
									"slot": "slot.armor.feet"
								}
							},
							{
								"open": {
									"minecraft:icon": {
										"texture": "argent_boots"
									},
									"minecraft:max_stack_size": 1,
									"minecraft:wearable": {
										"dispensable": true,
										"slot": "slot.armor.feet"
									},
									"minecraft:creative_category": {
										"parent": "itemGroup.name.boots"
									},
									"minecraft:durability": {
										"max_damage": 125,
										"damage_chance": {
											"min": 60,
											"max": 100
										},
										"max_durability": 125
									},
									"minecraft:armor": {
										"protection": 3
									},
									"minecraft:knockback_resistance": {
										"protection": 0.3
									},
									"minecraft:enchantable": {
										"value": 15,
										"slot": "armor_feet"
									}
								},
								"key": "minecraft:creative_category",
								"is_minified": true,
								"children": {
									"parent": "itemGroup.name.boots"
								}
							},
							{
								"key": "minecraft:durability",
								"is_minified": true,
								"children": {
									"max_damage": 125,
									"damage_chance": {
										"min": 60,
										"max": 100
									},
									"max_durability": 125
								}
							},
							{
								"key": "minecraft:armor",
								"is_minified": true,
								"children": {
									"protection": 3
								}
							},
							{
								"key": "minecraft:knockback_resistance",
								"is_minified": true,
								"children": {
									"protection": 0.3
								}
							},
							{
								"key": "minecraft:enchantable",
								"is_minified": true,
								"children": {
									"value": 15,
									"slot": "armor_feet"
								}
							}
						]
					},
					{
						"key": "events",
						"is_minified": true,
						"children": {}
					}
				]
			}
		]
	}
}