{
	"pools": [
		{
			"rolls": 24,
			"entries": [
				{
					"type": "item",
					"name": "hardlove:scale_ciano"
				}
			]
		},
		{
			"rolls": 1,
			"entries": [
				{
					"type": "item",
					"name": "hardlove:ice_dracarys"
				}
			]
		},
		{
			"rolls": 15,
			"entries": [
				{
					"type": "item",
					"name": "minecraft:beef"
				}
			]
		},
		{
			"rolls": 7,
			"entries": [
				{
					"type": "item",
					"name": "minecraft:bone"
				}
			]
		},
		{
			"rolls": 1,
			"entries": [
				{
					"type": "item",
					"functions": [
						{
							"function": "set_actor_id",
							"id": "hardlove:dragon_head_cyan"
						}
					],
					"name": "minecraft:spawn_egg"
				}
			]
		}
	]
}