{
  "format_version": [ 0, 0, 1 ],
  "vatonage:iron_leaves": {
    "textures": "iron_leaves",
    "sound": "grass"
  },
  "vatonage:coal_leaves": {
    "textures": "coal_leaves",
    "sound": "grass"
  },
  "vatonage:cobblestone_leaves": {
    "textures": "cobblestone_leaves",
    "sound": "grass"
  },
  "vatonage:diamond_leaves": {
    "textures": "diamond_leaves",
    "sound": "grass"
  },
  "vatonage:emerald_leaves": {
    "textures": "emerald_leaves",
    "sound": "grass"
  },
  "vatonage:gold_leaves": {
    "textures": "gold_leaves",
    "sound": "grass"
  },
  "vatonage:lapis_leaves": {
    "textures": "lapis_leaves",
    "sound": "grass"
  },
  "vatonage:quartz_leaves": {
    "textures": "quartz_leaves",
    "sound": "grass"
  },
  "vatonage:redstone_leaves": {
    "textures": "redstone_leaves",
    "sound": "grass"
  },
  "vatonage:coal_wood": {
    "textures": "coal_wood",
    "sound": "wood"
  },
  "vatonage:cobblestone_wood": {
    "textures": "cobblestone_wood",
    "sound": "wood"
  },
  "vatonage:diamond_wood": {
    "textures": "diamond_wood",
    "sound": "wood"
  },
  "vatonage:emerald_wood": {
    "textures": "emerald_wood",
    "sound": "wood"
  },
  "vatonage:gold_wood": {
    "textures": "gold_wood",
    "sound": "wood"
  },
  "vatonage:iron_wood": {
    "textures": "iron_wood",
    "sound": "wood"
  },
  "vatonage:lapis_wood": {
    "textures": "lapis_wood",
    "sound": "wood"
  },
  "vatonage:quartz_wood": {
    "textures": "quartz_wood",
    "sound": "wood"
  },
  "vatonage:redstone_wood": {
    "textures": "redstone_wood",
    "sound": "wood"
  },
  "vatonage:coal_sapling": {
    "textures": "coal_sapling",
    "sound": "grass"
  },
  "vatonage:cobblestone_sapling": {
    "textures": "cobblestone_sapling",
    "sound": "grass"
  },
  "vatonage:diamond_sapling": {
    "textures": "diamond_sapling",
    "sound": "grass"
  },
  "vatonage:emerald_sapling": {
    "textures": "emerald_sapling",
    "sound": "grass"
  },
  "vatonage:gold_sapling": {
    "textures": "gold_sapling",
    "sound": "grass"
  },
  "vatonage:iron_sapling": {
    "textures": "iron_sapling",
    "sound": "grass"
  },
  "vatonage:lapis_sapling": {
    "textures": "lapis_sapling",
    "sound": "grass"
  },
  "vatonage:quartz_sapling": {
    "textures": "quartz_sapling",
    "sound": "grass"
  },
  "vatonage:redstone_sapling": {
    "textures": "redstone_sapling",
    "sound": "grass"
  }//
}