{
  "format_version": "1.8.0",
  "render_controllers": {
    "controller.render.player.map": {
      "geometry": "Geometry.default",
      "materials": [ { "*": "Material.default" } ],
      "textures": [ "Texture.default" ],
      "part_visibility": [
        { "*": false },
        { "head": true },
        { "hat": true },
        { "helmet": true }
      ]
    },
    "controller.render.player.plasma_blast": {
      "geometry": "geometry.overlay",
      "materials": [
        { "*": "material.default" }
      ],
      "textures": [ "texture.overlay" ],
      "is_hurt_color": { "r": 0.0, "g": 0.0, "b": 0.0, "a": 0.0 },
      "on_fire_color": { "r": 0.0, "g": 0.0, "b": 0.0, "a": 0.0 },
	  "ignore_lighting": true,
	  "filter_lighting": true
    },
    "controller.render.player.checkmark": {
      "geometry": "geometry.checkmark",
      "materials": [
        { "*": "material.default" }
      ],
      "textures": [ "texture.checkmark" ],
      "is_hurt_color": { "r": 0.0, "g": 0.0, "b": 0.0, "a": 0.0 },
      "on_fire_color": { "r": 0.0, "g": 0.0, "b": 0.0, "a": 0.0 },
	  "ignore_lighting": true,
	  "filter_lighting": true
    },
    "controller.render.player.oblivion": {
      "geometry": "geometry.oblivion",
      "materials": [
        { "*": "material.default" }
      ],
      "textures": [ "texture.oblivion" ],
      "is_hurt_color": { "r": 0.0, "g": 0.0, "b": 0.0, "a": 0.0 },
      "on_fire_color": { "r": 0.0, "g": 0.0, "b": 0.0, "a": 0.0 }
    },
    "controller.render.player.svd": {
      "geometry": "geometry.svd",
      "materials": [
        { "*": "material.default" }
      ],
      "textures": [ "texture.svd" ],
      "is_hurt_color": { "r": 0.0, "g": 0.0, "b": 0.0, "a": 0.0 },
      "on_fire_color": { "r": 0.0, "g": 0.0, "b": 0.0, "a": 0.0 }
    },
    "controller.render.player.fp6": {
      "geometry": "geometry.fp6",
      "materials": [
        { "*": "material.default" }
      ],
      "textures": [ "texture.fp6" ],
      "is_hurt_color": { "r": 0.0, "g": 0.0, "b": 0.0, "a": 0.0 },
      "on_fire_color": { "r": 0.0, "g": 0.0, "b": 0.0, "a": 0.0 }
    },
    "controller.render.player.fp6_arm2": {
      "geometry": "Geometry.fp6_arm2",
      "materials": [ { "*": "Material.default" } ],
      "textures": [ "Texture.default" ]
    },
    "controller.render.player.sh_plasma_cannon": {
      "geometry": "geometry.sh_plasma_cannon",
      "materials": [
        { "*": "material.default" },
        { "bodylightblue": "material.glow" },
        { "bumbpstockblue": "material.glow" },
        { "ammo": "material.glow" }
      ],
      "textures": [ "texture.sh_plasma_cannon" ],
      "is_hurt_color": { "r": 0.0, "g": 0.0, "b": 0.0, "a": 0.0 },
      "on_fire_color": { "r": 0.0, "g": 0.0, "b": 0.0, "a": 0.0 }
    },
    "controller.render.player.sh_plasma_cannon_charged": {
      "geometry": "geometry.sh_plasma_cannon",
      "materials": [
        { "*": "material.default" },
        { "bodylightblue": "material.glow" },
        { "bumbpstockblue": "material.glow" },
        { "ammo": "material.glow" }
      ],
      "textures": [ "texture.sh_plasma_cannon_red" ],
      "is_hurt_color": { "r": 0.0, "g": 0.0, "b": 0.0, "a": 0.0 },
      "on_fire_color": { "r": 0.0, "g": 0.0, "b": 0.0, "a": 0.0 }
    },
    "controller.render.player.sh_pistol": {
      "geometry": "geometry.sh_pistol",
      "materials": [
        { "*": "material.default" }
      ],
      "textures": [ "texture.sh_pistol" ],
      "is_hurt_color": { "r": 0.0, "g": 0.0, "b": 0.0, "a": 0.0 },
      "on_fire_color": { "r": 0.0, "g": 0.0, "b": 0.0, "a": 0.0 }
    },
    "controller.render.player.hk417": {
      "geometry": "geometry.hk417",
      "materials": [
        { "*": "material.default" }
      ],
      "textures": [ "texture.hk417" ],
      "is_hurt_color": { "r": 0.0, "g": 0.0, "b": 0.0, "a": 0.0 },
      "on_fire_color": { "r": 0.0, "g": 0.0, "b": 0.0, "a": 0.0 }
    },
    "controller.render.player.flamethrower": {
      "geometry": "geometry.flamethrower",
      "materials": [
        { "*": "material.default" }
      ],
      "textures": [ "texture.flamethrower" ],
      "is_hurt_color": { "r": 0.0, "g": 0.0, "b": 0.0, "a": 0.0 },
      "on_fire_color": { "r": 0.0, "g": 0.0, "b": 0.0, "a": 0.0 }
    },
    "controller.render.player.chainsaw": {
      "geometry": "geometry.chainsaw",
      "materials": [
        { "*": "material.default" }
      ],
      "textures": [ "texture.chainsaw" ],
      "is_hurt_color": { "r": 0.0, "g": 0.0, "b": 0.0, "a": 0.0 },
      "on_fire_color": { "r": 0.0, "g": 0.0, "b": 0.0, "a": 0.0 }
    },
    "controller.render.player.chainsaw_kill": {
      "arrays": {
        "geometries": {
          "Array.models": [ "Geometry.chainsaw_kill", "Geometry.chainsaw_kill2", "Geometry.chainsaw_kill", "Geometry.chainsaw_kill", "Geometry.chainsaw_kill3", "Geometry.chainsaw_kill", "Geometry.chainsaw_kill", "Geometry.chainsaw_kill4" ]
        },
        "textures": {
          "Array.textures": [ "Texture.zombie", "Texture.shield_zombie", "Texture.blinding_zombie", "Texture.friendship_zombie", "Texture.pirate_zombie", "Texture.poison_zombie", "Texture.putrid_zombie", "Texture.brute_zombie" ]
        }
      },
	  "geometry": "Array.models[query.mark_variant]",
      "materials": [ { "*": "Material.default" } ],
      "textures": [ "Array.textures[query.mark_variant]" ],
      "is_hurt_color": { "r": 0.0, "g": 0.0, "b": 0.0, "a": 0.0 },
      "on_fire_color": { "r": 0.0, "g": 0.0, "b": 0.0, "a": 0.0 },
      "part_visibility": [
        { "*": "q.is_saddled" }
      ]
    },
    "controller.render.player.p250": {
      "geometry": "geometry.p250",
      "materials": [
        { "*": "material.default" }
      ],
      "textures": [ "texture.p250" ],
      "is_hurt_color": { "r": 0.0, "g": 0.0, "b": 0.0, "a": 0.0 },
      "on_fire_color": { "r": 0.0, "g": 0.0, "b": 0.0, "a": 0.0 }
    },
    "controller.render.player.first_person": {
      "geometry": "Geometry.default",
      "materials": [ { "*": "Material.default" } ],
      "textures": [ "Texture.default" ],
      "part_visibility": [
        { "*": false },
        { "rightArm": "query.get_equipped_item_name(0, 1) == '' || query.get_equipped_item_name(0, 1) == 'map' || v.holding_gun" },
        { "rightArm2": "v.fp6" },
        { "rightSleeve": "query.get_equipped_item_name(0, 1) == '' || query.get_equipped_item_name(0, 1) == 'map' || v.holding_gun" },
        { "leftArm": "(query.get_equipped_item_name(0, 1) == 'map' && query.get_equipped_item_name('off_hand') != 'shield') || (query.get_equipped_item_name('off_hand') == 'map' && !query.item_is_charged) || (!query.item_is_charged && (variable.item_use_normalized > 0 && variable.item_use_normalized < 1.0)) || v.holding_gun" },
        { "leftSleeve": "(query.get_equipped_item_name(0, 1) == 'map' && query.get_equipped_item_name('off_hand') != 'shield') || (query.get_equipped_item_name('off_hand') == 'map' && !query.item_is_charged) || (!query.item_is_charged && (variable.item_use_normalized > 0 && variable.item_use_normalized < 1.0)) || v.holding_gun" }
      ]
    },
    "controller.render.player.third_person": {
      "geometry": "Geometry.default",
      "materials": [ { "*": "Material.default" } ],
      "textures": [ "Texture.default" ],
      "part_visibility": [
        { "*": true },
        { "leftLegging": "variable.leg_layer_visible" },
        { "rightLegging": "variable.leg_layer_visible" },
        { "leftBoot": "variable.boot_layer_visible" },
        { "rightBoot": "variable.boot_layer_visible" },
        { "leftSock": "variable.boot_layer_visible && variable.leg_layer_visible" },
        { "rightSock": "variable.boot_layer_visible && variable.leg_layer_visible" },
        { "bodyArmor": "variable.chest_layer_visible && !query.has_cape" },
        { "leftArmArmor": "variable.chest_layer_visible && !query.has_cape" },
        { "rightArmArmor": "variable.chest_layer_visible && !query.has_cape" },
        { "belt": "variable.chest_layer_visible && variable.leg_layer_visible" }
      ]
    }
  }
}
