{
  "format_version": "1.10.0",
  "animation_controllers": {
    "controller.animation.honda_supra_x_125_on_spawn": {
      "states": {
        "default": {
          "transitions": [
            {
              "walking": "(1.0)"
            }
          ],
          "on_entry": [
			""
          ]
        },
        "walking": {
          "transitions": [
            {
              "default": "(1.0)"
            }
          ],
          "on_entry": [
			"/particle minecraft:asapknalpot_particle ^-0.28 ^0.625 ^-1.17",
			"/tag @e[type=player,r=0.95] add ridding_honda_suprax125",
			"/tag @e[type=player,rm=1] remove ridding_honda_suprax125",
			"/playanimation @s[tag=open_chest] animation.honda_supra_x_125.open_chest animation.honda_supra_x_125.open_chest 0",
			"/playanimation @s[tag=close_chest] animation.honda_supra_x_125.close_chest animation.honda_supra_x_125.close_chest 0"
          ]
        }
      }
    },
    "controller.animation.honda_supra_x_125_move_sound": {
      "states": {
        "default": {
          "transitions": [
            {
              "walking": "(1.0)"
            }
          ],
          "on_entry": [
			""
          ]
        },
        "walking": {
          "transitions": [
            {
              "default": "q.modified_move_speed > 0.5"
            }
          ],
          "on_entry": [
            "/tag @s remove is_idle",
			"/execute @s[tag=sound_delay] ~~~ playsound honda_supra_x_125.move @e[type=player,r=25] ^^^2 0.3 1 0.25",
			"/tag @s[tag=sound_delay] remove sound_delay"
           ]
        }
      }
    },
    "controller.animation.honda_supra_x_125_idle": {
      "states": {
        "default": {
          "transitions": [
            {
              "idle": "(1.0)"
            }
          ],
          "on_entry": [
			""
          ]
        },
        "idle": {
          "transitions": [
            {
              "default": "q.modified_move_speed < 0.5"
            }
          ],
          "on_entry": [
            "/tag @s add is_idle"
          ]
        }
      }
    }
  }
}