{
 "format_version": "1.16.100",
 "minecraft:item": {
  "description": {
   "identifier": "pl:pantalones_cf",
   "category": "Equipment"
  },
  "components": {
   "minecraft:creative_category": {
    "parent": "itemGroup.name.leggings"
   },
   "minecraft:icon": {
    "texture": "pantalones_camuf"
   },
   "minecraft:display_name": {
    "value": "item.pl:pantalones_cf.name"
   },
   "minecraft:max_stack_size": 1,
   "minecraft:enchantable": {
    "value": 12,
    "slot": "armor_legs"
   },
   "minecraft:damageable": {
    "max_damage": 450,
    "damage_chance": {
     "min": 60,
     "max": 100
    }
   },
   "minecraft:armor": {
    "protection": 2
   },
   "minecraft:wearable": {
    "slot": "slot.armor.legs"
   }
  }
 }
}