{
  "format_version":"1.14.0",
  "minecraft:npc_dialogue":{
    "scenes":[
      {
        "scene_tag": "gui_apocalypse_personal_main_menu",
        "npc_name": "system",
        "text": "apocalypse.personal_main_menu",
        "buttons": [
          {
            "name": { "rawtext": [ { "translate": "gui.apocalypse.personal.credits" } ] },
            "commands": [ "/execute as @initiator at @s run function game/player/credits" ]
          },
          {
            "name": { "rawtext": [ { "translate": "gui.apocalypse.personal.ready_up" } ] },
            "commands": [ "/dialogue open @s @initiator gui_apocalypse_personal_ready_up" ]
          },
          {
            "name": { "rawtext": [ { "translate": "gui.apocalypse.personal.journal" } ] },
            "commands": [ "/dialogue open @s @initiator gui_apocalypse_personal_journal_normal_zombie" ]
          },
          {
            "name": { "rawtext": [ { "translate": "gui.exit" } ] }
          }
        ]
      }
    ]
  }
}