{
  "format_version":"1.14.0",
  "minecraft:npc_dialogue":{
    "scenes":[
      {
        "scene_tag": "gui_apocalypse_weapon_prestige",
        "npc_name": "system",
        "text": "apocalypse.prestige",
        "buttons": [
          {
            "name": { "rawtext": [ { "translate": "gui.select" } ] },
            "commands": [ "/dialogue open @s @initiator gui_apocalypse_view_prestige" ]
          },
          {
            "name": { "rawtext": [ { "translate": "gui.exit" } ] }
          },
          {
            "name": { "rawtext": [ { "translate": "gui.status" } ] },
            "commands": [
				"/execute as @initiator at @s run function game/player/prestige_progress"
			]
          }
        ]
      },
      {
        "scene_tag": "gui_apocalypse_weapon_gapple",
        "npc_name": "system",
        "text": "apocalypse.gapple",
        "buttons": [
          {
            "name": { "rawtext": [ { "translate": "gui.back" } ] },
            "commands": [ "/dialogue open @s @initiator gui_apocalypse_weapon_main_menu" ]
          },
          {
            "name": { "rawtext": [ { "translate": "gui.select" } ] },
            "commands": [ "/dialogue open @s @initiator gui_apocalypse_view_gapple" ]
          },
          {
            "name": ">",
            "commands": [ "/dialogue open @s @initiator gui_apocalypse_weapon_grenade" ]
          }
        ]
      },
      {
        "scene_tag": "gui_apocalypse_weapon_grenade",
        "npc_name": "system",
        "text": "apocalypse.grenade",
        "buttons": [
          {
            "name": "<",
            "commands": [ "/dialogue open @s @initiator gui_apocalypse_weapon_gapple" ]
          },
          {
            "name": { "rawtext": [ { "translate": "gui.select" } ] },
            "commands": [ "/dialogue open @s @initiator gui_apocalypse_view_grenade" ]
          },
          {
            "name": ">",
            "commands": [ "/dialogue open @s @initiator gui_apocalypse_weapon_emergency_killer" ]
          }
        ]
      },
      {
        "scene_tag": "gui_apocalypse_weapon_emergency_killer",
        "npc_name": "system",
        "text": "apocalypse.emergency_killer",
        "buttons": [
          {
            "name": "<",
            "commands": [ "/dialogue open @s @initiator gui_apocalypse_weapon_grenade" ]
          },
          {
            "name": { "rawtext": [ { "translate": "gui.select" } ] },
            "commands": [ "/dialogue open @s @initiator gui_apocalypse_view_emergency_killer" ]
          },
          {
            "name": ">",
            "commands": [ "/dialogue open @s @initiator gui_apocalypse_weapon_iron_set" ]
          }
        ]
      },
      {
        "scene_tag": "gui_apocalypse_weapon_iron_set",
        "npc_name": "system",
        "text": "apocalypse.iron_set",
        "buttons": [
          {
            "name": "<",
            "commands": [ "/dialogue open @s @initiator gui_apocalypse_weapon_grenade" ]
          },
          {
            "name": { "rawtext": [ { "translate": "gui.select" } ] },
            "commands": [ "/dialogue open @s @initiator gui_apocalypse_view_iron_set" ]
          },
          {
            "name": ">",
            "commands": [ "/dialogue open @s @initiator gui_apocalypse_weapon_diamond_set" ]
          }
        ]
      },
      {
        "scene_tag": "gui_apocalypse_weapon_diamond_set",
        "npc_name": "system",
        "text": "apocalypse.diamond_set",
        "buttons": [
          {
            "name": "<",
            "commands": [ "/dialogue open @s @initiator gui_apocalypse_weapon_iron_set" ]
          },
          {
            "name": { "rawtext": [ { "translate": "gui.select" } ] },
            "commands": [ "/dialogue open @s @initiator gui_apocalypse_view_diamond_set" ]
          },
          {
            "name": ">",
            "commands": [ "/dialogue open @s @initiator gui_apocalypse_weapon_netherite_set" ]
          }
        ]
      },
      {
        "scene_tag": "gui_apocalypse_weapon_netherite_set",
        "npc_name": "system",
        "text": "apocalypse.netherite_set",
        "buttons": [
          {
            "name": "<",
            "commands": [ "/dialogue open @s @initiator gui_apocalypse_weapon_diamond_set" ]
          },
          {
            "name": { "rawtext": [ { "translate": "gui.select" } ] },
            "commands": [ "/dialogue open @s @initiator gui_apocalypse_view_netherite_set" ]
          },
          {
            "name": ">",
            "commands": [ "/dialogue open @s @initiator gui_apocalypse_weapon_netherite_set2" ]
          }
        ]
      },
      {
        "scene_tag": "gui_apocalypse_weapon_netherite_set2",
        "npc_name": "system",
        "text": "apocalypse.netherite_set2",
        "buttons": [
          {
            "name": "<",
            "commands": [ "/dialogue open @s @initiator gui_apocalypse_weapon_netherite_set" ]
          },
          {
            "name": { "rawtext": [ { "translate": "gui.select" } ] },
            "commands": [ "/dialogue open @s @initiator gui_apocalypse_view_netherite_set2" ]
          },
          {
            "name": ">",
            "commands": [ "/dialogue open @s @initiator gui_apocalypse_weapon_hk417_ammo" ]
          }
        ]
      },
      {
        "scene_tag": "gui_apocalypse_weapon_hk417_ammo",
        "npc_name": "system",
        "text": "apocalypse.hk417_ammo",
        "buttons": [
          {
            "name": "<",
            "commands": [ "/dialogue open @s @initiator gui_apocalypse_weapon_netherite_set2" ]
          },
          {
            "name": { "rawtext": [ { "translate": "gui.select" } ] },
            "commands": [ "/dialogue open @s @initiator gui_apocalypse_view_hk417_ammo" ]
          },
          {
            "name": ">",
            "commands": [ "/dialogue open @s @initiator gui_apocalypse_weapon_svd_ammo" ]
          }
        ]
      },
      {
        "scene_tag": "gui_apocalypse_weapon_svd_ammo",
        "npc_name": "system",
        "text": "apocalypse.svd_ammo",
        "buttons": [
          {
            "name": "<",
            "commands": [ "/dialogue open @s @initiator gui_apocalypse_weapon_hk417_ammo" ]
          },
          {
            "name": { "rawtext": [ { "translate": "gui.select" } ] },
            "commands": [ "/dialogue open @s @initiator gui_apocalypse_view_svd_ammo" ]
          },
          {
            "name": ">",
            "commands": [ "/dialogue open @s @initiator gui_apocalypse_weapon_plasma_ammo" ]
          }
        ]
      },
      {
        "scene_tag": "gui_apocalypse_weapon_plasma_ammo",
        "npc_name": "system",
        "text": "apocalypse.plasma_ammo",
        "buttons": [
          {
            "name": "<",
            "commands": [ "/dialogue open @s @initiator gui_apocalypse_weapon_oblivion_ammo" ]
          },
          {
            "name": { "rawtext": [ { "translate": "gui.select" } ] },
            "commands": [ "/dialogue open @s @initiator gui_apocalypse_view_plasma_ammo" ]
          },
          {
            "name": ">",
            "commands": [ "/dialogue open @s @initiator gui_apocalypse_weapon_flamethrower_ammo" ]
          }
        ]
      },
      {
        "scene_tag": "gui_apocalypse_weapon_flamethrower_ammo",
        "npc_name": "system",
        "text": "apocalypse.flamethrower_ammo",
        "buttons": [
          {
            "name": "<",
            "commands": [ "/dialogue open @s @initiator gui_apocalypse_weapon_plasma_ammo" ]
          },
          {
            "name": { "rawtext": [ { "translate": "gui.select" } ] },
            "commands": [ "/dialogue open @s @initiator gui_apocalypse_view_flamethrower_ammo" ]
          },
          {
            "name": ">",
            "commands": [ "/dialogue open @s @initiator gui_apocalypse_weapon_fp6_ammo" ]
          }
        ]
      },
      {
        "scene_tag": "gui_apocalypse_weapon_fp6_ammo",
        "npc_name": "system",
        "text": "apocalypse.fp6_ammo",
        "buttons": [
          {
            "name": "<",
            "commands": [ "/dialogue open @s @initiator gui_apocalypse_weapon_flamethrower_ammo" ]
          },
          {
            "name": { "rawtext": [ { "translate": "gui.select" } ] },
            "commands": [ "/dialogue open @s @initiator gui_apocalypse_view_fp6_ammo" ]
          },
          {
            "name": ">",
            "commands": [ "/dialogue open @s @initiator gui_apocalypse_weapon_oblivion_ammo" ]
          }
        ]
      },
      {
        "scene_tag": "gui_apocalypse_weapon_oblivion_ammo",
        "npc_name": "system",
        "text": "apocalypse.oblivion_ammo",
        "buttons": [
          {
            "name": "<",
            "commands": [ "/dialogue open @s @initiator gui_apocalypse_weapon_fp6_ammo" ]
          },
          {
            "name": { "rawtext": [ { "translate": "gui.select" } ] },
            "commands": [ "/dialogue open @s @initiator gui_apocalypse_view_oblivion_ammo" ]
          },
          {
            "name": ">",
            "commands": [ "/dialogue open @s @initiator gui_apocalypse_weapon_gapple" ]
          }
        ]
      }
    ]
  }
}