{
  "format_version":"1.14.0",
  "minecraft:npc_dialogue":{
    "scenes":[
      {
        "scene_tag": "gui_apocalypse_host_game_selection",
        "npc_name": "system",
        "text": "apocalypse.host_game_selection",
        "buttons": [
          {
            "name": { "rawtext": [ { "translate": "gui.apocalypse.host.point_capture" } ] },
            "commands": [ "/execute as @initiator at @s run function game/selection/point_capture" ]
          },
          {
            "name": { "rawtext": [ { "translate": "gui.apocalypse.host.apocalypse" } ] },
            "commands": [ "/execute as @initiator at @s run function game/selection/apocalypse" ]
          },
          {
            "name": ">",
            "commands": [ "/dialogue open @s @initiator gui_apocalypse_host_game_selection2" ]
          },
          {
            "name": { "rawtext": [ { "translate": "gui.back" } ] },
            "commands": [ "/dialogue open @s @initiator gui_apocalypse_host_main_menu" ]
          }
        ]
      },
      {
        "scene_tag": "gui_apocalypse_host_game_selection2",
        "npc_name": "system",
        "text": "apocalypse.host_game_selection2",
        "buttons": [
          {
            "name": { "rawtext": [ { "translate": "gui.apocalypse.host.ultra_nightmare" } ] },
            "commands": [ "/execute as @initiator at @s run function game/selection/ultra_nightmare" ]
          },
          {
            "name": { "rawtext": [ { "translate": "gui.apocalypse.host.none" } ] },
            "commands": [ "/execute as @initiator at @s run function game/selection/none" ]
          },
          {
            "name": ">",
            "commands": [ "/dialogue open @s @initiator gui_apocalypse_host_game_selection3" ]
          },
          {
            "name": "<",
            "commands": [ "/dialogue open @s @initiator gui_apocalypse_host_game_selection" ]
          }
        ]
      },
      {
        "scene_tag": "gui_apocalypse_host_game_selection3",
        "npc_name": "system",
        "text": "apocalypse.host_game_selection3",
        "buttons": [
          {
            "name": { "rawtext": [ { "translate": "gui.apocalypse.host.ghost" } ] },
            "commands": [ "/execute as @initiator at @s run function game/selection/ghost" ]
          },
          {
            "name": { "rawtext": [ { "translate": "gui.apocalypse.host.johnny" } ] },
            "commands": [ "/execute as @initiator at @s run function game/selection/johnny" ]
          },
          {
            "name": ">",
            "commands": [ "/dialogue open @s @initiator gui_apocalypse_host_game_selection4" ]
          },
          {
            "name": "<",
            "commands": [ "/dialogue open @s @initiator gui_apocalypse_host_game_selection2" ]
          }
        ]
      },
      {
        "scene_tag": "gui_apocalypse_host_game_selection4",
        "npc_name": "system",
        "text": "apocalypse.host_game_selection4",
        "buttons": [
          {
            "name": { "rawtext": [ { "translate": "gui.apocalypse.host.nuketown" } ] },
            "commands": [ "/execute as @initiator at @s run function game/selection/nuketown" ]
          },
          {
            "name": { "rawtext": [ { "translate": "gui.apocalypse.host.endless" } ] },
            "commands": [ "/execute as @initiator at @s run function game/selection/endless" ]
          },
          {
            "name": ">",
            "commands": [ "/dialogue open @s @initiator gui_apocalypse_host_game_selection5" ]
          },
          {
            "name": "<",
            "commands": [ "/dialogue open @s @initiator gui_apocalypse_host_game_selection3" ]
          }
        ]
      },
      {
        "scene_tag": "gui_apocalypse_host_game_selection5",
        "npc_name": "system",
        "text": "apocalypse.host_game_selection5",
        "buttons": [
          {
            "name": { "rawtext": [ { "translate": "gui.apocalypse.host.endless2" } ] },
            "commands": [ "/execute as @initiator at @s run function game/selection/endless2" ]
          },
          {
            "name": { "rawtext": [ { "translate": "gui.apocalypse.host.endless3" } ] },
            "commands": [ "/execute as @initiator at @s run function game/selection/endless3" ]
          },
          {
            "name": ">",
            "commands": [ "/dialogue open @s @initiator gui_apocalypse_host_game_selection6" ]
          },
          {
            "name": "<",
            "commands": [ "/dialogue open @s @initiator gui_apocalypse_host_game_selection4" ]
          }
        ]
      },
      {
        "scene_tag": "gui_apocalypse_host_game_selection6",
        "npc_name": "system",
        "text": "apocalypse.host_game_selection6",
        "buttons": [
          {
            "name": { "rawtext": [ { "translate": "gui.apocalypse.host.endless4" } ] },
            "commands": [ "/execute as @initiator at @s run function game/selection/endless4" ]
          },
          {
            "name": { "rawtext": [ { "translate": "gui.apocalypse.host.zombie_totem" } ] },
            "commands": [ "/execute as @initiator at @s run function game/selection/zombie_totem" ]
          },
          {
            "name": ">",
            "commands": [ "/dialogue open @s @initiator gui_apocalypse_host_game_selection7" ]
          },
          {
            "name": "<",
            "commands": [ "/dialogue open @s @initiator gui_apocalypse_host_game_selection5" ]
          }
        ]
      },
      {
        "scene_tag": "gui_apocalypse_host_game_selection7",
        "npc_name": "system",
        "text": "apocalypse.host_game_selection7",
        "buttons": [
          {
            "name": { "rawtext": [ { "translate": "gui.apocalypse.host.bobby" } ] },
            "commands": [ "/execute as @initiator at @s run function game/selection/bobby" ]
          },
          {
            "name": { "rawtext": [ { "translate": "gui.apocalypse.host.village" } ] },
            "commands": [ "/execute as @initiator at @s run function game/selection/village" ]
          },
          {
            "name": ">",
            "commands": [ "/dialogue open @s @initiator gui_apocalypse_host_game_selection" ]
          },
          {
            "name": "<",
            "commands": [ "/dialogue open @s @initiator gui_apocalypse_host_game_selection6" ]
          }
        ]
      }
    ]
  }
}