{
  "format_version":"1.14.0",
  "minecraft:npc_dialogue":{
    "scenes":[
      {
        "scene_tag": "gui_apocalypse_personal_journal_normal_zombie",
        "npc_name": "system",
        "text": "apocalypse.normal_zombie",
        "buttons": [
          {
            "name": { "rawtext": [ { "translate": "gui.back" } ] },
            "commands": [ "/dialogue open @s @initiator gui_apocalypse_personal_main_menu" ]
          },
          {
            "name": ">",
            "commands": [ "/dialogue open @s @initiator gui_apocalypse_personal_journal_blinding_zombie" ]
          }
        ]
      },
      {
        "scene_tag": "gui_apocalypse_personal_journal_blinding_zombie",
        "npc_name": "system",
        "text": "apocalypse.blinding_zombie",
        "buttons": [
          {
            "name": "<",
            "commands": [ "/dialogue open @s @initiator gui_apocalypse_personal_journal_normal_zombie" ]
          },
          {
            "name": ">",
            "commands": [ "/dialogue open @s @initiator gui_apocalypse_personal_journal_shield_zombie" ]
          }
        ]
      },
      {
        "scene_tag": "gui_apocalypse_personal_journal_shield_zombie",
        "npc_name": "system",
        "text": "apocalypse.shield_zombie",
        "buttons": [
          {
            "name": "<",
            "commands": [ "/dialogue open @s @initiator gui_apocalypse_personal_journal_blinding_zombie" ]
          },
          {
            "name": ">",
            "commands": [ "/dialogue open @s @initiator gui_apocalypse_personal_journal_crawling_zombie" ]
          }
        ]
      },
      {
        "scene_tag": "gui_apocalypse_personal_journal_crawling_zombie",
        "npc_name": "system",
        "text": "apocalypse.crawling_zombie",
        "buttons": [
          {
            "name": "<",
            "commands": [ "/dialogue open @s @initiator gui_apocalypse_personal_journal_shield_zombie" ]
          },
          {
            "name": ">",
            "commands": [ "/dialogue open @s @initiator gui_apocalypse_personal_journal_speedy_zombie" ]
          }
        ]
      },
      {
        "scene_tag": "gui_apocalypse_personal_journal_speedy_zombie",
        "npc_name": "system",
        "text": "apocalypse.speedy_zombie",
        "buttons": [
          {
            "name": "<",
            "commands": [ "/dialogue open @s @initiator gui_apocalypse_personal_journal_crawling_zombie" ]
          },
          {
            "name": ">",
            "commands": [ "/dialogue open @s @initiator gui_apocalypse_personal_journal_brute_zombie" ]
          }
        ]
      },
      {
        "scene_tag": "gui_apocalypse_personal_journal_brute_zombie",
        "npc_name": "system",
        "text": "apocalypse.brute_zombie",
        "buttons": [
          {
            "name": "<",
            "commands": [ "/dialogue open @s @initiator gui_apocalypse_personal_journal_speedy_zombie" ]
          },
          {
            "name": ">",
            "commands": [ "/dialogue open @s @initiator gui_apocalypse_personal_journal_friendship_zombie" ]
          }
        ]
      },
      {
        "scene_tag": "gui_apocalypse_personal_journal_friendship_zombie",
        "npc_name": "system",
        "text": "apocalypse.friendship_zombie",
        "buttons": [
          {
            "name": "<",
            "commands": [ "/dialogue open @s @initiator gui_apocalypse_personal_journal_brute_zombie" ]
          },
          {
            "name": ">",
            "commands": [ "/dialogue open @s @initiator gui_apocalypse_personal_journal_exploding_zombie" ]
          }
        ]
      },
      {
        "scene_tag": "gui_apocalypse_personal_journal_exploding_zombie",
        "npc_name": "system",
        "text": "apocalypse.exploding_zombie",
        "buttons": [
          {
            "name": "<",
            "commands": [ "/dialogue open @s @initiator gui_apocalypse_personal_journal_friendship_zombie" ]
          },
          {
            "name": ">",
            "commands": [ "/dialogue open @s @initiator gui_apocalypse_personal_journal_charged_zombie" ]
          }
        ]
      },
      {
        "scene_tag": "gui_apocalypse_personal_journal_charged_zombie",
        "npc_name": "system",
        "text": "apocalypse.charged_zombie",
        "buttons": [
          {
            "name": "<",
            "commands": [ "/dialogue open @s @initiator gui_apocalypse_personal_journal_exploding_zombie" ]
          },
          {
            "name": ">",
            "commands": [ "/dialogue open @s @initiator gui_apocalypse_personal_journal_lightning_zombie" ]
          }
        ]
      },
      {
        "scene_tag": "gui_apocalypse_personal_journal_lightning_zombie",
        "npc_name": "system",
        "text": "apocalypse.lightning_zombie",
        "buttons": [
          {
            "name": "<",
            "commands": [ "/dialogue open @s @initiator gui_apocalypse_personal_journal_charged_zombie" ]
          },
          {
            "name": ">",
            "commands": [ "/dialogue open @s @initiator gui_apocalypse_personal_journal_pirate_zombie" ]
          }
        ]
      },
      {
        "scene_tag": "gui_apocalypse_personal_journal_pirate_zombie",
        "npc_name": "system",
        "text": "apocalypse.pirate_zombie",
        "buttons": [
          {
            "name": "<",
            "commands": [ "/dialogue open @s @initiator gui_apocalypse_personal_journal_lightning_zombie" ]
          },
          {
            "name": ">",
            "commands": [ "/dialogue open @s @initiator gui_apocalypse_personal_journal_poison_zombie" ]
          }
        ]
      },
      {
        "scene_tag": "gui_apocalypse_personal_journal_poison_zombie",
        "npc_name": "system",
        "text": "apocalypse.poison_zombie",
        "buttons": [
          {
            "name": "<",
            "commands": [ "/dialogue open @s @initiator gui_apocalypse_personal_journal_pirate_zombie" ]
          },
          {
            "name": ">",
            "commands": [ "/dialogue open @s @initiator gui_apocalypse_personal_journal_wither_zombie" ]
          }
        ]
      },
      {
        "scene_tag": "gui_apocalypse_personal_journal_wither_zombie",
        "npc_name": "system",
        "text": "apocalypse.wither_zombie",
        "buttons": [
          {
            "name": "<",
            "commands": [ "/dialogue open @s @initiator gui_apocalypse_personal_journal_poison_zombie" ]
          },
          {
            "name": ">",
            "commands": [ "/dialogue open @s @initiator gui_apocalypse_personal_journal_ghost_zombie" ]
          }
        ]
      },
      {
        "scene_tag": "gui_apocalypse_personal_journal_ghost_zombie",
        "npc_name": "system",
        "text": "apocalypse.ghost_zombie",
        "buttons": [
          {
            "name": "<",
            "commands": [ "/dialogue open @s @initiator gui_apocalypse_personal_journal_wither_zombie" ]
          },
          {
            "name": ">",
            "commands": [ "/dialogue open @s @initiator gui_apocalypse_personal_journal_putrid_zombie" ]
          }
        ]
      },
      {
        "scene_tag": "gui_apocalypse_personal_journal_putrid_zombie",
        "npc_name": "system",
        "text": "apocalypse.putrid_zombie",
        "buttons": [
          {
            "name": "<",
            "commands": [ "/dialogue open @s @initiator gui_apocalypse_personal_journal_ghost_zombie" ]
          },
          {
            "name": ">",
            "commands": [ "/dialogue open @s @initiator gui_apocalypse_personal_journal_knight_zombie" ]
          }
        ]
      },
      {
        "scene_tag": "gui_apocalypse_personal_journal_knight_zombie",
        "npc_name": "system",
        "text": "apocalypse.knight_zombie",
        "buttons": [
          {
            "name": "<",
            "commands": [ "/dialogue open @s @initiator gui_apocalypse_personal_journal_putrid_zombie" ]
          },
          {
            "name": ">",
            "commands": [ "/dialogue open @s @initiator gui_apocalypse_personal_journal_miner_zombie" ]
          }
        ]
      },
      {
        "scene_tag": "gui_apocalypse_personal_journal_miner_zombie",
        "npc_name": "system",
        "text": "apocalypse.miner_zombie",
        "buttons": [
          {
            "name": "<",
            "commands": [ "/dialogue open @s @initiator gui_apocalypse_personal_journal_knight_zombie" ]
          },
          {
            "name": ">",
            "commands": [ "/dialogue open @s @initiator gui_apocalypse_personal_journal_normal_zombie" ]
          }
        ]
      }
    ]
  }
}