{
  "format_version":"1.14.0",
  "minecraft:npc_dialogue":{
    "scenes":[
      {
        "scene_tag": "gui_apocalypse_personal_ready_up",
        "npc_name": "system",
        "text": "apocalypse.personal_ready_up",
        "buttons": [
          {
            "name": { "rawtext": [ { "translate": "gui.apocalypse.personal.unready" } ] },
            "commands": [ "/execute as @initiator at @s run function game/player/unready" ]
          },
          {
            "name": { "rawtext": [ { "translate": "gui.apocalypse.personal.ready" } ] },
            "commands": [ "/execute as @initiator at @s run function game/player/ready" ]
          },
          {
            "name": { "rawtext": [ { "translate": "gui.back" } ] },
            "commands": [ "/dialogue open @s @initiator gui_apocalypse_personal_main_menu" ]
          }
        ]
      }
    ]
  }
}