{
  "format_version":"1.14.0",
  "minecraft:npc_dialogue":{
    "scenes":[
      {
        "scene_tag": "gui_apocalypse_xp_boosters",
        "npc_name": "system",
        "text": "apocalypse.xp_booster",
        "buttons": [
          {
            "name": { "rawtext": [ { "translate": "gui.back" } ] },
            "commands": [ "/dialogue open @s @initiator gui_apocalypse_weapon_main_menu2" ]
          },
          {
            "name": { "rawtext": [ { "translate": "gui.select" } ] },
            "commands": [ "/dialogue open @s @initiator gui_apocalypse_view_xp_booster" ]
          },
          {
            "name": ">",
            "commands": [ "/dialogue open @s @initiator gui_apocalypse_weakness_booster" ]
          }
        ]
      },
      {
        "scene_tag": "gui_apocalypse_weakness_booster",
        "npc_name": "system",
        "text": "apocalypse.weakness_booster",
        "buttons": [
          {
            "name": "<",
            "commands": [ "/dialogue open @s @initiator gui_apocalypse_xp_boosters" ]
          },
          {
            "name": { "rawtext": [ { "translate": "gui.select" } ] },
            "commands": [ "/dialogue open @s @initiator gui_apocalypse_view_weakness_booster" ]
          },
          {
            "name": ">",
            "commands": [ "/dialogue open @s @initiator gui_apocalypse_pistol_booster" ]
          }
        ]
      },
      {
        "scene_tag": "gui_apocalypse_pistol_booster",
        "npc_name": "system",
        "text": "apocalypse.pistol_booster",
        "buttons": [
          {
            "name": "<",
            "commands": [ "/dialogue open @s @initiator gui_apocalypse_weakness_booster" ]
          },
          {
            "name": { "rawtext": [ { "translate": "gui.select" } ] },
            "commands": [ "/dialogue open @s @initiator gui_apocalypse_view_pistol_booster" ]
          },
          {
            "name": ">",
            "commands": [ "/dialogue open @s @initiator gui_apocalypse_revive_booster" ]
          }
        ]
      },
      {
        "scene_tag": "gui_apocalypse_revive_booster",
        "npc_name": "system",
        "text": "apocalypse.revive_booster",
        "buttons": [
          {
            "name": "<",
            "commands": [ "/dialogue open @s @initiator gui_apocalypse_pistol_booster" ]
          },
          {
            "name": { "rawtext": [ { "translate": "gui.select" } ] },
            "commands": [ "/dialogue open @s @initiator gui_apocalypse_view_revive_booster" ]
          },
          {
            "name": ">",
            "commands": [ "/dialogue open @s @initiator gui_apocalypse_xp_boosters" ]
          }
        ]
      }
    ]
  }
}