{
  "format_version": "1.13.0",
  "minecraft:entity": {
    "description": {
      "identifier": "cre:avestruz",
      "is_spawnable": true,
      "is_summonable": true,
      "is_experimental": false
    },

    "component_groups": {

      "minecraft:avestruz_baby": {
        "minecraft:is_baby": {
        },
		  "minecraft:scale": {
          "value": 0.5
        },
        "minecraft:ageable": {
          "duration": 1200,
          "feed_items": [
            "melon"
          ],
          "grow_up": {
            "event": "minecraft:ageable_grow_up",
            "target": "self"
          }
        }
      },

      "minecraft:avestruz_adult": {
        "minecraft:experience_reward": {
          "on_bred": "Math.Random(1,7)",
          "on_death": "query.last_hit_by_player ? Math.Random(1,3) : 0"
        },
        "minecraft:behavior.breed": {
          "priority": 2
        },
        "minecraft:loot": {
          "table": "loot_tables/entities/giant.json"
        },
        "minecraft:breedable": {
          "require_tame": false,
          "breeds_with": {
            "mate_type": "cre:avestruz",
            "baby_type": "cre:avestruz",
            "breed_event": {
              "event": "minecraft:entity_born",
              "target": "baby"
            }
          },
          "breed_items": [
            "melon"
          ]
        }
      },

      "minecraft:avestruz_wild": {
        "minecraft:tameable": {
          "probability": 0.33,
          "tame_items": "potato",
          "tame_event": {
            "event": "minecraft:on_tame",
            "target": "self"
          }
        }
      },

      "minecraft:avestruz_tame": {
        "minecraft:is_tamed": {
        },
        "minecraft:health": {
          "value": 30,
          "max": 30
        },
        "minecraft:behavior.breed": {
          "priority": 2
        },
        "minecraft:leashable": {
          "soft_distance": 4.0,
          "hard_distance": 6.0,
          "max_distance": 10.0,
          "on_leash": {
            "event": "minecraft:on_leash",
            "target": "self"
          },
          "on_unleash": {
            "event": "minecraft:on_unleash",
            "target": "self"
          }
        },
        "minecraft:rideable": {
          "priority": 0,
          "seat_count": 1,
          "crouching_skip_interact": true,
          "family_types": [
            "player"
          ],
          "interact_text": "action.interact.ride.horse",
          "seats": {
            "position": [ 0.0, 1.4, 0.0 ]
          }
        },
      "minecraft:equippable": {
        "slots": [
          {
            "slot": 0,
            "item": "saddle",
            "accepted_items": ["saddle"],
            "on_equip": {
              "event": "minecraft:avestruz_saddled"
            },
            "on_unequip": {
              "event": "minecraft:avestruz_unsaddled"
            }
          }
        ]
      },
        "minecraft:inventory": {
          "inventory_size": 16,
          "container_type": "horse"
        }
      },
	  
      "minecraft:avestruz_saddled": {
        "minecraft:is_saddled": {
        },
        "minecraft:input_ground_controlled": {
        },
        "minecraft:can_power_jump": {
        },
        "minecraft:behavior.player_ride_tamed": {
        }
      },
	  
      "minecraft:avestruz_chested": {
        "minecraft:is_chested": {

        }
      }
    },


    "components": {
      "minecraft:nameable": {
      },
      "minecraft:type_family": {
        "family": [ "avestruz" ]
      },
      "minecraft:breathable": {
        "total_supply": 15,
        "suffocate_time": 0
      },
      "minecraft:collision_box": {
        "width": 0.8,
        "height": 1.4
      },
      "minecraft:health": {
        "value": 25,
        "max": 25
      },
      "minecraft:hurt_on_condition": {
        "damage_conditions": [
          {
            "filters": { "test": "in_lava", "subject": "self", "operator": "==", "value": true },
            "cause": "lava",
            "damage_per_tick": 4
          }
        ]
      },
      "minecraft:movement": {
        "value": {
          "range_min": 0.2225, 
          "range_max": 0.3375
        }
      },
      "minecraft:behavior.random_look_around_and_sit": {
        "priority": 9,
        "min_look_count": 2,
        "max_look_count": 5,
        "min_look_time": 80,
        "max_look_time": 100,
        "probability": 0.001
      },
      "minecraft:attack": {
        "damage": 2
      },
      "minecraft:healable": {
        "items": [
          {
            "item": "carrot",
            "heal_amount": 8
          }
        ]
      },
      "minecraft:navigation.walk": {
        "can_path_over_water": true,
        "avoid_water": true,
        "avoid_damage_blocks": true
      },
      "minecraft:movement.basic": {
      },
      "minecraft:jump.static": {
      },
      "minecraft:can_climb": {
      },
      "minecraft:attack": {
        "damage": 4
      },
      "minecraft:behavior.float": {
        "priority": 0
      },
      "minecraft:behavior.mount_pathing": {
        "priority": 1,
        "speed_multiplier": 1.25,
        "target_dist": 0,
        "track_target": true
      },
      "minecraft:behavior.random_stroll": {
        "priority": 1,
        "speed_multiplier": 1.35
      },
      "minecraft:behavior.look_at_player": {
        "priority": 16,
        "target_distance": 6.0,
        "probability": 0.02
      },
      "minecraft:behavior.leap_at_target": {
        "priority": 4,
        "target_dist": 0.4
      },
      "minecraft:behavior.melee_attack": {
        "priority": 5,
        "target_dist": 1.2,
        "track_target": true,
        "reach_multiplier": 1.2
      },
      "minecraft:behavior.hurt_by_target": {
        "priority": 0
      },
	    "minecraft:physics": {
      },
      "minecraft:pushable": {
        "is_pushable": true,
        "is_pushable_by_piston": true
      },
      "minecraft:persistent": {
      },
      "minecraft:follow_range": {
        "value": 64
      }
    },

    "events": {
      "minecraft:entity_spawned": {
        "randomize": [
          {
            "weight": 9,
            "remove": {
            },
            "add": {
              "component_groups": [
                "minecraft:avestruz_adult",
                "minecraft:avestruz_wild"
              ]
            }
          },
          {
            "weight": 1,
            "remove": {
            },
            "add": {
              "component_groups": [
                "minecraft:avestruz_baby"
              ]
            }
          }
        ]
      },

      "minecraft:entity_born": {
        "remove": {
        },
        "add": {
          "component_groups": [
            "minecraft:avestruz_baby"
          ]
        }
      },

      "minecraft:ageable_grow_up": {
        "remove": {
          "component_groups": [
            "minecraft:avestruz_baby"
          ]
        },
        "add": {
          "component_groups": [
            "minecraft:avestruz_adult",
            "minecraft:avestruz_wild"
          ]
        }
      },

      "minecraft:ageable_set_baby": {
        "remove": {
          "component_groups": [
            "minecraft:avestruz_adult"
          ]
        },
        "add": {
          "component_groups": [
            "minecraft:avestruz_baby"
          ]
        }
      },

      "minecraft:on_tame": {
        "remove": {
          "component_groups": [
            "minecraft:avestruz_wild"
          ]
        },
        "add": {
          "component_groups": [
            "minecraft:avestruz_tame"
          ]
        }
      },

      "minecraft:avestruz_saddled": {
        "add": {
          "component_groups": [
            "minecraft:avestruz_saddled",
            "minecraft:avestruz_chest"
          ]
        }
      },
      "minecraft:avestruz_unsaddled": {
        "remove": {
          "component_groups": [
            "minecraft:avestruz_saddled",
            "minecraft:avestruz_chest"
          ]
        }
      }
    }
  }
}
