{"format_version":"1.10.0","minecraft:client_entity":{"description":{"identifier":"pa:chimpanzini_bananini","materials":{"default":"entity_alphatest"},"textures":{"default":"textures/entity/pamobile/pa_chimpanzini_bananini"},"geometry":{"default":"geometry.pa_chimpanzini_bananini"},"animations":{"move":"animation.pa_tung_sahur.anim","attack":"animation.pa_chimpanzini_bananini.attack","default":"animation.pa_default_anim","swing":"controller.animation.pa_anomali_attack"},"render_controllers":["controller.render.default"],"spawn_egg":{"base_color":"#00ff00","overlay_color":"#ffff00"},"scripts":{"animate":[{"move":"query.modified_move_speed"},"default","swing"],"pre_animation":["v.position = 5;"]}}}}