{"format_version":"1.10.0","minecraft:client_entity":{"description":{"identifier":"pa:tralala","materials":{"default":"entity_alphatest"},"textures":{"default":"textures/entity/pamobile/pa_tralala"},"geometry":{"default":"geometry.pa_tralalero_tralala"},"animations":{"move":"animation.pa_tralala.anim","attack":"animation.pa_tralala.attack","default":"animation.pa_default_anim","swing":"controller.animation.pa_anomali_attack"},"render_controllers":["controller.render.default"],"spawn_egg":{"base_color":"#87BDFF","overlay_color":"#5899FF"},"scripts":{"animate":[{"move":"query.modified_move_speed"},"default","swing"],"pre_animation":["v.position = 5;"]}}}}