{"format_version":"1.10.0","minecraft:client_entity":{"description":{"identifier":"pa:tung_sahur","materials":{"default":"entity_alphatest"},"textures":{"default":"textures/entity/pamobile/pa_tung_sahur"},"geometry":{"default":"geometry.pa_tung_tung_sahur"},"animations":{"move":"animation.pa_tung_sahur.anim","attack":"animation.pa_tung_sahur.attack","default":"animation.pa_default_anim","swing":"controller.animation.pa_anomali_attack"},"render_controllers":["controller.render.default"],"spawn_egg":{"base_color":"#EA9A51","overlay_color":"#DE7F00"},"scripts":{"animate":[{"move":"query.modified_move_speed"},"default","swing"],"pre_animation":["v.position = 0;"]}}}}