{
	"format_version": "1.19.10",
	"particle_effect": {
		"description": {
			"identifier": "chetty:fireholder",
			"basic_render_parameters": {
				"material": "particles_alpha",
				"texture": "textures/particle/particles"
			}
		},
		"components": {
			"minecraft:emitter_rate_manual": {
				"spawn_rate": 1,
        "max_particles": 10
      },
      "minecraft:emitter_lifetime_expression": {
        "activation_expression": 1,
        "expiration_expression": 0
      },
			"minecraft:emitter_shape_sphere": {
				"radius": 2,
        "direction": "outwards"
			},
			"minecraft:particle_lifetime_expression": {
				"max_lifetime": 2
			},
			"minecraft:particle_motion_dynamic": {
				"linear_acceleration": [ 0, 0, 0]
			},
			"minecraft:particle_expire_if_not_in_blocks": [
				"minecraft:air"
			],
			"minecraft:particle_initial_speed": 0,
			"minecraft:particle_appearance_billboard": {
				"size": [
					"(0.1+variable.particle_random_1*0.1)-(0.1*variable.particle_age)",
					"(0.1+variable.particle_random_1*0.1)-(0.1*variable.particle_age)"
				],
				"facing_camera_mode": "lookat_xyz",
				"uv": {
					"texture_width": 128,
					"texture_height": 128,
					"uv": [ 0, 24 ],
					"uv_size": [ 8, 8 ]
				}
			}
		}
	}
}
