{
  "minecraft:client_entity" : {
    "description" : {
      "render_controllers" : [
        "controller.render.enderman"
      ],
      "materials" : {
        "default" : "enderman"
      },
      "geometry" : {
        "default" : "geometry.hound_rocket_bullet"
      },
      "animations" : {
        "hound_rocket_bullet" : "animation.hound_rocket_bullet"
      },
      "identifier" : "cc:hound_rocket_bullet",
      "scripts" : {
        "animate" : [
          "hound_rocket_bullet"
        ],
        "pre_animation" : [
          "variable.shake = query.shake_time - query.frame_alpha;",
          "variable.shake_power = variable.shake > 0.0 ? -Math.sin(variable.shake * 200.0) * variable.shake : 0.0;"
        ]
      },
      "textures" : {
        "default" : "textures\/craftycraft\/items\/cc_hound_rocket_bullet"
      }
    }
  },
  "format_version" : "1.10.0"
}