      {
  "format_version": "1.8.0",
       "geometry.creeper":{
   	    "texturewidth": 64,
    "textureheight": 64,
    "bones": [
      {
				"name": "body",
				"pivot": [0, 24, 0],
				"cubes": [
			    {
				"origin": [-4, 0, -2],
						"size": [8, 8, 5],
						"uv": [0, 0]
                             },
                             {
						"origin": [-4, 8, -1],
						"size": [8, 1, 3],
						"uv": [0, 13]
                             },
                             {
						"origin": [-4, 9, 0],
						"size": [8, 1, 1],
						"uv": [0, 17]
                             },
                             {
						"origin": [-4, 10, 0],
						"size": [1, 1, 1],
						"uv": [0, 19]
                             },
                             {
						"origin": [3, 10, 0],
						"size": [1, 1, 1],
						"uv": [0, 19]
                             },
                             {
						"origin": [-3, 10, 0],
						"size": [1, 2, 1],
						"uv": [0, 21]
                             },
                             {
						"origin": [2, 10, 0],
						"size": [1, 2, 1],
						"uv": [0, 21]
                             },
                             {
						"origin": [-1, 10, 0],
						"size": [2, 2, 1],
						"uv": [0, 24]
                             },
                             {
						"origin": [-2, 12, 0],
						"size": [1, 1, 1],
						"uv": [0, 19]
                             },
                             {
						"origin": [1, 12, 0],
						"size": [1, 1, 1],
						"uv": [0, 19]
           
           
           }
         ]
   }
  ]
  }
  }
