{
  "format_version": "1.8.0",
    "geometry.mob_head": {
    "texturewidth": 64,
    "textureheight": 64,
    "bones": [
      {
        "name": "head",
        "pivot": [ 0.0, 24.0, 0.0 ],
        "cubes": [
        			    {
				"origin": [-4, 24, -2],
						"size": [8, 8, 5],
						"uv": [0, 0]
                             },
                             {
						"origin": [-4, 32, -1],
						"size": [8, 1, 3],
						"uv": [0, 13]
                             },
                             {
						"origin": [-4, 33, 0],
						"size": [8, 1, 1],
						"uv": [0, 17]
                             },
                             {
						"origin": [-4, 34, 0],
						"size": [1, 1, 1],
						"uv": [0, 19]
                             },
                             {
						"origin": [3, 34, 0],
						"size": [1, 1, 1],
						"uv": [0, 19]
                             },
                             {
						"origin": [-3, 34, 0],
						"size": [1, 2, 1],
						"uv": [0, 21]
                             },
                             {
						"origin": [2, 34, 0],
						"size": [1, 2, 1],
						"uv": [0, 21]
                             },
                             {
						"origin": [-1, 34, 0],
						"size": [2, 2, 1],
						"uv": [0, 24]
                             },
                             {
						"origin": [-2, 36, 0],
						"size": [1, 1, 1],
						"uv": [0, 19]
                             },
                             {
						"origin": [1, 36, 0],
						"size": [1, 1, 1],
						"uv": [0, 19]
           
           
           },
          {
            "origin": [ -4.0, 24.0, -4.0 ],
            "size": [ 8, 8, 8 ],
            "uv": [ 0, 48 ]
          }
        ]
      }
    ]
  }
}