{
  "format_version": "1.8.0",
  "geometry.skeleton": {
    "texturewidth": 256,
    "textureheight": 256,
       "bones": [
			{
				"name": "body",
				"pivot": [0, 4, 0],
				"cubes": [
					{"origin": [-6, 10, -6], "size": [12, 1, 12], "uv": [0, 80]},
					{"origin": [-5, 10, -7], "size": [10, 1, 1], "uv": [0, 80]},
					{"origin": [-5, 10, 6], "size": [10, 1, 1], "uv": [0, 80]},
					{"origin": [-7, 10, -5], "size": [1, 1, 10], "uv": [0, 80]},
					{"origin": [6, 10, -5], "size": [1, 1, 10], "uv": [0, 80]},
					{"origin": [5, 0, -6], "size": [1, 10, 1], "uv": [0, 48]},
					{"origin": [5, 0, 5], "size": [1, 10, 1], "uv": [0, 48]},
					{"origin": [-6, 0, 5], "size": [1, 10, 1], "uv": [0, 48]},
					{"origin": [-6, 0, -6], "size": [1, 10, 1], "uv": [0, 48]},
					{"origin": [-5, 11, -7], "size": [1, 8, 1], "uv": [0, 48]},
					{"origin": [4, 11, -7], "size": [1, 8, 1], "uv": [0, 48]},
					{"origin": [-5, 19, -7], "size": [10, 8, 1], "uv": [0, 80]}
                           ]
                        }
                     ]
                  }
               }           
               