{
	"format_version": "1.12.0",
	"minecraft:geometry": [
		{
			"description": {
				"identifier": "geometry.tripi_tropi_tropa_tripa",
				"texture_width": 64,
				"texture_height": 64,
				"visible_bounds_width": 4,
				"visible_bounds_height": 3.5,
				"visible_bounds_offset": [0, 1.25, 0]
			},
			"bones": [
				{
					"name": "all",
					"pivot": [0, 0, 0]
				},
				{
					"name": "right_leg",
					"parent": "all",
					"pivot": [-2, 7.5, 1],
					"cubes": [
						{"origin": [-3, 0, 0], "size": [2, 3, 2], "uv": [48, 27], "mirror": true},
						{"origin": [-3.5, 3, -1], "size": [3, 5, 3], "uv": [30, 45], "mirror": true},
						{"origin": [-4, 0.03, -3], "size": [3, 0, 5], "uv": [46, 13], "mirror": true}
					]
				},
				{
					"name": "left_leg",
					"parent": "all",
					"pivot": [2, 7.5, 1],
					"cubes": [
						{"origin": [1, 0, 0], "size": [2, 3, 2], "uv": [48, 27]},
						{"origin": [0.5, 3, -1], "size": [3, 5, 3], "uv": [30, 45]},
						{"origin": [1, 0.03, -3], "size": [3, 0, 5], "uv": [46, 13]}
					]
				},
				{
					"name": "torso",
					"parent": "all",
					"pivot": [0, 7, 0]
				},
				{
					"name": "chest",
					"parent": "torso",
					"pivot": [0, 11.50761, -0.15902],
					"cubes": [
						{"origin": [-2.5, 13, -3], "size": [5, 2, 6], "inflate": 0.03, "uv": [26, 28]},
						{"origin": [-3.5, 6.76142, -3.73853], "size": [7, 7, 7], "uv": [0, 0]},
						{"origin": [-3.5, 6.76142, -3.73853], "size": [7, 7, 7], "inflate": 0.5, "uv": [0, 14]}
					]
				},
				{
					"name": "right_arm",
					"parent": "torso",
					"pivot": [-4.4, 14.25, -0.5],
					"cubes": [
						{"origin": [-5.5, 3.75, -2], "size": [2, 11, 4], "uv": [44, 36]}
					]
				},
				{
					"name": "left_arm",
					"parent": "torso",
					"pivot": [4.4, 14.25, -0.5],
					"cubes": [
						{"origin": [3.5, 3.75, -2], "size": [2, 11, 4], "uv": [44, 36], "mirror": true}
					]
				},
				{
					"name": "head",
					"parent": "torso",
					"pivot": [0, 13.09257, 2.39859],
					"rotation": [-17.5, 0, 0]
				},
				{
					"name": "fin_back_2",
					"parent": "head",
					"pivot": [0, 20.09257, 1.39859],
					"cubes": [
						{"origin": [0, 18.09257, -0.60141], "size": [0, 6, 9], "uv": [28, 13]},
						{"origin": [0, 10.09257, 5.39859], "size": [0, 5, 4], "uv": [46, 18]}
					]
				},
				{
					"name": "body_back",
					"parent": "head",
					"pivot": [0, 15.59257, 2.39859],
					"cubes": [
						{"origin": [-1.5, 13.09257, 2.39859], "size": [3, 5, 8], "uv": [28, 0]}
					]
				},
				{
					"name": "tail",
					"parent": "body_back",
					"pivot": [0, 15.59257, 10.39859],
					"cubes": [
						{"origin": [0, 13.09257, 10.39859], "size": [0, 5, 6], "uv": [18, 45]}
					]
				},
				{
					"name": "body_front",
					"parent": "head",
					"pivot": [0, 15.59257, -5.60141],
					"cubes": [
						{"origin": [-2.5, 13.09257, -5.60141], "size": [5, 6, 8], "uv": [0, 28]}
					]
				},
				{
					"name": "h",
					"parent": "head",
					"pivot": [0, 15.59257, -5.60141],
					"rotation": [17.5, 0, 0],
					"cubes": [
						{"origin": [-2, 13.59257, -10.60141], "size": [4, 4, 5], "uv": [26, 36]},
						{"origin": [-2, 13.39257, -10.60141], "size": [4, 4, 5], "inflate": 0.2, "uv": [0, 42]},
						{"origin": [-2, 15.19257, -10.70141], "size": [4, 1, 0], "uv": [18, 42]},
						{"origin": [-2.95, 15.84257, -9.10141], "size": [2, 2, 2], "pivot": [-1.95, 16.84257, -8.10141], "rotation": [0, -45, 0], "uv": [48, 32]},
						{"origin": [0.95, 15.84257, -9.10141], "size": [2, 2, 2], "pivot": [1.95, 16.84257, -8.10141], "rotation": [0, 45, 0], "uv": [48, 32], "mirror": true}
					]
				},
				{
					"name": "rotate",
					"pivot": [0, 14, 0]
				},
				{
					"name": "mosquito2",
					"parent": "rotate",
					"pivot": [-11.90192, 16.4, 2],
					"rotation": [0, -170, 0],
					"cubes": [
						{"origin": [-12.40192, 16, 0.5], "size": [1, 1, 3], "uv": [50, 5], "mirror": true},
						{"origin": [-11.90192, 15.9, -1.2], "size": [0, 1, 2], "pivot": [-11.90192, 16.4, 0.8], "rotation": [25, 0, 0], "uv": [50, 9], "mirror": true},
						{"origin": [-12.40192, 14.4, 0.5], "size": [1, 2, 3], "inflate": -0.1, "pivot": [-11.90192, 15.4, 2], "rotation": [7.5, 0, 0], "uv": [50, 0], "mirror": true}
					]
				},
				{
					"name": "wing_l2",
					"parent": "mosquito2",
					"pivot": [-11.40192, 17, 2],
					"cubes": [
						{"origin": [-11.40192, 17, 1.5], "size": [2, 0, 1], "uv": [18, 43], "mirror": true}
					]
				},
				{
					"name": "wing_r2",
					"parent": "mosquito2",
					"pivot": [-12.40192, 17, 2],
					"cubes": [
						{"origin": [-14.40192, 17, 1.5], "size": [2, 0, 1], "uv": [18, 43]}
					]
				},
				{
					"name": "mosquito",
					"parent": "rotate",
					"pivot": [11.5, 16.4, 0.5],
					"cubes": [
						{"origin": [11, 16, -1], "size": [1, 1, 3], "uv": [50, 5]},
						{"origin": [11.5, 15.9, -2.7], "size": [0, 1, 2], "pivot": [11.5, 16.4, -0.7], "rotation": [25, 0, 0], "uv": [50, 9]},
						{"origin": [11, 14.4, -1], "size": [1, 2, 3], "inflate": -0.1, "pivot": [11.5, 15.4, 0.5], "rotation": [7.5, 0, 0], "uv": [50, 0]}
					]
				},
				{
					"name": "wing_l1",
					"parent": "mosquito",
					"pivot": [11, 17, 0.5],
					"cubes": [
						{"origin": [9, 17, 0], "size": [2, 0, 1], "uv": [18, 43]}
					]
				},
				{
					"name": "wing_r1",
					"parent": "mosquito",
					"pivot": [12, 17, 0.5],
					"cubes": [
						{"origin": [12, 17, 0], "size": [2, 0, 1], "uv": [18, 43], "mirror": true}
					]
				}
			]
		}
	]
}