{
    "format_version": "1.10.0",
    "minecraft:entity": {
        "description": {
            "identifier": "entity:iris_quest",
            "is_spawnable": true,
            "is_summonable": true,
            "is_experimental": false,
			"scripts": {
                "animate": [
                    "catch"
                ]
            },
            "animations": {
                "catch": "controller.animation.iris_quest.catch"
            }
        },
        "component_groups": {
        },
        "components": {
            "minecraft:nameable": {},

            // iris_quest Components
            "minecraft:type_family": {
                "family": ["iris_quest", "inanimate"]
            },
            "minecraft:pushable": {
                "is_pushable": true,
                "is_pushable_by_piston": true
            },
            "minecraft:collision_box": {
                "width": 0.0,
                "height": 0.0
            },
			"minecraft:damage_sensor": {
                    "triggers": [{
							"deals_damage": false,
                            "on_damage": {
                                "filters": {
                                    "all_of": [{
                                            "test": "has_damage",
                                            "value": "fatal"
                                        }
                                    ]
                                }
                            }
                        }
                    ]
                },
            "minecraft:movement.fly": {},
            "minecraft:navigation.float": {
                "is_amphibious": true,
                "can_pass_doors": true,
                "can_break_doors": true,
                "can_walk": true
            },
            "minecraft:movement": {
                "value": 0.25
            },
            "minecraft:annotation.break_door": {},
            "minecraft:jump.static": {},
            "minecraft:can_climb": {},
            "minecraft:behavior.float": {
                "priority": 0
            },

            "minecraft:health": {
                "value": 20,
                "max": 20
            },
            "minecraft:loot": {
                "table": "loot_tables/entities/iris_quest.json"
            },

            "minecraft:behavior.move_towards_restriction": {
                "priority": 5,
                "speed_multiplier": 1
            },
            "minecraft:follow_range": {
                "value": 64
            },
			"minecraft:behavior.look_at_player": {
				"look_distance": 64,
				"look_time": [10000, 10000],
                "priority": 1.00
            },
            "minecraft:behavior.hurt_by_target": {
                "priority": 1
            },
            "minecraft:physics": {
				"has_gravity": false
			}
        }
    }
}