{
    "format_version": "1.13.0",
    "minecraft:entity": {
        "description": {
            "identifier": "entity:maz_hatter",
            "is_spawnable": true,
            "is_summonable": true,
            "is_experimental": false
        },
        "component_groups": {
			"minecraft:nofollow": {
                "minecraft:tameable": {
                    "probability": 0.33,
                    "tameItems": "gold_ingot",
                    "tame_event": {
                        "event": "minecraft:on_tame",
                        "target": "self"
                    }
                }
            },
            "minecraft:follow": {
                "minecraft:is_tamed": {},
                "minecraft:behavior.follow_owner": {
                    "priority": 6,
                    "speed_multiplier": 1.0,
                    "start_distance": 6,
                    "stop_distance": 2
                },
                "minecraft:healable": {
                    "items": [{
                            "item": "cooked_beef",
                            "heal_amount": 20
                        }, {
                            "item": "bread",
                            "heal_amount": 5
                        }
                    ]
                },
                "minecraft:behavior.owner_hurt_by_target": {
                    "priority": 1
                },
                "minecraft:behavior.owner_hurt_target": {
                    "priority": 2
                }
            },
            "minecraft:is_dead": {
                "minecraft:transformation": {
                    "into": "entity:maz_hatter_d"
                }
            },
			"minecraft:mode_switcher": {
                    "minecraft:target_nearby_sensor": {
                        "inside_range": 3,
                        "outside_range": 3.5,
                        "on_inside_range": {
                            "event": "minecraft:to_melee_attack",
                            "target": "self"
                        },
                        "on_outside_range": {
                            "event": "minecraft:to_ranged_attack",
                            "target": "self"
                    }
                }
            },
			"minecraft:ranged_attack": {
				"minecraft:behavior.ranged_attack": {
					"priority": 1,
					"attack_interval_min": 1.4,
					"attack_interval_max": 1.4,
					"burst_shots": 10,
					"burst_interval": 0.05,
					"speed_multiplier": 1,
					"attack_radius": 16
				},
				"minecraft:shooter": {
					"type": "smallfireball",
					"def": "bullet:ksg"
				},
				"minecraft:spell_effects": {
                    "add_effects": [{
                            "effect": "regeneration",
                            "amplifier": 5,
                            "visible": false,
                            "duration": 20
                        }
                    ]
                }
			},
			"minecraft:melee_attack": {
                "minecraft:behavior.melee_attack": {
                    "priority": -1,
                    "speed_multiplier": 1,
					"reach_multiplier": 2.5,
                    "track_target": false
                },
				"minecraft:spell_effects": {
                    "add_effects": [{
                            "effect": "regeneration",
                            "amplifier": 3,
                            "visible": false,
                            "duration": 15
                        }
                    ]
                }
            },
            "minecraft:maz_hatter_angry": {
                "minecraft:angry": {
                    "duration": 25,
                    "broadcast_anger": true,
                    "broadcast_range": 30,
                    "broadcast_targets": [
                        "maz_hatter", "guard"],
                    "calm_event": {
                        "event": "minecraft:on_calm",
                        "target": "self"
                    }
                }
            },
            "minecraft:maz_hatter_calm": {
                "minecraft:on_target_acquired": {
                    "event": "minecraft:become_angry",
                    "target": "self"
                }
            },
			"normal": {
				"minecraft:type_family": {
					"family": ["maz_hatter", "player", "mtf", "human", "male", "ntf"]
				},
				"minecraft:damage_sensor": {
                "triggers": [{
                        "on_damage": {
                            "filters": {
                                "test": "is_family",
                                "subject": "other",
                                "value": "mtf"
                            }
                        },
                        "deals_damage": false
                    }, {
                        "on_damage": {
                            "filters": {
                                "all_of": [{
                                        "test": "has_damage",
                                        "value": "fatal"
                                    }
                                ]
                            },
                            "event": "minecraft:event_spawn_dead"
                        }
                    }, {
                        "on_damage": {
                            "filters": {
								"test": "is_family", "subject": "other", "value": "scp2295" }
                        },
                        "deals_damage": false
                    }, {
                        "on_damage": {
                            "filters": {
								"test": "has_damage", "value": "magic" }
                        },
                        "deals_damage": false
                    }, {
                        "on_damage": {
                            "filters": {
								"test": "has_damage", "value": "wither" }
                        },
                        "deals_damage": false
                    }, {
                        "on_damage": {
                            "filters": {
								"test": "has_damage", "value": "thorns" }
                        },
                        "deals_damage": false
                    }
                ]
            }
			},
			"scp166_effect": {
				"minecraft:type_family": {
					"family": ["effected", "player"]
				},
				"minecraft:damage_sensor": {
                "triggers": [{
                        "on_damage": {
                            "filters": {
                                "all_of": [{
                                        "test": "has_damage",
                                        "value": "fatal"
                                    }
                                ]
                            },
                            "event": "minecraft:event_spawn_dead"
                        }
                    }
                ]
			}
			},
			"035_mode": {
                "minecraft:target_nearby_sensor": {
                    "inside_range": 3.0,
                    "outside_range": 4.0,
                    "on_inside_range": {
                        "event": "minecraft:035_melee",
                        "target": "self"
                    },
                    "on_outside_range": {
                        "event": "minecraft:035_ranged",
                        "target": "self"
                    }
                }
            },
			"035_control": {
				 "minecraft:type_family": {
                    "family": ["scp035", "monster"]
                },
				"minecraft:health": {
					"value": 400,
					"max": 400
				},
				"minecraft:damage_over_time": {
					"damage_per_hurt": 1,
					"time_between_hurt": 10
				},
				"minecraft:damage_sensor": {
                "triggers": [{
                        "on_damage": {
                            "filters": {
                                "all_of": [{
                                        "test": "has_damage",
                                        "value": "fatal"
                                    }
                                ]
                            },
                            "event": "minecraft:event_spawn_dead"
                        }
                    }, {
                        "on_damage": {
                            "filters": {
								"test": "is_family", "subject": "other", "value": "scp2295" }
                        },
                        "deals_damage": false
                    }
                ]
			}
			},
			"035_fight": {
				"minecraft:behavior.nearest_attackable_target": {
                "priority": 2,
                "within_radius": 50,
                "reselect_targets": true,
                "entity_types": [{
                        "filters": {
                            "all_of": [{
                                    "any_of": [{
                                            "test": "is_family",
                                            "subject": "other",
                                            "value": "human"
                                        }, {
                                            "test": "is_family",
                                            "subject": "other",
                                            "value": "player"
                                        }
                                    ]
                                }
                            ]
                        },
                        "max_dist": 50
                    }, {
                        "filters": {
                            "all_of": [{
                                    "any_of": [{
                                            "test": "is_family",
                                            "subject": "other",
                                            "value": "door_c"
                                        },
										{
                                            "test": "is_family",
                                            "subject": "other",
                                            "value": "butt_d"
                                        },
										{
                                            "test": "is_family",
                                            "subject": "other",
                                            "value": "lever_u"
                                        }
                                    ]
                                }
                            ]
                        },
                        "max_dist": 1.5,
                        "must_see": true
                    }
                ],
				"within_radius": 64,
                "must_see": true,
                "must_see_forget_duration": 170.0
            },
			"minecraft:behavior.summon_entity": {
                    "priority": -1,
                    "summon_choices": [{
                            "min_activation_range": 0.0,
                            "max_activation_range": 100.0,
                            "cooldown_time": 60.0,
                            "weight": 3,
                            "cast_duration": 10.0,
                            "particle_color": "#FF664D59",
                            "start_sound_event": "cast.spell",
                            "sequence": [{
                                    "shape": "circle",
                                    "target": "target",
                                    "base_delay": 9.0,
                                    "delay_per_summon": 0.0,
                                    "num_entities_spawned": 5,
                                    "entity_type": "entity:scp035_ten",
                                    "size": 0.1,
                                    "entity_lifespan": 30,
                                    "sound_event": "prepare.attack"
                                }
                            ]
                        }
                    ]
                }
			},
			"fight": {
				"minecraft:behavior.avoid_mob_type": {
                "priority": 0,
                "entity_types": [{
                        "filters": {
                            "any_of": [{
                                    "test": "is_family",
                                    "subject": "other",
                                    "value": "monster"
                                }, {
                                    "test": "is_family",
                                    "subject": "other",
                                    "value": "chaos"
                                }, {
                                    "test": "is_family",
                                    "subject": "other",
                                    "value": "scp049"
                                }, {
                                    "test": "is_family",
                                    "subject": "other",
                                    "value": "door_k"
                                }, {
                                    "test": "is_family",
                                    "subject": "other",
                                    "value": "scp096"
                                }
                            ]
                        },
                        "walk_speed_multiplier": 1.2,
                        "sprint_speed_multiplier": 1.2
                    },
					{
                            "filters": {
                                "all_of": [{
                                        "test": "is_family",
                                        "subject": "other",
                                        "value": "bomb"
                                    }
                                ]
                            },
                            "max_dist": 20,
                            "walk_speed_multiplier": 1.2,
                            "sprint_speed_multiplier": 1.2
                        }
                ],
                "max_dist": 6
            },
            "minecraft:behavior.nearest_attackable_target": {
                "priority": 1,
                "within_radius": 64,
                "reselect_targets": true,
                "entity_types": [{
                        "filters": {
                            "all_of": [{
                                    "any_of": [{
                                            "test": "is_family",
                                            "subject": "other",
                                            "value": "chaos"
                                        }, {
                                            "test": "is_family",
                                            "subject": "other",
                                            "value": "scp682"
                                        }, {
                                            "test": "is_family",
                                            "subject": "other",
                                            "value": "scp049"
                                        }, {
                                            "test": "is_family",
                                            "subject": "other",
                                            "value": "d_class"
                                        }, {
                                            "test": "is_family",
                                            "subject": "other",
                                            "value": "monster"
                                        }
                                    ]
                                }
                            ]
                        },
                        "max_dist": 64
                    }, {
                        "filters": {
                            "all_of": [{
                                    "any_of": [{
                                            "test": "is_family",
                                            "subject": "other",
                                            "value": "door_c"
                                        },
										{
                                            "test": "is_family",
                                            "subject": "other",
                                            "value": "butt_d"
                                        },
										{
                                            "test": "is_family",
                                            "subject": "other",
                                            "value": "lever_u"
                                        }
                                    ]
                                }
                            ]
                        },
                        "max_dist": 1.5,
                        "must_see": true
                    }, {
                        "filters": {
                            "all_of": [{
                                    "test": "has_tag",
                                    "subject": "other",
                                    "value": "chaos"
                                }
                            ]
                        },
                        "max_dist": 64
                    }, {
                        "filters": {
                            "all_of": [{
                                    "any_of": [{
                                            "test": "is_family",
                                            "subject": "other",
                                            "value": "scp166"
                                        }
                                    ]
                                }
                            ]
                        },
                        "max_dist": 5,
                        "must_see": true
                    }
                ],
				"within_radius": 64,
                "must_see": true,
                "must_see_forget_duration": 170.0
            }
			}
        },
        "components": {
            "minecraft:collision_box": {
                "width": 0.6,
                "height": 1.8
            },
            "minecraft:behavior.open_door": {
                "priority": 5,
                "close_door_after": true
            },
            "minecraft:breathable": {
                "totalSupply": 15,
                "suffocateTime": 0,
                "breathesWater": true
            },
            "minecraft:health": {
                "value": 20,
                "max": 20
            },
            "minecraft:behavior.float": {
                "priority": 0
            },
            "minecraft:loot": {
                "table": "loot_tables/entities/maz_hatter.json"
            },
            "minecraft:movement": {
                "value": 0.25
            },
            "minecraft:navigation.walk": {
                "is_amphibious": true,
                "can_pass_doors": true,
                "can_open_doors": true,
                "avoid_water": true
            },
            "minecraft:annotation.open_door": {},
            "minecraft:movement.basic": {},
            "minecraft:jump.static": {},
            "minecraft:can_climb": {},
            "minecraft:nameable": {},
            "minecraft:equipment": {
                "table": "loot_tables/entities"
            },
			"minecraft:attack": {
                "damage": 10
            },
            "minecraft:pushable": {
                "is_pushable": true,
                "is_pushable_by_piston": true
            },
			"minecraft:rideable": {
				"seat_count": 1,
				"family_types": [
					"035_mob"
				],
				"pull_in_entities": true,
					"seats": [
					{
						"position": [ 0, 1.35, 0 ],
						"rotate_rider_by": 1,
						"lock_rider_rotation": -360
					}
				]
			},
            "minecraft:behavior.hurt_by_target": {
                "priority": 1,
                "entity_types": {
                    "filters": {
						"any_of": [{
                        "test": "is_family",
                        "subject": "other",
                        "operator": "!=",
                        "value": "scp073"
						}
					]
                    },
                    "max_dist": 64
                }
            },
            "minecraft:follow_range": {
                "value": 64
            },
            "minecraft:behavior.random_stroll": {
                "priority": 5,
                "speed_multiplier": 1
            },
            "minecraft:behavior.look_at_player": {
                "priority": 8,
                "look_distance": 8,
                "probability": 0.02
            },
            "minecraft:behavior.look_at_player": {
                "priority": 6,
                "look_distance": 8
            },
            "minecraft:behavior.random_look_around": {
                "priority": 6
            },
            "minecraft:physics": {}
        },

        "events": {
            "minecraft:entity_spawned": {
                "randomize": [{
                        "remove": {
							"component_groups": [
								"minecraft:maz_hatter_calm",
								"minecraft:mode_switcher",
								"minecraft:ranged_attack",
								"minecraft:melee_attack"
							]
						},
                        "add": {
                            "component_groups": [
                                "minecraft:maz_hatter_calm",
								"minecraft:mode_switcher",
								"minecraft:nofollow",
								"normal",
								"fight"
                            ]
                        }
                    }
                ]
            },
			"minecraft:entity_born": {
				"add": {
					"component_groups": [
                        "minecraft:maz_hatter_calm",
						"minecraft:mode_switcher",
						"fight",
						"normal"
                    ]
				}
			},
            "minecraft:on_calm": {
                "remove": {
                    "component_groups": [
                        "minecraft:maz_hatter_angry",
						"minecraft:mode_switcher"
                    ]
                },
                "add": {
                    "component_groups": [
                        "minecraft:maz_hatter_calm",
						"minecraft:mode_switcher"
                    ]
                }
            },
            "minecraft:become_angry": {
                "remove": {
                    "component_groups": [
                        "minecraft:maz_hatter_calm",
						"minecraft:mode_switcher"
                    ]
                },
                "add": {
                    "component_groups": [
                        "minecraft:maz_hatter_angry",
						"minecraft:mode_switcher"
                    ]
                }
            },
            "minecraft:event_spawn_dead": {
                "add": {
                    "component_groups": ["minecraft:is_dead"]
                }
            },
			"minecraft:to_melee_attack": {
                "remove": {
                    "component_groups": [
                        "minecraft:ranged_attack",
                        "minecraft:maz_hatter_calm",
						"minecraft:maz_hatter_angry"
                    ]
                },
                "add": {
                    "component_groups": [
                        "minecraft:melee_attack"
                        
                    ]
                }
            },
            "minecraft:to_ranged_attack": {
                "remove": {
                    "component_groups": [
                        "minecraft:melee_attack",
						"minecraft:maz_hatter_calm"
                        
                    ]
                },
                "add": {
                    "component_groups": [
                        "minecraft:ranged_attack",
                        "minecraft:maz_hatter_angry"
                    ]
                }
            },
			"minecraft:on_tame": {
                "remove": {
                    "component_groups": [
                        "minecraft:nofollow"
                    ]
                },
                "add": {
                    "component_groups": [
                        "minecraft:follow"
                    ]
                }
            },
			"scp166_e": {
				"remove": {
					"component_groups": [
						"normal"
					]
				},
				"add": {
					"component_groups": [
						"scp166_effect"
					]
				}
			},
			"minecraft:035_ranged": {
				"add": {
					"component_groups": [
						"minecraft:ranged_attack"
					]
				},
				"remove": {
					"component_groups": [
						"minecraft:melee_attack"
					]
				}
			},
			"minecraft:035_melee": {
				"add": {
					"component_groups": [
						"minecraft:melee_attack"
					]
				},
				"remove": {
					"component_groups": [
						"minecraft:ranged_attack"
					]
				}
			},
			"minecraft:035_control": {
				"add": {
					"component_groups": [
						"035_control",
						"035_fight",
						"035_mode"
					]
				},
				"remove": {
					"component_groups": [
						"minecraft:maz_hatter_angry",
						"minecraft:maz_hatter_calm",
						"minecraft:maz_hatter_nofollow",
						"minecraft:maz_hatter_follow",
						"minecraft:mode_switcher",
						"normal",
						"fight"
					]
				}
			}
        }
    }
}