{
  "format_version": "1.10.0",
  "minecraft:entity": {
    "description": {
      "identifier": "entity:scp058",
      "is_spawnable": true,
      "is_summonable": true,
      "is_experimental": false
    },
    "component_groups": {
    },
    "components": {
      "minecraft:nameable": {
      },

      // scp058 Components
      "minecraft:type_family": {
        "family": [ "scp058", "monster" ]
      },
	  "minecraft:pushable": {
                "is_pushable": true,
                "is_pushable_by_piston": true
            },
      "minecraft:collision_box": {
        "width": 0.6,
        "height": 1.8
      },
      "minecraft:movement.basic": {
      },
      "minecraft:navigation.climb": {
        "can_path_over_water": true
      },
      "minecraft:annotation.break_door": {
      },
      "minecraft:jump.static": {
      },
      "minecraft:can_climb": {
      },
      "minecraft:attack": {
        "damage": 8,
		"effect_name": "poison",
        "effect_duration": 10
      },
      "minecraft:behavior.float": {
        "priority": 0
      },
      "minecraft:fall_damage": {
                "value": 0.0
            },
      "minecraft:health": {
        "value": 2000,
        "max": 2000
      },
      "minecraft:behavior.melee_attack": {
          "priority": 4,
          "speed_multiplier": 2,
		  "reach_multiplier": 5,
          "track_target": false
        },
      "minecraft:breathable": {
        "totalSupply": 15,
        "suffocateTime": 0,
        "breathesAir": true,
        "breathesWater": true
      },
      "minecraft:loot": {
        "table": "loot_tables/entities/scp058.json"
      },

      // scp058 Behaviors
      "minecraft:behavior.move_towards_restriction": {
        "priority": 5,
        "speed_multiplier": 1
      },
      "minecraft:behavior.random_stroll": {
        "priority": 6,
        "speed_multiplier": 1
      },
      "minecraft:behavior.look_at_player": {
        "priority": 7,
        "look_distance": 6,
        "probability": 0.02
      },
	  "minecraft:movement": {
          "value": 0.30
        },
      "minecraft:behavior.random_look_around": {
        "priority": 7
      },
      "minecraft:behavior.hurt_by_target": {
        "priority": 1
      },
      "minecraft:behavior.nearest_attackable_target": {
        "priority": 2,
        "within_radius": 25,
        "reselect_targets": true,
        "entity_types": [
          {
            "filters": {
              "any_of": [
                { "test": "is_family", "subject": "other", "value": "player" },
                { "test": "is_family", "subject": "other", "value": "dead" },
                { "test": "is_family", "subject": "other", "value": "irongolem" },
				{ "test": "is_family", "subject": "other", "value": "scp105" }
              ]
            },
            "max_dist": 35
          },
          {
            "filters": {
              "any_of": [
                { "test": "is_family", "subject": "other", "value": "villager" },
                { "test": "is_family", "subject": "other", "value": "wandering_trader" }
              ]
            },
            "max_dist": 35,
            "must_see": false
          }
        ],
        "must_see": true
      },
      "minecraft:physics": {
      }
    },

    "events": {
    }
  }
}
