{
    "format_version": "1.14.0",
    "minecraft:entity": {
        "description": {
            "identifier": "entity:scp023",
            "is_spawnable": true,
            "is_summonable": true,
            "is_experimental": false,
            "scripts": {
                "animate": [
                    "scp023cursed",
                    "walking"
                ]
            },
            "animations": {
                "scp023cursed": "controller.animation.scp023.cursed",
                "walking": "controller.animation.scp023"
            }
        },
        "component_groups": {
            "minecraft:scp023_baby": {
                "minecraft:is_baby": {},
                "minecraft:scale": {
                    "value": 0.5
                }
            },
            "minecraft:scp023_adult": {
                "minecraft:scale": {
                    "value": 1.5
                }
            },
            "minecraft:cursed": {
                "minecraft:is_stunned": {}
            },
            "minecraft:scp023_calm": {
                "minecraft:on_target_acquired": {
                    "event": "minecraft:become_angry",
                    "target": "self"
                },
                "minecraft:movement": {
                    "value": 0.3
                }
            },

            "minecraft:scp023_angry": {
                "minecraft:angry": {
                    "duration": 25,
                    "calm_event": {
                        "event": "minecraft:on_calm",
                        "target": "self"
                    }
                },
                "minecraft:movement": {
                    "value": 0.3
                },
                "minecraft:behavior.melee_attack": {
                    "priority": 8,
                    "speed_multiplier": 1.3,
                    "track_target": true
                }
            }
        },
        "components": {
            "minecraft:nameable": {},
            "minecraft:type_family": {
                "family": ["scp023", "wolf"]
            },
            "minecraft:pushable": {
                "is_pushable": true,
                "is_pushable_by_piston": true
            },
			"minecraft:behavior.summon_entity": {
                    "priority": 1,
                    "summon_choices": [{
                            "min_activation_range": 0.0,
                            "max_activation_range": 100.0,
                            "cooldown_time": 1500000.0,
                            "weight": 3,
                            "cast_duration": 0.0,
                            "particle_color": "#FF664D59",
                            "start_sound_event": "cast.spell",
                            "sequence": [{
                                    "shape": "circle",
                                    "target": "target",
                                    "base_delay": 0.05,
                                    "delay_per_summon": 0.0,
                                    "num_entities_spawned": 1,
                                    "entity_type": "bd:curse",
                                    "size": 0.0,
                                    "entity_lifespan": 10,
                                    "sound_event": "prepare.attack"
                                }
                            ]
                        }
                    ]
                },
            "minecraft:collision_box": {
                "width": 0.4,
                "height": 0.8
            },
            "minecraft:movement": {
                "value": 0.23
            },
            "minecraft:movement.basic": {},
            "minecraft:navigation.walk": {
                "is_amphibious": true,
                "can_pass_doors": true,
                "can_break_doors": true,
                "can_walk": true
            },
            "minecraft:lookat": {
                "search_radius": 35,
                "set_target": true,
                "look_cooldown": 0.0,
                "filters": {
                    "test": "is_family",
                    "subject": "other",
                    "value": "player"
                }
            },
            "minecraft:annotation.break_door": {},
            "minecraft:jump.static": {},
            "minecraft:can_climb": {},
            "minecraft:attack": {
                "damage": 5
            },
            "minecraft:behavior.float": {
                "priority": 0
            },

            "minecraft:health": {
                "value": 50,
                "max": 50
            },
            "minecraft:breathable": {
                "totalSupply": 15,
                "suffocateTime": 0,
                "breathesAir": true,
                "breathesWater": true
            },
            "minecraft:loot": {
                "table": "loot_tables/entities/scp023.json"
            },
            "minecraft:behavior.move_towards_restriction": {
                "priority": 5,
                "speed_multiplier": 0.79
            },
            "minecraft:behavior.random_stroll": {
                "priority": 6,
                "speed_multiplier": 0.79
            },
            "minecraft:behavior.look_at_player": {
                "priority": 7,
                "look_distance": 6,
                "probability": 0.02
            },
            "minecraft:follow_range": {
                "value": 35,
                "max": 35
            },
            "minecraft:behavior.random_look_around": {
                "priority": 7
            },
            "minecraft:behavior.hurt_by_target": {
                "priority": 1
            },
            "minecraft:physics": {}
        },

        "events": {
            "minecraft:entity_spawned": {
                "randomize": [{
                        "weight": 380,
                        "remove": {},
                        "add": {
                            "component_groups": [
                                "minecraft:scp023_adult",
                                "minecraft:can_have_equipment",
                                "minecraft:scp023_calm"
                            ]
                        }
                    }, {
                        "weight": 17,
                        "remove": {},
                        "add": {
                            "component_groups": [
                                "minecraft:scp023_baby",
                                "minecraft:can_have_equipment",
                                "minecraft:scp023_calm"
                            ]

                        }
                    }, {
                        "weight": 3,
                        "remove": {},
                        "add": {
                            "component_groups": [
                                "minecraft:scp023_baby",
                                "minecraft:scp023_jockey",
                                "minecraft:can_have_equipment"
                            ]
                        }
                    }
                ]
            },
            "minecraft:as_adult": {
                "add": {
                    "component_groups": [
                        "minecraft:scp023_adult"
                    ]
                }
            },
            "minecraft:as_baby": {
                "add": {
                    "component_groups": [
                        "minecraft:scp023_baby"
                    ]
                }
            },
            "minecraft:dead": {
                "add": {
                    "component_groups": [
                        "minecraft:cursed"
                    ]
                }
            },
            "minecraft:become_angry": {
                "remove": {
                    "component_groups": [
                        "minecraft:scp023_calm"
                    ]
                },
                "add": {
                    "component_groups": [
                        "minecraft:scp023_angry",
                        "minecraft:cursed"
                    ]
                }
            },
            "minecraft:on_calm": {
                "remove": {
                    "component_groups": [
                        "minecraft:scp023_angry"
                    ]
                },
                "add": {
                    "component_groups": [
                        "minecraft:scp023_calm"
                    ]
                }
            }
        }
    }
}
