{
    "format_version": "1.10.0",
    "minecraft:entity": {
        "description": {
            "identifier": "entity:scp105",
            "is_spawnable": true,
            "is_summonable": true,
            "is_experimental": false
        },
        "component_groups": {
            "minecraft:taking": {
                "minecraft:timer": {
                    "time": 6,
                    "looping": false,
                    "time_down_event": {
                        "event": "minecraft:on_calm"
                    }
				},
                "minecraft:behavior.ranged_attack": {
                    "priority": 1,
                    "attack_interval_min": 50,
                    "attack_interval_max": 50,
                    "charge_charged_trigger": 0,
                    "charge_shoot_trigger": 30,
                    "speed_multiplier": 0.8,
                    "attack_radius": 50
                },
                "minecraft:shooter": {
                    "type": "smallfireball",
                    "def": "entity:flashing"
                }
            },
            "minecraft:using": {
				"minecraft:angry": {
                    "duration": 20,
                    "broadcast_anger": false,
                    "calm_event": {
                        "event": "minecraft:return",
                        "target": "self"
                    }
                },
                "minecraft:behavior.summon_entity": {
                    "priority": 1,
                    "summon_choices": [{
                            "min_activation_range": 0.0,
                            "max_activation_range": 100.0,
                            "cooldown_time": 15.0,
                            "weight": 3,
                            "cast_duration": 10.0,
                            "particle_color": "#FF664D59",
                            "start_sound_event": "cast.spell",
                            "sequence": [{
                                    "shape": "circle",
                                    "target": "target",
                                    "base_delay": 1.0,
                                    "delay_per_summon": 0.0,
                                    "num_entities_spawned": 1,
                                    "entity_type": "entity:scp105_hand",
                                    "size": 0.1,
                                    "entity_lifespan": 10,
                                    "sound_event": "prepare.attack"
                                }
                            ]
                        }
                    ]
                }
            },
			"minecraft:scp105_calm": {
                "minecraft:on_target_acquired": {
                    "event": "minecraft:is_taking",
                    "target": "self"
                }
            }
        },
        "components": {
            "minecraft:nameable": {},

            // scp105 Components
            "minecraft:type_family": {
                "family": ["scp105"]
            },
            "minecraft:pushable": {
                "is_pushable": true,
                "is_pushable_by_piston": true
            },
            "minecraft:collision_box": {
                "width": 0.6,
                "height": 1.8
            },
            "minecraft:movement.basic": {},
            "minecraft:navigation.walk": {
                "is_amphibious": true,
                "can_pass_doors": true,
                "can_break_doors": true,
                "can_walk": true
            },
            "minecraft:movement": {
                "value": 0.25
            },
			"minecraft:persistent": {},
            "minecraft:annotation.break_door": {},
            "minecraft:jump.static": {},
            "minecraft:can_climb": {},
            "minecraft:behavior.float": {
                "priority": 0
            },

            "minecraft:health": {
                "value": 200,
                "max": 200
            },
			"minecraft:area_attack" : {
				"damage_range": 1.5,
				"damage_per_tick": 10,
				"cause": "contact",
				"entity_filter": {
					"any_of": [
						{ "test": "is_family", "subject": "other", "value": "butt_d" },
						{ "test": "is_family", "subject": "other", "value": "lever_u" },
						{ "test": "is_family", "subject": "other", "value": "door_c" }
					]
				}
			},
            "minecraft:breathable": {
                "totalSupply": 15,
                "suffocateTime": 0,
                "breathesAir": true,
                "breathesWater": true
            },
            "minecraft:loot": {
                "table": "loot_tables/entities/scp105.json"
            },

            // scp105 Behaviors
            "minecraft:behavior.move_towards_restriction": {
                "priority": 3,
                "speed_multiplier": 1
            },
            "minecraft:follow_range": {
                "value": 64
            },
            "minecraft:behavior.random_stroll": {
                "priority": 4,
                "speed_multiplier": 1
            },
			"minecraft:behavior.lay_down": {
                "priority": 7,
                "random_interval": 230,
                "random_stop_interval": 2300
            },
            "minecraft:behavior.look_at_player": {
                "priority": 7,
                "look_distance": 6,
                "probability": 0.02
            },
            "minecraft:behavior.avoid_mob_type": {
                "priority": 0,
                "entity_types": [{
                        "filters": {
                            "any_of": [{
                                    "test": "is_family",
                                    "subject": "other",
                                    "value": "monster"
                                }, {
                                    "test": "is_family",
                                    "subject": "other",
                                    "value": "chaos"
                                }, {
                                    "test": "is_family",
                                    "subject": "other",
                                    "value": "scp049"
                                }, {
                                    "test": "is_family",
                                    "subject": "other",
                                    "value": "scp096"
                                }
                            ]
                        },
                        "walk_speed_multiplier": 1.4,
                        "sprint_speed_multiplier": 1.4
                    }, {
                        "filters": {
                            "all_of": [{
                                    "test": "is_family",
                                    "subject": "other",
                                    "value": "bomb"
                                }
                            ]
                        },
                        "max_dist": 6,
                        "walk_speed_multiplier": 1.4,
                        "sprint_speed_multiplier": 1.4
                    }, {
                        "filters": {
                            "any_of": [{
                                    "test": "is_family",
                                    "subject": "other",
                                    "value": "scp847"
                                }
                            ]
                        },
						"max_dist": 30,
                        "walk_speed_multiplier": 1.4,
                        "sprint_speed_multiplier": 1.4
                    }
                ],
                "max_dist": 6
            },
			"minecraft:damage_sensor": {
                "triggers": [{
                        "on_damage": {
                            "filters": {
                                "test": "is_family",
                                "subject": "other",
                                "value": "mtf"
                            }
                        },
                        "deals_damage": false
                    }, {
                        "on_damage": {
                            "filters": {
								"test": "is_family", "subject": "other", "value": "scp2295" }
                        },
                        "deals_damage": false
                    }
                ]
            },
            "minecraft:behavior.nearest_attackable_target": {
                "priority": 1,
                "within_radius": 64,
                "reselect_targets": true,
                "entity_types": [{
                        "filters": {
                            "all_of": [{
                                    "any_of": [{
                                            "test": "is_family",
                                            "subject": "other",
                                            "value": "chaos"
                                        }, {
                                            "test": "is_family",
                                            "subject": "other",
                                            "value": "scp682"
                                        }, {
                                            "test": "is_family",
                                            "subject": "other",
                                            "value": "scp049"
                                        }, {
                                            "test": "is_family",
                                            "subject": "other",
                                            "value": "monster"
                                        }, {
                                            "test": "is_family",
                                            "subject": "other",
                                            "value": "scp847"
                                        }
                                    ]
                                }
                            ]
                        },
                        "max_dist": 64
                    }, {
                        "filters": {
                            "all_of": [{
                                    "test": "has_tag",
                                    "subject": "other",
                                    "value": "chaos"
                                }
                            ]
                        },
                        "max_dist": 64
                    }
                ],
                "within_radius": 64,
                "must_see": true,
                "must_see_forget_duration": 170.0
            },
            "minecraft:behavior.random_look_around": {
                "priority": 7
            },
            "minecraft:behavior.hurt_by_target": {
                "priority": 1
            },
            "minecraft:physics": {}
        },
        "events": {
			"minecraft:entity_spawned": {
				"add": {
					"component_groups": [
						"minecraft:scp105_calm"
					]
				},
				"remove": {}
			},
            "minecraft:is_taking": {
                "add": {
                    "component_groups": [
                        "minecraft:taking"
                    ]
                },
				"remove": {
					"component_groups": [
						"minecraft:scp105_calm"
					]
				}
            },
            "minecraft:on_calm": {
                "remove": {
                    "component_groups": [
                        "minecraft:taking",
						"minecraft:scp105_calm",
						"minecraft:using"
                    ]
                },
				"add": {
					"component_groups": [
						"minecraft:using"
					]
				}
            },
			"minecraft:return": {
                "remove": {
                    "component_groups": [
                        "minecraft:using"
                    ]
                },
				"add": {
					"component_groups": [
						"minecraft:scp105_calm"
					]
				}
            },
			"minecraft:is_using": {
                "add": {
                    "component_groups": [
                        "minecraft:taking"
                    ]
                },
				"remove": {
                    "component_groups": [
                        "minecraft:taking",
						"minecraft:scp105_calm",
						"minecraft:using"
                    ]
                }
            }
        }
    }
}