{
    "format_version": "1.10.0",
    "minecraft:entity": {
        "description": {
            "identifier": "entity:scp131",
            "is_spawnable": true,
            "is_summonable": true,
            "is_experimental": false,
			"scripts": {
                "animate": [
                    "walking"
                ]
            },
            "animations": {
                "walking": "controller.animation.scp131"
            }
        },
        "component_groups": {
			"e1": {
                "minecraft:variant": {
                    "value": 0
                }
			},
			"e2": {
                "minecraft:variant": {
                    "value": 1
                }
			},
			"ex": {
                "minecraft:variant": {
                    "value": 2
                }
			},
			"minecraft:scp131_nofollow": {
                "minecraft:tameable": {
                    "probability": 0.33,
                    "tameItems": "apple",
                    "tame_event": {
                        "event": "minecraft:on_tame",
                        "target": "self"
                    }
                }
            },
			 "minecraft:scp131_follow": {
                "minecraft:is_tamed": {},
                "minecraft:behavior.follow_owner": {
                    "priority": 6,
                    "speed_multiplier": 1.0,
                    "start_distance": 6,
                    "stop_distance": 2
                },
                "minecraft:healable": {
                    "items": [{
                            "item": "apple",
                            "heal_amount": 8
                        }
                    ]
                },
				"minecraft:sittable": {
				}
            }
        },
        "components": {
            "minecraft:nameable": {},

            "minecraft:type_family": {
                "family": ["scp131", "scp"]
            },
            "minecraft:collision_box": {
                "width": 0.4,
                "height": 0.4
            },
            "minecraft:movement.basic": {},
            "minecraft:navigation.walk": {
                "is_amphibious": true,
                "can_pass_doors": true,
                "can_break_doors": true,
                "can_walk": true
            },
			"minecraft:behavior.ranged_attack": {
                    "priority": 4,
                    "attack_interval_min": 50,
                    "attack_interval_max": 50,
                    "charge_charged_trigger": 0,
                    "charge_shoot_trigger": 30,
                    "speed_multiplier": 0.8,
                    "attack_radius": 5
                },
                "minecraft:shooter": {
                    "type": "smallfireball",
                    "def": "entity:looks"
                },
			"minecraft:fall_damage": {
                "value": 0.0
            },
			"minecraft:behavior.nearest_attackable_target": {
                "priority": 2,
                "within_radius": 16,
                "reselect_targets": true,
                "entity_types": [{
                        "filters": {
                            "all_of": [{
                                    "any_of": [{
                                            "test": "is_family",
                                            "subject": "other",
                                            "value": "scp173"
                                        }
                                    ]
                                }
                            ]
                        },
                        "max_dist": 16
                    }
                ],
                "within_radius": 16,
                "must_see": false,
                "must_see_forget_duration": 10.0
            },
            "minecraft:annotation.break_door": {},
            "minecraft:jump.static": {},
            "minecraft:can_climb": {},
            "minecraft:pushable": {
                "is_pushable": true,
                "is_pushable_by_piston": true
            },
            "minecraft:behavior.float": {
                "priority": 0
            },

            "minecraft:health": {
                "value": 20,
                "max": 20
            },
            "minecraft:breathable": {
                "totalSupply": 15,
                "suffocateTime": 0,
                "breathesAir": true,
                "breathesWater": true
            },
            "minecraft:loot": {
                "table": "loot_tables/entities/scp131.json"
            },

            "minecraft:behavior.move_towards_restriction": {
                "priority": 5,
                "speed_multiplier": 0.5
            },
            "minecraft:behavior.random_stroll": {
                "priority": 6,
                "speed_multiplier": 0.5
            },
            "minecraft:behavior.look_at_player": {
                "priority": 7,
                "look_distance": 6,
                "probability": 0.02
            },
            "minecraft:behavior.random_look_around": {
                "priority": 7
            },
            "minecraft:physics": {}
        },

        "events": {
		 "minecraft:entity_spawned": {
                "randomize": [{
                        "weight": 100,
                        "add": {
                            "component_groups": ["e1", "minecraft:scp131_nofollow"]
                        }
                    }, {
                        "weight": 100,
                        "add": {
                            "component_groups": ["e2", "minecraft:scp131_nofollow"]
                        }
                    }, {
                        "weight": 5,
                        "add": {
                            "component_groups": ["ex", "minecraft:scp131_nofollow"]
                        }
                    }
                ]
            },
			"minecraft:on_tame": {
				"remove": {
					"component_groups": [
						"minecraft:scp131_nofollow"
					]
				},
				"add": {
					"component_groups": [
						"minecraft:scp131_follow"
					]
				}
			}
		}
	}
}