{
    "format_version": "1.10.0",
    "minecraft:entity": {
        "description": {
            "identifier": "entity:scp178_1",
            "is_spawnable": true,
            "is_summonable": true,
            "is_experimental": false,
			"scripts": {
                "animate": [
                    "walking"
                ]
            },
            "animations": {
                "walking": "controller.animation.scp178"
            }
        },
        "component_groups": {
            "minecraft:scp178_1_baby": {
                "minecraft:is_baby": {},
                "minecraft:scale": {
                    "value": 0.5
                }
            },
			"minecraft:despawning": {
                "minecraft:type_family": {
                    "family": ["despawer", "despawer_despawning"
                    ]
                }
            }
        },
        "components": {
            "minecraft:nameable": {},

            // scp178_1 Components
            "minecraft:type_family": {
                "family": ["scp178_1", "scp178"]
            },
            "minecraft:pushable": {
                "is_pushable": false,
                "is_pushable_by_piston": true
            },
            "minecraft:collision_box": {
                "width": 0.6,
                "height": 1.8
            },
            "minecraft:movement": {
                "value": 1.5
            },
			"minecraft:entity_sensor": {
                    "sensor_range": 45.0,
                    "event_filters": [{
                            "test": "is_family",
                            "subject": "other",
                            "value": "scp178_1"
                        }
                    ],
                    "maximum_count": 100,
                    "minimum_count": 30,
                    "require_all": false,
                    "event": "minecraft:despawned"
                },
            "minecraft:movement.fly": {},
            "minecraft:navigation.float": {
                "is_amphibious": true,
                "can_pass_doors": true,
                "can_break_doors": true,
                "can_walk": true
            },
			"minecraft:push_through": {
				"value": 1.0
			},
			"minecraft:damage_sensor": {
                "triggers": [{
                        "cause": "projectile",
                        "deals_damage": false
                    }, {
                        "cause": "fire",
                        "deals_damage": false
                    }
                ]
            },
            "minecraft:annotation.break_door": {},
            "minecraft:jump.static": {},
            "minecraft:can_climb": {},
            "minecraft:attack": {
                "damage": 5
            },
            "minecraft:behavior.float": {
                "priority": 0
            },

            "minecraft:health": {
                "value": 50,
                "max": 50
            },
			"minecraft:despawn": {
                "filters": {
                    "all_of": [{
                            "any_of": [{
                                    "test":
                                    "is_family",
                                    "subject": "self",
                                    "value": "despawer_despawning"
                                }
                            ]
                        }
                    ]
                }
            },
            "minecraft:behavior.melee_attack": {
                "priority": 4,
                "speed_multiplier": 1.3,
                "track_target": false
            },
            "minecraft:loot": {
                "table": "loot_tables/entities/scp178_1.json"
            },

            // scp178_1 Behaviors
            "minecraft:behavior.move_towards_restriction": {
                "priority": 5,
                "speed_multiplier": 1.2
            },
            "minecraft:behavior.random_stroll": {
                "priority": 6,
                "speed_multiplier": 1.2
            },
            "minecraft:behavior.look_at_player": {
                "priority": 7,
                "look_distance": 6,
                "probability": 0.02
            },
            "minecraft:follow_range": {
                "value": 35,
                "max": 35
            },
            "minecraft:behavior.random_look_around": {
                "priority": 7
            },
			"minecraft:lookat": {
                "search_radius": 200,
                "set_target": true,
                "look_cooldown": 5.0,
                "filters": {
                    "any_of": [{
                            "subject": "other",
                            "test": "has_tag",
                            "value": "m178"
                        }
                    ]
                }
            },
			"minecraft:behavior.hurt_by_target": {
                "priority": 1,
                "entity_types": [{
                        "filters": {
                            "all_of": [{
                                    "test": "has_tag",
                                    "subject": "other",
									"operator": "==",
                                    "value": "m178"
                                }
                            ]
                        }
                    }
                ],
                "max_dist": 64
            },
			"minecraft:behavior.nearest_attackable_target": {
                "priority": 1,
                "within_radius": 32,
                "reselect_targets": true,
                "entity_types": [{
                        "filters": {
                            "any_of": [{
                                    "test": "has_tag",
                                    "subject": "other",
                                    "value": "m178"
                                }
                            ]
                        },
                        "max_dist": 3
                    }
                ],
                "must_see": true,
                "must_see_forget_duration": 30
            },
            "minecraft:physics": {
				"has_collision": false
			}
        },

        "events": {
            "minecraft:entity_spawned": {
                "randomize": [{
                        "weight": 380,
                        "remove": {},
                        "add": {
                            "component_groups": [
                                "minecraft:scp178_1_adult",
                                "minecraft:can_have_equipment"
                            ]
                        }
                    }, {
                        "weight": 17,
                        "remove": {},
                        "add": {
                            "component_groups": [
                                "minecraft:scp178_1_baby",
                                "minecraft:can_have_equipment"
                            ]

                        }
                    }, {
                        "weight": 3,
                        "remove": {},
                        "add": {
                            "component_groups": [
                                "minecraft:scp178_1_baby",
                                "minecraft:scp178_1_jockey",
                                "minecraft:can_have_equipment"
                            ]
                        }
                    }
                ]
            },
            "minecraft:as_adult": {
                "add": {
                    "component_groups": [
                        "minecraft:scp178_1_adult"
                    ]
                }
            },
            "minecraft:as_baby": {
                "add": {
                    "component_groups": [
                        "minecraft:scp178_1_baby"
                    ]
                }
            },
			"minecraft:despawned": {
				"add": {
					"component_groups": [
						"minecraft:despawning"
					]
				}
			}
        }
    }
}
