{
  "format_version": "1.10.0",
  "minecraft:entity": {
    "description": {
      "identifier": "entity:scp1048a",
      "is_spawnable": true,
      "is_summonable": true,
      "is_experimental": false
    },
    "component_groups": {
      "minecraft:scp1048a_baby": {
        "minecraft:is_baby": {},
        "minecraft:scale": {
          "value": 1
        },
        "minecraft:movement": {
          "value": 0.5
        },

        "minecraft:rideable": {
          "seat_count": 1,
          "family_types": [
            "scp1048a"
          ],
          "seats": {
            "position": [ 0.0, 1.1, -0.35 ],
            "lock_rider_rotation": 0
          }
        },
        "minecraft:behavior.mount_pathing": {
          "priority": 2,
          "speed_multiplier": 1.25,
          "target_dist": 0.0,
          "track_target": true
        }
      },

      "minecraft:scp1048a_jockey": {
        "minecraft:behavior.find_mount": {
          "priority": 1,
          "within_radius": 16
        }
      },
      "minecraft:can_have_equipment": {
        "minecraft:equipment": {
          "table": "loot_tables/entities/scp1048a_equipment.json"
        }
      }
    },
    "components": {
      "minecraft:nameable": {
      },

      // scp1048a Components
      "minecraft:type_family": {
        "family": [ "scp1048a", "monster" ]
      },
      "minecraft:behavior.open_door": {
        "priority": 5,
        "close_door_after": true
      },
      "minecraft:collision_box": {
        "width": 0.5,
        "height": 0.8
      },
      "minecraft:movement.basic": {
      },
      "minecraft:navigation.walk": {
        "is_amphibious": true,
        "can_pass_doors": true,
        "can_open_doors": true,
        "can_walk": true
      },
	  "minecraft:pushable": {
          "is_pushable": true,
          "is_pushable_by_piston": true
        },
      "minecraft:annotation.open_door": {
      },
      "minecraft:jump.static": {
      },
      "minecraft:can_climb": {
      },
      "minecraft:attack": {
        "damage": 8
      },
      "minecraft:follow_range": {
        "value": 70,
        "max": 70
      },
      "minecraft:behavior.float": {
        "priority": 0
      },
      
      "minecraft:health": {
        "value": 200,
        "max": 200
      },
      "minecraft:behavior.melee_attack": {
          "priority": 4,
          "speed_multiplier": 0.5,
          "track_target": false
        },
      "minecraft:breathable": {
        "totalSupply": 15,
        "suffocateTime": 0,
        "breathesAir": true,
        "breathesWater": true
      },
      "minecraft:loot": {
        "table": "loot_tables/entities/scp1048a.json"
      },

      // scp1048a Behaviors
      "minecraft:behavior.move_towards_restriction": {
        "priority": 5,
        "speed_multiplier": 0.5
      },
      "minecraft:behavior.random_stroll": {
        "priority": 6,
        "speed_multiplier": 0.5
      },
      "minecraft:behavior.look_at_player": {
        "priority": 7,
        "look_distance": 6,
        "probability": 0.02
      },
      "minecraft:behavior.random_look_around": {
        "priority": 7
      },
      "minecraft:behavior.hurt_by_target": {
        "priority": 1
      },
      "minecraft:behavior.nearest_attackable_target": {
        "priority": 2,
        "within_radius": 64,
        "reselect_targets": true,
        "entity_types": [
          {
            "filters": {
              "any_of": [
                { "test": "is_family", "subject": "other", "value": "player" },
                { "test": "is_family", "subject": "other", "value": "snowgolem" },
                { "test": "is_family", "subject": "other", "value": "irongolem" }
              ]
            },
            "max_dist": 64
          },
          {
            "filters": {
              "any_of": [
                { "test": "is_family", "subject": "other", "value": "villager" },
                { "test": "is_family", "subject": "other", "value": "wandering_trader" }
              ]
            },
            "max_dist": 64,
            "must_see": true,
            "must_see_forget_duration": 10000
          },
          {
            "filters": {
              "all_of": [
                { "test": "is_family", "subject": "other", "value": "baby_turtle" },
                { "test": "in_water", "subject": "other", "operator": "!=", "value": true }
              ]
            },
            "max_dist": 64
          }
        ],
        "must_see": true,
        "must_see_forget_duration": 10000
      },
      "minecraft:physics": {
      }
    },

    "events": {
      "minecraft:entity_spawned": {
        "randomize": [
          {
            "weight": 380,
            "remove": {},
            "add": {
              "component_groups": [
                "minecraft:scp1048a_adult",
                "minecraft:can_have_equipment"
              ]
            }
          },
          {
            "weight": 17,
            "remove": {
            },
            "add": {
              "component_groups": [
                "minecraft:scp1048a_baby",
                "minecraft:can_have_equipment"
              ]

            }
          },
          {
            "weight": 3,
            "remove": {
            },
            "add": {
              "component_groups": [
                "minecraft:scp1048a_baby",
                "minecraft:scp1048a_jockey",
                "minecraft:can_have_equipment"
              ]
            }
          }
        ]
      },
      "minecraft:as_adult": {
        "add": {
          "component_groups": [
            "minecraft:scp1048a_adult"
          ]
        }
      },
      "minecraft:as_baby": {
        "add": {
          "component_groups": [
            "minecraft:scp1048a_baby"
          ]
        }
      }
    }
  }
}
