{
    "format_version": "1.13.0",
    "minecraft:entity": {
        "description": {
            "identifier": "entity:scp303",
            "is_spawnable": true,
            "is_summonable": true,
            "is_experimental": false,
            "scripts": {
                "animate": [
                    "walking"
                ]
            },
            "animations": {
                "walking": "controller.animation.scp303"
            }
        },
        "component_groups": {
            "despawning": {
                "minecraft:type_family": {
                    "family": ["despawer", "despawer_despawning"
                    ]
                }
            }
        },
        "components": {
            "minecraft:collision_box": {
                "width": 0.3,
                "height": 1.85
            },
			"minecraft:type_family": {
                "family": [
                    "scp303"
                ]
            },
            "minecraft:nameable": {},
            "minecraft:navigation.float": {
                "can_path_over_water": true
            },
            "minecraft:movement.fly": {},
            "minecraft:jump.static": {},
            "minecraft:scale": {
                "value": 2
            },
            "minecraft:can_climb": {},
            "minecraft:follow_range": {
                "value": 50
            },
            "minecraft:fall_damage": {
                "value": 0.0
            },
            "minecraft:fire_immune": true,
            "minecraft:burns_in_daylight": false,
            "minecraft:loot": {
                "table": "null"
            },
            "minecraft:equipment": {
                "table": "null"
            },
            "minecraft:health": {
                "value": 30,
                "max": 30
            },
            "minecraft:pushable": {
                "is_pushable": false,
                "is_pushable_by_piston": false
            },
            "minecraft:behavior.charge_attack": {
                "priority": -1
            },
            "minecraft:lookat": {
                "search_radius": 15,
                "set_target": true,
                "look_cooldown": 0.0,
                "filters": {
                    "test": "is_family",
                    "subject": "other",
                    "value": "player"
                },
                "look_event": "minecraft:despawned"
            },
			"minecraft:despawn": {
                "filters": {
                    "all_of": [{
                            "any_of": [{
                                    "test":
                                    "is_family",
                                    "subject": "self",
                                    "value": "despawer_despawning"
                                }
                            ]
                        }
                    ]
                }
            },
            "minecraft:behavior.move_towards_restriction": {
                "priority": 5
            },
            "minecraft:behavior.random_stroll": {
                "priority": 7,
                "speed_multiplier": 1.5
            },
            "minecraft:behavior.look_at_player": {
                "priority": 8,
                "look_distance": 6.0,
                "probability": 0.02
            },
            "minecraft:behavior.look_at_entity": {
                "priority": 9,
                "look_distance": 6.0,
                "probability": 0.02,
                "filters": {
                    "test": "is_family",
                    "subject": "other",
                    "value": "mob"
                }
            },
            "minecraft:behavior.random_look_around": {
                "priority": 9
            },
            "minecraft:behavior.hurt_by_target": {
                "priority": 1
            },
			"minecraft:behavior.nearest_attackable_target": {
                "priority": -1,
                "within_radius": 2,
				"reselect_targets": true,
                "entity_types": [{
                        "filters": {
                            "other_with_families": ["door"]
                        },
                        "max_dist": 2
                    }
                ],
                "within_radius": 2,
                "must_see_forget_duration": 5.0,
                "must_see": true
            },
            "minecraft:damage_sensor": {
                "triggers": [{
                        "on_damage": {
                            "filters": {
                                "test": "has_damage",
                                "subject": "self",
                                "value": "suffocation"
                            }
                        },
                        "deals_damage": false
                    }
                ]
            },
            "minecraft:physics": {
                "has_collision": false
            }
        },

        "events": {
            "minecraft:despawned": {
                "add": {
                    "component_groups": [
                        "despawning"
                    ]
                }
            }
        }
    }
}