{
    "format_version": "1.13.0",
    "minecraft:entity": {
        "description": {
            "identifier": "entity:scp939",
            "is_spawnable": true,
            "is_summonable": true,
            "is_experimental": false
        },
        "component_groups": {
			"minecraft:scp939_baby": {
                "minecraft:is_baby": {},
                "minecraft:scale": {
                    "value": 0.5
                },
                "minecraft:movement": {
                    "value": 0.5
                },
				"minecraft:attack": {
					"damage": 5
				},
				"minecraft:ageable": {
                    "duration": 300,
                    "feed_items": [
                        "beef"
                    ],
                    "grow_up": {
                        "event": "minecraft:ageable_mid_grow_up",
                        "target": "self"
                    }
                },
				"minecraft:behavior.follow_parent": {
					"priority": 6,
					"speed_multiplier": 0.8
				}
			},
			"minecraft:scp939_mid": {
				"minecraft:scale": {
					"value": 0.9
				},
				"minecraft:attack": {
					"damage": 12
				},
				"minecraft:movement": {
                    "value": 0.45
                },
				"minecraft:ageable": {
                    "duration": 300,
                    "feed_items": [
                        "beef"
                    ],
                    "grow_up": {
                        "event": "minecraft:ageable_grow_up",
                        "target": "self"
                    }
                }
			},
			"minecraft:scp939_adult": {
				"minecraft:scale": {
					"value": 1.3
				},
				"minecraft:attack": {
					"damage": 20
				},
				"minecraft:movement": {
                    "value": 0.4
                }
			},
			"scp939": {
				"minecraft:variant": {
					"value": 0
				}
			},
			"scp939_2": {
				"minecraft:variant": {
					"value": 1
				}
			},
            "minecraft:hostile": {
                "minecraft:behavior.melee_attack": {
					"priority": 1,
					"reach_multiplier": 2.0,
					"speed_multiplier": 1.1,
					"track_target": true
				},
                "minecraft:behavior.random_stroll": {
                    "priority": 6,
                    "speed_multiplier": 0.6
                },
                "minecraft:behavior.look_at_player": {
                    "priority": 7,
                    "look_distance": 6,
                    "angle_of_view_horizontal": 90,
                    "probability": 1
                },
				"minecraft:spell_effects": {
                    "add_effects": [{
                            "effect": "regeneration",
                            "amplifier": 5,
                            "visible": false,
                            "duration": 60
                        }
                    ]
                },
                "minecraft:behavior.look_at_entity": {
                    "priority": 7,
                    "look_distance": 8,
                    "angle_of_view_horizontal": 0,
                    "filters": {
                        "test": "is_family",
                        "subject": "other",
                        "value": "mob"
                    }
                },
                "minecraft:behavior.hurt_by_target": {
                    "priority": 2,
                    "entity_types": {
                        "filters": {
                            "test": "is_family",
                            "subject": "other",
                            "operator": "!=",
                            "value": "scp939"
                        },
                        "max_dist": 64
                    }
                },
                "minecraft:behavior.nearest_attackable_target": {
                    "priority": 2,
                    "within_radius": 30,
					"reselect_targets": true,
                    "entity_types": [{
                            "filters": {
                                "all_of": [{
                                        "test": "is_sneaking",
                                        "subject": "other",
                                        "operator": "!="
                                    }, {
                                        "test": "is_moving",
                                        "subject": "other",
                                        "operator": "=="
                                    }, {
                                        "other_with_families": ["villager", "chicken", "pig", "mushroomcow", "player", "cow", "sheep", "donkey", "horse", "llama", "mule", "polar_bear", "ocelot", "cat", "wolf", "iron_golem", "scp682", "illager", "scp1048a", "dead", "scp105"]
                                    }
                                ]
                            },
                            "max_dist": 30
                        }
                    ],
                    "must_see": true,
                    "must_see_forget_duration": 10
                }
            },
            "stunned": {
                "minecraft:is_stunned": {},
                "minecraft:timer": {
                    "looping": false,
                    "time": 2,
                    "time_down_event": {
                        "event": "minecraft:start_roar"
                    }
                }
            },
            "roaring": {
                "minecraft:behavior.knockback_roar": {
                    "priority": 1,
                    "duration": 1,
                    "attack_time": 0.5,
                    "knockback_damage": 6,
                    "knockback_strength": 3,
                    "knockback_range": 4,
                    "knockback_filters": {
                        "test": "is_family",
                        "subject": "other",
                        "operator": "!=",
                        "value": "scp939"
                    },
                    "damage_filters": {
                        "test": "is_family",
                        "subject": "other",
                        "operator": "!=",
                        "value": "scp939"
                    },
                    "on_roar_end": {
                        "event": "minecraft:end_roar"
                    },
                    "cooldown_time": 0.1
                }
            }
        },
        "components": {
            "minecraft:behavior.float": {
                "priority": 0
            },
            "minecraft:ravager_blocked": {
                "knockback_strength": 3.0,
                "reaction_choices": [{
                        "weight": 1,
                        "value": {
                            "event": "minecraft:become_stunned",
                            "target": "self"
                        }
                    }, {
                        "weight": 1
                    }
                ]
            },
            "minecraft:collision_box": {
                "height": 1.0,
                "width": 0.6
            },
            "minecraft:health": {
                "max": 150,
                "value": 150
            },
            "minecraft:jump.static": {},
            "minecraft:loot": {
                "table": "loot_tables/entities/scp939.json"
            },
            "minecraft:knockback_resistance": {
                "value": 0.5
            },
            "minecraft:movement": {
                "value": 0.1
            },
            "minecraft:movement.basic": {},
            "minecraft:nameable": {},
            "minecraft:navigation.walk": {
                "avoid_damage_blocks": true,
                "can_path_over_water": true,
                "can_sink": false
            },
            "minecraft:physics": {},
            "minecraft:pushable": {
                "is_pushable": true,
                "is_pushable_by_piston": true
            },
            "minecraft:follow_range": {
                "value": 30
            },
            "minecraft:type_family": {
                "family": [
                    "scp939", "monster"
                ]
            }
        },
        "events": {
            "minecraft:entity_spawned": {
                "randomize": [{
                        "weight": 95,
                        "remove": {},
                        "add": {
                            "component_groups": [
                                "minecraft:scp939_adult",
								"minecraft:hostile",
								"scp939"
                            ]
                        }
                    },
					{
                        "weight": 95,
                        "remove": {},
                        "add": {
                            "component_groups": [
                                "minecraft:scp939_adult",
								"minecraft:hostile",
								"scp939_2"
                            ]
                        }
                    },
					{
                        "weight": 15,
                        "remove": {},
                        "add": {
                            "component_groups": [
                                "minecraft:scp939_baby",
								"minecraft:hostile",
								"scp939"
                            ]

                        }
                    },
					{
                        "weight": 15,
                        "remove": {},
                        "add": {
                            "component_groups": [
                                "minecraft:scp939_mid",
								"minecraft:hostile",
								"scp939_2"
                            ]

                        }
                    },
					{
                        "weight": 50,
                        "remove": {},
                        "add": {
                            "component_groups": [
                                "minecraft:scp939_mid",
								"minecraft:hostile",
								"scp939"
                            ]

                        }
                    },
					{
                        "weight": 50,
                        "remove": {},
                        "add": {
                            "component_groups": [
                                "minecraft:scp939_mid",
								"minecraft:hostile",
								"scp939_2"
                            ]

                        }
                    }
                ]
			},
            "minecraft:become_stunned": {
                "add": {
                    "component_groups": [
                        "stunned"
                    ]
                },
                "remove": {
                    "component_groups": [
                        "minecraft:hostile"
                    ]
                }
            },
            "minecraft:start_roar": {
                "add": {
                    "component_groups": [
                        "roaring"
                    ]
                },
                "remove": {
                    "component_groups": [
                        "stunned"
                    ]
                }
            },
            "minecraft:end_roar": {
                "add": {
                    "component_groups": [
                        "minecraft:hostile"
                    ]
                },
                "remove": {
                    "component_groups": [
                        "roaring"
                    ]
                }
            },
			"minecraft:ageable_mid_grow_up": {
                "remove": {
                    "component_groups": [
                        "minecraft:scp939_baby",
						"minecraft:hostile"
                    ]
                },
                "add": {
                    "component_groups": [
                        "minecraft:scp939_mid",
						"minecraft:hostile"
                    ]
                }
            },
			"minecraft:ageable_grow_up": {
                "remove": {
                    "component_groups": [
						"minecraft:scp939_mid",
						"minecraft:hostile"
                    ]
                },
                "add": {
                    "component_groups": [
                        "minecraft:scp939_adult",
						"minecraft:hostile"
                    ]
                }
            }
        }
    }
}