{
  "format_version": "1.13.0",
  "minecraft:entity": {
    "description": {
      "identifier": "entity:summoner",
      "is_spawnable": false,
      "is_summonable": true,
      "is_experimental": false
    },
	"component_groups": {
	  "start_flying": {
		"minecraft:behavior.float_wander": {
        "priority": 2,
        "must_reach": true
      },
      "minecraft:can_fly": {
      },
	  "minecraft:movement": {
        "value": 0.03
      },
	  "minecraft:navigation.float": {
        "can_path_over_water": true
      },
	  "minecraft:timer": {
                "time": 30,
                "looping": true,
                "time_down_event": {
                    "event": "stop_flying",
                    "target": "self"
                }
            }
		},
		"stop_flying": {
			"minecraft:timer": {
                "time": 30,
                "looping": true,
                "time_down_event": {
                    "event": "start_flying",
                    "target": "self"
                }
            },
			"minecraft:movement": {
				"value": 0.32
			},
			"minecraft:navigation.walk": {
                "is_amphibious": true,
                "can_pass_doors": true,
                "can_open_doors": true,
                "avoid_water": false,
                "avoid_portals": true
            },
			"minecraft:can_climb": {},
			"minecraft:movement.basic": {}
		}
	},
    "components": {
      "minecraft:experience_reward": {
        "on_death": "query.last_hit_by_player ? 5 + (query.equipment_count * Math.Random(1,3)) : 0"
      },
      "minecraft:fire_immune": true,
      "minecraft:nameable": {
      },
      "minecraft:health": {
        "value": 100,
        "max": 100
      },
      "minecraft:collision_box": {
        "width": 0.6,
        "height": 1.8
      },
	  
            
            "minecraft:jump.static": {},
            
      "minecraft:loot": {
        "table": "loot_tables/entities/ghast.json"
      },
      "minecraft:shooter": {
        "type": "largefireball",
        "def": "bd:ball"
      },
      "minecraft:type_family": {
        "family": [ "summoner", "monster", "scp1765" ]
      },
      "minecraft:damage_sensor": {
        "triggers": [{
          "cause": "projectile",
          "deals_damage": false
        },
		{
          "cause": "fall",
          "deals_damage": false
        }
		]
      },
      "minecraft:jump.static": {
      },
      "minecraft:behavior.float": {
        "priority": 0
      },
      "minecraft:behavior.ranged_attack": {
        "priority": 1,
        "attack_radius": 40,
        "charge_shoot_trigger": 1,
        "charge_charged_trigger": 0.5
      },
      "minecraft:follow_range": {
        "value": 64,
        "max": 64
      },
      "minecraft:behavior.hurt_by_target": {
                "priority": 1,
                "entity_types": [{
                        "filters": {
                            "all_of": [{
                                    "test": "is_family",
                                    "subject": "other",
									"operator": "!=",
                                    "value": "summoner"
                                }, {
                                    "test": "is_family",
                                    "subject": "other",
									"operator": "!=",
                                    "value": "scp1765"
                                }, {
                                    "test": "is_family",
                                    "subject": "other",
									"operator": "!=",
                                    "value": "ogpipe_2_bd"
                                }, {
                                    "test": "is_family",
                                    "subject": "other",
									"operator": "!=",
                                    "value": "hammer"
                                }
                            ]
                        }
                    }
                ],
                "max_dist": 32
            },
     "minecraft:behavior.nearest_attackable_target": {
                "priority": 2,
                "within_radius": 3,
                "reselect_targets": true,
                "entity_types": [{
                        "filters": {
                            "all_of": [{
                                    "test": "is_family",
                                    "subject": "other",
									"operator": "!=",
                                    "value": "scp1765"
                                },
								{
                                    "test": "is_family",
                                    "subject": "other",
									"operator": "!=",
                                    "value": "inanimate"
                                },
								{
                                    "test": "is_family",
                                    "subject": "other",
									"operator": "!=",
                                    "value": "scp191"
                                }
                            ]
                        },
                        "max_dist": 50
                    }
                ]
            },
      "minecraft:physics": {
      },
      "minecraft:pushable": {
        "is_pushable": true,
        "is_pushable_by_piston": true
      }
    },
	"events": {
            "minecraft:entity_spawned": {
                "add": {
                    "component_groups": ["stop_flying"]
                }
            },
			"start_flying": {
				"remove": {
					"component_groups": [
						"stop_flying"
					]
				},
				"add": {
					"component_groups": [
						"start_flying"
					]
				}
			},
			"stop_flying": {
				"remove": {
					"component_groups": [
						"start_flying"
					]
				},
				"add": {
					"component_groups": [
						"stop_flying"
					]
				}
			}
        }
  }
}