{
	"format_version": "1.12.0",
	"minecraft:geometry": [
		{
			"description": {
				"identifier": "geometry.friendship_pistol",
				"texture_width": 64,
				"texture_height": 64,
				"visible_bounds_width": 3,
				"visible_bounds_height": 4,
				"visible_bounds_offset": [0, 1, 0]
			},
			"bones": [
				{
					"name": "root",
					"pivot": [0, 0, 0]
				},
				{
					"name": "waist",
					"parent": "root",
					"pivot": [0, 12, 0]
				},
				{
					"name": "body",
					"parent": "waist",
					"pivot": [0, 24, 0]
				},
				{
					"name": "head",
					"parent": "body",
					"pivot": [0, 24, 0]
				},
				{
					"name": "rightArm",
					"parent": "body",
					"pivot": [-5, 22, 0]
				},
				{
					"name": "rightItem",
					"parent": "rightArm",
					"pivot": [-6, 15, -1]
				},
				{
					"name": "pistol2",
					"parent": "rightArm",
					"pivot": [-6, 16, -2],
					"rotation": [90, 0, 0]
				},
				{
					"name": "bone3",
					"parent": "pistol2",
					"pivot": [-6, 17, -16.25],
					"cubes": [
						{
							"origin": [-8, 20, -18.5],
							"size": [4, 3, 6.5],
							"inflate": -0.01,
							"uv": {
								"north": {"uv": [39, 10], "uv_size": [4, 3]},
								"east": {"uv": [32, 0], "uv_size": [6.5, 3]},
								"south": {"uv": [39, 13], "uv_size": [4, 3]},
								"west": {"uv": [32, 26], "uv_size": [6.5, 3]},
								"up": {"uv": [14, 4], "uv_size": [4, 6.5]},
								"down": {"uv": [24, 32.5], "uv_size": [4, -6.5]}
							}
						},
						{
							"origin": [-5, 20, -12],
							"size": [1, 3, 6],
							"inflate": -0.01,
							"uv": {
								"north": {"uv": [42, 36], "uv_size": [1, 3]},
								"east": {"uv": [0, 34], "uv_size": [6, 3]},
								"south": {"uv": [38, 42], "uv_size": [1, 3]},
								"west": {"uv": [32, 34], "uv_size": [6, 3]},
								"up": {"uv": [9, 40], "uv_size": [1, 6]},
								"down": {"uv": [39, 47], "uv_size": [1, -6]}
							}
						},
						{
							"origin": [-8, 20, -12],
							"size": [1, 1.5, 6],
							"inflate": -0.01,
							"uv": {
								"north": {"uv": [42, 39], "uv_size": [1, 1.5]},
								"east": {"uv": [40, 31], "uv_size": [6, 1.5]},
								"south": {"uv": [40, 42], "uv_size": [1, 1.5]},
								"west": {"uv": [41, 22], "uv_size": [6, 1.5]},
								"up": {"uv": [10, 42], "uv_size": [1, 6]},
								"down": {"uv": [11, 48], "uv_size": [1, -6]}
							}
						},
						{
							"origin": [-8, 20, -6],
							"size": [4, 3, 4.5],
							"inflate": -0.01,
							"uv": {
								"north": {"uv": [14, 39], "uv_size": [4, 3]},
								"east": {"uv": [36, 23], "uv_size": [4.5, 3]},
								"south": {"uv": [39, 16], "uv_size": [4, 3]},
								"west": {"uv": [38, 33], "uv_size": [4.5, 3]},
								"up": {"uv": [20, 34], "uv_size": [4, 4.5]},
								"down": {"uv": [6, 39.5], "uv_size": [4, -4.5]}
							}
						},
						{
							"origin": [-8, 23, -6],
							"size": [4, 1, 4.5],
							"inflate": -0.01,
							"uv": {
								"north": {"uv": [14, 11], "uv_size": [4, 1]},
								"east": {"uv": [32, 3], "uv_size": [4.5, 1]},
								"south": {"uv": [42, 4], "uv_size": [4, 1]},
								"west": {"uv": [42, 3], "uv_size": [4.5, 1]},
								"up": {"uv": [32, 29], "uv_size": [4, 4.5]},
								"down": {"uv": [24, 37.5], "uv_size": [4, -4.5]}
							}
						},
						{
							"origin": [-5.5, 23, -12],
							"size": [1.5, 0.5, 6],
							"inflate": -0.01,
							"uv": {
								"north": {"uv": [22, 15], "uv_size": [1.5, 0.5]},
								"east": {"uv": [12, 42], "uv_size": [6, 0.5]},
								"south": {"uv": [6, 34], "uv_size": [1.5, 0.5]},
								"west": {"uv": [32, 42], "uv_size": [6, 0.5]},
								"up": {"uv": [40, 36], "uv_size": [1.5, 6]},
								"down": {"uv": [0, 47], "uv_size": [1.5, -6]}
							}
						},
						{
							"origin": [-8, 23, -18.5],
							"size": [4, 1, 6.5],
							"inflate": -0.01,
							"uv": {
								"north": {"uv": [42, 5], "uv_size": [4, 1]},
								"east": {"uv": [32, 41], "uv_size": [6.5, 1]},
								"south": {"uv": [42, 6], "uv_size": [4, 1]},
								"west": {"uv": [2, 42], "uv_size": [6.5, 1]},
								"up": {"uv": [20, 27], "uv_size": [4, 6.5]},
								"down": {"uv": [8, 34.5], "uv_size": [4, -6.5]}
							}
						},
						{
							"origin": [-8, 17.65128, -3.82612],
							"size": [4, 2, 4.75],
							"inflate": -0.02,
							"pivot": [-6, 20, 0.75],
							"rotation": [-65, 0, 0],
							"uv": {
								"north": {"uv": [24, 41], "uv_size": [4, 2]},
								"east": {"uv": [4, 40], "uv_size": [5, 2]},
								"south": {"uv": [41, 24], "uv_size": [4, 2]},
								"west": {"uv": [40, 29], "uv_size": [5, 2]},
								"up": {"uv": [28, 26], "uv_size": [4, 5]},
								"down": {"uv": [28, 36], "uv_size": [4, -5]}
							}
						}
					]
				},
				{
					"name": "bone2",
					"parent": "pistol2",
					"pivot": [-6, 17, -16],
					"cubes": [
						{
							"origin": [-7, 19.5, -1.75],
							"size": [2, 4.25, 2.25],
							"inflate": -0.2,
							"uv": {
								"north": {"uv": [28, 40], "uv_size": [2, 4.5]},
								"east": {"uv": [18, 39], "uv_size": [2.5, 4.5]},
								"south": {"uv": [30, 40], "uv_size": [2, 4.5]},
								"west": {"uv": [21, 39], "uv_size": [2.5, 4.5]},
								"up": {"uv": [18, 35], "uv_size": [2, 2.5]},
								"down": {"uv": [4, 39.5], "uv_size": [2, -2.5]}
							}
						},
						{
							"origin": [-8, 20, -18.5],
							"size": [4, 4, 17.25],
							"inflate": -0.2,
							"uv": {
								"north": {"uv": [35, 11], "uv_size": [4, 4]},
								"east": {"uv": [0, 12], "uv_size": [17.5, 4]},
								"south": {"uv": [14, 35], "uv_size": [4, 4]},
								"west": {"uv": [14, 0], "uv_size": [17.5, 4]},
								"up": {"uv": [0, 16], "uv_size": [4, 17.5]},
								"down": {"uv": [4, 33.5], "uv_size": [4, -17.5]}
							}
						},
						{
							"origin": [-8, 17.02567, -11.10842],
							"size": [4, 3, 11.75],
							"uv": {
								"north": {"uv": [39, 7], "uv_size": [4, 3]},
								"east": {"uv": [24, 23], "uv_size": [12, 3]},
								"south": {"uv": [10, 39], "uv_size": [4, 3]},
								"west": {"uv": [26, 4], "uv_size": [12, 3]},
								"up": {"uv": [8, 16], "uv_size": [4, 12]},
								"down": {"uv": [12, 28], "uv_size": [4, -12]}
							}
						},
						{
							"origin": [-6, 13.52567, -11.10842],
							"size": [0, 3.5, 8.25],
							"uv": {
								"north": {"uv": [0, 0], "uv_size": [0, 3.5]},
								"east": {"uv": [26, 7], "uv_size": [8.5, 3.5]},
								"south": {"uv": [0, 0], "uv_size": [0, 3.5]},
								"west": {"uv": [26, 11], "uv_size": [8.5, 3.5]},
								"up": {"uv": [0, 0], "uv_size": [0, 8.5]},
								"down": {"uv": [0, 8.5], "uv_size": [0, -8.5]}
							}
						},
						{
							"origin": [-8, 7.02567, -5.10842],
							"size": [4, 11.75, 6.25],
							"inflate": -0.1,
							"pivot": [-6, 17.02567, -1.85842],
							"rotation": [12.5, 0, 0],
							"uv": {
								"north": {"uv": [16, 16], "uv_size": [4, 12]},
								"east": {"uv": [0, 0], "uv_size": [6.5, 12]},
								"south": {"uv": [18, 4], "uv_size": [4, 12]},
								"west": {"uv": [7, 0], "uv_size": [6.5, 12]},
								"up": {"uv": [12, 28], "uv_size": [4, 6.5]},
								"down": {"uv": [16, 34.5], "uv_size": [4, -6.5]}
							}
						},
						{
							"origin": [-8, 18.05651, 0.43514],
							"size": [4, 2.5, 2.75],
							"inflate": -0.01,
							"pivot": [-6, 20.05651, -0.06486],
							"rotation": [-47.5, 0, 0],
							"uv": {
								"north": {"uv": [2, 2], "uv_size": [4, 2]},
								"east": {"uv": [0, 2], "uv_size": [2, 2]},
								"south": {"uv": [8, 2], "uv_size": [4, 2]},
								"west": {"uv": [6, 2], "uv_size": [2, 2]},
								"up": {"uv": [2, 0], "uv_size": [4, 2]},
								"down": {"uv": [6, 2], "uv_size": [4, -2]}
							}
						}
					]
				},
				{
					"name": "bone4",
					"parent": "bone2",
					"pivot": [-6, 17.02567, -15.85842],
					"cubes": [
						{
							"origin": [-8, 20, -22],
							"size": [4, 4, 3.5],
							"inflate": 0.05,
							"uv": {
								"north": {"uv": [35, 7], "uv_size": [4, 4]},
								"east": {"uv": [35, 15], "uv_size": [3.5, 4]},
								"south": {"uv": [10, 35], "uv_size": [4, 4]},
								"west": {"uv": [35, 19], "uv_size": [3.5, 4]},
								"up": {"uv": [28, 36], "uv_size": [4, 3.5]},
								"down": {"uv": [36, 32.5], "uv_size": [4, -3.5]}
							}
						},
						{
							"origin": [-8, 16.81391, -21.9878],
							"size": [4, 3.25, 3.5],
							"inflate": 0.1,
							"pivot": [-6, 19.81391, -21.9878],
							"rotation": [7.5, 0, 0],
							"uv": {
								"north": {"uv": [24, 38], "uv_size": [4, 3]},
								"east": {"uv": [39, 19], "uv_size": [3.5, 3]},
								"south": {"uv": [39, 0], "uv_size": [4, 3]},
								"west": {"uv": [39, 26], "uv_size": [3.5, 3]},
								"up": {"uv": [0, 37], "uv_size": [4, 3.5]},
								"down": {"uv": [32, 40.5], "uv_size": [4, -3.5]}
							}
						},
						{
							"origin": [-8, 16.77567, -21.60842],
							"size": [4, 3.25, 10.5],
							"inflate": 0.05,
							"uv": {
								"north": {"uv": [36, 37], "uv_size": [4, 3.5]},
								"east": {"uv": [24, 15], "uv_size": [10.5, 3.5]},
								"south": {"uv": [38, 3], "uv_size": [4, 3.5]},
								"west": {"uv": [24, 19], "uv_size": [10.5, 3.5]},
								"up": {"uv": [20, 16], "uv_size": [4, 10.5]},
								"down": {"uv": [22, 14.5], "uv_size": [4, -10.5]}
							}
						}
					]
				},
				{
					"name": "leftArm",
					"parent": "body",
					"pivot": [5, 22, 0]
				},
				{
					"name": "leftLeg",
					"parent": "root",
					"pivot": [1.9, 12, 0]
				},
				{
					"name": "rightLeg",
					"parent": "root",
					"pivot": [-1.9, 12, 0]
				}
			]
		}
	]
}