{
  "format_version": "1.16.0",
  "minecraft:entity": {
    "description": {
      "identifier": "minecraft:item",
      "is_spawnable": false,
      "is_summonable": false,
      "is_experimental": false,
      "scripts": {
        "animate": [ "chetty" ]
      },
      "animations": {
        "chetty": "controller.animation.item_immunity"
      }
    },
    "component_groups": {
      "item_immunity": {
        "minecraft:variant": {
          "value": 0
        },
        "minecraft:fire_immune": {}
      }
    },
    "events": {
      "start_immunity": {
        "add": {
          "component_groups": [
            "item_immunity"
          ]
        }
      }
    },
    "components": {
      "minecraft:environment_sensor": {
        "triggers": [
          {
            "filters": {
              "all_of": [
                {
                  "test": "has_tag",
                  "operator": "==",
                  "value": "ctty"
                },
                {
                  "test": "is_variant",
                  "operator": "==",
                  "value": 0
                }
              ]
            },
            "event": "start_immunity"
          }
        ]
      }
    }
  }
}