{
	"file_path": "C:\\Users\\Freddy\\AppData\\Local\\Packages\\Microsoft.MinecraftUWP_8wekyb3d8bbwe\\LocalState\\games\\com.mojang\\development_behavior_packs\\Spry Conquest Overhaul\\feature_rules\\glacis_plains\\glacis_spikes_rule.json",
	"file_type": "feature_rule",
	"format_version": 1,
	"file_uuid": "4443da80_40cd_459d_a6c4_e14680b6bb6b",
	"file_version": 22,
	"cache_content": {
		"children": [
			{
				"data": "1.13.0",
				"key": "format_version"
			},
			{
				"open": {
					"format_version": "1.13.0",
					"minecraft:feature_rules": {
						"description": {
							"identifier": "sc:glacis_spikes_rule",
							"places_feature": "sc:glacis_spikes_scatter"
						},
						"conditions": {
							"minecraft:biome_filter": [
								{
									"any_of": [
										{
											"test": "has_biome_tag",
											"operator": "==",
											"value": "glacis"
										}
									]
								}
							],
							"placement_pass": "final_pass"
						},
						"distribution": {
							"iterations": 300,
							"x": {
								"distribution": "uniform",
								"extent": [
									0,
									16
								]
							},
							"y": {
								"distribution": "uniform",
								"extent": [
									0,
									45
								]
							},
							"z": {
								"distribution": "uniform",
								"extent": [
									0,
									16
								]
							}
						}
					}
				},
				"key": "minecraft:feature_rules",
				"children": [
					{
						"open": {
							"description": {
								"identifier": "sc:glacis_spikes_rule",
								"places_feature": "sc:glacis_spikes_scatter"
							},
							"conditions": {
								"minecraft:biome_filter": [
									{
										"any_of": [
											{
												"test": "has_biome_tag",
												"operator": "==",
												"value": "glacis"
											}
										]
									}
								],
								"placement_pass": "final_pass"
							},
							"distribution": {
								"iterations": 300,
								"x": {
									"distribution": "uniform",
									"extent": [
										0,
										16
									]
								},
								"y": {
									"distribution": "uniform",
									"extent": [
										0,
										45
									]
								},
								"z": {
									"distribution": "uniform",
									"extent": [
										0,
										16
									]
								}
							}
						},
						"key": "description",
						"is_minified": true,
						"children": {
							"identifier": "sc:glacis_spikes_rule",
							"places_feature": "sc:glacis_spikes_scatter"
						}
					},
					{
						"open": {
							"description": {
								"identifier": "sc:glacis_spikes_rule",
								"places_feature": "sc:glacis_spikes_scatter"
							},
							"conditions": {
								"minecraft:biome_filter": [
									{
										"any_of": [
											{
												"test": "has_biome_tag",
												"operator": "==",
												"value": "glacis"
											}
										]
									}
								],
								"placement_pass": "final_pass"
							},
							"distribution": {
								"iterations": 300,
								"x": {
									"distribution": "uniform",
									"extent": [
										0,
										16
									]
								},
								"y": {
									"distribution": "uniform",
									"extent": [
										0,
										45
									]
								},
								"z": {
									"distribution": "uniform",
									"extent": [
										0,
										16
									]
								}
							}
						},
						"key": "conditions",
						"is_minified": true,
						"children": {
							"minecraft:biome_filter": [
								{
									"any_of": [
										{
											"test": "has_biome_tag",
											"operator": "==",
											"value": "glacis"
										}
									]
								}
							],
							"placement_pass": "final_pass"
						}
					},
					{
						"open": {
							"description": {
								"identifier": "sc:glacis_spikes_rule",
								"places_feature": "sc:glacis_spikes_scatter"
							},
							"conditions": {
								"minecraft:biome_filter": [
									{
										"any_of": [
											{
												"test": "has_biome_tag",
												"operator": "==",
												"value": "glacis"
											}
										]
									}
								],
								"placement_pass": "final_pass"
							},
							"distribution": {
								"iterations": 300,
								"x": {
									"distribution": "uniform",
									"extent": [
										0,
										16
									]
								},
								"y": {
									"distribution": "uniform",
									"extent": [
										0,
										45
									]
								},
								"z": {
									"distribution": "uniform",
									"extent": [
										0,
										16
									]
								}
							}
						},
						"key": "distribution",
						"children": [
							{
								"open": {
									"iterations": 300,
									"x": {
										"distribution": "uniform",
										"extent": [
											0,
											16
										]
									},
									"y": {
										"distribution": "uniform",
										"extent": [
											0,
											45
										]
									},
									"z": {
										"distribution": "uniform",
										"extent": [
											0,
											16
										]
									}
								},
								"data": "300",
								"key": "iterations"
							},
							{
								"open": {
									"iterations": 300,
									"x": {
										"distribution": "uniform",
										"extent": [
											0,
											16
										]
									},
									"y": {
										"distribution": "uniform",
										"extent": [
											0,
											45
										]
									},
									"z": {
										"distribution": "uniform",
										"extent": [
											0,
											16
										]
									}
								},
								"key": "x",
								"is_minified": true,
								"children": {
									"distribution": "uniform",
									"extent": [
										0,
										16
									]
								}
							},
							{
								"open": {
									"iterations": 300,
									"x": {
										"distribution": "uniform",
										"extent": [
											0,
											16
										]
									},
									"y": {
										"distribution": "uniform",
										"extent": [
											0,
											45
										]
									},
									"z": {
										"distribution": "uniform",
										"extent": [
											0,
											16
										]
									}
								},
								"key": "y",
								"children": [
									{
										"data": "uniform",
										"key": "distribution"
									},
									{
										"open": {
											"distribution": "uniform",
											"extent": [
												0,
												45
											]
										},
										"key": "extent",
										"is_minified": true,
										"children": [
											0,
											45
										]
									}
								]
							},
							{
								"key": "z",
								"is_minified": true,
								"children": {
									"distribution": "uniform",
									"extent": [
										0,
										16
									]
								}
							}
						]
					}
				]
			}
		]
	}
}