{
  "format_version": "1.8.0",
  "minecraft:entity": {
    "description": {
      "identifier": "shop:angkringan_t",
      "is_spawnable": true,
      "is_summonable": true,
      "is_experimental": false,
      "runtime_identifier":"minecraft:shulker"
    },
      "component_groups":{
         "shop:angkringan00":{
            "minecraft:variant":{
               "value":0
            },
            "minecraft:economy_trade_table": {
               "display_name": "entity.angkringan00.name",
               "table": "trading/economy_trades/angkringan/angkringan00.json",
               "new_screen": true
            }
         },
         "shop:angkringan01":{
            "minecraft:variant":{
               "value":1
            },
            "minecraft:economy_trade_table": {
               "display_name": "entity.angkringan01.name",
               "table": "trading/economy_trades/angkringan/angkringan01.json",
               "new_screen": true
            }
         },
         "shop:angkringan02":{
            "minecraft:variant":{
               "value":2
            },
            "minecraft:economy_trade_table": {
               "display_name": "entity.angkringan02.name",
               "table": "trading/economy_trades/angkringan/angkringan02.json",
               "new_screen": true
            }
         },
         "shop:angkringan03":{
            "minecraft:variant":{
               "value":3
            },
            "minecraft:economy_trade_table": {
               "display_name": "entity.angkringan03.name",
               "table": "trading/economy_trades/angkringan/angkringan03.json",
               "new_screen": true
            }
         },
         "shop:angkringan04":{
            "minecraft:variant":{
               "value":4
            },
            "minecraft:economy_trade_table": {
               "display_name": "entity.angkringan04.name",
               "table": "trading/economy_trades/angkringan/angkringan04.json",
               "new_screen": true
            }
         }
      },
    "components": {
      "minecraft:type_family": {
        "family": [ "angkringan", "inanimate", "block", "mob", "villager" ]
      },
      "minecraft:mark_variant":{
        "value":0
      },
      "minecraft:collision_box": {
        "width": 3.0,
        "height": 2.5
      },
      "minecraft:spawn_entity": [
        {
          "min_wait_time": 0,
          "max_wait_time": 0,
          "spawn_entity": "villager_v2",
          "spawn_event": "minecraft:become_unskilled",
          "single_use": true,
          "num_to_spawn": 1,
          "should_leash": true
        }
      ],
      "minecraft:health": {
        "value": 6,
        "max": 6
      },
      "minecraft:hurt_on_condition": {
        "damage_conditions": [
          {
            "filters": { "test": "in_lava", "subject": "self", "operator": "==", "value": true },
            "cause": "lava",
            "damage_per_tick": 2
          }
        ]
      },
      "minecraft:behavior.trade_with_player": {
        "priority": 1
      },
      "minecraft:behavior.trade_interest": {
          "priority": 3,
          "within_radius": 6.0,
          "interest_time": 45.0,
          "remove_item_time": 1.0,
          "carried_item_switch_time": 2.0,
          "cooldown": 2.0
      },
      "minecraft:loot": {
      },
      "minecraft:nameable": {
      },
      "minecraft:persistent": {
      },
      "minecraft:physics": {
      },
      "minecraft:pushable": {
        "is_pushable": false,
        "is_pushable_by_piston": false
      },
         "minecraft:interact":[
            {
               "interact_text":"action.interact.dye",
               "on_interact":{
                  "filters":{
                     "all_of":[
                        {
                           "test":"has_equipment",
                           "subject":"other",
                           "domain":"hand",
                           "value":"dye:1"
                        },
                        {
                           "test":"is_family",
                           "subject":"other",
                           "value":"player"
                        },
                        {
                           "test":"has_ability",
                           "subject":"other",
                           "value":"instabuild"
                        }
                     ]
                  },
                  "event":"minecraft:to_01"
               },
               "play_sounds":"hit1",
               "use_item":true
            },
            {
               "interact_text":"action.interact.dye",
               "on_interact":{
                  "filters":{
                     "all_of":[
                        {
                           "test":"has_equipment",
                           "subject":"other",
                           "domain":"hand",
                           "value":"dye:11"
                        },
                        {
                           "test":"is_family",
                           "subject":"other",
                           "value":"player"
                        },
                        {
                           "test":"has_ability",
                           "subject":"other",
                           "value":"instabuild"
                        }
                     ]
                  },
                  "event":"minecraft:to_02"
               },
               "play_sounds":"hit1",
               "use_item":true
            },
            {
               "interact_text":"action.interact.dye",
               "on_interact":{
                  "filters":{
                     "all_of":[
                        {
                           "test":"has_equipment",
                           "subject":"other",
                           "domain":"hand",
                           "value":"dye:18"
                        },
                        {
                           "test":"is_family",
                           "subject":"other",
                           "value":"player"
                        },
                        {
                           "test":"has_ability",
                           "subject":"other",
                           "value":"instabuild"
                        }
                     ]
                  },
                  "event":"minecraft:to_03"
               },
               "play_sounds":"hit1",
               "use_item":true
            },
            {
               "interact_text":"action.interact.dye",
               "on_interact":{
                  "filters":{
                     "all_of":[
                        {
                           "test":"has_equipment",
                           "subject":"other",
                           "domain":"hand",
                           "value":"dye:4"
                        },
                        {
                           "test":"is_family",
                           "subject":"other",
                           "value":"player"
                        },
                        {
                           "test":"has_ability",
                           "subject":"other",
                           "value":"instabuild"
                        }
                     ]
                  },
                  "event":"minecraft:to_04"
               },
               "play_sounds":"hit1",
               "use_item":true
            }
         ]
    },
      "events":{
         "minecraft:entity_spawned":{
            "add":{
               "component_groups":[
                  "shop:angkringan00"
               ]
            }
         },
         "minecraft:to_01":{
            "add":{
               "component_groups":[
                  "shop:angkringan01"
               ]
            }
         },
         "minecraft:to_02":{
            "add":{
               "component_groups":[
                  "shop:angkringan02"
               ]
            }
         },
         "minecraft:to_03":{
            "add":{
               "component_groups":[
                  "shop:angkringan03"
               ]
            }
         },
         "minecraft:to_04":{
            "add":{
               "component_groups":[
                  "shop:angkringan04"
               ]
            }
         }
      }
  }
}