{
  "format_version": "1.12.0",
  "minecraft:entity": {
    "description": {
      "identifier": "shop:bangku",
      "is_spawnable": true,
      "is_summonable": true,
      "is_experimental": false
    },

    "components": {
      "minecraft:type_family": {
        "family": [ "bangku", "inanimate" ]
      },
      "minecraft:collision_box": {
        "width": 0.89,
        "height": 0.49
      },
      "minecraft:health": {
        "value": 6,
        "max": 6
      },
      "minecraft:rideable": {
        "seat_count": 3,
        "interact_text": "action.interact.ride.minecart",
        "pull_in_entities": true,

        "seats": [
          {
            "position": [ 0.0, 0.586, 0.0 ],
            "min_rider_count": 0,
            "max_rider_count": 1
          },
          {
            "position": [ 0.0, 0.586, 0.0 ],
            "min_rider_count": 2,
            "max_rider_count": 2
          },
          {
            "position": [ -0.6, 0.586, 0.0 ],
            "min_rider_count": 2,
            "max_rider_count": 2
          },
          {
            "position": [ 0.0, 0.586, 0.0 ],
            "min_rider_count": 3,
            "max_rider_count": 3
          },
          {
            "position": [ -0.6, 0.586, 0.0 ],
            "min_rider_count": 3,
            "max_rider_count": 3
          },
          {
            "position": [ 0.6, 0.586, 0.0 ],
            "min_rider_count": 3,
            "max_rider_count": 3
          }
        ]
      },
      "minecraft:physics": {
      },
      "minecraft:pushable": {
        "is_pushable": false,
        "is_pushable_by_piston": true
      }
    }
  }
}
