{
    "format_version": "1.13.0",
    "minecraft:entity": {
        "description": {
            "identifier": "entity:scp3199_spawn",
            "is_spawnable": true,
            "is_summonable": true,
            "is_experimental": false
        },
        "component_groups": {
            "minecraft:scp3199": {
                "minecraft:transformation": {
                    "into": "entity:scp3199<minecraft:entity_spawned>"
                }
            },
            "minecraft:henry": {
                "minecraft:transformation": {
                    "into": "entity:henry<minecraft:entity_spawned>"
                }
            }
        },
        "components": {
            "minecraft:physics": {},
            "minecraft:type_family": {
                "family": ["inanimate"]
            },
            "minecraft:collision_box": {
                "width": 0.5,
                "height": 0.3
            },
            "minecraft:health": {
                "value": 1,
                "max": 1
            },
            "minecraft:despawn": {}
        },

        "events": {
            "minecraft:entity_spawned": {
                "randomize": [{
                        "weight": 500,
                        "remove": {},
                        "add": {
                            "component_groups": [
                                "minecraft:scp3199"
                            ]
                        }
                    }, {
                        "weight": 5,
                        "remove": {},
                        "add": {
                            "component_groups": [
                                "minecraft:henry"
                            ]

                        }
                    }
                ]
            },
			"minecraft:entity_born": {
                "randomize": [{
                        "weight": 5000,
                        "remove": {},
                        "add": {
                            "component_groups": [
                                "minecraft:scp3199"
                            ]
                        }
                    }, {
                        "weight": 5,
                        "remove": {},
                        "add": {
                            "component_groups": [
                                "minecraft:henry"
                            ]
                        }
                    }
                ]
            }
        }
    }
}
