{
  "format_version": "1.13.0",
  "minecraft:biome": {
    "description": {
      "identifier": "ocean"
    },
    "components": {
      "minecraft:climate": {
        "downfall": 0.5,
        "snow_accumulation": [ 0.0, 0.125 ],
        "temperature": 0.5
      },
      "minecraft:overworld_height": {
        "noise_type": "ocean"
      },
      "minecraft:surface_parameters": {
        "sea_floor_depth": 7,
        "sea_floor_material": "minecraft:gravel",
        "foundation_material": "minecraft:stone",
        "mid_material": "minecraft:dirt",
        "top_material": "minecraft:grass",
        "sea_material": "minecraft:water"
      },
      "minecraft:overworld_generation_rules": {
        "hills_transformation": "deep_ocean",
        "generate_for_climates": [
          [ "medium", 1 ]
        ]
      },

      "monster": {},
      "ocean": {},
      "overworld": {}
    }
  }
}
