{
	"file_path": "C:\\Users\\User\\AppData\\Local\\Packages\\Microsoft.MinecraftUWP_8wekyb3d8bbwe\\LocalState\\games\\com.mojang\\development_behavior_packs\\Project Terracotta\\feature_rules\\small_grass_in_semiarid_desert_feature_rules.json",
	"file_type": "feature_rule",
	"format_version": 1,
	"file_uuid": "bf0bd700_c643_471a_ba78_9cae91e0bd78",
	"file_version": 74,
	"cache_content": {
		"children": [
			{
				"open": {
					"format_version": "1.13.0",
					"minecraft:feature_rules": {
						"description": {
							"identifier": "ilosemypotato:small_grass_in_semiarid_desert_feature_rules",
							"places_feature": "ilosemypotato:small_grass_in_semiarid_desert_tree_feature"
						},
						"conditions": {
							"placement_pass": "surface_pass",
							"minecraft:biome_filter": {
								"test": "has_biome_tag",
								"operator": "==",
								"value": "semiarid_desert"
							}
						},
						"distribution": {
							"iterations": 180,
							"x": {
								"distribution": "uniform",
								"extent": [
									0,
									12
								]
							},
							"y": "query.heightmap(variable.worldx, variable.worldz)",
							"z": {
								"distribution": "uniform",
								"extent": [
									0,
									12
								]
							},
							"scatter_chance": 100
						}
					}
				},
				"data": "1.13.0",
				"key": "format_version"
			},
			{
				"open": {
					"format_version": "1.13.0",
					"minecraft:feature_rules": {
						"description": {
							"identifier": "ilosemypotato:small_grass_in_semiarid_desert_feature_rules",
							"places_feature": "ilosemypotato:small_grass_in_semiarid_desert_tree_feature"
						},
						"conditions": {
							"placement_pass": "surface_pass",
							"minecraft:biome_filter": {
								"test": "has_biome_tag",
								"operator": "==",
								"value": "semiarid_desert"
							}
						},
						"distribution": {
							"iterations": 180,
							"x": {
								"distribution": "uniform",
								"extent": [
									0,
									12
								]
							},
							"y": "query.heightmap(variable.worldx, variable.worldz)",
							"z": {
								"distribution": "uniform",
								"extent": [
									0,
									12
								]
							},
							"scatter_chance": 100
						}
					}
				},
				"key": "minecraft:feature_rules",
				"children": [
					{
						"open": {
							"description": {
								"identifier": "ilosemypotato:small_grass_in_semiarid_desert_feature_rules",
								"places_feature": "ilosemypotato:small_grass_in_semiarid_desert_tree_feature"
							},
							"conditions": {
								"placement_pass": "surface_pass",
								"minecraft:biome_filter": {
									"test": "has_biome_tag",
									"operator": "==",
									"value": "semiarid_desert"
								}
							},
							"distribution": {
								"iterations": 180,
								"x": {
									"distribution": "uniform",
									"extent": [
										0,
										12
									]
								},
								"y": "query.heightmap(variable.worldx, variable.worldz)",
								"z": {
									"distribution": "uniform",
									"extent": [
										0,
										12
									]
								},
								"scatter_chance": 100
							}
						},
						"key": "description",
						"is_minified": true,
						"children": {
							"identifier": "ilosemypotato:small_grass_in_semiarid_desert_feature_rules",
							"places_feature": "ilosemypotato:small_grass_in_semiarid_desert_tree_feature"
						}
					},
					{
						"open": {
							"description": {
								"identifier": "ilosemypotato:small_grass_in_semiarid_desert_feature_rules",
								"places_feature": "ilosemypotato:small_grass_in_semiarid_desert_tree_feature"
							},
							"conditions": {
								"placement_pass": "surface_pass",
								"minecraft:biome_filter": {
									"test": "has_biome_tag",
									"operator": "==",
									"value": "semiarid_desert"
								}
							},
							"distribution": {
								"iterations": 180,
								"x": {
									"distribution": "uniform",
									"extent": [
										0,
										12
									]
								},
								"y": "query.heightmap(variable.worldx, variable.worldz)",
								"z": {
									"distribution": "uniform",
									"extent": [
										0,
										12
									]
								},
								"scatter_chance": 100
							}
						},
						"key": "conditions",
						"children": [
							{
								"open": {
									"placement_pass": "surface_pass",
									"minecraft:biome_filter": {
										"test": "has_biome_tag",
										"operator": "==",
										"value": "semiarid_desert"
									}
								},
								"data": "surface_pass",
								"key": "placement_pass"
							},
							{
								"open": {
									"placement_pass": "surface_pass",
									"minecraft:biome_filter": {
										"test": "has_biome_tag",
										"operator": "==",
										"value": "semiarid_desert"
									}
								},
								"key": "minecraft:biome_filter",
								"is_minified": true,
								"children": {
									"test": "has_biome_tag",
									"operator": "==",
									"value": "semiarid_desert"
								}
							}
						]
					},
					{
						"open": {
							"description": {
								"identifier": "ilosemypotato:small_grass_in_semiarid_desert_feature_rules",
								"places_feature": "ilosemypotato:small_grass_in_semiarid_desert_tree_feature"
							},
							"conditions": {
								"placement_pass": "surface_pass",
								"minecraft:biome_filter": {
									"test": "has_biome_tag",
									"operator": "==",
									"value": "semiarid_desert"
								}
							},
							"distribution": {
								"iterations": 180,
								"x": {
									"distribution": "uniform",
									"extent": [
										0,
										12
									]
								},
								"y": "query.heightmap(variable.worldx, variable.worldz)",
								"z": {
									"distribution": "uniform",
									"extent": [
										0,
										12
									]
								},
								"scatter_chance": 100
							}
						},
						"key": "distribution",
						"children": [
							{
								"open": {
									"iterations": 180,
									"x": {
										"distribution": "uniform",
										"extent": [
											0,
											12
										]
									},
									"y": "query.heightmap(variable.worldx, variable.worldz)",
									"z": {
										"distribution": "uniform",
										"extent": [
											0,
											12
										]
									},
									"scatter_chance": 100
								},
								"data": "180",
								"key": "iterations"
							},
							{
								"open": {
									"iterations": 180,
									"x": {
										"distribution": "uniform",
										"extent": [
											0,
											12
										]
									},
									"y": "query.heightmap(variable.worldx, variable.worldz)",
									"z": {
										"distribution": "uniform",
										"extent": [
											0,
											12
										]
									},
									"scatter_chance": 100
								},
								"key": "x",
								"children": [
									{
										"open": {
											"distribution": "uniform",
											"extent": [
												0,
												12
											]
										},
										"data": "uniform",
										"key": "distribution"
									},
									{
										"open": {
											"distribution": "uniform",
											"extent": [
												0,
												12
											]
										},
										"key": "extent",
										"is_minified": true,
										"children": [
											0,
											12
										]
									}
								]
							},
							{
								"open": {
									"iterations": 180,
									"x": {
										"distribution": "uniform",
										"extent": [
											0,
											12
										]
									},
									"y": "query.heightmap(variable.worldx, variable.worldz)",
									"z": {
										"distribution": "uniform",
										"extent": [
											0,
											12
										]
									},
									"scatter_chance": 100
								},
								"data": "query.heightmap(variable.worldx, variable.worldz)",
								"key": "y"
							},
							{
								"open": {
									"iterations": 180,
									"x": {
										"distribution": "uniform",
										"extent": [
											0,
											12
										]
									},
									"y": "query.heightmap(variable.worldx, variable.worldz)",
									"z": {
										"distribution": "uniform",
										"extent": [
											0,
											12
										]
									},
									"scatter_chance": 100
								},
								"key": "z",
								"children": [
									{
										"open": {
											"distribution": "uniform",
											"extent": [
												0,
												12
											]
										},
										"data": "uniform",
										"key": "distribution"
									},
									{
										"open": {
											"distribution": "uniform",
											"extent": [
												0,
												12
											]
										},
										"key": "extent",
										"is_minified": true,
										"children": [
											0,
											12
										]
									}
								]
							},
							{
								"open": {
									"iterations": 180,
									"x": {
										"distribution": "uniform",
										"extent": [
											0,
											12
										]
									},
									"y": "query.heightmap(variable.worldx, variable.worldz)",
									"z": {
										"distribution": "uniform",
										"extent": [
											0,
											12
										]
									},
									"scatter_chance": 100
								},
								"data": "100",
								"key": "scatter_chance"
							}
						]
					}
				]
			}
		]
	}
}