{
	"file_path": "C:\\Users\\User\\AppData\\Local\\Packages\\Microsoft.MinecraftUWP_8wekyb3d8bbwe\\LocalState\\games\\com.mojang\\development_behavior_packs\\Terracotta Expansion BP\\feature_rules\\termite_nest_savanna_feature_rules.json",
	"file_type": "feature_rule",
	"format_version": 1,
	"file_uuid": "fb2a9558_f1a8_408a_aa6f_4f168fd5b5c2",
	"file_version": 78,
	"cache_content": {
		"children": [
			{
				"open": {
					"format_version": "1.13.0",
					"minecraft:feature_rules": {
						"description": {
							"identifier": "ilosemypotato:termite_nest_savanna_feature_rules",
							"places_feature": "ilosemypotato:termite_nest_feature"
						},
						"conditions": {
							"placement_pass": "first_pass",
							"minecraft:biome_filter": {
								"test": "has_biome_tag",
								"operator": "==",
								"value": "savanna"
							}
						},
						"distribution": {
							"iterations": 1,
							"x": {
								"distribution": "uniform",
								"extent": [
									0,
									24
								]
							},
							"y": "query.heightmap(variable.worldx, variable.worldz)",
							"z": {
								"distribution": "uniform",
								"extent": [
									0,
									24
								]
							},
							"scatter_chance": 8
						}
					}
				},
				"data": "1.13.0",
				"key": "format_version"
			},
			{
				"open": {
					"format_version": "1.13.0",
					"minecraft:feature_rules": {
						"description": {
							"identifier": "ilosemypotato:termite_nest_savanna_feature_rules",
							"places_feature": "ilosemypotato:termite_nest_feature"
						},
						"conditions": {
							"placement_pass": "first_pass",
							"minecraft:biome_filter": {
								"test": "has_biome_tag",
								"operator": "==",
								"value": "savanna"
							}
						},
						"distribution": {
							"iterations": 1,
							"x": {
								"distribution": "uniform",
								"extent": [
									0,
									24
								]
							},
							"y": "query.heightmap(variable.worldx, variable.worldz)",
							"z": {
								"distribution": "uniform",
								"extent": [
									0,
									24
								]
							},
							"scatter_chance": 8
						}
					}
				},
				"key": "minecraft:feature_rules",
				"children": [
					{
						"key": "description",
						"is_minified": true,
						"children": {
							"identifier": "ilosemypotato:termite_nest_savanna_feature_rules",
							"places_feature": "ilosemypotato:termite_nest_feature"
						}
					},
					{
						"key": "conditions",
						"is_minified": true,
						"children": {
							"placement_pass": "first_pass",
							"minecraft:biome_filter": {
								"test": "has_biome_tag",
								"operator": "==",
								"value": "savanna"
							}
						}
					},
					{
						"open": {
							"description": {
								"identifier": "ilosemypotato:termite_nest_savanna_feature_rules",
								"places_feature": "ilosemypotato:termite_nest_feature"
							},
							"conditions": {
								"placement_pass": "first_pass",
								"minecraft:biome_filter": {
									"test": "has_biome_tag",
									"operator": "==",
									"value": "savanna"
								}
							},
							"distribution": {
								"iterations": 1,
								"x": {
									"distribution": "uniform",
									"extent": [
										0,
										24
									]
								},
								"y": "query.heightmap(variable.worldx, variable.worldz)",
								"z": {
									"distribution": "uniform",
									"extent": [
										0,
										24
									]
								},
								"scatter_chance": 8
							}
						},
						"key": "distribution",
						"children": [
							{
								"data": "1",
								"key": "iterations"
							},
							{
								"open": {
									"iterations": 1,
									"x": {
										"distribution": "uniform",
										"extent": [
											0,
											24
										]
									},
									"y": "query.heightmap(variable.worldx, variable.worldz)",
									"z": {
										"distribution": "uniform",
										"extent": [
											0,
											24
										]
									},
									"scatter_chance": 8
								},
								"key": "x",
								"children": [
									{
										"open": {
											"distribution": "uniform",
											"extent": [
												0,
												24
											]
										},
										"data": "uniform",
										"key": "distribution"
									},
									{
										"open": {
											"distribution": "uniform",
											"extent": [
												0,
												24
											]
										},
										"key": "extent",
										"is_minified": true,
										"children": [
											0,
											24
										]
									}
								]
							},
							{
								"open": {
									"iterations": 1,
									"x": {
										"distribution": "uniform",
										"extent": [
											0,
											24
										]
									},
									"y": "query.heightmap(variable.worldx, variable.worldz)",
									"z": {
										"distribution": "uniform",
										"extent": [
											0,
											24
										]
									},
									"scatter_chance": 8
								},
								"data": "query.heightmap(variable.worldx, variable.worldz)",
								"key": "y"
							},
							{
								"open": {
									"iterations": 1,
									"x": {
										"distribution": "uniform",
										"extent": [
											0,
											24
										]
									},
									"y": "query.heightmap(variable.worldx, variable.worldz)",
									"z": {
										"distribution": "uniform",
										"extent": [
											0,
											24
										]
									},
									"scatter_chance": 8
								},
								"key": "z",
								"children": [
									{
										"open": {
											"distribution": "uniform",
											"extent": [
												0,
												24
											]
										},
										"data": "uniform",
										"key": "distribution"
									},
									{
										"open": {
											"distribution": "uniform",
											"extent": [
												0,
												24
											]
										},
										"key": "extent",
										"is_minified": true,
										"children": [
											0,
											24
										]
									}
								]
							},
							{
								"open": {
									"iterations": 1,
									"x": {
										"distribution": "uniform",
										"extent": [
											0,
											24
										]
									},
									"y": "query.heightmap(variable.worldx, variable.worldz)",
									"z": {
										"distribution": "uniform",
										"extent": [
											0,
											24
										]
									},
									"scatter_chance": 8
								},
								"data": "8",
								"key": "scatter_chance"
							}
						]
					}
				]
			}
		]
	}
}