{
	"file_path": "C:\\Users\\Freddy\\AppData\\Local\\Packages\\Microsoft.MinecraftUWP_8wekyb3d8bbwe\\LocalState\\games\\com.mojang\\development_behavior_packs\\Spry Conquest Overhaul\\items\\tomes\\tome_blank.json",
	"file_type": "item",
	"format_version": 1,
	"file_uuid": "48aba9e5_d3ec_4950_ac55_76b22e1ae86f",
	"file_version": 29,
	"cache_content": {
		"children": [
			{
				"data": "1.16.100",
				"key": "format_version"
			},
			{
				"open": {
					"format_version": "1.16.100",
					"minecraft:item": {
						"description": {
							"identifier": "sc:tome_blank",
							"category": "equipment"
						},
						"components": {
							"minecraft:max_stack_size": 64,
							"minecraft:icon": {
								"texture": "tome_blank"
							},
							"minecraft:creative_category": {
								"parent": "equipment"
							},
							"minecraft:display_name": {
								"value": "Blank Tome"
							}
						},
						"events": {}
					}
				},
				"key": "minecraft:item",
				"children": [
					{
						"open": {
							"description": {
								"identifier": "sc:tome_blank",
								"category": "equipment"
							},
							"components": {
								"minecraft:max_stack_size": 64,
								"minecraft:icon": {
									"texture": "tome_blank"
								},
								"minecraft:creative_category": {
									"parent": "equipment"
								},
								"minecraft:display_name": {
									"value": "Blank Tome"
								}
							},
							"events": {}
						},
						"key": "description",
						"is_minified": true,
						"children": {
							"identifier": "sc:tome_blank",
							"category": "equipment"
						}
					},
					{
						"open": {
							"description": {
								"identifier": "sc:tome_blank",
								"category": "equipment"
							},
							"components": {
								"minecraft:max_stack_size": 64,
								"minecraft:icon": {
									"texture": "tome_blank"
								},
								"minecraft:creative_category": {
									"parent": "equipment"
								},
								"minecraft:display_name": {
									"value": "Blank Tome"
								}
							},
							"events": {}
						},
						"key": "components",
						"children": [
							{
								"data": "64",
								"key": "minecraft:max_stack_size"
							},
							{
								"open": {
									"minecraft:max_stack_size": 64,
									"minecraft:icon": {
										"texture": "tome_blank"
									},
									"minecraft:creative_category": {
										"parent": "equipment"
									},
									"minecraft:display_name": {
										"value": "Blank Tome"
									}
								},
								"key": "minecraft:icon",
								"is_minified": true,
								"children": {
									"texture": "tome_blank"
								}
							},
							{
								"open": {
									"minecraft:max_stack_size": 64,
									"minecraft:icon": {
										"texture": "tome_blank"
									},
									"minecraft:creative_category": {
										"parent": "equipment"
									},
									"minecraft:display_name": {
										"value": "Blank Tome"
									}
								},
								"key": "minecraft:creative_category",
								"is_minified": true,
								"children": {
									"parent": "equipment"
								}
							},
							{
								"open": {
									"minecraft:max_stack_size": 64,
									"minecraft:icon": {
										"texture": "tome_blank"
									},
									"minecraft:creative_category": {
										"parent": "equipment"
									},
									"minecraft:display_name": {
										"value": "Blank Tome"
									}
								},
								"key": "minecraft:display_name",
								"is_minified": true,
								"children": {
									"value": "Blank Tome"
								}
							}
						]
					},
					{
						"key": "events",
						"is_minified": true,
						"children": {}
					}
				]
			}
		]
	}
}