{
	"file_path": "C:\\Users\\Freddy\\AppData\\Local\\Packages\\Microsoft.MinecraftUWP_8wekyb3d8bbwe\\LocalState\\games\\com.mojang\\development_behavior_packs\\Spry Conquest Overhaul\\items\\tomes\\tome_frost.json",
	"file_type": "item",
	"format_version": 1,
	"file_uuid": "2fd71051_7ffa_424f_ab4a_8313d8748ee4",
	"file_version": 118,
	"cache_content": {
		"children": [
			{
				"data": "1.16.100",
				"key": "format_version"
			},
			{
				"open": {
					"format_version": "1.16.100",
					"minecraft:item": {
						"description": {
							"identifier": "sc:tome_frost",
							"category": "equipment"
						},
						"components": {
							"minecraft:max_stack_size": 1,
							"minecraft:icon": {
								"texture": "tome_frost"
							},
							"minecraft:creative_category": {
								"parent": "equipment"
							},
							"minecraft:display_name": {
								"value": "Tome of Frostbite"
							},
							"minecraft:on_use": {
								"on_use": {
									"event": "fire"
								}
							}
						},
						"events": {
							"fire": {
								"sequence": [
									{
										"run_command": {
											"command": [
												"summon sc:summon_frostfire ~ ~ ~-1",
												"summon sc:summon_frostfire ~ ~ ~1",
												"summon sc:summon_frostfire ~1 ~ ~",
												"summon sc:summon_frostfire ~-1 ~ ~",
												"playsound soulburst_scroll.summon @s ~ ~ ~ 1 1 1",
												"particle sc:frost_particle ~ ~ ~"
											]
										}
									},
									{
										"decrement_stack": {
											"ignore_game_mode": true
										}
									}
								]
							}
						}
					}
				},
				"key": "minecraft:item",
				"children": [
					{
						"open": {
							"description": {
								"identifier": "sc:tome_frost",
								"category": "equipment"
							},
							"components": {
								"minecraft:max_stack_size": 1,
								"minecraft:icon": {
									"texture": "tome_frost"
								},
								"minecraft:creative_category": {
									"parent": "equipment"
								},
								"minecraft:display_name": {
									"value": "Tome of Frostbite"
								},
								"minecraft:on_use": {
									"on_use": {
										"event": "fire"
									}
								}
							},
							"events": {
								"fire": {
									"sequence": [
										{
											"run_command": {
												"command": [
													"summon sc:summon_frostfire ~ ~ ~-1",
													"summon sc:summon_frostfire ~ ~ ~1",
													"summon sc:summon_frostfire ~1 ~ ~",
													"summon sc:summon_frostfire ~-1 ~ ~",
													"playsound soulburst_scroll.summon @s ~ ~ ~ 1 1 1",
													"particle sc:frost_particle ~ ~ ~"
												]
											}
										},
										{
											"decrement_stack": {
												"ignore_game_mode": true
											}
										}
									]
								}
							}
						},
						"key": "description",
						"is_minified": true,
						"children": {
							"identifier": "sc:tome_frost",
							"category": "equipment"
						}
					},
					{
						"open": {
							"description": {
								"identifier": "sc:tome_frost",
								"category": "equipment"
							},
							"components": {
								"minecraft:max_stack_size": 1,
								"minecraft:icon": {
									"texture": "tome_frost"
								},
								"minecraft:creative_category": {
									"parent": "equipment"
								},
								"minecraft:display_name": {
									"value": "Tome of Frostbite"
								},
								"minecraft:on_use": {
									"on_use": {
										"event": "fire"
									}
								}
							},
							"events": {
								"fire": {
									"sequence": [
										{
											"run_command": {
												"command": [
													"summon sc:summon_frostfire ~ ~ ~-1",
													"summon sc:summon_frostfire ~ ~ ~1",
													"summon sc:summon_frostfire ~1 ~ ~",
													"summon sc:summon_frostfire ~-1 ~ ~",
													"playsound soulburst_scroll.summon @s ~ ~ ~ 1 1 1",
													"particle sc:frost_particle ~ ~ ~"
												]
											}
										},
										{
											"decrement_stack": {
												"ignore_game_mode": true
											}
										}
									]
								}
							}
						},
						"key": "components",
						"children": [
							{
								"data": "1",
								"key": "minecraft:max_stack_size"
							},
							{
								"open": {
									"minecraft:max_stack_size": 1,
									"minecraft:icon": {
										"texture": "tome_frost"
									},
									"minecraft:creative_category": {
										"parent": "equipment"
									},
									"minecraft:display_name": {
										"value": "Tome of Frostbite"
									},
									"minecraft:on_use": {
										"on_use": {
											"event": "fire"
										}
									}
								},
								"key": "minecraft:icon",
								"is_minified": true,
								"children": {
									"texture": "tome_frost"
								}
							},
							{
								"key": "minecraft:creative_category",
								"is_minified": true,
								"children": {
									"parent": "equipment"
								}
							},
							{
								"open": {
									"minecraft:max_stack_size": 1,
									"minecraft:icon": {
										"texture": "tome_frost"
									},
									"minecraft:creative_category": {
										"parent": "equipment"
									},
									"minecraft:display_name": {
										"value": "Tome of Frostbite"
									},
									"minecraft:on_use": {
										"on_use": {
											"event": "fire"
										}
									}
								},
								"key": "minecraft:display_name",
								"is_minified": true,
								"children": {
									"value": "Tome of Frostbite"
								}
							},
							{
								"open": {
									"minecraft:max_stack_size": 1,
									"minecraft:icon": {
										"texture": "tome_frost"
									},
									"minecraft:creative_category": {
										"parent": "equipment"
									},
									"minecraft:display_name": {
										"value": "Tome of Frostbite"
									},
									"minecraft:on_use": {
										"on_use": {
											"event": "fire"
										}
									}
								},
								"key": "minecraft:on_use",
								"children": [
									{
										"open": {
											"on_use": {
												"event": "fire"
											}
										},
										"key": "on_use",
										"is_minified": true,
										"children": {
											"event": "fire"
										}
									}
								]
							}
						]
					},
					{
						"open": {
							"description": {
								"identifier": "sc:tome_frost",
								"category": "equipment"
							},
							"components": {
								"minecraft:max_stack_size": 1,
								"minecraft:icon": {
									"texture": "tome_frost"
								},
								"minecraft:creative_category": {
									"parent": "equipment"
								},
								"minecraft:display_name": {
									"value": "Tome of Frostbite"
								},
								"minecraft:on_use": {
									"on_use": {
										"event": "fire"
									}
								}
							},
							"events": {
								"fire": {
									"sequence": [
										{
											"run_command": {
												"command": [
													"summon sc:summon_frostfire ~ ~ ~-1",
													"summon sc:summon_frostfire ~ ~ ~1",
													"summon sc:summon_frostfire ~1 ~ ~",
													"summon sc:summon_frostfire ~-1 ~ ~",
													"playsound soulburst_scroll.summon @s ~ ~ ~ 1 1 1",
													"particle sc:frost_particle ~ ~ ~"
												]
											}
										},
										{
											"decrement_stack": {
												"ignore_game_mode": true
											}
										}
									]
								}
							}
						},
						"key": "events",
						"children": [
							{
								"open": {
									"fire": {
										"sequence": [
											{
												"run_command": {
													"command": [
														"summon sc:summon_frostfire ~ ~ ~-1",
														"summon sc:summon_frostfire ~ ~ ~1",
														"summon sc:summon_frostfire ~1 ~ ~",
														"summon sc:summon_frostfire ~-1 ~ ~",
														"playsound soulburst_scroll.summon @s ~ ~ ~ 1 1 1",
														"particle sc:frost_particle ~ ~ ~"
													]
												}
											},
											{
												"decrement_stack": {
													"ignore_game_mode": true
												}
											}
										]
									}
								},
								"key": "fire",
								"children": [
									{
										"open": {
											"sequence": [
												{
													"run_command": {
														"command": [
															"summon sc:summon_frostfire ~ ~ ~-1",
															"summon sc:summon_frostfire ~ ~ ~1",
															"summon sc:summon_frostfire ~1 ~ ~",
															"summon sc:summon_frostfire ~-1 ~ ~",
															"playsound soulburst_scroll.summon @s ~ ~ ~ 1 1 1",
															"particle sc:frost_particle ~ ~ ~"
														]
													}
												},
												{
													"decrement_stack": {
														"ignore_game_mode": true
													}
												}
											]
										},
										"key": "sequence",
										"children": [
											{
												"open": [
													{
														"run_command": {
															"command": [
																"summon sc:summon_frostfire ~ ~ ~-1",
																"summon sc:summon_frostfire ~ ~ ~1",
																"summon sc:summon_frostfire ~1 ~ ~",
																"summon sc:summon_frostfire ~-1 ~ ~",
																"playsound soulburst_scroll.summon @s ~ ~ ~ 1 1 1",
																"particle sc:frost_particle ~ ~ ~"
															]
														}
													},
													{
														"decrement_stack": {
															"ignore_game_mode": true
														}
													}
												],
												"children": [
													{
														"open": {
															"run_command": {
																"command": [
																	"summon sc:summon_frostfire ~ ~ ~-1",
																	"summon sc:summon_frostfire ~ ~ ~1",
																	"summon sc:summon_frostfire ~1 ~ ~",
																	"summon sc:summon_frostfire ~-1 ~ ~",
																	"playsound soulburst_scroll.summon @s ~ ~ ~ 1 1 1",
																	"particle sc:frost_particle ~ ~ ~"
																]
															}
														},
														"key": "run_command",
														"children": [
															{
																"open": {
																	"command": [
																		"summon sc:summon_frostfire ~ ~ ~-1",
																		"summon sc:summon_frostfire ~ ~ ~1",
																		"summon sc:summon_frostfire ~1 ~ ~",
																		"summon sc:summon_frostfire ~-1 ~ ~",
																		"playsound soulburst_scroll.summon @s ~ ~ ~ 1 1 1",
																		"particle sc:frost_particle ~ ~ ~"
																	]
																},
																"key": "command",
																"is_minified": true,
																"children": [
																	"summon sc:summon_frostfire ~ ~ ~-1",
																	"summon sc:summon_frostfire ~ ~ ~1",
																	"summon sc:summon_frostfire ~1 ~ ~",
																	"summon sc:summon_frostfire ~-1 ~ ~",
																	"playsound soulburst_scroll.summon @s ~ ~ ~ 1 1 1",
																	"particle sc:frost_particle ~ ~ ~"
																]
															}
														]
													}
												]
											},
											{
												"open": [
													{
														"run_command": {
															"command": [
																"summon sc:summon_frostfire ~ ~ ~-1",
																"summon sc:summon_frostfire ~ ~ ~1",
																"summon sc:summon_frostfire ~1 ~ ~",
																"summon sc:summon_frostfire ~-1 ~ ~",
																"playsound soulburst_scroll.summon @s ~ ~ ~ 1 1 1",
																"particle sc:frost_particle ~ ~ ~"
															]
														}
													},
													{
														"decrement_stack": {
															"ignore_game_mode": true
														}
													}
												],
												"is_minified": true,
												"children": {
													"decrement_stack": {
														"ignore_game_mode": true
													}
												}
											}
										]
									}
								]
							}
						]
					}
				]
			}
		]
	}
}