{
  "format_version": "1.8.0",
  "minecraft:entity": {
    "description": {
      "identifier": "scp4991:olocloud",
      "is_spawnable": true,
      "is_summonable": true,
      "is_experimental": false
    },

    "components": {
      "minecraft:type_family": {
        "family": [ "endermite", "monster" ]
      },
      "minecraft:loot": {
        "table": "loot_tables/entities/empty.json"
      },
      "minecraft:collision_box": {
        "width": 0.7,
        "height": 0.7
      },
      "minecraft:scale": {
        "value": 0.45
      },
      "minecraft:breathable": {
        "totalSupply": 15,
        "suffocateTime": 0
      },
      "minecraft:nameable": {
      },
      "minecraft:health": {
        "value": 1000000,
         "max":1000000
      },
      "minecraft:behavior.float": {
        "priority": 0
      },
      "minecraft:movement": {
        "value": 0.42
      },
      "minecraft:fall_damage": {
        "value": 0.0
      },
      "minecraft:navigation.fly": {
        "can_path_over_water": true
      },
      "minecraft:movement.basic": {

      },
      "minecraft:attack": {
        "damage": 1,
        "effect_name": "nausea",
        "effect_duration": 8
      },
      "minecraft:jump.static": {
      },
      "minecraft:can_climb": {
      },
      "minecraft:follow_range": {
        "value": 96,
        "max": 96
      },
      "minecraft:movement.fly": {
      },
      "minecraft:behavior.random_fly": {
        "priority": 4,
        "xz_dist": 25,
        "y_dist": 1,
        "y_offset": 0,
        "speed_multiplier": 1.5,
        "can_land_on_trees": true,
        "avoid_damage_blocks": true
      },
      "minecraft:behavior.hurt_by_target": {
        "priority": 1
      },
      "minecraft:behavior.random_stroll": {
        "priority": 5
      },
      "minecraft:behavior.look_at_player": {
        "priority": 6,
        "target_distance": 6.0,
        "probability": 0.02
      },
      "minecraft:behavior.random_look_around": {
        "priority": 7
      },
      "minecraft:physics": {

      },
      "minecraft:pushable": {
        "is_pushable": true,
        "is_pushable_by_piston": true
      },
      "minecraft:can_fly": {
        "value": true
      },
      "minecraft:behavior.nearest_attackable_target": {
        "priority": 2,
        "entity_types": [
          {
            "filters": { "test": "is_family", "subject": "other", "value": "player" },
            "max_dist": 48
          }
        ],
        "must_see": false
      },
      "minecraft:behavior.melee_attack": {
        "priority": 3,
        "target_dist": 1.1,
        "speed_multiplier": 1.5,
        "track_target": true
      }
    },

    "events": {

    }
  }
}
