{
   "format_version": "1.12",
   "minecraft:recipe_shaped": {
      "description": {
         "identifier": "minecraft:reeds"
      },
      "tags": [
         "crafting_table"
      ],
      "pattern": [
         "#",
         "|",
         "#"
      ],
      "key": {
         "#": {
            "item": "minecraft:wheat_seeds"
         },
         "|": {
            "item": "minecraft:wheat"
         }
      },
      "result": {
         "item": "minecraft:reeds",
         "data": 0
      }
   }
}