{
  "format_version": "1.13.0",
  "minecraft:entity": {
    "description": {
      "identifier": "ho:chair",
      "is_spawnable": true,
      "is_summonable": true,
      "is_experimental": false,
      "runtime_identifier": "minecraft:armor_stand"
    },
    "component_groups": {
    },
    "components": {
      "minecraft:type_family": {
        "family": [ "furnicraft" ]
      },
      "minecraft:health": {
        "value": 10,
        "max": 10
      },
      "minecraft:navigation.walk": {
      },
      "minecraft:movement.basic": {
      },
      "minecraft:movement": {
        "value": 0,
        "max": 0
      },
      "minecraft:rideable": {
        "seat_count": 1,
        "interact_text": "sit",
        "pull_in_entities": false,
        "seats": [
          {
            "position": [ 0.0, 0.45, 0.0 ]
          }
        ]
      },
      "minecraft:knockback_resistance": {
        "value": 100,
        "max": 100
      },
      "minecraft:push_through": {
      "value": 1
      },
      "minecraft:fall_damage": {
      "value": 0.0
      },
      "minecraft:scale": {
        "value": 1.0
      },
      "minecraft:loot": {
        "table": "loot_tables/entities/furnicraft.json"
      },
      "minecraft:collision_box": {
        "width": 0.5,
        "height": 0.5
      },
      "minecraft:physics": {
      }
    },
    "events": {
    }
  }
}