{
  "format_version": "1.10.0",
  "minecraft:entity": {
    "description": {
      "identifier": "ho:dead1",
      "is_spawnable": true,
      "is_summonable": true,
      "is_experimental": false
    },
    "component_groups": {
    },
    "components": {
      "minecraft:breathable": {
        "totalSupply": 15,
        "suffocateTime": 0,
        "breathesWater": true
      },
      "minecraft:collision_box": {
        "width": 1.0,
        "height": 1.8
      },
      "minecraft:fire_immune": true,
      "minecraft:type_family": {
        "family": [ "dead1" ]
      },
      "minecraft:loot": {
        "table": "null"
      },
      "minecraft:equipment": {
        "table": "null"
      },
      "minecraft:health": {
        "value": 1,
        "max": 1
      },
      "minecraft:physics": {
      },
      "minecraft:healable": {
        "force_use": true,
        "filters": { "test": "is_riding", "operator": "!=", "value": true },
        "items": [
          {
            "item": "diamond_pickaxe",
            "heal_amount": 0,
            "effects": [
              {
                "name": "instant_damage",
                "chance": 100.0,
                "duration": 1000,
                "amplifier": 255
              }
            ]
          }
        ]
      }
    },

    "events": {
    }
  }
}