{
  "format_version": "1.10.0",
  "minecraft:entity": {
    "description": {
      "identifier": "ho:friend",
      "is_spawnable": true,
      "is_summonable": true,
      "is_experimental": false
    },
    "component_groups": {
      "become_zombie": {
        "minecraft:transformation": {
          "into": "entity:friend_z"
        }
      },
      "work_schedule": {
        "minecraft:scheduler": {
          "min_delay_secs": 0,
          "max_delay_secs": 10,
          "scheduled_events" : [
            {
              "scheduled_event": {
                "filters": {
                  "all_of": [
                    { "test": "hourly_clock_time", "operator": ">=", "value": 12000 },
                    { "test": "hourly_clock_time", "operator": "<", "value": 24000 }
                  ]
                },
                "event": "minecraft:schedule_bed_villager"
              }
            }
          ]
        }
      },
      "basic_schedule": {
        "minecraft:scheduler": {
        "min_delay_secs": 0,
        "max_delay_secs": 10,
        "scheduled_events" : [
         {
          "scheduled_event": {
                "filters": {
                  "all_of": [
                    { "test": "hourly_clock_time", "operator": ">=", "value": 12000 },
                    { "test": "hourly_clock_time", "operator": "<", "value": 24000 }
                  ]
                },
                "event": "minecraft:schedule_bed_villager"
              }
            }
          ]
        }
      },
      "minecraft:friend_baby": {
        "minecraft:is_baby": {},
        "minecraft:scale": {
          "value": 1
        },
        "minecraft:movement": {
          "value": 0.35
        },

        "minecraft:rideable": {
          "seat_count": 1,
          "family_types": [
            "friend"
          ],
          "seats": {
            "position": [ 0.0, 1.1, -0.35 ],
            "lock_rider_rotation": 0
          }
        },
        "minecraft:behavior.mount_pathing": {
          "priority": 2,
          "speed_multiplier": 1.25,
          "target_dist": 0.0,
          "track_target": true
        }
      },

      "minecraft:friend_jockey": {
        "minecraft:behavior.find_mount": {
          "priority": 1,
          "within_radius": 16
        }
      },
      "minecraft:can_have_equipment": {
        "minecraft:equipment": {
          "table": "loot_tables/entities/zombie_equipment.json"
        }
      }
    },
    "components": {
      "minecraft:nameable": {
      },

      // friend Components
      "minecraft:type_family": {
        "family": [ "friend", "player", "villager" ]
      },
      "job_specific_goals": {
        "minecraft:behavior.sleep": {}
      },
      "minecraft:collision_box": {
        "width": 0.6,
        "height": 1.8
      },
      "minecraft:hide": {
      },
      "minecraft:behavior.open_door": {
        "priority": 5,
        "close_door_after": true
      },
      "minecraft:behavior.avoid_mob_type": {
        "priority": 2,
        "entity_types": [
          {
            "filters": { 
                "any_of": [
                  { "test" : "is_family", "subject" : "other", "value" : "monster"}
                ]
            },
            "walk_speed_multiplier": 0.6,
            "sprint_speed_multiplier": 0.6
          }
        ],
        "max_dist": 64
      },
      "minecraft:behavior.nearest_attackable_target": {
          "priority": 1,
          "within_radius": 64,
          "entity_types": [
            {
              "filters": { "other_with_families": [ "sheep" ] },
              "max_dist": 64
            }
          ],
          "within_radius": 64,
          "must_see_forget_duration": 64.0,
          "must_see": false
        },
      "minecraft:movement.basic": {
      },
      "minecraft:navigation.walk": {
        "is_amphibious": true,
        "can_pass_doors": true,
        "can_open_doors": true,
        "can_walk": true
      },
      "minecraft:annotation.open_door": {
      },
      "minecraft:jump.static": {
      },
      "minecraft:can_climb": {
      },
      "minecraft:damage_sensor": [
        {
          "on_damage": {
            "filters": {
        "any_of": [
          {"test": "is_family", "subject": "other", "value": "zombie"},
          {"test": "is_family", "subject": "other", "value": "husk"},
          {"test": "is_family", "subject": "other", "value": "scp049"}
        ],
        "all_of": [
          {"test": "has_damage", "value": "fatal"}
        ]
            },
            "event": "become_zombie"
          }
        }
      ],

      "minecraft:attack": {
        "damage": 1
      },
      "minecraft:behavior.float": {
        "priority": 0
      },
      "minecraft:behavior.hide": {
        "priority": 0,
        "speed_multiplier": 0.8,
        "poi_type": "bed",
        "duration": 30.0
      },
      "minecraft:health": {
        "value": 20,
        "max": 20
      },
      "minecraft:behavior.melee_attack": {
          "priority": 4,
          "speed_multiplier": 0.5,
          "track_target": false
        },
      "minecraft:breathable": {
        "totalSupply": 15,
        "suffocateTime": 0,
        "breathesAir": true,
        "breathesWater": true
      },
      "minecraft:loot": {
        "table": "loot_tables/entities/friend.json"
      },

      // friend Behaviors
      "minecraft:behavior.move_towards_restriction": {
        "priority": 5,
        "speed_multiplier": 0.35
      },
      "minecraft:behavior.random_stroll": {
        "priority": 6,
        "speed_multiplier": 0.35
      },
      "minecraft:behavior.look_at_player": {
        "priority": 7,
        "look_distance": 6,
        "probability": 0.02
      },
      "minecraft:behavior.random_look_around": {
        "priority": 7
      },
      "bed_schedule_villager": {
        "minecraft:behavior.sleep": {
          "priority": 3,
          "goal_radius": 1.5,
          "speed_multiplier": 0.6,
          "sleep_collider_height": 0.3,
          "sleep_collider_width": 1.0,
          "sleep_y_offset": 0.6,
          "timeout_cooldown": 10.0
        }
      },
      "minecraft:physics": {
      }
    },

    "events": {
      "become_zombie": {
        "sequence": [
          {
            "filters": {"test": "is_difficulty", "value": "easy"},
            "randomize": [
              {
                "weight": 50,
                "add": { "component_groups": [ "become_zombie" ] }
              },
              {
                "weight": 1,
                "add": { "component_groups": [ "zd2" ] }
              },
              {
                "weight": 50
              }
            ]
          },
          {
            "filters": {"test": "is_difficulty", "value": "normal"},
            "randomize": [
              {
                "weight": 50,
                "add": { "component_groups": [ "become_zombie" ] }
              },
              {
                "weight": 50
              }
            ]
          },
          {
            "filters": {"test": "is_difficulty", "value": "hard"},
            "add": {
              "component_groups": [
                "become_zombie"
              ]
            }
          }
        ]
      },
      "minecraft:entity_spawned": {
        "randomize": [
          {
            "weight": 380,
            "remove": {},
            "add": {
              "component_groups": [
                "minecraft:friend_adult",
                "minecraft:can_have_equipment"
              ]
            }
          },
          {
            "weight": 17,
            "remove": {
            },
            "add": {
              "component_groups": [
                "minecraft:friend_baby",
                "minecraft:can_have_equipment"
              ]

            }
          },
          {
            "weight": 3,
            "remove": {
            },
            "add": {
              "component_groups": [
                "minecraft:friend_baby",
                "minecraft:friend_jockey",
                "minecraft:can_have_equipment"
              ]
            }
          }
        ]
      },
      "minecraft:schedule_bed_villager": {
        "remove": { "component_groups": [ "home_schedule_villager", "gather_schedule_villager", "wander_schedule_villager", "job_specific_goals", "play_schedule_villager", "trade_resupply_component_group" ] },
        "add": { "component_groups": [ "bed_schedule_villager" ] }
      },
      "minecraft:as_adult": {
        "add": {
          "component_groups": [
            "minecraft:friend_adult"
          ]
        }
      },
      "minecraft:as_baby": {
        "add": {
          "component_groups": [
            "minecraft:friend_baby"
          ]
        }
      }
    }
  }
}
