{
  "format_version": "1.10.0",
  "minecraft:entity": {
    "description": {
      "identifier": "ho:sirenhead",
      "is_spawnable": true,
      "is_summonable": true,
      "is_experimental": false
    },
    "component_groups": {
    },
    "components": {
      "minecraft:nameable": {
      },

      // siren_head Components
      "minecraft:type_family": {
        "family": [ "siren_head", "monster" ]
      },
      "minecraft:fall_damage": {
        "value": 0.0
      },
      "minecraft:movement": {
        "value": 0.25
      },
      "minecraft:underwater_movement": {
        "value": 0.3
      },
      "minecraft:collision_box": {
        "width": 0.4,
        "height": 0.85
      },

      "minecraft:movement.basic": {
      },
      "minecraft:navigation.walk": {
        "is_amphibious": true,
        "can_pass_doors": true,
        "can_break_doors": true,
        "can_walk": true
      },
      "minecraft:annotation.break_door": {
      },
      "minecraft:jump.static": {
      },
      "minecraft:knockback_resistance": {
        "value": 10
      },
      "minecraft:can_climb": {
      },
      "minecraft:behavior.float": {
        "priority": 0
      },
      
      "minecraft:health": {
        "value": 800,
        "max": 800
      },
      "minecraft:attack": {
        "damage": 100
      },
      "minecraft:breathable": {
        "totalSupply": 15,
        "suffocateTime": 0,
        "breathesAir": true,
        "breathesWater": true
      },
      "minecraft:behavior.melee_attack": {
        "priority": 3,
        "speed_multiplier": 1.2,
        "track_target": false
      },
      "minecraft:loot": {
        "table": "loot_tables/entities/siren_head.json"
      },

      // siren_head Behaviors
      "minecraft:behavior.move_towards_restriction": {
        "priority": 5,
        "speed_multiplier": 1.0
      },
      "minecraft:behavior.random_stroll": {
        "priority": 6,
        "speed_multiplier": 1.0
      },
      "minecraft:scale": {
          "value": 2
        },
      "minecraft:behavior.look_at_player": {
        "priority": 7,
        "look_distance": 6,
        "probability": 0.02
      },
      "minecraft:behavior.random_look_around": {
        "priority": 7
      },
      "minecraft:behavior.hurt_by_target": {
        "priority": 1
      },
      "minecraft:follow_range": {
        "value": 100
      },
      "minecraft:behavior.nearest_attackable_target": {
        "priority": 2,
        "within_radius": 100,
        "reselect_targets": true,
        "entity_types": [
          {
            "filters": {
              "any_of": [
                { "test": "is_family", "subject": "other", "value": "player" },
                { "test": "is_family", "subject": "other", "value": "snowgolem" },
                { "test": "is_family", "subject": "other", "value": "irongolem" },
                { "test": "is_family", "subject": "other", "value": "illager" }
              ]
            },
            "max_dist": 100,
            "must_see": false,
            "must_see_forget_duration": 10000
          },
          {
            "filters": {
              "any_of": [
                { "test": "is_family", "subject": "other", "value": "villager" },
                { "test": "is_family", "subject": "other", "value": "wandering_trader" }
              ]
            },
            "max_dist": 100,
            "must_see": false,
            "must_see_forget_duration": 10000
          },
          {
            "filters": {
              "all_of": [
                { "test": "is_family", "subject": "other", "value": "baby_turtle" },
                { "test": "in_water", "subject": "other", "operator": "!=", "value": true }
              ]
            },
            "max_dist": 100
          }
        ],
        "must_see": true,
        "must_see_forget_duration": 10000
      },
      "minecraft:physics": {
      }
    },

    "events": {
    }
  }
},