{
    "format_version": "1.17.0",
    "minecraft:client_entity": {
        "description": {
            "identifier": "furniture:center_table",
            "materials": {
                "default": "entity"
            },
            "textures": {
                "default": "textures/entity/center_table"
            },
            "geometry": {
                "default": "geometry.center_table"
            },
            "render_controllers": [
                "controller.render.center_table"
            ],
            "spawn_egg": {
                "texture": "center_table",
                "texture_index": 0
            }
        }
    }
}