{
    "format_version": "1.17.0",
    "minecraft:client_entity": {
        "description": {
            "identifier": "furniture:laptop",
            "materials": {
                "default": "entity"
            },
            "textures": {
                "default": "textures/entity/laptop"
            },
            "geometry": {
                "default": "geometry.laptop"
            },
            "render_controllers": [
                "controller.render.laptop"
            ],
            "spawn_egg": {
                "texture": "laptop",
                "texture_index": 0
            }
        }
    }
}