{
    "format_version": "1.17.0",
    "minecraft:client_entity": {
        "description": {
            "identifier": "furniture:light_panel",
            "materials": {
                "default": "entity"
            },
            "textures": {
                "default": "textures/entity/light_panel"
            },
            "geometry": {
                "default": "geometry.light_panel"
            },
            "render_controllers": [
                "controller.render.light_panel"
            ],
            "spawn_egg": {
                "texture": "light_panel",
                "texture_index": 0
            }
        }
    }
}