{
    "format_version": "1.17.0",
    "minecraft:client_entity": {
        "description": {
            "identifier": "furniture:long_countertop",
            "materials": {
                "default": "entity"
            },
            "textures": {
                "default": "textures/entity/long_countertop"
            },
            "geometry": {
                "default": "geometry.long_countertop"
            },
            "render_controllers": [
                "controller.render.long_countertop"
            ],
            "spawn_egg": {
                "texture": "long_countertop",
                "texture_index": 0
            }
        }
    }
}