{
  "format_version": "1.17.0",
  "minecraft:client_entity": {
      "description": {
          "identifier": "furniture:monitor",
          "materials": {
              "default": "entity"
          },
          "textures": {
              "default": "textures/entity/monitor"
          },
          "geometry": {
              "default": "geometry.monitor"
          },
          "render_controllers": [
              "controller.render.monitor"
          ],
          "spawn_egg": {
            "texture": "monitor",
            "texture_index": 0
        }
      }
  }
}