{
    "format_version": "1.17.0",
    "minecraft:client_entity": {
        "description": {
            "identifier": "furniture:shower",
            "materials": {
                "default": "entity_alphablend"
            },
            "textures": {
                "default": "textures/entity/shower"
            },
            "geometry": {
                "default": "geometry.shower"
            },
            "render_controllers": [
                "controller.render.shower"
            ],
            "spawn_egg": {
                "texture": "shower",
                "texture_index": 0
            }
        }
    }
}