{
    "format_version": "1.17.0",
    "minecraft:client_entity": {
        "description": {
            "identifier": "furniture:sink",
            "materials": {
                "default": "entity"
            },
            "textures": {
                "default": "textures/entity/sink"
            },
            "geometry": {
                "default": "geometry.sink"
            },
            "render_controllers": [
                "controller.render.sink"
            ],
            "spawn_egg": {
                "texture": "sink",
                "texture_index": 0
            }
        }
    }
}