{
    "format_version": "1.17.0",
    "minecraft:client_entity": {
        "description": {
            "identifier": "furniture:toilet",
            "materials": {
                "default": "entity"
            },
            "textures": {
                "default": "textures/entity/toilet"
            },
            "geometry": {
                "default": "geometry.toilet"
            },
            "render_controllers": [
                "controller.render.toilet"
            ],
            "spawn_egg": {
                "texture": "toilet",
                "texture_index": 0
            }
        }
    }
}