{
    "format_version": "1.17.0",
    "minecraft:client_entity": {
        "description": {
            "identifier": "furniture:wall_shelf",
            "materials": {
                "default": "entity"
            },
            "textures": {
                "default": "textures/entity/wall_shelf"
            },
            "geometry": {
                "default": "geometry.wall_shelf"
            },
            "render_controllers": [
                "controller.render.wall_shelf"
            ],
            "spawn_egg": {
                "texture": "wall_shelf",
                "texture_index": 0
            }
        }
    }
}