{
  "format_version": "1.18",
  "minecraft:entity": {
    "description": {
      "identifier": "chetty:icecube",
      "is_spawnable": false,
      "is_summonable": true,
      "is_experimental": false,
      "runtime_identifier": ""
    },
    "component_groups": {
      "remove_ice_cube": {
        "minecraft:instant_despawn": {}
      }
    },
    "components": {
      "minecraft:type_family": {
        "family": [
          "ice_cube"
        ]
      },
      "minecraft:custom_hit_test": {
        "hitboxes": [
          {
            "width": 3,
            "height": 3,
            "pivot": [
              0,
              1.5,
              0
            ]
          }
        ]
      },
      "minecraft:physics": {
        "has_gravity": false,
        "has_collision": true
      },
      "minecraft:health": {
        "value": 1,
        "minx": 1,
        "max": 1
      },
      "minecraft:knockback_resistance": {
        "value": 1.0
      },
      "minecraft:pushable": {
        "is_pushable": false,
        "is_pushable_by_piston": true
      },
      "minecraft:damage_sensor": {
        "triggers": {
          "cause": "all",
          "deals_damage": false
        }
      },
      "minecraft:timer": {
        "looping": true,
        "time": 5,
        "time_down_event": {
          "event": "despawn_event"
        }
      },
      "minecraft:environment_sensor": {
        "triggers": [
          {
            "filters": {
              "all_of": [
                {
                  "test": "is_moving",
                  "subject": "self",
                  "operator": "==",
                  "value": false
                }
              ]
            },
            "event": "apply_freezing"
          }
        ]
      }
    },
    "events": {
      "apply_freezing": {
        "run_command": {
          "command": [
            "tp @e[tag=!ice,type=!item,r=1] @s",
            "damage @e[tag=!ice,type=!item,r=2] 1 freezing"
          ]
        }
      },
      "minecraft:entity_spawned": {
        "sequence": [
          {
            "run_command": {
              "command": [
                "particle chetty:iceparticle ~~1.5~"
              ]
            }
          }
        ]
      },
      "despawn_event": {
        "sequence": [
          {
            "add": {
              "component_groups": [
                "remove_ice_cube"
              ]
            }
          }
        ]
      }
    }
  }
}
