{
	"format_version": "1.19.10",
	"minecraft:entity": {
		"description": {
			"identifier": "chetty:natureattack",
			"is_spawnable": false,
			"is_summonable": true,
			"is_experimental": false
		},
		"component_groups": {
			"remove_attack": {
				"minecraft:instant_despawn": {}
			}
		},
		"components": {
			"minecraft:type_family": {
				"family": [ "inanimate" ]
			},
			"minecraft:collision_box": {
				"width": 0,
				"height": 0
			},
			"minecraft:physics": {
				"has_gravity": false,
				"has_collision": false
			},
			"minecraft:health": {
				"value": 1,
				"minx": 1,
				"max": 1
			},
			"minecraft:knockback_resistance": {
				"value": 1.0
			},
			"minecraft:pushable": {
				"is_pushable": false,
				"is_pushable_by_piston": true
			},
			"minecraft:damage_sensor": {
				"triggers": {
					"cause": "all",
					"deals_damage": false
				}
			},
			"minecraft:timer": {
				"looping": true,
				"time": 6,
				"time_down_event": {
					"event": "start_despawn"
				}
			},
			"minecraft:environment_sensor": {
				"triggers": [
					{
						"filters": {
							"all_of": [
								{
									"test": "is_moving",
									"subject": "self",
									"operator": "==",
									"value": false
								}
							]
						},
						"event": "particles"
					}
				]
			},
			"minecraft:mob_effect": {
				"entity_filter": {
					"all_of": [
						{
							"test": "has_equipment",
							"subject": "other",
							"domain": "hand",
							"operator": "!=",
							"value": "chetty:naturesword"
						},
						{
							"test": "has_component",
							"subject": "other",
							"operator": "!=",
							"value": "minecraft:is_tamed"
						},
						{
							"test": "is_family",
							"subject": "other",
							"operator": "!=",
							"value": "inanimate"
						}
					]
				},
				"effect_range": 10,
				"effect_time": 2,
				"mob_effect": "wither"
			}
		},
		"events": {
			"start_despawn": {
				"add": {
					"component_groups": [
						"remove_attack"
					]
				}
			},
			"particles": {
				"run_command": {
					"command": "particle chetty:sporeblossomparticle ~~1~"
				}
			}
		}
	}
}
