{
  "format_version": "1.8.0",
  "minecraft:client_entity": {
    "description": {
      "identifier": "minecraft:skeleton",
      "materials": {
        "default": "skeleton"
      },
      "textures": {
        "default": "textures/entity/skeleton/skeleton"
      },
      "geometry": {
        "default": "geometry.skeleton"
      },
      "spawn_egg": {
        "texture": "spawn_egg",
        "texture_index": 9
      },
      "scripts": {
        "pre_animation": [
          "Entity.tcos0 = (Math.cos(Params.AnimPos * 38.17) * Params.AnimSpeed / Entity.GlidingSpeedValue) * 57.3;",
          "Entity.tcos1 = (Math.cos(Params.AnimPos * 38.17 + 180.0) * Params.AnimSpeed / Entity.GlidingSpeedValue) * 57.3;",
          "Entity.attackBodyRotY = Math.sin(Math.sqrt(Entity.AttackTime)) * 36.0;",
          "Entity.cosAttackBodyRotY = Math.cos(Entity.attackBodyRotY);",
          "Entity.sinAttackBodyRotY = Math.sin(Entity.attackBodyRotY);",
          "Entity.internalSwimPos = Math.mod(Params.AnimPos, 26.0);",
          "Entity.attack = Math.sin(1.0 - (1.0 - Entity.AttackTime) * (1.0 - Entity.AttackTime)) * 180.0;",
          "Entity.attack2 = Math.sin(Entity.AttackTime * 180.0);"
        ]
      },
      "animations": {
        "humanoid_base_pose": "animation.humanoid.base_pose",
        "look_at_target_default": "animation.humanoid.look_at_target.default",
        "look_at_target_gliding": "animation.humanoid.look_at_target.gliding",
        "look_at_target_swimming": "animation.humanoid.look_at_target.swimming",
        "move": "animation.humanoid.move",
        "riding.arms": "animation.humanoid.riding.arms",
        "riding.legs": "animation.humanoid.riding.legs",
        "holding": "animation.humanoid.holding",
        "brandish_spear": "animation.humanoid.brandish_spear",
        "charging": "animation.humanoid.charging",
        "attack.positions": "animation.humanoid.attack.positions",
        "attack.rotations": "animation.humanoid.attack.rotations",
        "sneaking": "animation.humanoid.sneaking",
        "bob": "animation.humanoid.bob",
        "damage_nearby_mobs": "animation.humanoid.damage_nearby_mobs",
        "bow_and_arrow": "animation.humanoid.bow_and_arrow",
        "swimming": "animation.humanoid.swimming",
        "use_item_progress": "animation.humanoid.use_item_progress",
        "skeleton_attack": "animation.skeleton.attack"

      },
      "animation_controllers": [
        { "humanoid_base_pose": "controller.animation.humanoid.base_pose" },
        { "look_at_target": "controller.animation.humanoid.look_at_target" },
        { "move": "controller.animation.humanoid.move" },
        { "riding": "controller.animation.humanoid.riding" },
        { "holding": "controller.animation.humanoid.holding" },
        { "brandish_spear": "controller.animation.humanoid.brandish_spear" },
        { "charging": "controller.animation.humanoid.charging" },
        { "attack": "controller.animation.humanoid.attack" },
        { "sneaking": "controller.animation.humanoid.sneaking" },
        { "bob": "controller.animation.humanoid.bob" },
        { "damage_nearby_mobs": "controller.animation.humanoid.damage_nearby_mobs" },
        { "bow_and_arrow": "controller.animation.humanoid.bow_and_arrow" },
        { "swimming": "controller.animation.humanoid.swimming" },
        { "use_item_progress": "controller.animation.humanoid.use_item_progress" },
        { "skeleton_attack": "controller.animation.skeleton.attack" }
      ],
      "render_controllers": [ "controller.render.skeleton" ],
      "locators": {
        "lead": { "head": [ 0.0, 0.0, 0.0 ] }
      },
      "enable_attachables": true
    }
  }
}
