{
  "minecraft:item" : {
    "events" : {
      "cc:on_use" : {

      }
    },
    "components" : {
      "minecraft:max_stack_size" : 16,
      "minecraft:foil" : false,
      "minecraft:hand_equipped" : false,
      "minecraft:icon" : {
        "texture" : "cc:energon_shard"
      },
      "minecraft:render_offsets" : {
        "main_hand" : {
          "third_person" : {
            "scale" : [
              0.10000000000000001,
              0.10000000000000001,
              0.10000000000000001
            ]
          },
          "first_person" : {
            "scale" : [
              0.037999999999999999,
              0.037999999999999999,
              0.037999999999999999
            ]
          }
        },
        "off_hand" : {
          "third_person" : {
            "scale" : [
              0.10000000000000001,
              0.10000000000000001,
              0.10000000000000001
            ]
          },
          "first_person" : {
            "scale" : [
              0.037999999999999999,
              0.037999999999999999,
              0.037999999999999999
            ]
          }
        }
      },
      "minecraft:fuel" : {
        "duration" : 32
      },
      "minecraft:cooldown" : {
        "category" : "change_mehuine",
        "duration" : 1
      }
    },
    "description" : {
      "category" : "equipment",
      "identifier" : "cc:energon_shard"
    }
  },
  "format_version" : "1.16.100"
}