{
  "minecraft:item" : {
    "components" : {
      "minecraft:creative_category" : {
        "parent" : "itemGroup.name.fourdskin"
      },
      "minecraft:wearable" : {
        "slot" : "slot.armor.head"
      },
      "minecraft:max_stack_size" : 1,
      "minecraft:foil" : false,
      "minecraft:damageable" : {
        "max_damage" : 512,
        "damage_chance" : {
          "min" : 8,
          "max" : 16
        },
        "repair_items" : [
          "minecraft:emerald",
          "cc:megatron_gun"
        ]
      },
      "minecraft:enchantable" : {
        "value" : 10,
        "slot" : "armor_head"
      },
      "minecraft:knockback_resistance" : {
        "protection" : 1.0499999523162842
      },
      "minecraft:icon" : {
        "texture" : "cc:megatron_gun"
      },
      "minecraft:repairable" : {
        "repair_items" : [
          {
            "items" : [
              "minecraft:emerald",
              "cc:megatron_gun"
            ],
            "repair_amount" : 10
          }
        ]
      },
      "minecraft:armor" : {
        "protection" : 20
      },
      "minecraft:durability" : {
        "max_durability" : 512
      },
      "minecraft:display_name" : {

      },
      "minecraft:mining_speed" : 5,
      "minecraft:render_offsets" : {
        "main_hand" : {
          "third_person" : {
            "scale" : [
              0.012500000000000001,
              0.012500000000000001,
              0.012500000000000001
            ]
          },
          "first_person" : {
            "scale" : [
              0.0047499999999999999,
              0.0047499999999999999,
              0.0047499999999999999
            ]
          }
        },
        "off_hand" : {
          "third_person" : {
            "scale" : [
              0.012500000000000001,
              0.012500000000000001,
              0.012500000000000001
            ]
          },
          "first_person" : {
            "scale" : [
              0.0047499999999999999,
              0.0047499999999999999,
              0.0047499999999999999
            ]
          }
        }
      }
    },
    "description" : {
      "category" : "equipment",
      "identifier" : "cc:megatron_gun"
    }
  },
  "format_version" : "1.16.100"
}