{
  "minecraft:item" : {
    "events" : {
      "cc:on_use" : {
        "shoot" : {
          "projectile" : "cc:mirage_rocket_bullet",
          "launch_power" : 1.3
        },
        "run_command" : {
          "command" : [
            "playsound mirage_rocket.shot @a ~ ~ ~"
          ]
        }
      }
    },
    "components" : {
      "minecraft:max_stack_size" : 1,
      "minecraft:hand_equipped" : true,
      "minecraft:foil" : false,
      "minecraft:icon" : {
        "texture" : "cc:mirage_rocket"
      },
      "minecraft:render_offsets" : {
        "main_hand" : {
          "third_person" : {
            "scale" : [
              0.0081632653061224497,
              0.0081632653061224497,
              0.0081632653061224497
            ]
          },
          "first_person" : {
            "scale" : [
              0.0031020408163265306,
              0.0031020408163265306,
              0.0031020408163265306
            ]
          }
        },
        "off_hand" : {
          "third_person" : {
            "scale" : [
              0.0081632653061224497,
              0.0081632653061224497,
              0.0081632653061224497
            ]
          },
          "first_person" : {
            "scale" : [
              0.0031020408163265306,
              0.0031020408163265306,
              0.0031020408163265306
            ]
          }
        }
      },
      "minecraft:on_use" : {
        "on_use" : {
          "event" : "cc:on_use"
        }
      },
      "minecraft:cooldown" : {
        "category" : "change_mehuine",
        "duration" : 102.40000000000001
      }
    },
    "description" : {
      "category" : "equipment",
      "identifier" : "cc:mirage_rocket"
    }
  },
  "format_version" : "1.16.100"
}