{
  "format_version": "1.8.0",
  "minecraft:client_entity": {
    "description": {
      "identifier": "raigen:hospital_barricade_west",
      "materials": {
	    "default": "translucence"
	  },
      "textures": {
        "oak": "textures/decor/amnesiac/hospital_barricade/oak",
        "spruce": "textures/decor/amnesiac/hospital_barricade/spruce",
        "birch": "textures/decor/amnesiac/hospital_barricade/birch",
        "jungle": "textures/decor/amnesiac/hospital_barricade/jungle",
        "acacia": "textures/decor/amnesiac/hospital_barricade/acacia",
        "dark_oak": "textures/decor/amnesiac/hospital_barricade/dark_oak"
      },
      "geometry": {
        "default": "geometry.hospital_barricade_west"
      },
      "render_controllers": [ "controller.render.variant_wooden" ]
    }
  }
}