{
	"format_version": "1.10.0",
	"animation_controllers": {
		"controller.animation.klakson_carry_1_0_angkot": {
			"states": {
				"default": {
					"transitions": [
						{"lmb": "(1.0)"}
					],
					"on_entry": [
						"/execute @s[tag=ridding_angkot_carry_1_0,r=1] ~~~ playsound suzuki_carry.horn @e[type=player,r=20] ~~~ 26 1 25"
					]
				},
				"lmb": {
					"transitions": [
						{"default": "variable.attack_time > 0.55"}
					],
					"on_entry": [
						"/execute @s[tag=ridding_angkot_carry_1_0,r=1] ~~~ playsound suzuki_carry.horn @e[type=player,r=20] ~~~ 26 1 25"
					]
				}
			}
		},
		"controller.animation.out_carry_1_0_angkot": {
			"states": {
				"default": {
					"transitions": [
						{"sneak": "(1.0)"}
					],
					"on_entry": [
						"/tag @s remove ridding_angkot_carry_1_0"
					]
				},
				"sneak": {
					"transitions": [
						{"default": "query.is_sneaking || query.is_jumping || query.is_standing"}
					],
					"on_entry": [
						"/tag @s remove ridding_angkot_carry_1_0"
					]
				}
			}
		}
	}
}