{
	"file_path": "C:\\Users\\Owner\\AppData\\Local\\Packages\\Microsoft.MinecraftUWP_8wekyb3d8bbwe\\LocalState\\games\\com.mojang\\development_behavior_packs\\Raiyon's More Swords\\items\\experience_sword.json",
	"file_type": "item",
	"format_version": 1,
	"file_uuid": "000df41d_a548_4d79_acc7_e06dc17f7dfd",
	"file_version": 3,
	"cache_content": {
		"children": [
			{
				"data": "1.17.0",
				"key": "format_version"
			},
			{
				"open": {
					"format_version": "1.17.0",
					"minecraft:item": {
						"description": {
							"identifier": "ray:experience_sword",
							"category": "equipment"
						},
						"components": {
							"minecraft:icon": {
								"texture": "xp_sword"
							},
							"minecraft:display_name": {
								"value": "§aExperience Sword"
							},
							"minecraft:max_stack_size": 1,
							"minecraft:durability": {
								"max_durability": 1600
							},
							"minecraft:digger": {
								"use_efficiency": false,
								"destroy_speeds": [
									{
										"block": "minecraft:web",
										"speed": 15
									},
									{
										"block": "minecraft:bamboo",
										"speed": 10
									}
								]
							},
							"minecraft:mining_speed": 1.5,
							"minecraft:hand_equipped": true,
							"minecraft:can_destroy_in_creative": false,
							"minecraft:enchantable": {
								"value": 10,
								"slot": "sword"
							},
							"minecraft:damage": 3,
							"minecraft:weapon": {
								"on_hurt_entity": {
									"event": "dmg",
									"target": "self"
								},
								"on_hit_block": {
									"event": "dmg",
									"target": "self"
								}
							},
							"minecraft:creative_category": {
								"parent": "itemGroup.name.sword"
							},
							"minecraft:use_animation": "crossbow"
						},
						"events": {
							"dmg": {
								"damage": {
									"amount": 1,
									"type": "none",
									"target": "self"
								},
								"run_command": {
									"command": [
										"summon xp_orb",
										"playsound random.orb @p ~ ~ ~ 0.4"
									],
									"target": "other"
								}
							}
						}
					}
				},
				"key": "minecraft:item",
				"children": [
					{
						"open": {
							"description": {
								"identifier": "ray:experience_sword",
								"category": "equipment"
							},
							"components": {
								"minecraft:icon": {
									"texture": "xp_sword"
								},
								"minecraft:display_name": {
									"value": "§aExperience Sword"
								},
								"minecraft:max_stack_size": 1,
								"minecraft:durability": {
									"max_durability": 1600
								},
								"minecraft:digger": {
									"use_efficiency": false,
									"destroy_speeds": [
										{
											"block": "minecraft:web",
											"speed": 15
										},
										{
											"block": "minecraft:bamboo",
											"speed": 10
										}
									]
								},
								"minecraft:mining_speed": 1.5,
								"minecraft:hand_equipped": true,
								"minecraft:can_destroy_in_creative": false,
								"minecraft:enchantable": {
									"value": 10,
									"slot": "sword"
								},
								"minecraft:damage": 3,
								"minecraft:weapon": {
									"on_hurt_entity": {
										"event": "dmg",
										"target": "self"
									},
									"on_hit_block": {
										"event": "dmg",
										"target": "self"
									}
								},
								"minecraft:creative_category": {
									"parent": "itemGroup.name.sword"
								},
								"minecraft:use_animation": "crossbow"
							},
							"events": {
								"dmg": {
									"damage": {
										"amount": 1,
										"type": "none",
										"target": "self"
									},
									"run_command": {
										"command": [
											"summon xp_orb",
											"playsound random.orb @p ~ ~ ~ 0.4"
										],
										"target": "other"
									}
								}
							}
						},
						"key": "description",
						"is_minified": true,
						"children": {
							"identifier": "ray:experience_sword",
							"category": "equipment"
						}
					},
					{
						"open": {
							"description": {
								"identifier": "ray:experience_sword",
								"category": "equipment"
							},
							"components": {
								"minecraft:icon": {
									"texture": "xp_sword"
								},
								"minecraft:display_name": {
									"value": "§aExperience Sword"
								},
								"minecraft:max_stack_size": 1,
								"minecraft:durability": {
									"max_durability": 1600
								},
								"minecraft:digger": {
									"use_efficiency": false,
									"destroy_speeds": [
										{
											"block": "minecraft:web",
											"speed": 15
										},
										{
											"block": "minecraft:bamboo",
											"speed": 10
										}
									]
								},
								"minecraft:mining_speed": 1.5,
								"minecraft:hand_equipped": true,
								"minecraft:can_destroy_in_creative": false,
								"minecraft:enchantable": {
									"value": 10,
									"slot": "sword"
								},
								"minecraft:damage": 3,
								"minecraft:weapon": {
									"on_hurt_entity": {
										"event": "dmg",
										"target": "self"
									},
									"on_hit_block": {
										"event": "dmg",
										"target": "self"
									}
								},
								"minecraft:creative_category": {
									"parent": "itemGroup.name.sword"
								},
								"minecraft:use_animation": "crossbow"
							},
							"events": {
								"dmg": {
									"damage": {
										"amount": 1,
										"type": "none",
										"target": "self"
									},
									"run_command": {
										"command": [
											"summon xp_orb",
											"playsound random.orb @p ~ ~ ~ 0.4"
										],
										"target": "other"
									}
								}
							}
						},
						"key": "components",
						"children": [
							{
								"open": {
									"minecraft:icon": {
										"texture": "xp_sword"
									},
									"minecraft:display_name": {
										"value": "§aExperience Sword"
									},
									"minecraft:max_stack_size": 1,
									"minecraft:durability": {
										"max_durability": 1600
									},
									"minecraft:digger": {
										"use_efficiency": false,
										"destroy_speeds": [
											{
												"block": "minecraft:web",
												"speed": 15
											},
											{
												"block": "minecraft:bamboo",
												"speed": 10
											}
										]
									},
									"minecraft:mining_speed": 1.5,
									"minecraft:hand_equipped": true,
									"minecraft:can_destroy_in_creative": false,
									"minecraft:enchantable": {
										"value": 10,
										"slot": "sword"
									},
									"minecraft:damage": 3,
									"minecraft:weapon": {
										"on_hurt_entity": {
											"event": "dmg",
											"target": "self"
										},
										"on_hit_block": {
											"event": "dmg",
											"target": "self"
										}
									},
									"minecraft:creative_category": {
										"parent": "itemGroup.name.sword"
									},
									"minecraft:use_animation": "crossbow"
								},
								"key": "minecraft:icon",
								"is_minified": true,
								"children": {
									"texture": "xp_sword"
								}
							},
							{
								"open": {
									"minecraft:icon": {
										"texture": "xp_sword"
									},
									"minecraft:display_name": {
										"value": "§aExperience Sword"
									},
									"minecraft:max_stack_size": 1,
									"minecraft:durability": {
										"max_durability": 1600
									},
									"minecraft:digger": {
										"use_efficiency": false,
										"destroy_speeds": [
											{
												"block": "minecraft:web",
												"speed": 15
											},
											{
												"block": "minecraft:bamboo",
												"speed": 10
											}
										]
									},
									"minecraft:mining_speed": 1.5,
									"minecraft:hand_equipped": true,
									"minecraft:can_destroy_in_creative": false,
									"minecraft:enchantable": {
										"value": 10,
										"slot": "sword"
									},
									"minecraft:damage": 3,
									"minecraft:weapon": {
										"on_hurt_entity": {
											"event": "dmg",
											"target": "self"
										},
										"on_hit_block": {
											"event": "dmg",
											"target": "self"
										}
									},
									"minecraft:creative_category": {
										"parent": "itemGroup.name.sword"
									},
									"minecraft:use_animation": "crossbow"
								},
								"key": "minecraft:display_name",
								"is_minified": true,
								"children": {
									"value": "§aExperience Sword"
								}
							},
							{
								"data": "1",
								"key": "minecraft:max_stack_size"
							},
							{
								"key": "minecraft:durability",
								"is_minified": true,
								"children": {
									"max_durability": 1600
								}
							},
							{
								"key": "minecraft:digger",
								"is_minified": true,
								"children": {
									"use_efficiency": false,
									"destroy_speeds": [
										{
											"block": "minecraft:web",
											"speed": 15
										},
										{
											"block": "minecraft:bamboo",
											"speed": 10
										}
									]
								}
							},
							{
								"data": "1.5",
								"key": "minecraft:mining_speed"
							},
							{
								"data": "true",
								"key": "minecraft:hand_equipped"
							},
							{
								"data": "false",
								"key": "minecraft:can_destroy_in_creative"
							},
							{
								"key": "minecraft:enchantable",
								"is_minified": true,
								"children": {
									"value": 10,
									"slot": "sword"
								}
							},
							{
								"open": {
									"minecraft:icon": {
										"texture": "xp_sword"
									},
									"minecraft:display_name": {
										"value": "§aExperience Sword"
									},
									"minecraft:max_stack_size": 1,
									"minecraft:durability": {
										"max_durability": 1600
									},
									"minecraft:digger": {
										"use_efficiency": false,
										"destroy_speeds": [
											{
												"block": "minecraft:web",
												"speed": 15
											},
											{
												"block": "minecraft:bamboo",
												"speed": 10
											}
										]
									},
									"minecraft:mining_speed": 1.5,
									"minecraft:hand_equipped": true,
									"minecraft:can_destroy_in_creative": false,
									"minecraft:enchantable": {
										"value": 10,
										"slot": "sword"
									},
									"minecraft:damage": 3,
									"minecraft:weapon": {
										"on_hurt_entity": {
											"event": "dmg",
											"target": "self"
										},
										"on_hit_block": {
											"event": "dmg",
											"target": "self"
										}
									},
									"minecraft:creative_category": {
										"parent": "itemGroup.name.sword"
									},
									"minecraft:use_animation": "crossbow"
								},
								"data": "3",
								"key": "minecraft:damage"
							},
							{
								"key": "minecraft:weapon",
								"is_minified": true,
								"children": {
									"on_hurt_entity": {
										"event": "dmg",
										"target": "self"
									},
									"on_hit_block": {
										"event": "dmg",
										"target": "self"
									}
								}
							},
							{
								"key": "minecraft:creative_category",
								"is_minified": true,
								"children": {
									"parent": "itemGroup.name.sword"
								}
							},
							{
								"data": "crossbow",
								"key": "minecraft:use_animation"
							}
						]
					},
					{
						"open": {
							"description": {
								"identifier": "ray:experience_sword",
								"category": "equipment"
							},
							"components": {
								"minecraft:icon": {
									"texture": "xp_sword"
								},
								"minecraft:display_name": {
									"value": "§aExperience Sword"
								},
								"minecraft:max_stack_size": 1,
								"minecraft:durability": {
									"max_durability": 1600
								},
								"minecraft:digger": {
									"use_efficiency": false,
									"destroy_speeds": [
										{
											"block": "minecraft:web",
											"speed": 15
										},
										{
											"block": "minecraft:bamboo",
											"speed": 10
										}
									]
								},
								"minecraft:mining_speed": 1.5,
								"minecraft:hand_equipped": true,
								"minecraft:can_destroy_in_creative": false,
								"minecraft:enchantable": {
									"value": 10,
									"slot": "sword"
								},
								"minecraft:damage": 3,
								"minecraft:weapon": {
									"on_hurt_entity": {
										"event": "dmg",
										"target": "self"
									},
									"on_hit_block": {
										"event": "dmg",
										"target": "self"
									}
								},
								"minecraft:creative_category": {
									"parent": "itemGroup.name.sword"
								},
								"minecraft:use_animation": "crossbow"
							},
							"events": {
								"dmg": {
									"damage": {
										"amount": 1,
										"type": "none",
										"target": "self"
									},
									"run_command": {
										"command": [
											"summon xp_orb",
											"playsound random.orb @p ~ ~ ~ 0.4"
										],
										"target": "other"
									}
								}
							}
						},
						"key": "events",
						"children": [
							{
								"open": {
									"dmg": {
										"damage": {
											"amount": 1,
											"type": "none",
											"target": "self"
										},
										"run_command": {
											"command": [
												"summon xp_orb",
												"playsound random.orb @p ~ ~ ~ 0.4"
											],
											"target": "other"
										}
									}
								},
								"key": "dmg",
								"children": [
									{
										"key": "damage",
										"is_minified": true,
										"children": {
											"amount": 1,
											"type": "none",
											"target": "self"
										}
									},
									{
										"open": {
											"damage": {
												"amount": 1,
												"type": "none",
												"target": "self"
											},
											"run_command": {
												"command": [
													"summon xp_orb",
													"playsound random.orb @p ~ ~ ~ 0.4"
												],
												"target": "other"
											}
										},
										"key": "run_command",
										"children": [
											{
												"open": {
													"command": [
														"summon xp_orb",
														"playsound random.orb @p ~ ~ ~ 0.4"
													],
													"target": "other"
												},
												"key": "command",
												"is_minified": true,
												"children": [
													"summon xp_orb",
													"playsound random.orb @p ~ ~ ~ 0.4"
												]
											},
											{
												"data": "other",
												"key": "target"
											}
										]
									}
								]
							}
						]
					}
				]
			}
		]
	}
}