{
	"file_path": "C:\\Users\\Owner\\AppData\\Local\\Packages\\Microsoft.MinecraftUWP_8wekyb3d8bbwe\\LocalState\\games\\com.mojang\\development_behavior_packs\\Raiyon's More Swords\\items\\pufferfish_sword.json",
	"file_type": "item",
	"format_version": 1,
	"file_uuid": "dd65a8ca_fe4f_4817_87c5_82c314a9ad1d",
	"file_version": 5,
	"cache_content": {
		"children": [
			{
				"data": "1.17.0",
				"key": "format_version"
			},
			{
				"open": {
					"format_version": "1.17.0",
					"minecraft:item": {
						"description": {
							"category": "equipment",
							"identifier": "ray:pufferfish_sword"
						},
						"components": {
							"minecraft:icon": {
								"texture": "pufferfish_sword"
							},
							"minecraft:display_name": {
								"value": "Pufferfish And Stick"
							},
							"minecraft:max_stack_size": 1,
							"minecraft:durability": {
								"max_durability": 1600
							},
							"minecraft:digger": {
								"use_efficiency": false,
								"destroy_speeds": [
									{
										"block": "minecraft:web",
										"speed": 15
									},
									{
										"block": "minecraft:bamboo",
										"speed": 10
									}
								]
							},
							"minecraft:mining_speed": 1.5,
							"minecraft:hand_equipped": true,
							"minecraft:can_destroy_in_creative": false,
							"minecraft:enchantable": {
								"value": 10,
								"slot": "sword"
							},
							"minecraft:damage": 3,
							"minecraft:weapon": {
								"on_hurt_entity": {
									"event": "dmg",
									"target": "self"
								},
								"on_hit_block": {
									"event": "dmg",
									"target": "self"
								}
							},
							"minecraft:creative_category": {
								"parent": "itemGroup.name.sword"
							}
						},
						"events": {
							"dmg": {
								"damage": {
									"type": "none",
									"amount": 1,
									"target": "self"
								},
								"run_command": {
									"command": [
										"playsound mob.fish.hurt"
									]
								},
								"add_mob_effect": {
									"target": "other",
									"effect": "fatal_poison",
									"duration": 5,
									"amplifier": 3
								}
							}
						}
					}
				},
				"key": "minecraft:item",
				"children": [
					{
						"open": {
							"description": {
								"category": "equipment",
								"identifier": "ray:pufferfish_sword"
							},
							"components": {
								"minecraft:icon": {
									"texture": "pufferfish_sword"
								},
								"minecraft:display_name": {
									"value": "Pufferfish And Stick"
								},
								"minecraft:max_stack_size": 1,
								"minecraft:durability": {
									"max_durability": 1600
								},
								"minecraft:digger": {
									"use_efficiency": false,
									"destroy_speeds": [
										{
											"block": "minecraft:web",
											"speed": 15
										},
										{
											"block": "minecraft:bamboo",
											"speed": 10
										}
									]
								},
								"minecraft:mining_speed": 1.5,
								"minecraft:hand_equipped": true,
								"minecraft:can_destroy_in_creative": false,
								"minecraft:enchantable": {
									"value": 10,
									"slot": "sword"
								},
								"minecraft:damage": 3,
								"minecraft:weapon": {
									"on_hurt_entity": {
										"event": "dmg",
										"target": "self"
									},
									"on_hit_block": {
										"event": "dmg",
										"target": "self"
									}
								},
								"minecraft:creative_category": {
									"parent": "itemGroup.name.sword"
								}
							},
							"events": {
								"dmg": {
									"damage": {
										"type": "none",
										"amount": 1,
										"target": "self"
									},
									"run_command": {
										"command": [
											"playsound mob.fish.hurt"
										]
									},
									"add_mob_effect": {
										"target": "other",
										"effect": "fatal_poison",
										"duration": 5,
										"amplifier": 3
									}
								}
							}
						},
						"key": "description",
						"is_minified": true,
						"children": {
							"category": "equipment",
							"identifier": "ray:pufferfish_sword"
						}
					},
					{
						"open": {
							"description": {
								"category": "equipment",
								"identifier": "ray:pufferfish_sword"
							},
							"components": {
								"minecraft:icon": {
									"texture": "pufferfish_sword"
								},
								"minecraft:display_name": {
									"value": "Pufferfish And Stick"
								},
								"minecraft:max_stack_size": 1,
								"minecraft:durability": {
									"max_durability": 1600
								},
								"minecraft:digger": {
									"use_efficiency": false,
									"destroy_speeds": [
										{
											"block": "minecraft:web",
											"speed": 15
										},
										{
											"block": "minecraft:bamboo",
											"speed": 10
										}
									]
								},
								"minecraft:mining_speed": 1.5,
								"minecraft:hand_equipped": true,
								"minecraft:can_destroy_in_creative": false,
								"minecraft:enchantable": {
									"value": 10,
									"slot": "sword"
								},
								"minecraft:damage": 3,
								"minecraft:weapon": {
									"on_hurt_entity": {
										"event": "dmg",
										"target": "self"
									},
									"on_hit_block": {
										"event": "dmg",
										"target": "self"
									}
								},
								"minecraft:creative_category": {
									"parent": "itemGroup.name.sword"
								}
							},
							"events": {
								"dmg": {
									"damage": {
										"type": "none",
										"amount": 1,
										"target": "self"
									},
									"run_command": {
										"command": [
											"playsound mob.fish.hurt"
										]
									},
									"add_mob_effect": {
										"target": "other",
										"effect": "fatal_poison",
										"duration": 5,
										"amplifier": 3
									}
								}
							}
						},
						"key": "components",
						"children": [
							{
								"open": {
									"minecraft:icon": {
										"texture": "pufferfish_sword"
									},
									"minecraft:display_name": {
										"value": "Pufferfish And Stick"
									},
									"minecraft:max_stack_size": 1,
									"minecraft:durability": {
										"max_durability": 1600
									},
									"minecraft:digger": {
										"use_efficiency": false,
										"destroy_speeds": [
											{
												"block": "minecraft:web",
												"speed": 15
											},
											{
												"block": "minecraft:bamboo",
												"speed": 10
											}
										]
									},
									"minecraft:mining_speed": 1.5,
									"minecraft:hand_equipped": true,
									"minecraft:can_destroy_in_creative": false,
									"minecraft:enchantable": {
										"value": 10,
										"slot": "sword"
									},
									"minecraft:damage": 3,
									"minecraft:weapon": {
										"on_hurt_entity": {
											"event": "dmg",
											"target": "self"
										},
										"on_hit_block": {
											"event": "dmg",
											"target": "self"
										}
									},
									"minecraft:creative_category": {
										"parent": "itemGroup.name.sword"
									}
								},
								"key": "minecraft:icon",
								"is_minified": true,
								"children": {
									"texture": "pufferfish_sword"
								}
							},
							{
								"open": {
									"minecraft:icon": {
										"texture": "pufferfish_sword"
									},
									"minecraft:display_name": {
										"value": "Pufferfish And Stick"
									},
									"minecraft:max_stack_size": 1,
									"minecraft:durability": {
										"max_durability": 1600
									},
									"minecraft:digger": {
										"use_efficiency": false,
										"destroy_speeds": [
											{
												"block": "minecraft:web",
												"speed": 15
											},
											{
												"block": "minecraft:bamboo",
												"speed": 10
											}
										]
									},
									"minecraft:mining_speed": 1.5,
									"minecraft:hand_equipped": true,
									"minecraft:can_destroy_in_creative": false,
									"minecraft:enchantable": {
										"value": 10,
										"slot": "sword"
									},
									"minecraft:damage": 3,
									"minecraft:weapon": {
										"on_hurt_entity": {
											"event": "dmg",
											"target": "self"
										},
										"on_hit_block": {
											"event": "dmg",
											"target": "self"
										}
									},
									"minecraft:creative_category": {
										"parent": "itemGroup.name.sword"
									}
								},
								"key": "minecraft:display_name",
								"is_minified": true,
								"children": {
									"value": "Pufferfish And Stick"
								}
							},
							{
								"data": "1",
								"key": "minecraft:max_stack_size"
							},
							{
								"key": "minecraft:durability",
								"is_minified": true,
								"children": {
									"max_durability": 1600
								}
							},
							{
								"key": "minecraft:digger",
								"is_minified": true,
								"children": {
									"use_efficiency": false,
									"destroy_speeds": [
										{
											"block": "minecraft:web",
											"speed": 15
										},
										{
											"block": "minecraft:bamboo",
											"speed": 10
										}
									]
								}
							},
							{
								"data": "1.5",
								"key": "minecraft:mining_speed"
							},
							{
								"data": "true",
								"key": "minecraft:hand_equipped"
							},
							{
								"data": "false",
								"key": "minecraft:can_destroy_in_creative"
							},
							{
								"key": "minecraft:enchantable",
								"is_minified": true,
								"children": {
									"value": 10,
									"slot": "sword"
								}
							},
							{
								"open": {
									"minecraft:icon": {
										"texture": "pufferfish_sword"
									},
									"minecraft:display_name": {
										"value": "Pufferfish And Stick"
									},
									"minecraft:max_stack_size": 1,
									"minecraft:durability": {
										"max_durability": 1600
									},
									"minecraft:digger": {
										"use_efficiency": false,
										"destroy_speeds": [
											{
												"block": "minecraft:web",
												"speed": 15
											},
											{
												"block": "minecraft:bamboo",
												"speed": 10
											}
										]
									},
									"minecraft:mining_speed": 1.5,
									"minecraft:hand_equipped": true,
									"minecraft:can_destroy_in_creative": false,
									"minecraft:enchantable": {
										"value": 10,
										"slot": "sword"
									},
									"minecraft:damage": 3,
									"minecraft:weapon": {
										"on_hurt_entity": {
											"event": "dmg",
											"target": "self"
										},
										"on_hit_block": {
											"event": "dmg",
											"target": "self"
										}
									},
									"minecraft:creative_category": {
										"parent": "itemGroup.name.sword"
									}
								},
								"data": "3",
								"key": "minecraft:damage"
							},
							{
								"key": "minecraft:weapon",
								"is_minified": true,
								"children": {
									"on_hurt_entity": {
										"event": "dmg",
										"target": "self"
									},
									"on_hit_block": {
										"event": "dmg",
										"target": "self"
									}
								}
							},
							{
								"key": "minecraft:creative_category",
								"is_minified": true,
								"children": {
									"parent": "itemGroup.name.sword"
								}
							}
						]
					},
					{
						"open": {
							"description": {
								"category": "equipment",
								"identifier": "ray:pufferfish_sword"
							},
							"components": {
								"minecraft:icon": {
									"texture": "pufferfish_sword"
								},
								"minecraft:display_name": {
									"value": "Pufferfish And Stick"
								},
								"minecraft:max_stack_size": 1,
								"minecraft:durability": {
									"max_durability": 1600
								},
								"minecraft:digger": {
									"use_efficiency": false,
									"destroy_speeds": [
										{
											"block": "minecraft:web",
											"speed": 15
										},
										{
											"block": "minecraft:bamboo",
											"speed": 10
										}
									]
								},
								"minecraft:mining_speed": 1.5,
								"minecraft:hand_equipped": true,
								"minecraft:can_destroy_in_creative": false,
								"minecraft:enchantable": {
									"value": 10,
									"slot": "sword"
								},
								"minecraft:damage": 3,
								"minecraft:weapon": {
									"on_hurt_entity": {
										"event": "dmg",
										"target": "self"
									},
									"on_hit_block": {
										"event": "dmg",
										"target": "self"
									}
								},
								"minecraft:creative_category": {
									"parent": "itemGroup.name.sword"
								}
							},
							"events": {
								"dmg": {
									"damage": {
										"type": "none",
										"amount": 1,
										"target": "self"
									},
									"run_command": {
										"command": [
											"playsound mob.fish.hurt"
										]
									},
									"add_mob_effect": {
										"target": "other",
										"effect": "fatal_poison",
										"duration": 5,
										"amplifier": 3
									}
								}
							}
						},
						"key": "events",
						"children": [
							{
								"open": {
									"dmg": {
										"damage": {
											"type": "none",
											"amount": 1,
											"target": "self"
										},
										"run_command": {
											"command": [
												"playsound mob.fish.hurt"
											]
										},
										"add_mob_effect": {
											"target": "other",
											"effect": "fatal_poison",
											"duration": 5,
											"amplifier": 3
										}
									}
								},
								"key": "dmg",
								"children": [
									{
										"key": "damage",
										"is_minified": true,
										"children": {
											"type": "none",
											"amount": 1,
											"target": "self"
										}
									},
									{
										"open": {
											"damage": {
												"type": "none",
												"amount": 1,
												"target": "self"
											},
											"run_command": {
												"command": [
													"playsound mob.fish.hurt"
												]
											},
											"add_mob_effect": {
												"target": "other",
												"effect": "fatal_poison",
												"duration": 5,
												"amplifier": 3
											}
										},
										"key": "run_command",
										"children": [
											{
												"open": {
													"command": [
														"playsound mob.fish.hurt"
													]
												},
												"key": "command",
												"is_minified": true,
												"children": [
													"playsound mob.fish.hurt"
												]
											}
										]
									},
									{
										"open": {
											"damage": {
												"type": "none",
												"amount": 1,
												"target": "self"
											},
											"run_command": {
												"command": [
													"playsound mob.fish.hurt"
												]
											},
											"add_mob_effect": {
												"target": "other",
												"effect": "fatal_poison",
												"duration": 5,
												"amplifier": 3
											}
										},
										"key": "add_mob_effect",
										"is_minified": true,
										"children": {
											"target": "other",
											"effect": "fatal_poison",
											"duration": 5,
											"amplifier": 3
										}
									}
								]
							}
						]
					}
				]
			}
		]
	}
}