{
	"file_path": "C:\\Users\\Owner\\AppData\\Local\\Packages\\Microsoft.MinecraftUWP_8wekyb3d8bbwe\\LocalState\\games\\com.mojang\\development_behavior_packs\\Raiyon's More Swords\\items\\sculk_sword.json",
	"file_type": "item",
	"format_version": 1,
	"file_uuid": "aeebf58d_006b_43ea_9c22_930538e0863c",
	"file_version": 15,
	"cache_content": {
		"children": [
			{
				"data": "1.17.0",
				"key": "format_version"
			},
			{
				"open": {
					"format_version": "1.17.0",
					"minecraft:item": {
						"description": {
							"identifier": "ray:sculk_sword",
							"category": "equipment"
						},
						"components": {
							"minecraft:icon": {
								"texture": "sculk_sword"
							},
							"minecraft:display_name": {
								"value": "Sculk Sword"
							},
							"minecraft:max_stack_size": 1,
							"minecraft:durability": {
								"max_durability": 1600
							},
							"minecraft:digger": {
								"use_efficiency": false,
								"destroy_speeds": [
									{
										"block": "minecraft:web",
										"speed": 15
									},
									{
										"block": "minecraft:bamboo",
										"speed": 10
									}
								]
							},
							"minecraft:mining_speed": 1.5,
							"minecraft:hand_equipped": true,
							"minecraft:can_destroy_in_creative": false,
							"minecraft:enchantable": {
								"value": 10,
								"slot": "sword"
							},
							"minecraft:damage": 6,
							"minecraft:weapon": {
								"on_hurt_entity": {
									"event": "dmg",
									"target": "self"
								},
								"on_hit_block": {
									"event": "dmg",
									"target": "self"
								}
							},
							"minecraft:use_duration": 1,
							"minecraft:on_use": {
								"on_use": {
									"event": "use",
									"target": "self"
								}
							},
							"minecraft:creative_category": {
								"parent": "itemGroup.name.sword"
							},
							"minecraft:use_animation": "crossbow",
							"minecraft:cooldown": {
								"duration": 5,
								"category": "sculk"
							}
						},
						"events": {
							"dmg": {
								"damage": {
									"amount": 1,
									"type": "none",
									"target": "self"
								},
								"run_command": {
									"command": [
										"playsound particle.soul_escape @p",
										"effect @s blindness",
										"effect @s weakness 10 1"
									],
									"target": "other"
								}
							},
							"use": {
								"transform_item": {
									"transform": "ray:sculk_sword_activate"
								},
								"run_command": {
									"command": [
										"playsound sculk_sword",
										"effect @p darkness 15 1"
									]
								}
							}
						}
					}
				},
				"key": "minecraft:item",
				"children": [
					{
						"open": {
							"description": {
								"identifier": "ray:sculk_sword",
								"category": "equipment"
							},
							"components": {
								"minecraft:icon": {
									"texture": "sculk_sword"
								},
								"minecraft:display_name": {
									"value": "Sculk Sword"
								},
								"minecraft:max_stack_size": 1,
								"minecraft:durability": {
									"max_durability": 1600
								},
								"minecraft:digger": {
									"use_efficiency": false,
									"destroy_speeds": [
										{
											"block": "minecraft:web",
											"speed": 15
										},
										{
											"block": "minecraft:bamboo",
											"speed": 10
										}
									]
								},
								"minecraft:mining_speed": 1.5,
								"minecraft:hand_equipped": true,
								"minecraft:can_destroy_in_creative": false,
								"minecraft:enchantable": {
									"value": 10,
									"slot": "sword"
								},
								"minecraft:damage": 6,
								"minecraft:weapon": {
									"on_hurt_entity": {
										"event": "dmg",
										"target": "self"
									},
									"on_hit_block": {
										"event": "dmg",
										"target": "self"
									}
								},
								"minecraft:use_duration": 1,
								"minecraft:on_use": {
									"on_use": {
										"event": "use",
										"target": "self"
									}
								},
								"minecraft:creative_category": {
									"parent": "itemGroup.name.sword"
								},
								"minecraft:use_animation": "crossbow",
								"minecraft:cooldown": {
									"duration": 5,
									"category": "sculk"
								}
							},
							"events": {
								"dmg": {
									"damage": {
										"amount": 1,
										"type": "none",
										"target": "self"
									},
									"run_command": {
										"command": [
											"playsound particle.soul_escape @p",
											"effect @s blindness",
											"effect @s weakness 10 1"
										],
										"target": "other"
									}
								},
								"use": {
									"transform_item": {
										"transform": "ray:sculk_sword_activate"
									},
									"run_command": {
										"command": [
											"playsound sculk_sword",
											"effect @p darkness 15 1"
										]
									}
								}
							}
						},
						"key": "description",
						"is_minified": true,
						"children": {
							"identifier": "ray:sculk_sword",
							"category": "equipment"
						}
					},
					{
						"open": {
							"description": {
								"identifier": "ray:sculk_sword",
								"category": "equipment"
							},
							"components": {
								"minecraft:icon": {
									"texture": "sculk_sword"
								},
								"minecraft:display_name": {
									"value": "Sculk Sword"
								},
								"minecraft:max_stack_size": 1,
								"minecraft:durability": {
									"max_durability": 1600
								},
								"minecraft:digger": {
									"use_efficiency": false,
									"destroy_speeds": [
										{
											"block": "minecraft:web",
											"speed": 15
										},
										{
											"block": "minecraft:bamboo",
											"speed": 10
										}
									]
								},
								"minecraft:mining_speed": 1.5,
								"minecraft:hand_equipped": true,
								"minecraft:can_destroy_in_creative": false,
								"minecraft:enchantable": {
									"value": 10,
									"slot": "sword"
								},
								"minecraft:damage": 6,
								"minecraft:weapon": {
									"on_hurt_entity": {
										"event": "dmg",
										"target": "self"
									},
									"on_hit_block": {
										"event": "dmg",
										"target": "self"
									}
								},
								"minecraft:use_duration": 1,
								"minecraft:on_use": {
									"on_use": {
										"event": "use",
										"target": "self"
									}
								},
								"minecraft:creative_category": {
									"parent": "itemGroup.name.sword"
								},
								"minecraft:use_animation": "crossbow",
								"minecraft:cooldown": {
									"duration": 5,
									"category": "sculk"
								}
							},
							"events": {
								"dmg": {
									"damage": {
										"amount": 1,
										"type": "none",
										"target": "self"
									},
									"run_command": {
										"command": [
											"playsound particle.soul_escape @p",
											"effect @s blindness",
											"effect @s weakness 10 1"
										],
										"target": "other"
									}
								},
								"use": {
									"transform_item": {
										"transform": "ray:sculk_sword_activate"
									},
									"run_command": {
										"command": [
											"playsound sculk_sword",
											"effect @p darkness 15 1"
										]
									}
								}
							}
						},
						"key": "components",
						"children": [
							{
								"open": {
									"minecraft:icon": {
										"texture": "sculk_sword"
									},
									"minecraft:display_name": {
										"value": "Sculk Sword"
									},
									"minecraft:max_stack_size": 1,
									"minecraft:durability": {
										"max_durability": 1600
									},
									"minecraft:digger": {
										"use_efficiency": false,
										"destroy_speeds": [
											{
												"block": "minecraft:web",
												"speed": 15
											},
											{
												"block": "minecraft:bamboo",
												"speed": 10
											}
										]
									},
									"minecraft:mining_speed": 1.5,
									"minecraft:hand_equipped": true,
									"minecraft:can_destroy_in_creative": false,
									"minecraft:enchantable": {
										"value": 10,
										"slot": "sword"
									},
									"minecraft:damage": 6,
									"minecraft:weapon": {
										"on_hurt_entity": {
											"event": "dmg",
											"target": "self"
										},
										"on_hit_block": {
											"event": "dmg",
											"target": "self"
										}
									},
									"minecraft:use_duration": 1,
									"minecraft:on_use": {
										"on_use": {
											"event": "use",
											"target": "self"
										}
									},
									"minecraft:creative_category": {
										"parent": "itemGroup.name.sword"
									},
									"minecraft:use_animation": "crossbow",
									"minecraft:cooldown": {
										"duration": 5,
										"category": "sculk"
									}
								},
								"key": "minecraft:icon",
								"is_minified": true,
								"children": {
									"texture": "sculk_sword"
								}
							},
							{
								"open": {
									"minecraft:icon": {
										"texture": "sculk_sword"
									},
									"minecraft:display_name": {
										"value": "Sculk Sword"
									},
									"minecraft:max_stack_size": 1,
									"minecraft:durability": {
										"max_durability": 1600
									},
									"minecraft:digger": {
										"use_efficiency": false,
										"destroy_speeds": [
											{
												"block": "minecraft:web",
												"speed": 15
											},
											{
												"block": "minecraft:bamboo",
												"speed": 10
											}
										]
									},
									"minecraft:mining_speed": 1.5,
									"minecraft:hand_equipped": true,
									"minecraft:can_destroy_in_creative": false,
									"minecraft:enchantable": {
										"value": 10,
										"slot": "sword"
									},
									"minecraft:damage": 6,
									"minecraft:weapon": {
										"on_hurt_entity": {
											"event": "dmg",
											"target": "self"
										},
										"on_hit_block": {
											"event": "dmg",
											"target": "self"
										}
									},
									"minecraft:use_duration": 1,
									"minecraft:on_use": {
										"on_use": {
											"event": "use",
											"target": "self"
										}
									},
									"minecraft:creative_category": {
										"parent": "itemGroup.name.sword"
									},
									"minecraft:use_animation": "crossbow",
									"minecraft:cooldown": {
										"duration": 5,
										"category": "sculk"
									}
								},
								"key": "minecraft:display_name",
								"is_minified": true,
								"children": {
									"value": "Sculk Sword"
								}
							},
							{
								"open": {
									"minecraft:icon": {
										"texture": "sculk_sword"
									},
									"minecraft:display_name": {
										"value": "Sculk Sword"
									},
									"minecraft:max_stack_size": 1,
									"minecraft:durability": {
										"max_durability": 1600
									},
									"minecraft:digger": {
										"use_efficiency": false,
										"destroy_speeds": [
											{
												"block": "minecraft:web",
												"speed": 15
											},
											{
												"block": "minecraft:bamboo",
												"speed": 10
											}
										]
									},
									"minecraft:mining_speed": 1.5,
									"minecraft:hand_equipped": true,
									"minecraft:can_destroy_in_creative": false,
									"minecraft:enchantable": {
										"value": 10,
										"slot": "sword"
									},
									"minecraft:damage": 6,
									"minecraft:weapon": {
										"on_hurt_entity": {
											"event": "dmg",
											"target": "self"
										},
										"on_hit_block": {
											"event": "dmg",
											"target": "self"
										}
									},
									"minecraft:use_duration": 1,
									"minecraft:on_use": {
										"on_use": {
											"event": "use",
											"target": "self"
										}
									},
									"minecraft:creative_category": {
										"parent": "itemGroup.name.sword"
									},
									"minecraft:use_animation": "crossbow",
									"minecraft:cooldown": {
										"duration": 5,
										"category": "sculk"
									}
								},
								"data": "1",
								"key": "minecraft:max_stack_size"
							},
							{
								"open": {
									"minecraft:icon": {
										"texture": "sculk_sword"
									},
									"minecraft:display_name": {
										"value": "Sculk Sword"
									},
									"minecraft:max_stack_size": 1,
									"minecraft:durability": {
										"max_durability": 1600
									},
									"minecraft:digger": {
										"use_efficiency": false,
										"destroy_speeds": [
											{
												"block": "minecraft:web",
												"speed": 15
											},
											{
												"block": "minecraft:bamboo",
												"speed": 10
											}
										]
									},
									"minecraft:mining_speed": 1.5,
									"minecraft:hand_equipped": true,
									"minecraft:can_destroy_in_creative": false,
									"minecraft:enchantable": {
										"value": 10,
										"slot": "sword"
									},
									"minecraft:damage": 6,
									"minecraft:weapon": {
										"on_hurt_entity": {
											"event": "dmg",
											"target": "self"
										},
										"on_hit_block": {
											"event": "dmg",
											"target": "self"
										}
									},
									"minecraft:use_duration": 1,
									"minecraft:on_use": {
										"on_use": {
											"event": "use",
											"target": "self"
										}
									},
									"minecraft:creative_category": {
										"parent": "itemGroup.name.sword"
									},
									"minecraft:use_animation": "crossbow",
									"minecraft:cooldown": {
										"duration": 5,
										"category": "sculk"
									}
								},
								"key": "minecraft:durability",
								"is_minified": true,
								"children": {
									"max_durability": 1600
								}
							},
							{
								"key": "minecraft:digger",
								"is_minified": true,
								"children": {
									"use_efficiency": false,
									"destroy_speeds": [
										{
											"block": "minecraft:web",
											"speed": 15
										},
										{
											"block": "minecraft:bamboo",
											"speed": 10
										}
									]
								}
							},
							{
								"data": "1.5",
								"key": "minecraft:mining_speed"
							},
							{
								"data": "true",
								"key": "minecraft:hand_equipped"
							},
							{
								"data": "false",
								"key": "minecraft:can_destroy_in_creative"
							},
							{
								"key": "minecraft:enchantable",
								"is_minified": true,
								"children": {
									"value": 10,
									"slot": "sword"
								}
							},
							{
								"open": {
									"minecraft:icon": {
										"texture": "sculk_sword"
									},
									"minecraft:display_name": {
										"value": "Sculk Sword"
									},
									"minecraft:max_stack_size": 1,
									"minecraft:durability": {
										"max_durability": 1600
									},
									"minecraft:digger": {
										"use_efficiency": false,
										"destroy_speeds": [
											{
												"block": "minecraft:web",
												"speed": 15
											},
											{
												"block": "minecraft:bamboo",
												"speed": 10
											}
										]
									},
									"minecraft:mining_speed": 1.5,
									"minecraft:hand_equipped": true,
									"minecraft:can_destroy_in_creative": false,
									"minecraft:enchantable": {
										"value": 10,
										"slot": "sword"
									},
									"minecraft:damage": 6,
									"minecraft:weapon": {
										"on_hurt_entity": {
											"event": "dmg",
											"target": "self"
										},
										"on_hit_block": {
											"event": "dmg",
											"target": "self"
										}
									},
									"minecraft:use_duration": 1,
									"minecraft:on_use": {
										"on_use": {
											"event": "use",
											"target": "self"
										}
									},
									"minecraft:creative_category": {
										"parent": "itemGroup.name.sword"
									},
									"minecraft:use_animation": "crossbow",
									"minecraft:cooldown": {
										"duration": 5,
										"category": "sculk"
									}
								},
								"data": "6",
								"key": "minecraft:damage"
							},
							{
								"key": "minecraft:weapon",
								"is_minified": true,
								"children": {
									"on_hurt_entity": {
										"event": "dmg",
										"target": "self"
									},
									"on_hit_block": {
										"event": "dmg",
										"target": "self"
									}
								}
							},
							{
								"data": "1",
								"key": "minecraft:use_duration"
							},
							{
								"open": {
									"minecraft:icon": {
										"texture": "sculk_sword"
									},
									"minecraft:display_name": {
										"value": "Sculk Sword"
									},
									"minecraft:max_stack_size": 1,
									"minecraft:durability": {
										"max_durability": 1600
									},
									"minecraft:digger": {
										"use_efficiency": false,
										"destroy_speeds": [
											{
												"block": "minecraft:web",
												"speed": 15
											},
											{
												"block": "minecraft:bamboo",
												"speed": 10
											}
										]
									},
									"minecraft:mining_speed": 1.5,
									"minecraft:hand_equipped": true,
									"minecraft:can_destroy_in_creative": false,
									"minecraft:enchantable": {
										"value": 10,
										"slot": "sword"
									},
									"minecraft:damage": 6,
									"minecraft:weapon": {
										"on_hurt_entity": {
											"event": "dmg",
											"target": "self"
										},
										"on_hit_block": {
											"event": "dmg",
											"target": "self"
										}
									},
									"minecraft:use_duration": 1,
									"minecraft:on_use": {
										"on_use": {
											"event": "use",
											"target": "self"
										}
									},
									"minecraft:creative_category": {
										"parent": "itemGroup.name.sword"
									},
									"minecraft:use_animation": "crossbow",
									"minecraft:cooldown": {
										"duration": 5,
										"category": "sculk"
									}
								},
								"key": "minecraft:on_use",
								"children": [
									{
										"open": {
											"on_use": {
												"event": "use",
												"target": "self"
											}
										},
										"key": "on_use",
										"is_minified": true,
										"children": {
											"event": "use",
											"target": "self"
										}
									}
								]
							},
							{
								"key": "minecraft:creative_category",
								"is_minified": true,
								"children": {
									"parent": "itemGroup.name.sword"
								}
							},
							{
								"open": {
									"minecraft:icon": {
										"texture": "sculk_sword"
									},
									"minecraft:display_name": {
										"value": "Sculk Sword"
									},
									"minecraft:max_stack_size": 1,
									"minecraft:durability": {
										"max_durability": 1600
									},
									"minecraft:digger": {
										"use_efficiency": false,
										"destroy_speeds": [
											{
												"block": "minecraft:web",
												"speed": 15
											},
											{
												"block": "minecraft:bamboo",
												"speed": 10
											}
										]
									},
									"minecraft:mining_speed": 1.5,
									"minecraft:hand_equipped": true,
									"minecraft:can_destroy_in_creative": false,
									"minecraft:enchantable": {
										"value": 10,
										"slot": "sword"
									},
									"minecraft:damage": 6,
									"minecraft:weapon": {
										"on_hurt_entity": {
											"event": "dmg",
											"target": "self"
										},
										"on_hit_block": {
											"event": "dmg",
											"target": "self"
										}
									},
									"minecraft:use_duration": 1,
									"minecraft:on_use": {
										"on_use": {
											"event": "use",
											"target": "self"
										}
									},
									"minecraft:creative_category": {
										"parent": "itemGroup.name.sword"
									},
									"minecraft:use_animation": "crossbow",
									"minecraft:cooldown": {
										"duration": 5,
										"category": "sculk"
									}
								},
								"data": "crossbow",
								"key": "minecraft:use_animation"
							},
							{
								"open": {
									"minecraft:icon": {
										"texture": "sculk_sword"
									},
									"minecraft:display_name": {
										"value": "Sculk Sword"
									},
									"minecraft:max_stack_size": 1,
									"minecraft:durability": {
										"max_durability": 1600
									},
									"minecraft:digger": {
										"use_efficiency": false,
										"destroy_speeds": [
											{
												"block": "minecraft:web",
												"speed": 15
											},
											{
												"block": "minecraft:bamboo",
												"speed": 10
											}
										]
									},
									"minecraft:mining_speed": 1.5,
									"minecraft:hand_equipped": true,
									"minecraft:can_destroy_in_creative": false,
									"minecraft:enchantable": {
										"value": 10,
										"slot": "sword"
									},
									"minecraft:damage": 6,
									"minecraft:weapon": {
										"on_hurt_entity": {
											"event": "dmg",
											"target": "self"
										},
										"on_hit_block": {
											"event": "dmg",
											"target": "self"
										}
									},
									"minecraft:use_duration": 1,
									"minecraft:on_use": {
										"on_use": {
											"event": "use",
											"target": "self"
										}
									},
									"minecraft:creative_category": {
										"parent": "itemGroup.name.sword"
									},
									"minecraft:use_animation": "crossbow",
									"minecraft:cooldown": {
										"duration": 5,
										"category": "sculk"
									}
								},
								"key": "minecraft:cooldown",
								"is_minified": true,
								"children": {
									"duration": 5,
									"category": "sculk"
								}
							}
						]
					},
					{
						"open": {
							"description": {
								"identifier": "ray:sculk_sword",
								"category": "equipment"
							},
							"components": {
								"minecraft:icon": {
									"texture": "sculk_sword"
								},
								"minecraft:display_name": {
									"value": "Sculk Sword"
								},
								"minecraft:max_stack_size": 1,
								"minecraft:durability": {
									"max_durability": 1600
								},
								"minecraft:digger": {
									"use_efficiency": false,
									"destroy_speeds": [
										{
											"block": "minecraft:web",
											"speed": 15
										},
										{
											"block": "minecraft:bamboo",
											"speed": 10
										}
									]
								},
								"minecraft:mining_speed": 1.5,
								"minecraft:hand_equipped": true,
								"minecraft:can_destroy_in_creative": false,
								"minecraft:enchantable": {
									"value": 10,
									"slot": "sword"
								},
								"minecraft:damage": 6,
								"minecraft:weapon": {
									"on_hurt_entity": {
										"event": "dmg",
										"target": "self"
									},
									"on_hit_block": {
										"event": "dmg",
										"target": "self"
									}
								},
								"minecraft:use_duration": 1,
								"minecraft:on_use": {
									"on_use": {
										"event": "use",
										"target": "self"
									}
								},
								"minecraft:creative_category": {
									"parent": "itemGroup.name.sword"
								},
								"minecraft:use_animation": "crossbow",
								"minecraft:cooldown": {
									"duration": 5,
									"category": "sculk"
								}
							},
							"events": {
								"dmg": {
									"damage": {
										"amount": 1,
										"type": "none",
										"target": "self"
									},
									"run_command": {
										"command": [
											"playsound particle.soul_escape @p",
											"effect @s blindness",
											"effect @s weakness 10 1"
										],
										"target": "other"
									}
								},
								"use": {
									"transform_item": {
										"transform": "ray:sculk_sword_activate"
									},
									"run_command": {
										"command": [
											"playsound sculk_sword",
											"effect @p darkness 15 1"
										]
									}
								}
							}
						},
						"key": "events",
						"children": [
							{
								"open": {
									"dmg": {
										"damage": {
											"amount": 1,
											"type": "none",
											"target": "self"
										},
										"run_command": {
											"command": [
												"playsound particle.soul_escape @p",
												"effect @s blindness",
												"effect @s weakness 10 1"
											],
											"target": "other"
										}
									},
									"use": {
										"transform_item": {
											"transform": "ray:sculk_sword_activate"
										},
										"run_command": {
											"command": [
												"playsound sculk_sword",
												"effect @p darkness 15 1"
											]
										}
									}
								},
								"key": "dmg",
								"children": [
									{
										"open": {
											"damage": {
												"amount": 1,
												"type": "none",
												"target": "self"
											},
											"run_command": {
												"command": [
													"playsound particle.soul_escape @p",
													"effect @s blindness",
													"effect @s weakness 10 1"
												],
												"target": "other"
											}
										},
										"key": "damage",
										"is_minified": true,
										"children": {
											"amount": 1,
											"type": "none",
											"target": "self"
										}
									},
									{
										"open": {
											"damage": {
												"amount": 1,
												"type": "none",
												"target": "self"
											},
											"run_command": {
												"command": [
													"playsound particle.soul_escape @p",
													"effect @s blindness",
													"effect @s weakness 10 1"
												],
												"target": "other"
											}
										},
										"key": "run_command",
										"children": [
											{
												"open": {
													"command": [
														"playsound particle.soul_escape @p",
														"effect @s blindness",
														"effect @s weakness 10 1"
													],
													"target": "other"
												},
												"key": "command",
												"is_minified": true,
												"children": [
													"playsound particle.soul_escape @p",
													"effect @s blindness",
													"effect @s weakness 10 1"
												]
											},
											{
												"data": "other",
												"key": "target"
											}
										]
									}
								]
							},
							{
								"open": {
									"dmg": {
										"damage": {
											"amount": 1,
											"type": "none",
											"target": "self"
										},
										"run_command": {
											"command": [
												"playsound particle.soul_escape @p",
												"effect @s blindness",
												"effect @s weakness 10 1"
											],
											"target": "other"
										}
									},
									"use": {
										"transform_item": {
											"transform": "ray:sculk_sword_activate"
										},
										"run_command": {
											"command": [
												"playsound sculk_sword",
												"effect @p darkness 15 1"
											]
										}
									}
								},
								"key": "use",
								"children": [
									{
										"open": {
											"transform_item": {
												"transform": "ray:sculk_sword_activate"
											},
											"run_command": {
												"command": [
													"playsound sculk_sword",
													"effect @p darkness 15 1"
												]
											}
										},
										"key": "transform_item",
										"is_minified": true,
										"children": {
											"transform": "ray:sculk_sword_activate"
										}
									},
									{
										"open": {
											"transform_item": {
												"transform": "ray:sculk_sword_activate"
											},
											"run_command": {
												"command": [
													"playsound sculk_sword",
													"effect @p darkness 15 1"
												]
											}
										},
										"key": "run_command",
										"children": [
											{
												"open": {
													"command": [
														"playsound sculk_sword",
														"effect @p darkness 15 1"
													]
												},
												"key": "command",
												"is_minified": true,
												"children": [
													"playsound sculk_sword",
													"effect @p darkness 15 1"
												]
											}
										]
									}
								]
							}
						]
					}
				]
			}
		]
	}
}