{
	"file_path": "C:\\Users\\Owner\\AppData\\Local\\Packages\\Microsoft.MinecraftUWP_8wekyb3d8bbwe\\LocalState\\games\\com.mojang\\development_behavior_packs\\Raiyon's More Swords\\items\\tnt_sword.json",
	"file_type": "item",
	"format_version": 1,
	"file_uuid": "72b841d2_99f9_46e1_a336_f8558dab1d42",
	"file_version": 5,
	"cache_content": {
		"children": [
			{
				"data": "1.17.0",
				"key": "format_version"
			},
			{
				"open": {
					"format_version": "1.17.0",
					"minecraft:item": {
						"description": {
							"identifier": "ray:tnt_sword",
							"category": "equipment"
						},
						"components": {
							"minecraft:icon": {
								"texture": "tnt_sword"
							},
							"minecraft:display_name": {
								"value": "TNT Sword"
							},
							"minecraft:max_stack_size": 1,
							"minecraft:durability": {
								"max_durability": 1600
							},
							"minecraft:digger": {
								"use_efficiency": false,
								"destroy_speeds": [
									{
										"block": "minecraft:web",
										"speed": 15
									},
									{
										"block": "minecraft:bamboo",
										"speed": 10
									}
								]
							},
							"minecraft:mining_speed": 1.5,
							"minecraft:hand_equipped": true,
							"minecraft:can_destroy_in_creative": false,
							"minecraft:enchantable": {
								"value": 10,
								"slot": "sword"
							},
							"minecraft:damage": 5,
							"minecraft:weapon": {
								"on_hurt_entity": {
									"event": "hit",
									"target": "self"
								},
								"on_hit_block": {
									"event": "dmg",
									"target": "self"
								}
							},
							"minecraft:creative_category": {
								"parent": "itemGroup.name.sword"
							},
							"minecraft:cooldown": {
								"duration": 10,
								"category": "tnt"
							},
							"minecraft:use_animation": "crossbow",
							"minecraft:use_duration": 1,
							"minecraft:on_use": {
								"on_use": {
									"event": "use",
									"target": "self"
								}
							}
						},
						"events": {
							"dmg": {
								"damage": {
									"type": "none",
									"amount": 1,
									"target": "self"
								}
							},
							"hit": {
								"damage": {
									"amount": 1,
									"type": "none",
									"target": "self"
								},
								"run_command": {
									"command": [
										"summon ray:tnt_sword",
										"playsound random.explode @p ~ ~3 ~ 0.5"
									]
								}
							},
							"use": {
								"shoot": {
									"projectile": "minecraft:tnt",
									"launch_power": 1,
									"angle_offset": "query.cardinal_facing"
								},
								"damage": {
									"amount": 1,
									"target": "self",
									"type": "none"
								}
							}
						}
					}
				},
				"key": "minecraft:item",
				"children": [
					{
						"key": "description",
						"is_minified": true,
						"children": {
							"identifier": "ray:tnt_sword",
							"category": "equipment"
						}
					},
					{
						"open": {
							"description": {
								"identifier": "ray:tnt_sword",
								"category": "equipment"
							},
							"components": {
								"minecraft:icon": {
									"texture": "tnt_sword"
								},
								"minecraft:display_name": {
									"value": "TNT Sword"
								},
								"minecraft:max_stack_size": 1,
								"minecraft:durability": {
									"max_durability": 1600
								},
								"minecraft:digger": {
									"use_efficiency": false,
									"destroy_speeds": [
										{
											"block": "minecraft:web",
											"speed": 15
										},
										{
											"block": "minecraft:bamboo",
											"speed": 10
										}
									]
								},
								"minecraft:mining_speed": 1.5,
								"minecraft:hand_equipped": true,
								"minecraft:can_destroy_in_creative": false,
								"minecraft:enchantable": {
									"value": 10,
									"slot": "sword"
								},
								"minecraft:damage": 5,
								"minecraft:weapon": {
									"on_hurt_entity": {
										"event": "hit",
										"target": "self"
									},
									"on_hit_block": {
										"event": "dmg",
										"target": "self"
									}
								},
								"minecraft:creative_category": {
									"parent": "itemGroup.name.sword"
								},
								"minecraft:cooldown": {
									"duration": 10,
									"category": "tnt"
								},
								"minecraft:use_animation": "crossbow",
								"minecraft:use_duration": 1,
								"minecraft:on_use": {
									"on_use": {
										"event": "use",
										"target": "self"
									}
								}
							},
							"events": {
								"dmg": {
									"damage": {
										"type": "none",
										"amount": 1,
										"target": "self"
									}
								},
								"hit": {
									"damage": {
										"amount": 1,
										"type": "none",
										"target": "self"
									},
									"run_command": {
										"command": [
											"summon ray:tnt_sword",
											"playsound random.explode @p ~ ~3 ~ 0.5"
										]
									}
								},
								"use": {
									"shoot": {
										"projectile": "minecraft:tnt",
										"launch_power": 1,
										"angle_offset": "query.cardinal_facing"
									},
									"damage": {
										"amount": 1,
										"target": "self",
										"type": "none"
									}
								}
							}
						},
						"key": "components",
						"children": [
							{
								"key": "minecraft:icon",
								"is_minified": true,
								"children": {
									"texture": "tnt_sword"
								}
							},
							{
								"key": "minecraft:display_name",
								"is_minified": true,
								"children": {
									"value": "TNT Sword"
								}
							},
							{
								"data": "1",
								"key": "minecraft:max_stack_size"
							},
							{
								"key": "minecraft:durability",
								"is_minified": true,
								"children": {
									"max_durability": 1600
								}
							},
							{
								"key": "minecraft:digger",
								"is_minified": true,
								"children": {
									"use_efficiency": false,
									"destroy_speeds": [
										{
											"block": "minecraft:web",
											"speed": 15
										},
										{
											"block": "minecraft:bamboo",
											"speed": 10
										}
									]
								}
							},
							{
								"data": "1.5",
								"key": "minecraft:mining_speed"
							},
							{
								"data": "true",
								"key": "minecraft:hand_equipped"
							},
							{
								"data": "false",
								"key": "minecraft:can_destroy_in_creative"
							},
							{
								"key": "minecraft:enchantable",
								"is_minified": true,
								"children": {
									"value": 10,
									"slot": "sword"
								}
							},
							{
								"data": "5",
								"key": "minecraft:damage"
							},
							{
								"key": "minecraft:weapon",
								"is_minified": true,
								"children": {
									"on_hurt_entity": {
										"event": "hit",
										"target": "self"
									},
									"on_hit_block": {
										"event": "dmg",
										"target": "self"
									}
								}
							},
							{
								"key": "minecraft:creative_category",
								"is_minified": true,
								"children": {
									"parent": "itemGroup.name.sword"
								}
							},
							{
								"open": {
									"minecraft:icon": {
										"texture": "tnt_sword"
									},
									"minecraft:display_name": {
										"value": "TNT Sword"
									},
									"minecraft:max_stack_size": 1,
									"minecraft:durability": {
										"max_durability": 1600
									},
									"minecraft:digger": {
										"use_efficiency": false,
										"destroy_speeds": [
											{
												"block": "minecraft:web",
												"speed": 15
											},
											{
												"block": "minecraft:bamboo",
												"speed": 10
											}
										]
									},
									"minecraft:mining_speed": 1.5,
									"minecraft:hand_equipped": true,
									"minecraft:can_destroy_in_creative": false,
									"minecraft:enchantable": {
										"value": 10,
										"slot": "sword"
									},
									"minecraft:damage": 5,
									"minecraft:weapon": {
										"on_hurt_entity": {
											"event": "hit",
											"target": "self"
										},
										"on_hit_block": {
											"event": "dmg",
											"target": "self"
										}
									},
									"minecraft:creative_category": {
										"parent": "itemGroup.name.sword"
									},
									"minecraft:cooldown": {
										"duration": 10,
										"category": "tnt"
									},
									"minecraft:use_animation": "crossbow",
									"minecraft:use_duration": 1,
									"minecraft:on_use": {
										"on_use": {
											"event": "use",
											"target": "self"
										}
									}
								},
								"key": "minecraft:cooldown",
								"is_minified": true,
								"children": {
									"duration": 10,
									"category": "tnt"
								}
							},
							{
								"data": "crossbow",
								"key": "minecraft:use_animation"
							},
							{
								"data": "1",
								"key": "minecraft:use_duration"
							},
							{
								"open": {
									"minecraft:icon": {
										"texture": "tnt_sword"
									},
									"minecraft:display_name": {
										"value": "TNT Sword"
									},
									"minecraft:max_stack_size": 1,
									"minecraft:durability": {
										"max_durability": 1600
									},
									"minecraft:digger": {
										"use_efficiency": false,
										"destroy_speeds": [
											{
												"block": "minecraft:web",
												"speed": 15
											},
											{
												"block": "minecraft:bamboo",
												"speed": 10
											}
										]
									},
									"minecraft:mining_speed": 1.5,
									"minecraft:hand_equipped": true,
									"minecraft:can_destroy_in_creative": false,
									"minecraft:enchantable": {
										"value": 10,
										"slot": "sword"
									},
									"minecraft:damage": 5,
									"minecraft:weapon": {
										"on_hurt_entity": {
											"event": "hit",
											"target": "self"
										},
										"on_hit_block": {
											"event": "dmg",
											"target": "self"
										}
									},
									"minecraft:creative_category": {
										"parent": "itemGroup.name.sword"
									},
									"minecraft:cooldown": {
										"duration": 10,
										"category": "tnt"
									},
									"minecraft:use_animation": "crossbow",
									"minecraft:use_duration": 1,
									"minecraft:on_use": {
										"on_use": {
											"event": "use",
											"target": "self"
										}
									}
								},
								"key": "minecraft:on_use",
								"children": [
									{
										"open": {
											"on_use": {
												"event": "use",
												"target": "self"
											}
										},
										"key": "on_use",
										"is_minified": true,
										"children": {
											"event": "use",
											"target": "self"
										}
									}
								]
							}
						]
					},
					{
						"open": {
							"description": {
								"identifier": "ray:tnt_sword",
								"category": "equipment"
							},
							"components": {
								"minecraft:icon": {
									"texture": "tnt_sword"
								},
								"minecraft:display_name": {
									"value": "TNT Sword"
								},
								"minecraft:max_stack_size": 1,
								"minecraft:durability": {
									"max_durability": 1600
								},
								"minecraft:digger": {
									"use_efficiency": false,
									"destroy_speeds": [
										{
											"block": "minecraft:web",
											"speed": 15
										},
										{
											"block": "minecraft:bamboo",
											"speed": 10
										}
									]
								},
								"minecraft:mining_speed": 1.5,
								"minecraft:hand_equipped": true,
								"minecraft:can_destroy_in_creative": false,
								"minecraft:enchantable": {
									"value": 10,
									"slot": "sword"
								},
								"minecraft:damage": 5,
								"minecraft:weapon": {
									"on_hurt_entity": {
										"event": "hit",
										"target": "self"
									},
									"on_hit_block": {
										"event": "dmg",
										"target": "self"
									}
								},
								"minecraft:creative_category": {
									"parent": "itemGroup.name.sword"
								},
								"minecraft:cooldown": {
									"duration": 10,
									"category": "tnt"
								},
								"minecraft:use_animation": "crossbow",
								"minecraft:use_duration": 1,
								"minecraft:on_use": {
									"on_use": {
										"event": "use",
										"target": "self"
									}
								}
							},
							"events": {
								"dmg": {
									"damage": {
										"type": "none",
										"amount": 1,
										"target": "self"
									}
								},
								"hit": {
									"damage": {
										"amount": 1,
										"type": "none",
										"target": "self"
									},
									"run_command": {
										"command": [
											"summon ray:tnt_sword",
											"playsound random.explode @p ~ ~3 ~ 0.5"
										]
									}
								},
								"use": {
									"shoot": {
										"projectile": "minecraft:tnt",
										"launch_power": 1,
										"angle_offset": "query.cardinal_facing"
									},
									"damage": {
										"amount": 1,
										"target": "self",
										"type": "none"
									}
								}
							}
						},
						"key": "events",
						"children": [
							{
								"key": "dmg",
								"is_minified": true,
								"children": {
									"damage": {
										"type": "none",
										"amount": 1,
										"target": "self"
									}
								}
							},
							{
								"key": "hit",
								"children": [
									{
										"open": {
											"damage": {
												"amount": 1,
												"type": "none",
												"target": "self"
											},
											"run_command": {
												"command": [
													"summon ray:tnt_sword",
													"playsound random.explode @p ~ ~3 ~ 0.5"
												]
											}
										},
										"key": "damage",
										"is_minified": true,
										"children": {
											"amount": 1,
											"type": "none",
											"target": "self"
										}
									},
									{
										"open": {
											"damage": {
												"amount": 1,
												"type": "none",
												"target": "self"
											},
											"run_command": {
												"command": [
													"summon ray:tnt_sword",
													"playsound random.explode @p ~ ~3 ~ 0.5"
												]
											}
										},
										"key": "run_command",
										"children": [
											{
												"open": {
													"command": [
														"summon ray:tnt_sword",
														"playsound random.explode @p ~ ~3 ~ 0.5"
													]
												},
												"key": "command",
												"is_minified": true,
												"children": [
													"summon ray:tnt_sword",
													"playsound random.explode @p ~ ~3 ~ 0.5"
												]
											}
										]
									}
								]
							},
							{
								"open": {
									"dmg": {
										"damage": {
											"type": "none",
											"amount": 1,
											"target": "self"
										}
									},
									"hit": {
										"damage": {
											"amount": 1,
											"type": "none",
											"target": "self"
										},
										"run_command": {
											"command": [
												"summon ray:tnt_sword",
												"playsound random.explode @p ~ ~3 ~ 0.5"
											]
										}
									},
									"use": {
										"shoot": {
											"projectile": "minecraft:tnt",
											"launch_power": 1,
											"angle_offset": "query.cardinal_facing"
										},
										"damage": {
											"amount": 1,
											"target": "self",
											"type": "none"
										}
									}
								},
								"key": "use",
								"children": [
									{
										"open": {
											"shoot": {
												"projectile": "minecraft:tnt",
												"launch_power": 1,
												"angle_offset": "query.cardinal_facing"
											},
											"damage": {
												"amount": 1,
												"target": "self",
												"type": "none"
											}
										},
										"key": "shoot",
										"is_minified": true,
										"children": {
											"projectile": "minecraft:tnt",
											"launch_power": 1,
											"angle_offset": "query.cardinal_facing"
										}
									},
									{
										"open": {
											"shoot": {
												"projectile": "minecraft:tnt",
												"launch_power": 1,
												"angle_offset": "query.cardinal_facing"
											},
											"damage": {
												"amount": 1,
												"target": "self",
												"type": "none"
											}
										},
										"key": "damage",
										"is_minified": true,
										"children": {
											"amount": 1,
											"target": "self",
											"type": "none"
										}
									}
								]
							}
						]
					}
				]
			}
		]
	}
}