{
  "format_version": "1.12",
  "minecraft:recipe_shapeless": {
    "description": {
      "identifier": "recipes_8a29b22c"
    },
    "tags": [
      "crafting_table"
    ],
    "ingredients": [
      {
        "item": "frost:frozen_stone",
        "data": 0
      },
      {
        "item": "frost:frozen_stone",
        "data": 0
      },
      {
        "item": "frost:frozen_stone",
        "data": 0
      },
      {
        "item": "frost:frozen_stone",
        "data": 0
      }
    ],
    "result": {
      "item": "frost:frozen_stonebrick",
      "count": 4
    }
  }
}