{
  "format_version": "1.12",
  "minecraft:recipe_shaped": {
    "description": {
      "identifier": "recipes_d4aece7c"
    },
    "tags": [
      "crafting_table"
    ],
    "pattern": [
      "ABC",
      " D "
    ],
    "key": {
      "A": {
        "item": "frost:frostbite_spider_eye",
        "data": 0
      },
      "B": {
        "item": "frost:frozen_flesh",
        "data": 0
      },
      "C": {
        "item": "minecraft:spider_eye",
        "data": 0
      },
      "D": {
        "item": "minecraft:glass_bottle",
        "data": 0
      }
    },
    "result": {
      "item": "frost:frostbite_tonic",
      "count": 3
    }
  }
}