{
	"file_path": "C:\\Users\\adminlocal\\AppData\\Local\\Packages\\Microsoft.MinecraftUWP_8wekyb3d8bbwe\\LocalState\\games\\com.mojang\\development_behavior_packs\\Spry Conquest Overhaul\\items\\raw_mithril_nugget.json",
	"file_type": "item",
	"format_version": 1,
	"file_uuid": "448db158_57ee_436b_be81_9a3c06547533",
	"file_version": 19,
	"cache_content": {
		"children": [
			{
				"data": "1.16.100",
				"key": "format_version"
			},
			{
				"open": {
					"format_version": "1.16.100",
					"minecraft:item": {
						"description": {
							"identifier": "sc:raw_mithril_nugget",
							"category": "items"
						},
						"components": {
							"minecraft:max_stack_size": 64,
							"minecraft:icon": {
								"texture": "raw_mithril_nugget"
							},
							"minecraft:creative_category": {
								"parent": "itemGroup.name.diamond"
							},
							"minecraft:display_name": {
								"value": "Raw Mithril Nugget"
							}
						},
						"events": {}
					}
				},
				"key": "minecraft:item",
				"children": [
					{
						"open": {
							"description": {
								"identifier": "sc:raw_mithril_nugget",
								"category": "items"
							},
							"components": {
								"minecraft:max_stack_size": 64,
								"minecraft:icon": {
									"texture": "raw_mithril_nugget"
								},
								"minecraft:creative_category": {
									"parent": "itemGroup.name.diamond"
								},
								"minecraft:display_name": {
									"value": "Raw Mithril Nugget"
								}
							},
							"events": {}
						},
						"key": "description",
						"is_minified": true,
						"children": {
							"identifier": "sc:raw_mithril_nugget",
							"category": "items"
						}
					},
					{
						"open": {
							"description": {
								"identifier": "sc:raw_mithril_nugget",
								"category": "items"
							},
							"components": {
								"minecraft:max_stack_size": 64,
								"minecraft:icon": {
									"texture": "raw_mithril_nugget"
								},
								"minecraft:creative_category": {
									"parent": "itemGroup.name.diamond"
								},
								"minecraft:display_name": {
									"value": "Raw Mithril Nugget"
								}
							},
							"events": {}
						},
						"key": "components",
						"children": [
							{
								"data": "64",
								"key": "minecraft:max_stack_size"
							},
							{
								"key": "minecraft:icon",
								"is_minified": true,
								"children": {
									"texture": "raw_mithril_nugget"
								}
							},
							{
								"open": {
									"minecraft:max_stack_size": 64,
									"minecraft:icon": {
										"texture": "raw_mithril_nugget"
									},
									"minecraft:creative_category": {
										"parent": "itemGroup.name.diamond"
									},
									"minecraft:display_name": {
										"value": "Raw Mithril Nugget"
									}
								},
								"key": "minecraft:creative_category",
								"is_minified": true,
								"children": {
									"parent": "itemGroup.name.diamond"
								}
							},
							{
								"open": {
									"minecraft:max_stack_size": 64,
									"minecraft:icon": {
										"texture": "raw_mithril_nugget"
									},
									"minecraft:creative_category": {
										"parent": "itemGroup.name.diamond"
									},
									"minecraft:display_name": {
										"value": "Raw Mithril Nugget"
									}
								},
								"key": "minecraft:display_name",
								"is_minified": true,
								"children": {
									"value": "Raw Mithril Nugget"
								}
							}
						]
					},
					{
						"key": "events",
						"is_minified": true,
						"children": {}
					}
				]
			}
		]
	}
}