{
	"file_path": "C:\\Users\\Freddy\\AppData\\Local\\Packages\\Microsoft.MinecraftUWP_8wekyb3d8bbwe\\LocalState\\games\\com.mojang\\development_behavior_packs\\Spry Conquest Overhaul\\items\\misc\\glacis_blade.json",
	"file_type": "item",
	"format_version": 1,
	"file_uuid": "3c0657f1_c32e_4895_a454_5754f4018462",
	"file_version": 82,
	"cache_content": {
		"children": [
			{
				"data": "1.16.100",
				"key": "format_version"
			},
			{
				"open": {
					"format_version": "1.16.100",
					"minecraft:item": {
						"description": {
							"identifier": "sc:glacis_blade",
							"category": "equipment"
						},
						"components": {
							"minecraft:max_stack_size": 1,
							"minecraft:icon": {
								"texture": "glacis_sword"
							},
							"minecraft:display_name": {
								"value": "Glacis Blade"
							},
							"minecraft:creative_category": {
								"parent": "itemGroup.name.sword"
							},
							"minecraft:weapon": {
								"on_hurt_entity": {
									"event": "damage"
								}
							},
							"minecraft:digger": {
								"destroy_speeds": [
									{
										"block": "minecraft:web",
										"speed": 15,
										"on_dig": {
											"event": "break"
										}
									},
									{
										"block": "minecraft:bamboo",
										"speed": 10,
										"on_dig": {
											"event": "break"
										}
									}
								],
								"use_efficiency": true,
								"on_dig": {
									"event": "break",
									"target": "self"
								}
							},
							"minecraft:durability": {
								"max_durability": 250,
								"damage_chance": {
									"min": 1,
									"max": 1
								}
							},
							"minecraft:damage": 6,
							"minecraft:hand_equipped": true,
							"minecraft:can_destroy_in_creative": false,
							"minecraft:on_use": {
								"on_use": {
									"event": "launch"
								}
							},
							"minecraft:render_offsets": {
								"main_hand": {
									"first_person": {
										"scale": [
											0.03355,
											0.03355,
											0.03355
										]
									},
									"third_person": {
										"position": [
											0.385,
											1.296,
											-0.656
										],
										"scale": [
											0.09695,
											0.09695,
											0.09695
										]
									}
								}
							},
							"minecraft:cooldown": {
								"category": "elemental_sword",
								"duration": 0.75
							},
							"minecraft:enchantable": {
								"slot": "sword",
								"value": 3
							}
						},
						"events": {
							"break": {
								"damage": {
									"type": "none",
									"amount": 1,
									"target": "self"
								}
							},
							"damage": {
								"damage": {
									"type": "none",
									"amount": 1,
									"target": "self"
								},
								"run_command": {
									"command": [
										"playsound glacis_shard_hit @s ~ ~ ~ 1 1 1",
										"particle sc:frost_burst_particle ~ ~ ~"
									]
								},
								"add_mob_effect": {
									"effect": "slowness",
									"target": "other",
									"duration": 10,
									"amplifier": 1
								}
							},
							"launch": {
								"sequence": [
									{
										"shoot": {
											"projectile": "sc:player_glacis_shard",
											"launch_power": 1,
											"angle_offset": 0.5
										}
									},
									{
										"shoot": {
											"projectile": "sc:player_glacis_shard",
											"launch_power": 1,
											"angle_offset": 0.6
										}
									},
									{
										"damage": {
											"type": "none",
											"amount": 5,
											"target": "self"
										},
										"run_command": {
											"command": [
												"playsound glacis_shard_hit @s ~ ~ ~ 1 1 1",
												"particle sc:frost_burst_particle ~ ~ ~"
											]
										},
										"shoot": {
											"projectile": "sc:player_glacis_shard",
											"launch_power": 1,
											"angle_offset": 0.7
										}
									}
								]
							}
						}
					}
				},
				"key": "minecraft:item",
				"children": [
					{
						"open": {
							"description": {
								"identifier": "sc:glacis_blade",
								"category": "equipment"
							},
							"components": {
								"minecraft:max_stack_size": 1,
								"minecraft:icon": {
									"texture": "glacis_sword"
								},
								"minecraft:display_name": {
									"value": "Glacis Blade"
								},
								"minecraft:creative_category": {
									"parent": "itemGroup.name.sword"
								},
								"minecraft:weapon": {
									"on_hurt_entity": {
										"event": "damage"
									}
								},
								"minecraft:digger": {
									"destroy_speeds": [
										{
											"block": "minecraft:web",
											"speed": 15,
											"on_dig": {
												"event": "break"
											}
										},
										{
											"block": "minecraft:bamboo",
											"speed": 10,
											"on_dig": {
												"event": "break"
											}
										}
									],
									"use_efficiency": true,
									"on_dig": {
										"event": "break",
										"target": "self"
									}
								},
								"minecraft:durability": {
									"max_durability": 250,
									"damage_chance": {
										"min": 1,
										"max": 1
									}
								},
								"minecraft:damage": 6,
								"minecraft:hand_equipped": true,
								"minecraft:can_destroy_in_creative": false,
								"minecraft:on_use": {
									"on_use": {
										"event": "launch"
									}
								},
								"minecraft:render_offsets": {
									"main_hand": {
										"first_person": {
											"scale": [
												0.03355,
												0.03355,
												0.03355
											]
										},
										"third_person": {
											"position": [
												0.385,
												1.296,
												-0.656
											],
											"scale": [
												0.09695,
												0.09695,
												0.09695
											]
										}
									}
								},
								"minecraft:cooldown": {
									"category": "elemental_sword",
									"duration": 0.75
								},
								"minecraft:enchantable": {
									"slot": "sword",
									"value": 3
								}
							},
							"events": {
								"break": {
									"damage": {
										"type": "none",
										"amount": 1,
										"target": "self"
									}
								},
								"damage": {
									"damage": {
										"type": "none",
										"amount": 1,
										"target": "self"
									},
									"run_command": {
										"command": [
											"playsound glacis_shard_hit @s ~ ~ ~ 1 1 1",
											"particle sc:frost_burst_particle ~ ~ ~"
										]
									},
									"add_mob_effect": {
										"effect": "slowness",
										"target": "other",
										"duration": 10,
										"amplifier": 1
									}
								},
								"launch": {
									"sequence": [
										{
											"shoot": {
												"projectile": "sc:player_glacis_shard",
												"launch_power": 1,
												"angle_offset": 0.5
											}
										},
										{
											"shoot": {
												"projectile": "sc:player_glacis_shard",
												"launch_power": 1,
												"angle_offset": 0.6
											}
										},
										{
											"damage": {
												"type": "none",
												"amount": 5,
												"target": "self"
											},
											"run_command": {
												"command": [
													"playsound glacis_shard_hit @s ~ ~ ~ 1 1 1",
													"particle sc:frost_burst_particle ~ ~ ~"
												]
											},
											"shoot": {
												"projectile": "sc:player_glacis_shard",
												"launch_power": 1,
												"angle_offset": 0.7
											}
										}
									]
								}
							}
						},
						"key": "description",
						"is_minified": true,
						"children": {
							"identifier": "sc:glacis_blade",
							"category": "equipment"
						}
					},
					{
						"open": {
							"description": {
								"identifier": "sc:glacis_blade",
								"category": "equipment"
							},
							"components": {
								"minecraft:max_stack_size": 1,
								"minecraft:icon": {
									"texture": "glacis_sword"
								},
								"minecraft:display_name": {
									"value": "Glacis Blade"
								},
								"minecraft:creative_category": {
									"parent": "itemGroup.name.sword"
								},
								"minecraft:weapon": {
									"on_hurt_entity": {
										"event": "damage"
									}
								},
								"minecraft:digger": {
									"destroy_speeds": [
										{
											"block": "minecraft:web",
											"speed": 15,
											"on_dig": {
												"event": "break"
											}
										},
										{
											"block": "minecraft:bamboo",
											"speed": 10,
											"on_dig": {
												"event": "break"
											}
										}
									],
									"use_efficiency": true,
									"on_dig": {
										"event": "break",
										"target": "self"
									}
								},
								"minecraft:durability": {
									"max_durability": 250,
									"damage_chance": {
										"min": 1,
										"max": 1
									}
								},
								"minecraft:damage": 6,
								"minecraft:hand_equipped": true,
								"minecraft:can_destroy_in_creative": false,
								"minecraft:on_use": {
									"on_use": {
										"event": "launch"
									}
								},
								"minecraft:render_offsets": {
									"main_hand": {
										"first_person": {
											"scale": [
												0.03355,
												0.03355,
												0.03355
											]
										},
										"third_person": {
											"position": [
												0.385,
												1.296,
												-0.656
											],
											"scale": [
												0.09695,
												0.09695,
												0.09695
											]
										}
									}
								},
								"minecraft:cooldown": {
									"category": "elemental_sword",
									"duration": 0.75
								},
								"minecraft:enchantable": {
									"slot": "sword",
									"value": 3
								}
							},
							"events": {
								"break": {
									"damage": {
										"type": "none",
										"amount": 1,
										"target": "self"
									}
								},
								"damage": {
									"damage": {
										"type": "none",
										"amount": 1,
										"target": "self"
									},
									"run_command": {
										"command": [
											"playsound glacis_shard_hit @s ~ ~ ~ 1 1 1",
											"particle sc:frost_burst_particle ~ ~ ~"
										]
									},
									"add_mob_effect": {
										"effect": "slowness",
										"target": "other",
										"duration": 10,
										"amplifier": 1
									}
								},
								"launch": {
									"sequence": [
										{
											"shoot": {
												"projectile": "sc:player_glacis_shard",
												"launch_power": 1,
												"angle_offset": 0.5
											}
										},
										{
											"shoot": {
												"projectile": "sc:player_glacis_shard",
												"launch_power": 1,
												"angle_offset": 0.6
											}
										},
										{
											"damage": {
												"type": "none",
												"amount": 5,
												"target": "self"
											},
											"run_command": {
												"command": [
													"playsound glacis_shard_hit @s ~ ~ ~ 1 1 1",
													"particle sc:frost_burst_particle ~ ~ ~"
												]
											},
											"shoot": {
												"projectile": "sc:player_glacis_shard",
												"launch_power": 1,
												"angle_offset": 0.7
											}
										}
									]
								}
							}
						},
						"key": "components",
						"children": [
							{
								"open": {
									"minecraft:max_stack_size": 1,
									"minecraft:icon": {
										"texture": "glacis_sword"
									},
									"minecraft:display_name": {
										"value": "Glacis Blade"
									},
									"minecraft:creative_category": {
										"parent": "itemGroup.name.sword"
									},
									"minecraft:weapon": {
										"on_hurt_entity": {
											"event": "damage"
										}
									},
									"minecraft:digger": {
										"destroy_speeds": [
											{
												"block": "minecraft:web",
												"speed": 15,
												"on_dig": {
													"event": "break"
												}
											},
											{
												"block": "minecraft:bamboo",
												"speed": 10,
												"on_dig": {
													"event": "break"
												}
											}
										],
										"use_efficiency": true,
										"on_dig": {
											"event": "break",
											"target": "self"
										}
									},
									"minecraft:durability": {
										"max_durability": 250,
										"damage_chance": {
											"min": 1,
											"max": 1
										}
									},
									"minecraft:damage": 6,
									"minecraft:hand_equipped": true,
									"minecraft:can_destroy_in_creative": false,
									"minecraft:on_use": {
										"on_use": {
											"event": "launch"
										}
									},
									"minecraft:render_offsets": {
										"main_hand": {
											"first_person": {
												"scale": [
													0.03355,
													0.03355,
													0.03355
												]
											},
											"third_person": {
												"position": [
													0.385,
													1.296,
													-0.656
												],
												"scale": [
													0.09695,
													0.09695,
													0.09695
												]
											}
										}
									},
									"minecraft:cooldown": {
										"category": "elemental_sword",
										"duration": 0.75
									},
									"minecraft:enchantable": {
										"slot": "sword",
										"value": 3
									}
								},
								"data": "1",
								"key": "minecraft:max_stack_size"
							},
							{
								"open": {
									"minecraft:max_stack_size": 1,
									"minecraft:icon": {
										"texture": "glacis_sword"
									},
									"minecraft:display_name": {
										"value": "Glacis Blade"
									},
									"minecraft:creative_category": {
										"parent": "itemGroup.name.sword"
									},
									"minecraft:weapon": {
										"on_hurt_entity": {
											"event": "damage"
										}
									},
									"minecraft:digger": {
										"destroy_speeds": [
											{
												"block": "minecraft:web",
												"speed": 15,
												"on_dig": {
													"event": "break"
												}
											},
											{
												"block": "minecraft:bamboo",
												"speed": 10,
												"on_dig": {
													"event": "break"
												}
											}
										],
										"use_efficiency": true,
										"on_dig": {
											"event": "break",
											"target": "self"
										}
									},
									"minecraft:durability": {
										"max_durability": 250,
										"damage_chance": {
											"min": 1,
											"max": 1
										}
									},
									"minecraft:damage": 6,
									"minecraft:hand_equipped": true,
									"minecraft:can_destroy_in_creative": false,
									"minecraft:on_use": {
										"on_use": {
											"event": "launch"
										}
									},
									"minecraft:render_offsets": {
										"main_hand": {
											"first_person": {
												"scale": [
													0.03355,
													0.03355,
													0.03355
												]
											},
											"third_person": {
												"position": [
													0.385,
													1.296,
													-0.656
												],
												"scale": [
													0.09695,
													0.09695,
													0.09695
												]
											}
										}
									},
									"minecraft:cooldown": {
										"category": "elemental_sword",
										"duration": 0.75
									},
									"minecraft:enchantable": {
										"slot": "sword",
										"value": 3
									}
								},
								"key": "minecraft:icon",
								"is_minified": true,
								"children": {
									"texture": "glacis_sword"
								}
							},
							{
								"open": {
									"minecraft:max_stack_size": 1,
									"minecraft:icon": {
										"texture": "glacis_sword"
									},
									"minecraft:display_name": {
										"value": "Glacis Blade"
									},
									"minecraft:creative_category": {
										"parent": "itemGroup.name.sword"
									},
									"minecraft:weapon": {
										"on_hurt_entity": {
											"event": "damage"
										}
									},
									"minecraft:digger": {
										"destroy_speeds": [
											{
												"block": "minecraft:web",
												"speed": 15,
												"on_dig": {
													"event": "break"
												}
											},
											{
												"block": "minecraft:bamboo",
												"speed": 10,
												"on_dig": {
													"event": "break"
												}
											}
										],
										"use_efficiency": true,
										"on_dig": {
											"event": "break",
											"target": "self"
										}
									},
									"minecraft:durability": {
										"max_durability": 250,
										"damage_chance": {
											"min": 1,
											"max": 1
										}
									},
									"minecraft:damage": 6,
									"minecraft:hand_equipped": true,
									"minecraft:can_destroy_in_creative": false,
									"minecraft:on_use": {
										"on_use": {
											"event": "launch"
										}
									},
									"minecraft:render_offsets": {
										"main_hand": {
											"first_person": {
												"scale": [
													0.03355,
													0.03355,
													0.03355
												]
											},
											"third_person": {
												"position": [
													0.385,
													1.296,
													-0.656
												],
												"scale": [
													0.09695,
													0.09695,
													0.09695
												]
											}
										}
									},
									"minecraft:cooldown": {
										"category": "elemental_sword",
										"duration": 0.75
									},
									"minecraft:enchantable": {
										"slot": "sword",
										"value": 3
									}
								},
								"key": "minecraft:display_name",
								"is_minified": true,
								"children": {
									"value": "Glacis Blade"
								}
							},
							{
								"key": "minecraft:creative_category",
								"is_minified": true,
								"children": {
									"parent": "itemGroup.name.sword"
								}
							},
							{
								"open": {
									"minecraft:max_stack_size": 1,
									"minecraft:icon": {
										"texture": "glacis_sword"
									},
									"minecraft:display_name": {
										"value": "Glacis Blade"
									},
									"minecraft:creative_category": {
										"parent": "itemGroup.name.sword"
									},
									"minecraft:weapon": {
										"on_hurt_entity": {
											"event": "damage"
										}
									},
									"minecraft:digger": {
										"destroy_speeds": [
											{
												"block": "minecraft:web",
												"speed": 15,
												"on_dig": {
													"event": "break"
												}
											},
											{
												"block": "minecraft:bamboo",
												"speed": 10,
												"on_dig": {
													"event": "break"
												}
											}
										],
										"use_efficiency": true,
										"on_dig": {
											"event": "break",
											"target": "self"
										}
									},
									"minecraft:durability": {
										"max_durability": 250,
										"damage_chance": {
											"min": 1,
											"max": 1
										}
									},
									"minecraft:damage": 6,
									"minecraft:hand_equipped": true,
									"minecraft:can_destroy_in_creative": false,
									"minecraft:on_use": {
										"on_use": {
											"event": "launch"
										}
									},
									"minecraft:render_offsets": {
										"main_hand": {
											"first_person": {
												"scale": [
													0.03355,
													0.03355,
													0.03355
												]
											},
											"third_person": {
												"position": [
													0.385,
													1.296,
													-0.656
												],
												"scale": [
													0.09695,
													0.09695,
													0.09695
												]
											}
										}
									},
									"minecraft:cooldown": {
										"category": "elemental_sword",
										"duration": 0.75
									},
									"minecraft:enchantable": {
										"slot": "sword",
										"value": 3
									}
								},
								"key": "minecraft:weapon",
								"children": [
									{
										"open": {
											"on_hurt_entity": {
												"event": "damage"
											}
										},
										"key": "on_hurt_entity",
										"is_minified": true,
										"children": {
											"event": "damage"
										}
									}
								]
							},
							{
								"key": "minecraft:digger",
								"children": [
									{
										"key": "destroy_speeds",
										"children": [
											{
												"open": [
													{
														"block": "minecraft:web",
														"speed": 15,
														"on_dig": {
															"event": "break"
														}
													},
													{
														"block": "minecraft:bamboo",
														"speed": 10,
														"on_dig": {
															"event": "break"
														}
													}
												],
												"children": [
													{
														"data": "minecraft:web",
														"key": "block"
													},
													{
														"data": "15",
														"key": "speed"
													},
													{
														"open": {
															"block": "minecraft:web",
															"speed": 15,
															"on_dig": {
																"event": "break"
															}
														},
														"key": "on_dig",
														"is_minified": true,
														"children": {
															"event": "break"
														}
													}
												]
											},
											{
												"open": [
													{
														"block": "minecraft:web",
														"speed": 15,
														"on_dig": {
															"event": "break"
														}
													},
													{
														"block": "minecraft:bamboo",
														"speed": 10,
														"on_dig": {
															"event": "break"
														}
													}
												],
												"children": [
													{
														"data": "minecraft:bamboo",
														"key": "block"
													},
													{
														"data": "10",
														"key": "speed"
													},
													{
														"open": {
															"block": "minecraft:bamboo",
															"speed": 10,
															"on_dig": {
																"event": "break"
															}
														},
														"key": "on_dig",
														"is_minified": true,
														"children": {
															"event": "break"
														}
													}
												]
											}
										]
									},
									{
										"data": "true",
										"key": "use_efficiency"
									},
									{
										"open": {
											"destroy_speeds": [
												{
													"block": "minecraft:web",
													"speed": 15,
													"on_dig": {
														"event": "break"
													}
												},
												{
													"block": "minecraft:bamboo",
													"speed": 10,
													"on_dig": {
														"event": "break"
													}
												}
											],
											"use_efficiency": true,
											"on_dig": {
												"event": "break",
												"target": "self"
											}
										},
										"key": "on_dig",
										"is_minified": true,
										"children": {
											"event": "break",
											"target": "self"
										}
									}
								]
							},
							{
								"open": {
									"minecraft:max_stack_size": 1,
									"minecraft:icon": {
										"texture": "glacis_sword"
									},
									"minecraft:display_name": {
										"value": "Glacis Blade"
									},
									"minecraft:creative_category": {
										"parent": "itemGroup.name.sword"
									},
									"minecraft:weapon": {
										"on_hurt_entity": {
											"event": "damage"
										}
									},
									"minecraft:digger": {
										"destroy_speeds": [
											{
												"block": "minecraft:web",
												"speed": 15,
												"on_dig": {
													"event": "break"
												}
											},
											{
												"block": "minecraft:bamboo",
												"speed": 10,
												"on_dig": {
													"event": "break"
												}
											}
										],
										"use_efficiency": true,
										"on_dig": {
											"event": "break",
											"target": "self"
										}
									},
									"minecraft:durability": {
										"max_durability": 250,
										"damage_chance": {
											"min": 1,
											"max": 1
										}
									},
									"minecraft:damage": 6,
									"minecraft:hand_equipped": true,
									"minecraft:can_destroy_in_creative": false,
									"minecraft:on_use": {
										"on_use": {
											"event": "launch"
										}
									},
									"minecraft:render_offsets": {
										"main_hand": {
											"first_person": {
												"scale": [
													0.03355,
													0.03355,
													0.03355
												]
											},
											"third_person": {
												"position": [
													0.385,
													1.296,
													-0.656
												],
												"scale": [
													0.09695,
													0.09695,
													0.09695
												]
											}
										}
									},
									"minecraft:cooldown": {
										"category": "elemental_sword",
										"duration": 0.75
									},
									"minecraft:enchantable": {
										"slot": "sword",
										"value": 3
									}
								},
								"key": "minecraft:durability",
								"children": [
									{
										"open": {
											"max_durability": 250,
											"damage_chance": {
												"min": 1,
												"max": 1
											}
										},
										"data": "250",
										"key": "max_durability"
									},
									{
										"open": {
											"max_durability": 250,
											"damage_chance": {
												"min": 1,
												"max": 1
											}
										},
										"key": "damage_chance",
										"is_minified": true,
										"children": {
											"min": 1,
											"max": 1
										}
									}
								]
							},
							{
								"data": "6",
								"key": "minecraft:damage"
							},
							{
								"data": "true",
								"key": "minecraft:hand_equipped"
							},
							{
								"data": "false",
								"key": "minecraft:can_destroy_in_creative"
							},
							{
								"open": {
									"minecraft:max_stack_size": 1,
									"minecraft:icon": {
										"texture": "glacis_sword"
									},
									"minecraft:display_name": {
										"value": "Glacis Blade"
									},
									"minecraft:creative_category": {
										"parent": "itemGroup.name.sword"
									},
									"minecraft:weapon": {
										"on_hurt_entity": {
											"event": "damage"
										}
									},
									"minecraft:digger": {
										"destroy_speeds": [
											{
												"block": "minecraft:web",
												"speed": 15,
												"on_dig": {
													"event": "break"
												}
											},
											{
												"block": "minecraft:bamboo",
												"speed": 10,
												"on_dig": {
													"event": "break"
												}
											}
										],
										"use_efficiency": true,
										"on_dig": {
											"event": "break",
											"target": "self"
										}
									},
									"minecraft:durability": {
										"max_durability": 250,
										"damage_chance": {
											"min": 1,
											"max": 1
										}
									},
									"minecraft:damage": 6,
									"minecraft:hand_equipped": true,
									"minecraft:can_destroy_in_creative": false,
									"minecraft:on_use": {
										"on_use": {
											"event": "launch"
										}
									},
									"minecraft:render_offsets": {
										"main_hand": {
											"first_person": {
												"scale": [
													0.03355,
													0.03355,
													0.03355
												]
											},
											"third_person": {
												"position": [
													0.385,
													1.296,
													-0.656
												],
												"scale": [
													0.09695,
													0.09695,
													0.09695
												]
											}
										}
									},
									"minecraft:cooldown": {
										"category": "elemental_sword",
										"duration": 0.75
									},
									"minecraft:enchantable": {
										"slot": "sword",
										"value": 3
									}
								},
								"key": "minecraft:on_use",
								"children": [
									{
										"open": {
											"on_use": {
												"event": "launch"
											}
										},
										"key": "on_use",
										"is_minified": true,
										"children": {
											"event": "launch"
										}
									}
								]
							},
							{
								"key": "minecraft:render_offsets",
								"is_minified": true,
								"children": {
									"main_hand": {
										"first_person": {
											"scale": [
												0.03355,
												0.03355,
												0.03355
											]
										},
										"third_person": {
											"position": [
												0.385,
												1.296,
												-0.656
											],
											"scale": [
												0.09695,
												0.09695,
												0.09695
											]
										}
									}
								}
							},
							{
								"open": {
									"minecraft:max_stack_size": 1,
									"minecraft:icon": {
										"texture": "glacis_sword"
									},
									"minecraft:display_name": {
										"value": "Glacis Blade"
									},
									"minecraft:creative_category": {
										"parent": "itemGroup.name.sword"
									},
									"minecraft:weapon": {
										"on_hurt_entity": {
											"event": "damage"
										}
									},
									"minecraft:digger": {
										"destroy_speeds": [
											{
												"block": "minecraft:web",
												"speed": 15,
												"on_dig": {
													"event": "break"
												}
											},
											{
												"block": "minecraft:bamboo",
												"speed": 10,
												"on_dig": {
													"event": "break"
												}
											}
										],
										"use_efficiency": true,
										"on_dig": {
											"event": "break",
											"target": "self"
										}
									},
									"minecraft:durability": {
										"max_durability": 250,
										"damage_chance": {
											"min": 1,
											"max": 1
										}
									},
									"minecraft:damage": 6,
									"minecraft:hand_equipped": true,
									"minecraft:can_destroy_in_creative": false,
									"minecraft:on_use": {
										"on_use": {
											"event": "launch"
										}
									},
									"minecraft:render_offsets": {
										"main_hand": {
											"first_person": {
												"scale": [
													0.03355,
													0.03355,
													0.03355
												]
											},
											"third_person": {
												"position": [
													0.385,
													1.296,
													-0.656
												],
												"scale": [
													0.09695,
													0.09695,
													0.09695
												]
											}
										}
									},
									"minecraft:cooldown": {
										"category": "elemental_sword",
										"duration": 0.75
									},
									"minecraft:enchantable": {
										"slot": "sword",
										"value": 3
									}
								},
								"key": "minecraft:cooldown",
								"is_minified": true,
								"children": {
									"category": "elemental_sword",
									"duration": 0.75
								}
							},
							{
								"key": "minecraft:enchantable",
								"is_minified": true,
								"children": {
									"slot": "sword",
									"value": 3
								}
							}
						]
					},
					{
						"open": {
							"description": {
								"identifier": "sc:glacis_blade",
								"category": "equipment"
							},
							"components": {
								"minecraft:max_stack_size": 1,
								"minecraft:icon": {
									"texture": "glacis_sword"
								},
								"minecraft:display_name": {
									"value": "Glacis Blade"
								},
								"minecraft:creative_category": {
									"parent": "itemGroup.name.sword"
								},
								"minecraft:weapon": {
									"on_hurt_entity": {
										"event": "damage"
									}
								},
								"minecraft:digger": {
									"destroy_speeds": [
										{
											"block": "minecraft:web",
											"speed": 15,
											"on_dig": {
												"event": "break"
											}
										},
										{
											"block": "minecraft:bamboo",
											"speed": 10,
											"on_dig": {
												"event": "break"
											}
										}
									],
									"use_efficiency": true,
									"on_dig": {
										"event": "break",
										"target": "self"
									}
								},
								"minecraft:durability": {
									"max_durability": 250,
									"damage_chance": {
										"min": 1,
										"max": 1
									}
								},
								"minecraft:damage": 6,
								"minecraft:hand_equipped": true,
								"minecraft:can_destroy_in_creative": false,
								"minecraft:on_use": {
									"on_use": {
										"event": "launch"
									}
								},
								"minecraft:render_offsets": {
									"main_hand": {
										"first_person": {
											"scale": [
												0.03355,
												0.03355,
												0.03355
											]
										},
										"third_person": {
											"position": [
												0.385,
												1.296,
												-0.656
											],
											"scale": [
												0.09695,
												0.09695,
												0.09695
											]
										}
									}
								},
								"minecraft:cooldown": {
									"category": "elemental_sword",
									"duration": 0.75
								},
								"minecraft:enchantable": {
									"slot": "sword",
									"value": 3
								}
							},
							"events": {
								"break": {
									"damage": {
										"type": "none",
										"amount": 1,
										"target": "self"
									}
								},
								"damage": {
									"damage": {
										"type": "none",
										"amount": 1,
										"target": "self"
									},
									"run_command": {
										"command": [
											"playsound glacis_shard_hit @s ~ ~ ~ 1 1 1",
											"particle sc:frost_burst_particle ~ ~ ~"
										]
									},
									"add_mob_effect": {
										"effect": "slowness",
										"target": "other",
										"duration": 10,
										"amplifier": 1
									}
								},
								"launch": {
									"sequence": [
										{
											"shoot": {
												"projectile": "sc:player_glacis_shard",
												"launch_power": 1,
												"angle_offset": 0.5
											}
										},
										{
											"shoot": {
												"projectile": "sc:player_glacis_shard",
												"launch_power": 1,
												"angle_offset": 0.6
											}
										},
										{
											"damage": {
												"type": "none",
												"amount": 5,
												"target": "self"
											},
											"run_command": {
												"command": [
													"playsound glacis_shard_hit @s ~ ~ ~ 1 1 1",
													"particle sc:frost_burst_particle ~ ~ ~"
												]
											},
											"shoot": {
												"projectile": "sc:player_glacis_shard",
												"launch_power": 1,
												"angle_offset": 0.7
											}
										}
									]
								}
							}
						},
						"key": "events",
						"children": [
							{
								"open": {
									"break": {
										"damage": {
											"type": "none",
											"amount": 1,
											"target": "self"
										}
									},
									"damage": {
										"damage": {
											"type": "none",
											"amount": 1,
											"target": "self"
										},
										"run_command": {
											"command": [
												"playsound glacis_shard_hit @s ~ ~ ~ 1 1 1",
												"particle sc:frost_burst_particle ~ ~ ~"
											]
										},
										"add_mob_effect": {
											"effect": "slowness",
											"target": "other",
											"duration": 10,
											"amplifier": 1
										}
									},
									"launch": {
										"sequence": [
											{
												"shoot": {
													"projectile": "sc:player_glacis_shard",
													"launch_power": 1,
													"angle_offset": 0.5
												}
											},
											{
												"shoot": {
													"projectile": "sc:player_glacis_shard",
													"launch_power": 1,
													"angle_offset": 0.6
												}
											},
											{
												"damage": {
													"type": "none",
													"amount": 5,
													"target": "self"
												},
												"run_command": {
													"command": [
														"playsound glacis_shard_hit @s ~ ~ ~ 1 1 1",
														"particle sc:frost_burst_particle ~ ~ ~"
													]
												},
												"shoot": {
													"projectile": "sc:player_glacis_shard",
													"launch_power": 1,
													"angle_offset": 0.7
												}
											}
										]
									}
								},
								"key": "break",
								"children": [
									{
										"open": {
											"damage": {
												"type": "none",
												"amount": 1,
												"target": "self"
											}
										},
										"key": "damage",
										"is_minified": true,
										"children": {
											"type": "none",
											"amount": 1,
											"target": "self"
										}
									}
								]
							},
							{
								"key": "damage",
								"children": [
									{
										"open": {
											"damage": {
												"type": "none",
												"amount": 1,
												"target": "self"
											},
											"run_command": {
												"command": [
													"playsound glacis_shard_hit @s ~ ~ ~ 1 1 1",
													"particle sc:frost_burst_particle ~ ~ ~"
												]
											},
											"add_mob_effect": {
												"effect": "slowness",
												"target": "other",
												"duration": 10,
												"amplifier": 1
											}
										},
										"key": "damage",
										"is_minified": true,
										"children": {
											"type": "none",
											"amount": 1,
											"target": "self"
										}
									},
									{
										"key": "run_command",
										"children": [
											{
												"open": {
													"command": [
														"playsound glacis_shard_hit @s ~ ~ ~ 1 1 1",
														"particle sc:frost_burst_particle ~ ~ ~"
													]
												},
												"key": "command",
												"is_minified": true,
												"children": [
													"playsound glacis_shard_hit @s ~ ~ ~ 1 1 1",
													"particle sc:frost_burst_particle ~ ~ ~"
												]
											}
										]
									},
									{
										"open": {
											"damage": {
												"type": "none",
												"amount": 1,
												"target": "self"
											},
											"run_command": {
												"command": [
													"playsound glacis_shard_hit @s ~ ~ ~ 1 1 1",
													"particle sc:frost_burst_particle ~ ~ ~"
												]
											},
											"add_mob_effect": {
												"effect": "slowness",
												"target": "other",
												"duration": 10,
												"amplifier": 1
											}
										},
										"key": "add_mob_effect",
										"is_minified": true,
										"children": {
											"effect": "slowness",
											"target": "other",
											"duration": 10,
											"amplifier": 1
										}
									}
								]
							},
							{
								"open": {
									"break": {
										"damage": {
											"type": "none",
											"amount": 1,
											"target": "self"
										}
									},
									"damage": {
										"damage": {
											"type": "none",
											"amount": 1,
											"target": "self"
										},
										"run_command": {
											"command": [
												"playsound glacis_shard_hit @s ~ ~ ~ 1 1 1",
												"particle sc:frost_burst_particle ~ ~ ~"
											]
										},
										"add_mob_effect": {
											"effect": "slowness",
											"target": "other",
											"duration": 10,
											"amplifier": 1
										}
									},
									"launch": {
										"sequence": [
											{
												"shoot": {
													"projectile": "sc:player_glacis_shard",
													"launch_power": 1,
													"angle_offset": 0.5
												}
											},
											{
												"shoot": {
													"projectile": "sc:player_glacis_shard",
													"launch_power": 1,
													"angle_offset": 0.6
												}
											},
											{
												"damage": {
													"type": "none",
													"amount": 5,
													"target": "self"
												},
												"run_command": {
													"command": [
														"playsound glacis_shard_hit @s ~ ~ ~ 1 1 1",
														"particle sc:frost_burst_particle ~ ~ ~"
													]
												},
												"shoot": {
													"projectile": "sc:player_glacis_shard",
													"launch_power": 1,
													"angle_offset": 0.7
												}
											}
										]
									}
								},
								"key": "launch",
								"children": [
									{
										"open": {
											"sequence": [
												{
													"shoot": {
														"projectile": "sc:player_glacis_shard",
														"launch_power": 1,
														"angle_offset": 0.5
													}
												},
												{
													"shoot": {
														"projectile": "sc:player_glacis_shard",
														"launch_power": 1,
														"angle_offset": 0.6
													}
												},
												{
													"damage": {
														"type": "none",
														"amount": 5,
														"target": "self"
													},
													"run_command": {
														"command": [
															"playsound glacis_shard_hit @s ~ ~ ~ 1 1 1",
															"particle sc:frost_burst_particle ~ ~ ~"
														]
													},
													"shoot": {
														"projectile": "sc:player_glacis_shard",
														"launch_power": 1,
														"angle_offset": 0.7
													}
												}
											]
										},
										"key": "sequence",
										"children": [
											{
												"open": [
													{
														"shoot": {
															"projectile": "sc:player_glacis_shard",
															"launch_power": 1,
															"angle_offset": 0.5
														}
													},
													{
														"shoot": {
															"projectile": "sc:player_glacis_shard",
															"launch_power": 1,
															"angle_offset": 0.6
														}
													},
													{
														"damage": {
															"type": "none",
															"amount": 5,
															"target": "self"
														},
														"run_command": {
															"command": [
																"playsound glacis_shard_hit @s ~ ~ ~ 1 1 1",
																"particle sc:frost_burst_particle ~ ~ ~"
															]
														},
														"shoot": {
															"projectile": "sc:player_glacis_shard",
															"launch_power": 1,
															"angle_offset": 0.7
														}
													}
												],
												"is_minified": true,
												"children": {
													"shoot": {
														"projectile": "sc:player_glacis_shard",
														"launch_power": 1,
														"angle_offset": 0.5
													}
												}
											},
											{
												"open": [
													{
														"shoot": {
															"projectile": "sc:player_glacis_shard",
															"launch_power": 1,
															"angle_offset": 0.5
														}
													},
													{
														"shoot": {
															"projectile": "sc:player_glacis_shard",
															"launch_power": 1,
															"angle_offset": 0.6
														}
													},
													{
														"damage": {
															"type": "none",
															"amount": 5,
															"target": "self"
														},
														"run_command": {
															"command": [
																"playsound glacis_shard_hit @s ~ ~ ~ 1 1 1",
																"particle sc:frost_burst_particle ~ ~ ~"
															]
														},
														"shoot": {
															"projectile": "sc:player_glacis_shard",
															"launch_power": 1,
															"angle_offset": 0.7
														}
													}
												],
												"children": [
													{
														"open": {
															"shoot": {
																"projectile": "sc:player_glacis_shard",
																"launch_power": 1,
																"angle_offset": 0.6
															}
														},
														"key": "shoot",
														"is_minified": true,
														"children": {
															"projectile": "sc:player_glacis_shard",
															"launch_power": 1,
															"angle_offset": 0.6
														}
													}
												]
											},
											{
												"open": [
													{
														"shoot": {
															"projectile": "sc:player_glacis_shard",
															"launch_power": 1,
															"angle_offset": 0.5
														}
													},
													{
														"shoot": {
															"projectile": "sc:player_glacis_shard",
															"launch_power": 1,
															"angle_offset": 0.6
														}
													},
													{
														"damage": {
															"type": "none",
															"amount": 5,
															"target": "self"
														},
														"run_command": {
															"command": [
																"playsound glacis_shard_hit @s ~ ~ ~ 1 1 1",
																"particle sc:frost_burst_particle ~ ~ ~"
															]
														},
														"shoot": {
															"projectile": "sc:player_glacis_shard",
															"launch_power": 1,
															"angle_offset": 0.7
														}
													}
												],
												"children": [
													{
														"key": "damage",
														"is_minified": true,
														"children": {
															"type": "none",
															"amount": 5,
															"target": "self"
														}
													},
													{
														"open": {
															"damage": {
																"type": "none",
																"amount": 5,
																"target": "self"
															},
															"run_command": {
																"command": [
																	"playsound glacis_shard_hit @s ~ ~ ~ 1 1 1",
																	"particle sc:frost_burst_particle ~ ~ ~"
																]
															},
															"shoot": {
																"projectile": "sc:player_glacis_shard",
																"launch_power": 1,
																"angle_offset": 0.7
															}
														},
														"key": "run_command",
														"children": [
															{
																"open": {
																	"command": [
																		"playsound glacis_shard_hit @s ~ ~ ~ 1 1 1",
																		"particle sc:frost_burst_particle ~ ~ ~"
																	]
																},
																"key": "command",
																"is_minified": true,
																"children": [
																	"playsound glacis_shard_hit @s ~ ~ ~ 1 1 1",
																	"particle sc:frost_burst_particle ~ ~ ~"
																]
															}
														]
													},
													{
														"open": {
															"damage": {
																"type": "none",
																"amount": 5,
																"target": "self"
															},
															"run_command": {
																"command": [
																	"playsound glacis_shard_hit @s ~ ~ ~ 1 1 1",
																	"particle sc:frost_burst_particle ~ ~ ~"
																]
															},
															"shoot": {
																"projectile": "sc:player_glacis_shard",
																"launch_power": 1,
																"angle_offset": 0.7
															}
														},
														"key": "shoot",
														"is_minified": true,
														"children": {
															"projectile": "sc:player_glacis_shard",
															"launch_power": 1,
															"angle_offset": 0.7
														}
													}
												]
											}
										]
									}
								]
							}
						]
					}
				]
			}
		]
	}
}