{
	"format_version": "1.10.0",
	"geometry.granadeunesed": {
		"texturewidth": 64,
		"textureheight": 64,
		"visible_bounds_width": 1,
		"visible_bounds_height": 1,
		"visible_bounds_offset": [0, 0.5, 0],
		"bones": [
			{
				"name": "head",
				"pivot": [0, 0, 0],
				"cubes": [
					{"origin": [-2, 0, -2], "size": [4, 7, 4], "uv": [0, 0]},
					{"origin": [-1, 7, -1], "size": [2, 3, 2], "uv": [22, 0]}
				]
			},
			{
				"name": "bone",
				"parent": "head",
				"pivot": [0, 0, 0],
				"cubes": [
					{"origin": [2, 0, -0.5], "size": [2, 8, 1], "uv": [16, 0]}
				]
			},
			{
				"name": "bone2",
				"parent": "head",
				"pivot": [0, 0, 0],
				"rotation": [0, 0, 15],
				"cubes": [
					{"origin": [-3, 8, -0.5], "size": [5, 1, 1], "uv": [0, 11]}
				]
			}
		]
	}
}