{
	"format_version": "1.10.0",
	"geometry.m67": {
		"texturewidth": 64,
		"textureheight": 64,
		"visible_bounds_width": 2,
		"visible_bounds_height": 1,
		"visible_bounds_offset": [0, 0.5, 0],
		"bones": [
			{
				"name": "head",
				"pivot": [0, 0, 0],
				"cubes": [
					{"origin": [-2, 0, -2], "size": [4, 4, 4], "uv": [0, 2]},
					{"origin": [-1, 4, -1], "size": [2, 2, 2], "uv": [22, 0]}
				]
			},
			{
				"name": "bone",
				"parent": "head",
				"pivot": [0, 0, 0],
				"rotation": [0, 0, -15]
			},
			{
				"name": "bone2",
				"parent": "head",
				"pivot": [0, 0, 0],
				"rotation": [0, 0, 15]
			}
		]
	}
}