{
    "format_version": "1.16.100",
    "minecraft:recipe_shaped": {
        "tags": [
            "crafting_table"
        ],
        "pattern": [
            "#S#",
            "#S#",
            " S "
        ],
        "key": {
            "#": {
                "item": "minecraft:gold_ingot"
            },
            "S": {
                "item": "minecraft:stick"
            }
        },
        "result": {
            "item": "hardlove:golden_battle_axe"
        },
        "description": {
            "identifier": "hardlove:gold_battle_axe"
        }
    }
}