{
	"format_version": "1.19.50",
	"minecraft:block": {
		"description": {
			"identifier": "dcode:carrot_board"
		},
		"components": {
			"minecraft:geometry": "geometry.carrot_board",
			"minecraft:material_instances": {
				"*": {
					"texture": "dcode_carrot_board",
					"render_method": "alpha_test"
				}
			},
			"minecraft:on_interact": {
				"event": "get_items",
				"target": "self"
			}
		},
		"events": {
			"get_items": {
				"set_block": {
					"block_type": "dcode:board"
				},
				"run_command": {
					"command": [
						"replaceitem entity @s slot.hotbar 5 dcode:cutted_carrot 1 0"
					],
					"target": "other"
				}
			}
		}
	}
}