{
	"format_version": "1.19.50",
	"minecraft:block": {
		"description": {
			"identifier": "dcode:con_soup"
		},
		"components": {
			"minecraft:geometry": "geometry.con_soup",
			"minecraft:material_instances": {
				"*": {
					"texture": "dcode_con_soup",
					"render_method": "alpha_test"
				}
			},
			"minecraft:on_interact": {
				"event": "get_items",
				"target": "self"
			},
			"minecraft:display_name": "§e§lFinished soup & Bread",
			"minecraft:on_placed": {
				"event": "food_score",
				"target": "self"
			}
		},
		"events": {
			"get_items": {
				"set_block": {
					"block_type": "air"
				},
				"run_command": {
					"command": [
						"replaceitem entity @s slot.hotbar 4 dcode:con_soup 1 0 {\"item_lock\":{\"mode\": \"lock_in_slot\"},\"keep_on_death\":{},\"minecraft:can_place_on\":{\"blocks\":[\"stone_block_slab\"]}}"
					],
					"target": "other"
				}
			},
			"food_score": {
				"run_command": {
					"command": [
						"xp 1l @a"
					],
					"target": "self"
				}
			}
		}
	}
}