{
	"format_version": "1.19.50",
	"minecraft:block": {
		"description": {
			"identifier": "dcode:dishes"
		},
		"components": {
			"minecraft:geometry": "geometry.dishes",
			"minecraft:material_instances": {
				"*": {
					"texture": "dcode_dishes",
					"render_method": "alpha_test"
				}
			},
			"minecraft:on_interact": {
				"event": "get_items",
				"target": "self"
			}
		},
		"events": {
			"get_items": {
				"set_block": {
					"block_type": "dcode:dishes1"
				},
				"run_command": {
					"command": [
						"replaceitem entity @a[tag=steak] slot.hotbar 4 dcode:steaks_plate 1 0 {\"item_lock\":{\"mode\": \"lock_in_slot\"},\"keep_on_death\":{},\"minecraft:can_place_on\":{\"blocks\":[\"polished_andesite_stairs\"]}}",
						"replaceitem entity @a[tag=fish] slot.hotbar 4 dcode:fish_plate 1 0 {\"item_lock\":{\"mode\": \"lock_in_slot\"},\"keep_on_death\":{},\"minecraft:can_place_on\":{\"blocks\":[\"polished_andesite_stairs\"]}}",
						"replaceitem entity @a[tag=soup] slot.hotbar 4 dcode:soup_plate 1 0 {\"item_lock\":{\"mode\": \"lock_in_slot\"},\"keep_on_death\":{},\"minecraft:can_place_on\":{\"blocks\":[\"polished_andesite_stairs\"]}}"
					],
					"target": "other"
				}
			}
		}
	}
}