{
	"format_version": "1.19.50",
	"minecraft:block": {
		"description": {
			"identifier": "dcode:open"
		},
		"components": {
			"minecraft:geometry": "geometry.start",
			"minecraft:material_instances": {
				"*": {
					"texture": "dcode_open",
					"render_method": "alpha_test"
				}
			},
			"minecraft:on_interact": {
				"event": "start",
				"target": "self"
			}
		},
		"events": {
			"start": {
				"set_block": {
					"block_type": "air"
				},
				"run_command": {
					"command": [
						"function start",
						"particle minecraft:totem_particle 89 75 314",
						"playsound note.bell @a"
					],
					"target": "other"
				}
			}
		}
	}
}