{
	"format_version": "1.19.50",
	"minecraft:block": {
		"description": {
			"identifier": "dcode:regen_fish"
		},
		"components": {
			"minecraft:geometry": "geometry.fish",
			"minecraft:material_instances": {
				"*": {
					"texture": "dcode_regen_fish",
					"render_method": "alpha_test"
				}
			},
			"minecraft:on_interact": {
				"event": "convert",
				"target": "self"
			}
		},
		"events": {
			"convert": {
				"set_block": {
					"block_type": "air"
				},
				"run_command": {
					"command": [
						"replaceitem entity @s slot.hotbar 3 salmon 1 0",
						"playsound item.book.put @a"
					],
					"target": "other"
				}
			}
		}
	}
}