{
	"format_version": "1.19.50",
	"minecraft:block": {
		"description": {
			"identifier": "dcode:regen_bread_1"
		},
		"components": {
			"minecraft:geometry": "geometry.regen_bread_1",
			"minecraft:material_instances": {
				"*": {
					"texture": "dcode_regen_bread_1",
					"render_method": "alpha_test"
				}
			},
			"minecraft:queued_ticking": {
				"interval_range": [
					100,
					100
				],
				"looping": true,
				"on_tick": {
					"event": "convert",
					"target": "self"
				}
			}
		},
		"events": {
			"convert": {
				"set_block": {
					"block_type": "dcode:regen_bread"
				}
			}
		}
	}
}