{
	"format_version": "1.19.50",
	"minecraft:block": {
		"description": {
			"identifier": "dcode:steaks_plate"
		},
		"components": {
			"minecraft:geometry": "geometry.soup_plate",
			"minecraft:material_instances": {
				"*": {
					"texture": "dcode_steaks_plate",
					"render_method": "alpha_test"
				}
			},
			"minecraft:on_interact": {
				"event": "convert",
				"target": "self",
				"condition": "query.get_equipped_item_name=='cooked_beef'"
			},
			"minecraft:display_name": "§lplate"
		},
		"events": {
			"convert": {
				"set_block": {
					"block_type": "dcode:on_steaks"
				},
				"run_command": {
					"command": [
						"clear @s cooked_beef"
					],
					"target": "other"
				}
			}
		}
	}
}