{
	"format_version": "1.8.0",
	"minecraft:client_entity": {
		"description": {
			"identifier": "lamborghini:terzomillennioblackblack",
			"materials": {
				"default": "enderman",
				"glass": "entity_alphablend"
			},
			"textures": {
				"default": "textures/entity/lamborghini/lamborghini/blackblack"
			},
			"geometry": {
				"default": "geometry.lamborghiniterzo"
			},
			"render_controllers": [
				"controller.render.lamborghini"
			],
			"animations": {
				"drive": "animation.lamborghini.drive",
				"turning": "animation.lamborghini.turning"
			},
			"spawn_egg": {
				"texture": "terzoblackblack",
				"texture_index": 0
			},
			"animation_controllers": [
				{
					"general": "controller.animation.lamborghini.general1"
				}
			]
		}
	}
}