{
  "format_version": "1.10.0",
  "minecraft:client_entity": {
    "description": {
      "identifier": "ho:helicopter",
      "materials": {
        "default": "npc"
      },
      "textures": {
        "default": "textures/entity/helicopter/helicopter"
      },
      "geometry": {
        "default": "geometry.helicopter"
      },
      "animations": {
        "moving": "animation.helicopter.moving",

        "move": "controller.animation.helicopter.move"
      },
      "scripts": {
        "animate": [
          "move"
        ],
        "pre_animation": [
          "variable.attack = Math.sin(variable.attack_time * 30.0);"
        ]
      },
      "render_controllers": [
        "controller.render.skeleton"
      ],
      "spawn_egg": {
        "base_color": "#f78801",
        "overlay_color": "#5e3b16"
      }
    }
  }
}