{
	"format_version": "1.12.0",
	"minecraft:geometry": [
		{
			"description": {
				"identifier": "geometry.hm1",
				"texture_width": 64,
				"texture_height": 64,
				"visible_bounds_width": 4,
				"visible_bounds_height": 2,
				"visible_bounds_offset": [0, 0, 0]
			},
			"bones": [
				{
					"name": "bone18",
					"pivot": [0, 0, 0]
				},
				{
					"name": "bone5",
					"parent": "bone18",
					"pivot": [-2.4, 3, 0.5],
					"rotation": [0, 0, 10]
				},
				{
					"name": "bone6",
					"parent": "bone5",
					"pivot": [13.6, 3, 3.5],
					"rotation": [-10, 0, 0],
					"cubes": [
						{"origin": [15.6, 1.61081, -4.37846], "size": [1, 27, 1], "uv": [0, 0], "mirror": true}
					]
				},
				{
					"name": "bone7",
					"parent": "bone5",
					"pivot": [13.6, 3, -3.5],
					"rotation": [10, 0, 0],
					"cubes": [
						{"origin": [15.6, 1.61081, 3.37846], "size": [1, 27, 1], "uv": [0, 0], "mirror": true}
					]
				},
				{
					"name": "bone2",
					"parent": "bone18",
					"pivot": [2.4, 3, 0.5],
					"rotation": [0, 0, -10]
				},
				{
					"name": "bone3",
					"parent": "bone2",
					"pivot": [-13.6, 3, 3.5],
					"rotation": [-10, 0, 0],
					"cubes": [
						{"origin": [-16.6, 1.61081, -4.37846], "size": [1, 27, 1], "uv": [0, 0]}
					]
				},
				{
					"name": "bone4",
					"parent": "bone2",
					"pivot": [-13.6, 3, -3.5],
					"rotation": [10, 0, 0],
					"cubes": [
						{"origin": [-16.6, 1.61081, 3.37846], "size": [1, 27, 1], "uv": [0, 0]}
					]
				},
				{
					"name": "bone8",
					"parent": "bone18",
					"pivot": [0, 22, 0]
				},
				{
					"name": "bone9",
					"parent": "bone8",
					"pivot": [-0.1, 13, -0.5]
				},
				{
					"name": "bone10",
					"parent": "bone9",
					"pivot": [13.9, 15.8, -0.5],
					"rotation": [0, 0, -20],
					"cubes": [
						{"origin": [4.9, 11.8, -0.5], "size": [7, 0, 1], "uv": [4, 4]}
					]
				},
				{
					"name": "bone11",
					"parent": "bone9",
					"pivot": [16.1, 20.8, -0.5],
					"rotation": [0, 0, -50],
					"cubes": [
						{"origin": [7.1, 16.8, -0.5], "size": [7, 0, 1], "uv": [4, 4]}
					]
				},
				{
					"name": "bone12",
					"parent": "bone9",
					"pivot": [16.3, 26.4, -0.5],
					"rotation": [0, 0, -75],
					"cubes": [
						{"origin": [7.3, 22.4, -0.5], "size": [7, 0, 1], "uv": [4, 4]}
					]
				},
				{
					"name": "bone13",
					"parent": "bone9",
					"pivot": [-0.7, 11.7, -0.5],
					"rotation": [0, 0, -10],
					"cubes": [
						{"origin": [-0.7, 7.7, -0.5], "size": [7, 0, 1], "uv": [4, 4]}
					]
				},
				{
					"name": "bone14",
					"parent": "bone8",
					"pivot": [0.1, 13, -0.5]
				},
				{
					"name": "bone15",
					"parent": "bone14",
					"pivot": [-13.9, 15.8, -0.5],
					"rotation": [0, 0, 20],
					"cubes": [
						{"origin": [-11.9, 11.8, -0.5], "size": [7, 0, 1], "uv": [4, 4], "mirror": true}
					]
				},
				{
					"name": "bone16",
					"parent": "bone14",
					"pivot": [-16.1, 20.8, -0.5],
					"rotation": [0, 0, 50],
					"cubes": [
						{"origin": [-14.1, 16.8, -0.5], "size": [7, 0, 1], "uv": [4, 4], "mirror": true}
					]
				},
				{
					"name": "bone17",
					"parent": "bone14",
					"pivot": [-16.3, 26.4, -0.5],
					"rotation": [0, 0, 75],
					"cubes": [
						{"origin": [-14.3, 22.4, -0.5], "size": [7, 0, 1], "uv": [4, 4], "mirror": true}
					]
				},
				{
					"name": "bone19",
					"parent": "bone14",
					"pivot": [0.7, 11.7, -0.5],
					"rotation": [0, 0, 10],
					"cubes": [
						{"origin": [-6.3, 7.7, -0.5], "size": [7, 0, 1], "uv": [4, 4], "mirror": true}
					]
				},
				{
					"name": "bone20",
					"parent": "bone18",
					"pivot": [0, 22, 0],
					"rotation": [5, 0, 0]
				},
				{
					"name": "bone21",
					"parent": "bone20",
					"pivot": [-0.1, 13, -0.5]
				},
				{
					"name": "bone22",
					"parent": "bone21",
					"pivot": [13.9, 15.8, -0.5],
					"rotation": [0, 0, -20],
					"cubes": [
						{"origin": [4.9, 11.8, -0.5], "size": [7, 0, 1], "uv": [4, 12]}
					]
				},
				{
					"name": "bone23",
					"parent": "bone21",
					"pivot": [16.1, 20.8, -0.5],
					"rotation": [0, 0, -50],
					"cubes": [
						{"origin": [7.1, 16.8, -0.5], "size": [7, 0, 1], "uv": [4, 12]}
					]
				},
				{
					"name": "bone24",
					"parent": "bone21",
					"pivot": [16.3, 26.4, -0.5],
					"rotation": [0, 0, -75],
					"cubes": [
						{"origin": [7.3, 22.4, -0.5], "size": [7, 0, 1], "uv": [4, 12]}
					]
				},
				{
					"name": "bone25",
					"parent": "bone21",
					"pivot": [-0.7, 11.7, -0.5],
					"rotation": [0, 0, -10],
					"cubes": [
						{"origin": [-0.7, 7.7, -0.5], "size": [7, 0, 1], "uv": [4, 12]}
					]
				},
				{
					"name": "bone26",
					"parent": "bone20",
					"pivot": [0.1, 13, -0.5]
				},
				{
					"name": "bone27",
					"parent": "bone26",
					"pivot": [-13.9, 15.8, -0.5],
					"rotation": [0, 0, 20],
					"cubes": [
						{"origin": [-11.9, 11.8, -0.5], "size": [7, 0, 1], "uv": [4, 12], "mirror": true}
					]
				},
				{
					"name": "bone28",
					"parent": "bone26",
					"pivot": [-16.1, 20.8, -0.5],
					"rotation": [0, 0, 50],
					"cubes": [
						{"origin": [-14.1, 16.8, -0.5], "size": [7, 0, 1], "uv": [4, 12], "mirror": true}
					]
				},
				{
					"name": "bone29",
					"parent": "bone26",
					"pivot": [-16.3, 26.4, -0.5],
					"rotation": [0, 0, 75],
					"cubes": [
						{"origin": [-14.3, 22.4, -0.5], "size": [7, 0, 1], "uv": [4, 12], "mirror": true}
					]
				},
				{
					"name": "bone30",
					"parent": "bone26",
					"pivot": [0.7, 11.7, -0.5],
					"rotation": [0, 0, 10],
					"cubes": [
						{"origin": [-6.3, 7.7, -0.5], "size": [7, 0, 1], "uv": [4, 12], "mirror": true}
					]
				},
				{
					"name": "bone31",
					"parent": "bone18",
					"pivot": [0, 22, 0],
					"rotation": [10, 0, 0]
				},
				{
					"name": "bone32",
					"parent": "bone31",
					"pivot": [-0.1, 13, -0.5]
				},
				{
					"name": "bone33",
					"parent": "bone32",
					"pivot": [13.9, 15.8, -0.5],
					"rotation": [0, 0, -20],
					"cubes": [
						{"origin": [4.9, 11.8, -0.5], "size": [7, 0, 1], "uv": [4, 6]}
					]
				},
				{
					"name": "bone34",
					"parent": "bone32",
					"pivot": [16.1, 20.8, -0.5],
					"rotation": [0, 0, -50],
					"cubes": [
						{"origin": [7.1, 16.8, -0.5], "size": [7, 0, 1], "uv": [4, 6]}
					]
				},
				{
					"name": "bone35",
					"parent": "bone32",
					"pivot": [16.3, 26.4, -0.5],
					"rotation": [0, 0, -75],
					"cubes": [
						{"origin": [7.3, 22.4, -0.5], "size": [7, 0, 1], "uv": [4, 6]}
					]
				},
				{
					"name": "bone36",
					"parent": "bone32",
					"pivot": [-0.7, 11.7, -0.5],
					"rotation": [0, 0, -10],
					"cubes": [
						{"origin": [-0.7, 7.7, -0.5], "size": [7, 0, 1], "uv": [4, 6]}
					]
				},
				{
					"name": "bone37",
					"parent": "bone31",
					"pivot": [0.1, 13, -0.5]
				},
				{
					"name": "bone38",
					"parent": "bone37",
					"pivot": [-13.9, 15.8, -0.5],
					"rotation": [0, 0, 20],
					"cubes": [
						{"origin": [-11.9, 11.8, -0.5], "size": [7, 0, 1], "uv": [4, 6], "mirror": true}
					]
				},
				{
					"name": "bone39",
					"parent": "bone37",
					"pivot": [-16.1, 20.8, -0.5],
					"rotation": [0, 0, 50],
					"cubes": [
						{"origin": [-14.1, 16.8, -0.5], "size": [7, 0, 1], "uv": [4, 6], "mirror": true}
					]
				},
				{
					"name": "bone40",
					"parent": "bone37",
					"pivot": [-16.3, 26.4, -0.5],
					"rotation": [0, 0, 75],
					"cubes": [
						{"origin": [-14.3, 22.4, -0.5], "size": [7, 0, 1], "uv": [4, 6], "mirror": true}
					]
				},
				{
					"name": "bone41",
					"parent": "bone37",
					"pivot": [0.7, 11.7, -0.5],
					"rotation": [0, 0, 10],
					"cubes": [
						{"origin": [-6.3, 7.7, -0.5], "size": [7, 0, 1], "uv": [4, 6], "mirror": true}
					]
				},
				{
					"name": "bone42",
					"parent": "bone18",
					"pivot": [0, 22, 0],
					"rotation": [15, 0, 0]
				},
				{
					"name": "bone43",
					"parent": "bone42",
					"pivot": [-0.1, 13, -0.5]
				},
				{
					"name": "bone44",
					"parent": "bone43",
					"pivot": [13.9, 15.8, -0.5],
					"rotation": [0, 0, -20],
					"cubes": [
						{"origin": [4.9, 11.8, -0.5], "size": [7, 0, 1], "uv": [4, 4]}
					]
				},
				{
					"name": "bone45",
					"parent": "bone43",
					"pivot": [16.1, 20.8, -0.5],
					"rotation": [0, 0, -50],
					"cubes": [
						{"origin": [7.1, 16.8, -0.5], "size": [7, 0, 1], "uv": [4, 4]}
					]
				},
				{
					"name": "bone46",
					"parent": "bone43",
					"pivot": [16.3, 26.4, -0.5],
					"rotation": [0, 0, -75],
					"cubes": [
						{"origin": [7.3, 22.4, -0.5], "size": [7, 0, 1], "uv": [4, 4]}
					]
				},
				{
					"name": "bone47",
					"parent": "bone43",
					"pivot": [-0.7, 11.7, -0.5],
					"rotation": [0, 0, -10],
					"cubes": [
						{"origin": [-0.7, 7.7, -0.5], "size": [7, 0, 1], "uv": [4, 4]}
					]
				},
				{
					"name": "bone48",
					"parent": "bone42",
					"pivot": [0.1, 13, -0.5]
				},
				{
					"name": "bone49",
					"parent": "bone48",
					"pivot": [-13.9, 15.8, -0.5],
					"rotation": [0, 0, 20],
					"cubes": [
						{"origin": [-11.9, 11.8, -0.5], "size": [7, 0, 1], "uv": [4, 4], "mirror": true}
					]
				},
				{
					"name": "bone50",
					"parent": "bone48",
					"pivot": [-16.1, 20.8, -0.5],
					"rotation": [0, 0, 50],
					"cubes": [
						{"origin": [-14.1, 16.8, -0.5], "size": [7, 0, 1], "uv": [4, 4], "mirror": true}
					]
				},
				{
					"name": "bone51",
					"parent": "bone48",
					"pivot": [-16.3, 26.4, -0.5],
					"rotation": [0, 0, 75],
					"cubes": [
						{"origin": [-14.3, 22.4, -0.5], "size": [7, 0, 1], "uv": [4, 4], "mirror": true}
					]
				},
				{
					"name": "bone52",
					"parent": "bone48",
					"pivot": [0.7, 11.7, -0.5],
					"rotation": [0, 0, 10],
					"cubes": [
						{"origin": [-6.3, 7.7, -0.5], "size": [7, 0, 1], "uv": [4, 4], "mirror": true}
					]
				},
				{
					"name": "bone53",
					"parent": "bone18",
					"pivot": [0, 22, 0],
					"rotation": [20, 0, 0]
				},
				{
					"name": "bone54",
					"parent": "bone53",
					"pivot": [-0.1, 13, -0.5]
				},
				{
					"name": "bone55",
					"parent": "bone54",
					"pivot": [13.9, 15.8, -0.5],
					"rotation": [0, 0, -20],
					"cubes": [
						{"origin": [4.9, 11.8, -0.5], "size": [7, 0, 1], "uv": [4, 10]}
					]
				},
				{
					"name": "bone56",
					"parent": "bone54",
					"pivot": [16.1, 20.8, -0.5],
					"rotation": [0, 0, -50],
					"cubes": [
						{"origin": [7.1, 16.8, -0.5], "size": [7, 0, 1], "uv": [4, 10]}
					]
				},
				{
					"name": "bone57",
					"parent": "bone54",
					"pivot": [16.3, 26.4, -0.5],
					"rotation": [0, 0, -75],
					"cubes": [
						{"origin": [7.3, 22.4, -0.5], "size": [7, 0, 1], "uv": [4, 10]}
					]
				},
				{
					"name": "bone58",
					"parent": "bone54",
					"pivot": [-0.7, 11.7, -0.5],
					"rotation": [0, 0, -10],
					"cubes": [
						{"origin": [-0.7, 7.7, -0.5], "size": [7, 0, 1], "uv": [4, 10]}
					]
				},
				{
					"name": "bone59",
					"parent": "bone53",
					"pivot": [0.1, 13, -0.5]
				},
				{
					"name": "bone60",
					"parent": "bone59",
					"pivot": [-13.9, 15.8, -0.5],
					"rotation": [0, 0, 20],
					"cubes": [
						{"origin": [-11.9, 11.8, -0.5], "size": [7, 0, 1], "uv": [4, 10], "mirror": true}
					]
				},
				{
					"name": "bone61",
					"parent": "bone59",
					"pivot": [-16.1, 20.8, -0.5],
					"rotation": [0, 0, 50],
					"cubes": [
						{"origin": [-14.1, 16.8, -0.5], "size": [7, 0, 1], "uv": [4, 10], "mirror": true}
					]
				},
				{
					"name": "bone62",
					"parent": "bone59",
					"pivot": [-16.3, 26.4, -0.5],
					"rotation": [0, 0, 75],
					"cubes": [
						{"origin": [-14.3, 22.4, -0.5], "size": [7, 0, 1], "uv": [4, 10], "mirror": true}
					]
				},
				{
					"name": "bone63",
					"parent": "bone59",
					"pivot": [0.7, 11.7, -0.5],
					"rotation": [0, 0, 10],
					"cubes": [
						{"origin": [-6.3, 7.7, -0.5], "size": [7, 0, 1], "uv": [4, 10], "mirror": true}
					]
				},
				{
					"name": "bone64",
					"parent": "bone18",
					"pivot": [0, 22, 0],
					"rotation": [-5, 0, 0]
				},
				{
					"name": "bone65",
					"parent": "bone64",
					"pivot": [-0.1, 13, -0.5]
				},
				{
					"name": "bone66",
					"parent": "bone65",
					"pivot": [13.9, 15.8, -0.5],
					"rotation": [0, 0, -20],
					"cubes": [
						{"origin": [4.9, 11.8, -0.5], "size": [7, 0, 1], "uv": [4, 6]}
					]
				},
				{
					"name": "bone67",
					"parent": "bone65",
					"pivot": [16.1, 20.8, -0.5],
					"rotation": [0, 0, -50],
					"cubes": [
						{"origin": [7.1, 16.8, -0.5], "size": [7, 0, 1], "uv": [4, 6]}
					]
				},
				{
					"name": "bone68",
					"parent": "bone65",
					"pivot": [16.3, 26.4, -0.5],
					"rotation": [0, 0, -75],
					"cubes": [
						{"origin": [7.3, 22.4, -0.5], "size": [7, 0, 1], "uv": [4, 6]}
					]
				},
				{
					"name": "bone69",
					"parent": "bone65",
					"pivot": [-0.7, 11.7, -0.5],
					"rotation": [0, 0, -10],
					"cubes": [
						{"origin": [-0.7, 7.7, -0.5], "size": [7, 0, 1], "uv": [4, 6]}
					]
				},
				{
					"name": "bone70",
					"parent": "bone64",
					"pivot": [0.1, 13, -0.5]
				},
				{
					"name": "bone71",
					"parent": "bone70",
					"pivot": [-13.9, 15.8, -0.5],
					"rotation": [0, 0, 20],
					"cubes": [
						{"origin": [-11.9, 11.8, -0.5], "size": [7, 0, 1], "uv": [4, 6], "mirror": true}
					]
				},
				{
					"name": "bone72",
					"parent": "bone70",
					"pivot": [-16.1, 20.8, -0.5],
					"rotation": [0, 0, 50],
					"cubes": [
						{"origin": [-14.1, 16.8, -0.5], "size": [7, 0, 1], "uv": [4, 6], "mirror": true}
					]
				},
				{
					"name": "bone73",
					"parent": "bone70",
					"pivot": [-16.3, 26.4, -0.5],
					"rotation": [0, 0, 75],
					"cubes": [
						{"origin": [-14.3, 22.4, -0.5], "size": [7, 0, 1], "uv": [4, 6], "mirror": true}
					]
				},
				{
					"name": "bone74",
					"parent": "bone70",
					"pivot": [0.7, 11.7, -0.5],
					"rotation": [0, 0, 10],
					"cubes": [
						{"origin": [-6.3, 7.7, -0.5], "size": [7, 0, 1], "uv": [4, 6], "mirror": true}
					]
				},
				{
					"name": "bone75",
					"parent": "bone18",
					"pivot": [0, 22, 0],
					"rotation": [-10, 0, 0]
				},
				{
					"name": "bone76",
					"parent": "bone75",
					"pivot": [-0.1, 13, -0.5]
				},
				{
					"name": "bone77",
					"parent": "bone76",
					"pivot": [13.9, 15.8, -0.5],
					"rotation": [0, 0, -20],
					"cubes": [
						{"origin": [4.9, 11.8, -0.5], "size": [7, 0, 1], "uv": [4, 8]}
					]
				},
				{
					"name": "bone78",
					"parent": "bone76",
					"pivot": [16.1, 20.8, -0.5],
					"rotation": [0, 0, -50],
					"cubes": [
						{"origin": [7.1, 16.8, -0.5], "size": [7, 0, 1], "uv": [4, 8]}
					]
				},
				{
					"name": "bone79",
					"parent": "bone76",
					"pivot": [16.3, 26.4, -0.5],
					"rotation": [0, 0, -75],
					"cubes": [
						{"origin": [7.3, 22.4, -0.5], "size": [7, 0, 1], "uv": [4, 8]}
					]
				},
				{
					"name": "bone80",
					"parent": "bone76",
					"pivot": [-0.7, 11.7, -0.5],
					"rotation": [0, 0, -10],
					"cubes": [
						{"origin": [-0.7, 7.7, -0.5], "size": [7, 0, 1], "uv": [4, 8]}
					]
				},
				{
					"name": "bone81",
					"parent": "bone75",
					"pivot": [0.1, 13, -0.5]
				},
				{
					"name": "bone82",
					"parent": "bone81",
					"pivot": [-13.9, 15.8, -0.5],
					"rotation": [0, 0, 20],
					"cubes": [
						{"origin": [-11.9, 11.8, -0.5], "size": [7, 0, 1], "uv": [4, 8], "mirror": true}
					]
				},
				{
					"name": "bone83",
					"parent": "bone81",
					"pivot": [-16.1, 20.8, -0.5],
					"rotation": [0, 0, 50],
					"cubes": [
						{"origin": [-14.1, 16.8, -0.5], "size": [7, 0, 1], "uv": [4, 8], "mirror": true}
					]
				},
				{
					"name": "bone84",
					"parent": "bone81",
					"pivot": [-16.3, 26.4, -0.5],
					"rotation": [0, 0, 75],
					"cubes": [
						{"origin": [-14.3, 22.4, -0.5], "size": [7, 0, 1], "uv": [4, 8], "mirror": true}
					]
				},
				{
					"name": "bone85",
					"parent": "bone81",
					"pivot": [0.7, 11.7, -0.5],
					"rotation": [0, 0, 10],
					"cubes": [
						{"origin": [-6.3, 7.7, -0.5], "size": [7, 0, 1], "uv": [4, 8], "mirror": true}
					]
				},
				{
					"name": "bone86",
					"parent": "bone18",
					"pivot": [0, 22, 0],
					"rotation": [-15, 0, 0]
				},
				{
					"name": "bone87",
					"parent": "bone86",
					"pivot": [-0.1, 13, -0.5]
				},
				{
					"name": "bone88",
					"parent": "bone87",
					"pivot": [13.9, 15.8, -0.5],
					"rotation": [0, 0, -20],
					"cubes": [
						{"origin": [4.9, 11.8, -0.5], "size": [7, 0, 1], "uv": [4, 10]}
					]
				},
				{
					"name": "bone89",
					"parent": "bone87",
					"pivot": [16.1, 20.8, -0.5],
					"rotation": [0, 0, -50],
					"cubes": [
						{"origin": [7.1, 16.8, -0.5], "size": [7, 0, 1], "uv": [4, 10]}
					]
				},
				{
					"name": "bone90",
					"parent": "bone87",
					"pivot": [16.3, 26.4, -0.5],
					"rotation": [0, 0, -75],
					"cubes": [
						{"origin": [7.3, 22.4, -0.5], "size": [7, 0, 1], "uv": [4, 10]}
					]
				},
				{
					"name": "bone91",
					"parent": "bone87",
					"pivot": [-0.7, 11.7, -0.5],
					"rotation": [0, 0, -10],
					"cubes": [
						{"origin": [-0.7, 7.7, -0.5], "size": [7, 0, 1], "uv": [4, 10]}
					]
				},
				{
					"name": "bone92",
					"parent": "bone86",
					"pivot": [0.1, 13, -0.5]
				},
				{
					"name": "bone93",
					"parent": "bone92",
					"pivot": [-13.9, 15.8, -0.5],
					"rotation": [0, 0, 20],
					"cubes": [
						{"origin": [-11.9, 11.8, -0.5], "size": [7, 0, 1], "uv": [4, 10], "mirror": true}
					]
				},
				{
					"name": "bone94",
					"parent": "bone92",
					"pivot": [-16.1, 20.8, -0.5],
					"rotation": [0, 0, 50],
					"cubes": [
						{"origin": [-14.1, 16.8, -0.5], "size": [7, 0, 1], "uv": [4, 10], "mirror": true}
					]
				},
				{
					"name": "bone95",
					"parent": "bone92",
					"pivot": [-16.3, 26.4, -0.5],
					"rotation": [0, 0, 75],
					"cubes": [
						{"origin": [-14.3, 22.4, -0.5], "size": [7, 0, 1], "uv": [4, 10], "mirror": true}
					]
				},
				{
					"name": "bone96",
					"parent": "bone92",
					"pivot": [0.7, 11.7, -0.5],
					"rotation": [0, 0, 10],
					"cubes": [
						{"origin": [-6.3, 7.7, -0.5], "size": [7, 0, 1], "uv": [4, 10], "mirror": true}
					]
				},
				{
					"name": "bone97",
					"parent": "bone18",
					"pivot": [0, 22, 0],
					"rotation": [-20, 0, 0]
				},
				{
					"name": "bone98",
					"parent": "bone97",
					"pivot": [-0.1, 13, -0.5]
				},
				{
					"name": "bone99",
					"parent": "bone98",
					"pivot": [13.9, 15.8, -0.5],
					"rotation": [0, 0, -20],
					"cubes": [
						{"origin": [4.9, 11.8, -0.5], "size": [7, 0, 1], "uv": [4, 4]}
					]
				},
				{
					"name": "bone100",
					"parent": "bone98",
					"pivot": [16.1, 20.8, -0.5],
					"rotation": [0, 0, -50],
					"cubes": [
						{"origin": [7.1, 16.8, -0.5], "size": [7, 0, 1], "uv": [4, 4]}
					]
				},
				{
					"name": "bone101",
					"parent": "bone98",
					"pivot": [16.3, 26.4, -0.5],
					"rotation": [0, 0, -75],
					"cubes": [
						{"origin": [7.3, 22.4, -0.5], "size": [7, 0, 1], "uv": [4, 4]}
					]
				},
				{
					"name": "bone102",
					"parent": "bone98",
					"pivot": [-0.7, 11.7, -0.5],
					"rotation": [0, 0, -10],
					"cubes": [
						{"origin": [-0.7, 7.7, -0.5], "size": [7, 0, 1], "uv": [4, 4]}
					]
				},
				{
					"name": "bone103",
					"parent": "bone97",
					"pivot": [0.1, 13, -0.5]
				},
				{
					"name": "bone104",
					"parent": "bone103",
					"pivot": [-13.9, 15.8, -0.5],
					"rotation": [0, 0, 20],
					"cubes": [
						{"origin": [-11.9, 11.8, -0.5], "size": [7, 0, 1], "uv": [4, 4], "mirror": true}
					]
				},
				{
					"name": "bone105",
					"parent": "bone103",
					"pivot": [-16.1, 20.8, -0.5],
					"rotation": [0, 0, 50],
					"cubes": [
						{"origin": [-14.1, 16.8, -0.5], "size": [7, 0, 1], "uv": [4, 4], "mirror": true}
					]
				},
				{
					"name": "bone106",
					"parent": "bone103",
					"pivot": [-16.3, 26.4, -0.5],
					"rotation": [0, 0, 75],
					"cubes": [
						{"origin": [-14.3, 22.4, -0.5], "size": [7, 0, 1], "uv": [4, 4], "mirror": true}
					]
				},
				{
					"name": "bone107",
					"parent": "bone103",
					"pivot": [0.7, 11.7, -0.5],
					"rotation": [0, 0, 10],
					"cubes": [
						{"origin": [-6.3, 7.7, -0.5], "size": [7, 0, 1], "uv": [4, 4], "mirror": true}
					]
				},
				{
					"name": "bone108",
					"parent": "bone18",
					"pivot": [0, 22, 0],
					"rotation": [25, 0, 0]
				},
				{
					"name": "bone109",
					"parent": "bone108",
					"pivot": [-0.1, 13, -0.5]
				},
				{
					"name": "bone110",
					"parent": "bone109",
					"pivot": [13.9, 15.8, -0.5],
					"rotation": [0, 0, -20],
					"cubes": [
						{"origin": [4.9, 11.8, -0.5], "size": [7, 0, 1], "uv": [4, 8]}
					]
				},
				{
					"name": "bone111",
					"parent": "bone109",
					"pivot": [16.1, 20.8, -0.5],
					"rotation": [0, 0, -50],
					"cubes": [
						{"origin": [7.1, 16.8, -0.5], "size": [7, 0, 1], "uv": [4, 8]}
					]
				},
				{
					"name": "bone112",
					"parent": "bone109",
					"pivot": [16.3, 26.4, -0.5],
					"rotation": [0, 0, -75],
					"cubes": [
						{"origin": [7.3, 22.4, -0.5], "size": [7, 0, 1], "uv": [4, 8]}
					]
				},
				{
					"name": "bone113",
					"parent": "bone109",
					"pivot": [-0.7, 11.7, -0.5],
					"rotation": [0, 0, -10],
					"cubes": [
						{"origin": [-0.7, 7.7, -0.5], "size": [7, 0, 1], "uv": [4, 8]}
					]
				},
				{
					"name": "bone114",
					"parent": "bone108",
					"pivot": [0.1, 13, -0.5]
				},
				{
					"name": "bone115",
					"parent": "bone114",
					"pivot": [-13.9, 15.8, -0.5],
					"rotation": [0, 0, 20],
					"cubes": [
						{"origin": [-11.9, 11.8, -0.5], "size": [7, 0, 1], "uv": [4, 8], "mirror": true}
					]
				},
				{
					"name": "bone116",
					"parent": "bone114",
					"pivot": [-16.1, 20.8, -0.5],
					"rotation": [0, 0, 50],
					"cubes": [
						{"origin": [-14.1, 16.8, -0.5], "size": [7, 0, 1], "uv": [4, 8], "mirror": true}
					]
				},
				{
					"name": "bone117",
					"parent": "bone114",
					"pivot": [-16.3, 26.4, -0.5],
					"rotation": [0, 0, 75],
					"cubes": [
						{"origin": [-14.3, 22.4, -0.5], "size": [7, 0, 1], "uv": [4, 8], "mirror": true}
					]
				},
				{
					"name": "bone118",
					"parent": "bone114",
					"pivot": [0.7, 11.7, -0.5],
					"rotation": [0, 0, 10],
					"cubes": [
						{"origin": [-6.3, 7.7, -0.5], "size": [7, 0, 1], "uv": [4, 8], "mirror": true}
					]
				},
				{
					"name": "bone119",
					"parent": "bone18",
					"pivot": [0, 22, 0],
					"rotation": [-25, 0, 0]
				},
				{
					"name": "bone120",
					"parent": "bone119",
					"pivot": [-0.1, 13, -0.5]
				},
				{
					"name": "bone121",
					"parent": "bone120",
					"pivot": [13.9, 15.8, -0.5],
					"rotation": [0, 0, -20],
					"cubes": [
						{"origin": [4.9, 11.8, -0.5], "size": [7, 0, 1], "uv": [4, 12]}
					]
				},
				{
					"name": "bone122",
					"parent": "bone120",
					"pivot": [16.1, 20.8, -0.5],
					"rotation": [0, 0, -50],
					"cubes": [
						{"origin": [7.1, 16.8, -0.5], "size": [7, 0, 1], "uv": [4, 12]}
					]
				},
				{
					"name": "bone123",
					"parent": "bone120",
					"pivot": [16.3, 26.4, -0.5],
					"rotation": [0, 0, -75],
					"cubes": [
						{"origin": [7.3, 22.4, -0.5], "size": [7, 0, 1], "uv": [4, 12]}
					]
				},
				{
					"name": "bone124",
					"parent": "bone120",
					"pivot": [-0.7, 11.7, -0.5],
					"rotation": [0, 0, -10],
					"cubes": [
						{"origin": [-0.7, 7.7, -0.5], "size": [7, 0, 1], "uv": [4, 12]}
					]
				},
				{
					"name": "bone125",
					"parent": "bone119",
					"pivot": [0.1, 13, -0.5]
				},
				{
					"name": "bone126",
					"parent": "bone125",
					"pivot": [-13.9, 15.8, -0.5],
					"rotation": [0, 0, 20],
					"cubes": [
						{"origin": [-11.9, 11.8, -0.5], "size": [7, 0, 1], "uv": [4, 12], "mirror": true}
					]
				},
				{
					"name": "bone127",
					"parent": "bone125",
					"pivot": [-16.1, 20.8, -0.5],
					"rotation": [0, 0, 50],
					"cubes": [
						{"origin": [-14.1, 16.8, -0.5], "size": [7, 0, 1], "uv": [4, 12], "mirror": true}
					]
				},
				{
					"name": "bone128",
					"parent": "bone125",
					"pivot": [-16.3, 26.4, -0.5],
					"rotation": [0, 0, 75],
					"cubes": [
						{"origin": [-14.3, 22.4, -0.5], "size": [7, 0, 1], "uv": [4, 12], "mirror": true}
					]
				},
				{
					"name": "bone129",
					"parent": "bone125",
					"pivot": [0.7, 11.7, -0.5],
					"rotation": [0, 0, 10],
					"cubes": [
						{"origin": [-6.3, 7.7, -0.5], "size": [7, 0, 1], "uv": [4, 12], "mirror": true}
					]
				}
			]
		}
	]
}