{
	"format_version": "1.12.0",
	"minecraft:geometry": [
		{
			"description": {
				"identifier": "geometry.stats_block",
				"texture_width": 720,
				"texture_height": 327,
				"visible_bounds_width": 3,
				"visible_bounds_height": 2.5,
				"visible_bounds_offset": [0, 0.75, 0]
			},
			"bones": [
				{
					"name": "root",
					"pivot": [-8, 0, 7.9],
					"cubes": [
						{
							"origin": [-14, 1, 7.9],
							"size": [28, 13, 0],
							"uv": {
								"north": {"uv": [0, 0], "uv_size": [720, 327]},
								"east": {"uv": [0, 0], "uv_size": [0, 163.5]},
								"south": {"uv": [0, 0], "uv_size": [7, 3.5]},
								"west": {"uv": [360, 0], "uv_size": [0, 163.5]},
								"up": {"uv": [0, 0], "uv_size": [360, 0]},
								"down": {"uv": [360, 0], "uv_size": [360, 0]}
							}
						},
						{
							"origin": [-2, 0, -1.1],
							"size": [2, 2, 2],
							"uv": {
								"north": {"uv": [0, 0], "uv_size": [2, 2]},
								"east": {"uv": [0, 0], "uv_size": [2, 2]},
								"south": {"uv": [0, 0], "uv_size": [2, 2]},
								"west": {"uv": [0, 0], "uv_size": [2, 2]},
								"up": {"uv": [2, 2], "uv_size": [-2, -2]},
								"down": {"uv": [2, 2], "uv_size": [-2, -2]}
							}
						}
					]
				}
			]
		}
	]
}