{
	"file_path": "C:\\Users\\User\\AppData\\Local\\Packages\\Microsoft.MinecraftUWP_8wekyb3d8bbwe\\LocalState\\games\\com.mojang\\development_behavior_packs\\Project Terracotta\\spawn_rules\\elephant.json",
	"file_type": "spawn_rule",
	"format_version": 1,
	"file_uuid": "93f2fa4e_9c7f_46a1_9fda_38d2fe6e2275",
	"file_version": 4,
	"cache_content": {
		"children": [
			{
				"open": {
					"format_version": "1.8.0",
					"minecraft:spawn_rules": {
						"description": {
							"identifier": "ilosemypotato:elephant",
							"population_control": "animal"
						},
						"conditions": [
							{
								"minecraft:spawns_on_surface": {},
								"minecraft:spawns_on_block_filter": "minecraft:grass",
								"minecraft:brightness_filter": {
									"min": 7,
									"max": 15,
									"adjust_for_weather": false
								},
								"minecraft:weight": {
									"default": 6
								},
								"minecraft:herd": {
									"min_size": 1,
									"max_size": 3
								},
								"minecraft:biome_filter": {
									"test": "has_biome_tag",
									"operator": "==",
									"value": "savanna"
								}
							}
						]
					}
				},
				"data": "1.8.0",
				"key": "format_version"
			},
			{
				"open": {
					"format_version": "1.8.0",
					"minecraft:spawn_rules": {
						"description": {
							"identifier": "ilosemypotato:elephant",
							"population_control": "animal"
						},
						"conditions": [
							{
								"minecraft:spawns_on_surface": {},
								"minecraft:spawns_on_block_filter": "minecraft:grass",
								"minecraft:brightness_filter": {
									"min": 7,
									"max": 15,
									"adjust_for_weather": false
								},
								"minecraft:weight": {
									"default": 6
								},
								"minecraft:herd": {
									"min_size": 1,
									"max_size": 3
								},
								"minecraft:biome_filter": {
									"test": "has_biome_tag",
									"operator": "==",
									"value": "savanna"
								}
							}
						]
					}
				},
				"key": "minecraft:spawn_rules",
				"children": [
					{
						"open": {
							"description": {
								"identifier": "ilosemypotato:elephant",
								"population_control": "animal"
							},
							"conditions": [
								{
									"minecraft:spawns_on_surface": {},
									"minecraft:spawns_on_block_filter": "minecraft:grass",
									"minecraft:brightness_filter": {
										"min": 7,
										"max": 15,
										"adjust_for_weather": false
									},
									"minecraft:weight": {
										"default": 6
									},
									"minecraft:herd": {
										"min_size": 1,
										"max_size": 3
									},
									"minecraft:biome_filter": {
										"test": "has_biome_tag",
										"operator": "==",
										"value": "savanna"
									}
								}
							]
						},
						"key": "description",
						"is_minified": true,
						"children": {
							"identifier": "ilosemypotato:elephant",
							"population_control": "animal"
						}
					},
					{
						"open": {
							"description": {
								"identifier": "ilosemypotato:elephant",
								"population_control": "animal"
							},
							"conditions": [
								{
									"minecraft:spawns_on_surface": {},
									"minecraft:spawns_on_block_filter": "minecraft:grass",
									"minecraft:brightness_filter": {
										"min": 7,
										"max": 15,
										"adjust_for_weather": false
									},
									"minecraft:weight": {
										"default": 6
									},
									"minecraft:herd": {
										"min_size": 1,
										"max_size": 3
									},
									"minecraft:biome_filter": {
										"test": "has_biome_tag",
										"operator": "==",
										"value": "savanna"
									}
								}
							]
						},
						"key": "conditions",
						"children": [
							{
								"open": [
									{
										"minecraft:spawns_on_surface": {},
										"minecraft:spawns_on_block_filter": "minecraft:grass",
										"minecraft:brightness_filter": {
											"min": 7,
											"max": 15,
											"adjust_for_weather": false
										},
										"minecraft:weight": {
											"default": 6
										},
										"minecraft:herd": {
											"min_size": 1,
											"max_size": 3
										},
										"minecraft:biome_filter": {
											"test": "has_biome_tag",
											"operator": "==",
											"value": "savanna"
										}
									}
								],
								"children": [
									{
										"open": {
											"minecraft:spawns_on_surface": {},
											"minecraft:spawns_on_block_filter": "minecraft:grass",
											"minecraft:brightness_filter": {
												"min": 7,
												"max": 15,
												"adjust_for_weather": false
											},
											"minecraft:weight": {
												"default": 6
											},
											"minecraft:herd": {
												"min_size": 1,
												"max_size": 3
											},
											"minecraft:biome_filter": {
												"test": "has_biome_tag",
												"operator": "==",
												"value": "savanna"
											}
										},
										"key": "minecraft:spawns_on_surface",
										"is_minified": true,
										"children": {}
									},
									{
										"open": {
											"minecraft:spawns_on_surface": {},
											"minecraft:spawns_on_block_filter": "minecraft:grass",
											"minecraft:brightness_filter": {
												"min": 7,
												"max": 15,
												"adjust_for_weather": false
											},
											"minecraft:weight": {
												"default": 6
											},
											"minecraft:herd": {
												"min_size": 1,
												"max_size": 3
											},
											"minecraft:biome_filter": {
												"test": "has_biome_tag",
												"operator": "==",
												"value": "savanna"
											}
										},
										"data": "minecraft:grass",
										"key": "minecraft:spawns_on_block_filter"
									},
									{
										"open": {
											"minecraft:spawns_on_surface": {},
											"minecraft:spawns_on_block_filter": "minecraft:grass",
											"minecraft:brightness_filter": {
												"min": 7,
												"max": 15,
												"adjust_for_weather": false
											},
											"minecraft:weight": {
												"default": 6
											},
											"minecraft:herd": {
												"min_size": 1,
												"max_size": 3
											},
											"minecraft:biome_filter": {
												"test": "has_biome_tag",
												"operator": "==",
												"value": "savanna"
											}
										},
										"key": "minecraft:brightness_filter",
										"is_minified": true,
										"children": {
											"min": 7,
											"max": 15,
											"adjust_for_weather": false
										}
									},
									{
										"open": {
											"minecraft:spawns_on_surface": {},
											"minecraft:spawns_on_block_filter": "minecraft:grass",
											"minecraft:brightness_filter": {
												"min": 7,
												"max": 15,
												"adjust_for_weather": false
											},
											"minecraft:weight": {
												"default": 6
											},
											"minecraft:herd": {
												"min_size": 1,
												"max_size": 3
											},
											"minecraft:biome_filter": {
												"test": "has_biome_tag",
												"operator": "==",
												"value": "savanna"
											}
										},
										"key": "minecraft:weight",
										"is_minified": true,
										"children": {
											"default": 6
										}
									},
									{
										"open": {
											"minecraft:spawns_on_surface": {},
											"minecraft:spawns_on_block_filter": "minecraft:grass",
											"minecraft:brightness_filter": {
												"min": 7,
												"max": 15,
												"adjust_for_weather": false
											},
											"minecraft:weight": {
												"default": 6
											},
											"minecraft:herd": {
												"min_size": 1,
												"max_size": 3
											},
											"minecraft:biome_filter": {
												"test": "has_biome_tag",
												"operator": "==",
												"value": "savanna"
											}
										},
										"key": "minecraft:herd",
										"is_minified": true,
										"children": {
											"min_size": 1,
											"max_size": 3
										}
									},
									{
										"open": {
											"minecraft:spawns_on_surface": {},
											"minecraft:spawns_on_block_filter": "minecraft:grass",
											"minecraft:brightness_filter": {
												"min": 7,
												"max": 15,
												"adjust_for_weather": false
											},
											"minecraft:weight": {
												"default": 6
											},
											"minecraft:herd": {
												"min_size": 1,
												"max_size": 3
											},
											"minecraft:biome_filter": {
												"test": "has_biome_tag",
												"operator": "==",
												"value": "savanna"
											}
										},
										"key": "minecraft:biome_filter",
										"is_minified": true,
										"children": {
											"test": "has_biome_tag",
											"operator": "==",
											"value": "savanna"
										}
									}
								]
							}
						]
					}
				]
			}
		]
	}
}