{
	"file_path": "C:\\Users\\User\\AppData\\Local\\Packages\\Microsoft.MinecraftUWP_8wekyb3d8bbwe\\LocalState\\games\\com.mojang\\development_behavior_packs\\Project Terracotta\\spawn_rules\\vulture.json",
	"file_type": "spawn_rule",
	"format_version": 1,
	"file_uuid": "c32b5791_c53f_4428_bfd1_183ceba9d293",
	"file_version": 6,
	"cache_content": {
		"children": [
			{
				"open": {
					"format_version": "1.8.0",
					"minecraft:spawn_rules": {
						"description": {
							"identifier": "ilosemypotato:vulture",
							"population_control": "animal"
						},
						"conditions": [
							{
								"minecraft:spawns_on_surface": {},
								"minecraft:brightness_filter": {
									"min": 7,
									"max": 15,
									"adjust_for_weather": false
								},
								"minecraft:weight": {
									"default": 10
								},
								"minecraft:herd": {
									"min_size": 2,
									"max_size": 4
								},
								"minecraft:biome_filter": {
									"test": "has_biome_tag",
									"operator": "==",
									"value": "mesa"
								},
								"minecraft:density_limit": {
									"surface": 2
								}
							}
						]
					}
				},
				"data": "1.8.0",
				"key": "format_version"
			},
			{
				"open": {
					"format_version": "1.8.0",
					"minecraft:spawn_rules": {
						"description": {
							"identifier": "ilosemypotato:vulture",
							"population_control": "animal"
						},
						"conditions": [
							{
								"minecraft:spawns_on_surface": {},
								"minecraft:brightness_filter": {
									"min": 7,
									"max": 15,
									"adjust_for_weather": false
								},
								"minecraft:weight": {
									"default": 10
								},
								"minecraft:herd": {
									"min_size": 2,
									"max_size": 4
								},
								"minecraft:biome_filter": {
									"test": "has_biome_tag",
									"operator": "==",
									"value": "mesa"
								},
								"minecraft:density_limit": {
									"surface": 2
								}
							}
						]
					}
				},
				"key": "minecraft:spawn_rules",
				"children": [
					{
						"open": {
							"description": {
								"identifier": "ilosemypotato:vulture",
								"population_control": "animal"
							},
							"conditions": [
								{
									"minecraft:spawns_on_surface": {},
									"minecraft:brightness_filter": {
										"min": 7,
										"max": 15,
										"adjust_for_weather": false
									},
									"minecraft:weight": {
										"default": 10
									},
									"minecraft:herd": {
										"min_size": 2,
										"max_size": 4
									},
									"minecraft:biome_filter": {
										"test": "has_biome_tag",
										"operator": "==",
										"value": "mesa"
									},
									"minecraft:density_limit": {
										"surface": 2
									}
								}
							]
						},
						"key": "description",
						"is_minified": true,
						"children": {
							"identifier": "ilosemypotato:vulture",
							"population_control": "animal"
						}
					},
					{
						"open": {
							"description": {
								"identifier": "ilosemypotato:vulture",
								"population_control": "animal"
							},
							"conditions": [
								{
									"minecraft:spawns_on_surface": {},
									"minecraft:brightness_filter": {
										"min": 7,
										"max": 15,
										"adjust_for_weather": false
									},
									"minecraft:weight": {
										"default": 10
									},
									"minecraft:herd": {
										"min_size": 2,
										"max_size": 4
									},
									"minecraft:biome_filter": {
										"test": "has_biome_tag",
										"operator": "==",
										"value": "mesa"
									},
									"minecraft:density_limit": {
										"surface": 2
									}
								}
							]
						},
						"key": "conditions",
						"children": [
							{
								"open": [
									{
										"minecraft:spawns_on_surface": {},
										"minecraft:brightness_filter": {
											"min": 7,
											"max": 15,
											"adjust_for_weather": false
										},
										"minecraft:weight": {
											"default": 10
										},
										"minecraft:herd": {
											"min_size": 2,
											"max_size": 4
										},
										"minecraft:biome_filter": {
											"test": "has_biome_tag",
											"operator": "==",
											"value": "mesa"
										},
										"minecraft:density_limit": {
											"surface": 2
										}
									}
								],
								"children": [
									{
										"open": {
											"minecraft:spawns_on_surface": {},
											"minecraft:brightness_filter": {
												"min": 7,
												"max": 15,
												"adjust_for_weather": false
											},
											"minecraft:weight": {
												"default": 10
											},
											"minecraft:herd": {
												"min_size": 2,
												"max_size": 4
											},
											"minecraft:biome_filter": {
												"test": "has_biome_tag",
												"operator": "==",
												"value": "mesa"
											},
											"minecraft:density_limit": {
												"surface": 2
											}
										},
										"key": "minecraft:spawns_on_surface",
										"is_minified": true,
										"children": {}
									},
									{
										"open": {
											"minecraft:spawns_on_surface": {},
											"minecraft:brightness_filter": {
												"min": 7,
												"max": 15,
												"adjust_for_weather": false
											},
											"minecraft:weight": {
												"default": 10
											},
											"minecraft:herd": {
												"min_size": 2,
												"max_size": 4
											},
											"minecraft:biome_filter": {
												"test": "has_biome_tag",
												"operator": "==",
												"value": "mesa"
											},
											"minecraft:density_limit": {
												"surface": 2
											}
										},
										"key": "minecraft:brightness_filter",
										"is_minified": true,
										"children": {
											"min": 7,
											"max": 15,
											"adjust_for_weather": false
										}
									},
									{
										"open": {
											"minecraft:spawns_on_surface": {},
											"minecraft:brightness_filter": {
												"min": 7,
												"max": 15,
												"adjust_for_weather": false
											},
											"minecraft:weight": {
												"default": 10
											},
											"minecraft:herd": {
												"min_size": 2,
												"max_size": 4
											},
											"minecraft:biome_filter": {
												"test": "has_biome_tag",
												"operator": "==",
												"value": "mesa"
											},
											"minecraft:density_limit": {
												"surface": 2
											}
										},
										"key": "minecraft:weight",
										"is_minified": true,
										"children": {
											"default": 10
										}
									},
									{
										"open": {
											"minecraft:spawns_on_surface": {},
											"minecraft:brightness_filter": {
												"min": 7,
												"max": 15,
												"adjust_for_weather": false
											},
											"minecraft:weight": {
												"default": 10
											},
											"minecraft:herd": {
												"min_size": 2,
												"max_size": 4
											},
											"minecraft:biome_filter": {
												"test": "has_biome_tag",
												"operator": "==",
												"value": "mesa"
											},
											"minecraft:density_limit": {
												"surface": 2
											}
										},
										"key": "minecraft:herd",
										"is_minified": true,
										"children": {
											"min_size": 2,
											"max_size": 4
										}
									},
									{
										"open": {
											"minecraft:spawns_on_surface": {},
											"minecraft:brightness_filter": {
												"min": 7,
												"max": 15,
												"adjust_for_weather": false
											},
											"minecraft:weight": {
												"default": 10
											},
											"minecraft:herd": {
												"min_size": 2,
												"max_size": 4
											},
											"minecraft:biome_filter": {
												"test": "has_biome_tag",
												"operator": "==",
												"value": "mesa"
											},
											"minecraft:density_limit": {
												"surface": 2
											}
										},
										"key": "minecraft:biome_filter",
										"is_minified": true,
										"children": {
											"test": "has_biome_tag",
											"operator": "==",
											"value": "mesa"
										}
									},
									{
										"open": {
											"minecraft:spawns_on_surface": {},
											"minecraft:brightness_filter": {
												"min": 7,
												"max": 15,
												"adjust_for_weather": false
											},
											"minecraft:weight": {
												"default": 10
											},
											"minecraft:herd": {
												"min_size": 2,
												"max_size": 4
											},
											"minecraft:biome_filter": {
												"test": "has_biome_tag",
												"operator": "==",
												"value": "mesa"
											},
											"minecraft:density_limit": {
												"surface": 2
											}
										},
										"key": "minecraft:density_limit",
										"is_minified": true,
										"children": {
											"surface": 2
										}
									}
								]
							}
						]
					}
				]
			}
		]
	}
}