{
	"format_version": "1.16.0",
	"minecraft:entity": {
		"description": {
			"identifier": "eu:tanquini",
			"is_spawnable": true,
			"is_summonable": true,
			"is_experimental": false
		},
		"component_groups": {},
		"components": {
			"minecraft:type_family": {
				"family": [
					"tanquini",
					"inanimate"
				]
			},
			"minecraft:physics": {},
			"minecraft:collision_box": {
				"width": 2,
				"height": 1.3
			},
			"minecraft:rideable": {
				"seat_count": 1,
				"family_types": [
					"player"
				],
				"interact_text": "action.interact.ride.horse",
				"seats": {
					"position": [
						0,
						1,
						0
					]
				}
			},
			"minecraft:nameable": {},
			"minecraft:movement": {
				"value": 0.2
			},
			"minecraft:underwater_movement": {
				"value": 0.08
			},
			"minecraft:horse.jump_strength": {
				"value": 0
			},
			"minecraft:behavior.player_ride_tamed": {},
			"minecraft:input_ground_controlled": {},
			"minecraft:can_power_jump": {},
			"minecraft:damage_sensor": {
				"triggers": {
					"cause": "fall",
					"deals_damage": false
				}
			},
			"minecraft:conditional_bandwidth_optimization": {}
		},
		"events": {}
	}
}