{
  "format_version": "1.16.100",
  "minecraft:item": {
    "description": {
      "identifier": "serp:greatball",
      "category": "Equipment"
    },
    "components": {
      "minecraft:display_name":{
        "value":"item.serp:greatball.name"
         },
      "minecraft:creative_category": {
        "parent": "itemGroup.name.equipment"
      },
      "minecraft:allow_off_hand": false,
      "minecraft:hand_equipped": false,
      "minecraft:stacked_by_data": true,
      "minecraft:cooldown": {
        "category": "reload",
        "duration": 1
      },
      "minecraft:max_stack_size": 64,
      "minecraft:icon": {
        "texture": "greatball"
      },
  "minecraft:render_offsets": {
        "main_hand": {
"first_person": {"scale": [0.01,0.01,0.01]
          },
"third_person": {"scale": [0.02,0.02,0.02]
          }
        }
      },
      "minecraft:on_use": {
          "on_use":{"event":"serp:throw"}
      }
    },
    "events": {
        "serp:throw": {
    "shoot":{
        "projectile":"serp:ball_thrown<serp:greatball>",
    "launch_power": 0.8,"angle_offset": 0
          },
    "run_command": {
        "command": ["clear @s serp:greatball 0 1"]
        }
      }
    }
  }
}