{
	"file_path": "C:\\Users\\User\\AppData\\Local\\Packages\\Microsoft.MinecraftUWP_8wekyb3d8bbwe\\LocalState\\games\\com.mojang\\development_behavior_packs\\Terracotta Expansion BP\\biomes\\maple_forest_ilosemypotato.biome.json",
	"file_type": "biome",
	"format_version": 1,
	"file_uuid": "05a3140a_f4da_42a4_a4e8_8fd61564869d",
	"file_version": 54,
	"cache_content": {
		"children": [
			{
				"open": {
					"format_version": "1.16.100",
					"minecraft:biome": {
						"description": {
							"identifier": "maple_forest_ilosemypotato"
						},
						"components": {
							"minecraft:climate": {
								"downfall": 0.35,
								"snow_accumulation": [
									0,
									0.125
								],
								"temperature": 1.35
							},
							"minecraft:overworld_height": {
								"noise_type": "default"
							},
							"minecraft:surface_parameters": {
								"sea_floor_depth": 7,
								"sea_floor_material": "minecraft:gravel",
								"foundation_material": "minecraft:stone",
								"mid_material": "minecraft:dirt",
								"top_material": "minecraft:grass",
								"sea_material": "minecraft:water"
							},
							"minecraft:overworld_generation_rules": {
								"hills_transformation": "maple_forest_hills_ilosemypotato",
								"mutate_transformation": "maple_forest_mutated_ilosemypotato",
								"generate_for_climates": [
									[
										"medium",
										1
									],
									[
										"cold",
										1
									]
								]
							},
							"animal": {},
							"monster": {},
							"overworld": {},
							"forest": {},
							"bee_habitat": {},
							"maple_forest": {}
						}
					}
				},
				"data": "1.16.100",
				"key": "format_version"
			},
			{
				"open": {
					"format_version": "1.16.100",
					"minecraft:biome": {
						"description": {
							"identifier": "maple_forest_ilosemypotato"
						},
						"components": {
							"minecraft:climate": {
								"downfall": 0.35,
								"snow_accumulation": [
									0,
									0.125
								],
								"temperature": 1.35
							},
							"minecraft:overworld_height": {
								"noise_type": "default"
							},
							"minecraft:surface_parameters": {
								"sea_floor_depth": 7,
								"sea_floor_material": "minecraft:gravel",
								"foundation_material": "minecraft:stone",
								"mid_material": "minecraft:dirt",
								"top_material": "minecraft:grass",
								"sea_material": "minecraft:water"
							},
							"minecraft:overworld_generation_rules": {
								"hills_transformation": "maple_forest_hills_ilosemypotato",
								"mutate_transformation": "maple_forest_mutated_ilosemypotato",
								"generate_for_climates": [
									[
										"medium",
										1
									],
									[
										"cold",
										1
									]
								]
							},
							"animal": {},
							"monster": {},
							"overworld": {},
							"forest": {},
							"bee_habitat": {},
							"maple_forest": {}
						}
					}
				},
				"key": "minecraft:biome",
				"children": [
					{
						"open": {
							"description": {
								"identifier": "maple_forest_ilosemypotato"
							},
							"components": {
								"minecraft:climate": {
									"downfall": 0.35,
									"snow_accumulation": [
										0,
										0.125
									],
									"temperature": 1.35
								},
								"minecraft:overworld_height": {
									"noise_type": "default"
								},
								"minecraft:surface_parameters": {
									"sea_floor_depth": 7,
									"sea_floor_material": "minecraft:gravel",
									"foundation_material": "minecraft:stone",
									"mid_material": "minecraft:dirt",
									"top_material": "minecraft:grass",
									"sea_material": "minecraft:water"
								},
								"minecraft:overworld_generation_rules": {
									"hills_transformation": "maple_forest_hills_ilosemypotato",
									"mutate_transformation": "maple_forest_mutated_ilosemypotato",
									"generate_for_climates": [
										[
											"medium",
											1
										],
										[
											"cold",
											1
										]
									]
								},
								"animal": {},
								"monster": {},
								"overworld": {},
								"forest": {},
								"bee_habitat": {},
								"maple_forest": {}
							}
						},
						"key": "description",
						"is_minified": true,
						"children": {
							"identifier": "maple_forest_ilosemypotato"
						}
					},
					{
						"open": {
							"description": {
								"identifier": "maple_forest_ilosemypotato"
							},
							"components": {
								"minecraft:climate": {
									"downfall": 0.35,
									"snow_accumulation": [
										0,
										0.125
									],
									"temperature": 1.35
								},
								"minecraft:overworld_height": {
									"noise_type": "default"
								},
								"minecraft:surface_parameters": {
									"sea_floor_depth": 7,
									"sea_floor_material": "minecraft:gravel",
									"foundation_material": "minecraft:stone",
									"mid_material": "minecraft:dirt",
									"top_material": "minecraft:grass",
									"sea_material": "minecraft:water"
								},
								"minecraft:overworld_generation_rules": {
									"hills_transformation": "maple_forest_hills_ilosemypotato",
									"mutate_transformation": "maple_forest_mutated_ilosemypotato",
									"generate_for_climates": [
										[
											"medium",
											1
										],
										[
											"cold",
											1
										]
									]
								},
								"animal": {},
								"monster": {},
								"overworld": {},
								"forest": {},
								"bee_habitat": {},
								"maple_forest": {}
							}
						},
						"key": "components",
						"children": [
							{
								"key": "minecraft:climate",
								"children": [
									{
										"open": {
											"downfall": 0.35,
											"snow_accumulation": [
												0,
												0.125
											],
											"temperature": 1.35
										},
										"data": "0.35",
										"key": "downfall"
									},
									{
										"open": {
											"downfall": 0.35,
											"snow_accumulation": [
												0,
												0.125
											],
											"temperature": 1.35
										},
										"key": "snow_accumulation",
										"is_minified": true,
										"children": [
											0,
											0.125
										]
									},
									{
										"open": {
											"downfall": 0.35,
											"snow_accumulation": [
												0,
												0.125
											],
											"temperature": 1.35
										},
										"data": "1.35",
										"key": "temperature"
									}
								]
							},
							{
								"open": {
									"minecraft:climate": {
										"downfall": 0.35,
										"snow_accumulation": [
											0,
											0.125
										],
										"temperature": 1.35
									},
									"minecraft:overworld_height": {
										"noise_type": "default"
									},
									"minecraft:surface_parameters": {
										"sea_floor_depth": 7,
										"sea_floor_material": "minecraft:gravel",
										"foundation_material": "minecraft:stone",
										"mid_material": "minecraft:dirt",
										"top_material": "minecraft:grass",
										"sea_material": "minecraft:water"
									},
									"minecraft:overworld_generation_rules": {
										"hills_transformation": "maple_forest_hills_ilosemypotato",
										"mutate_transformation": "maple_forest_mutated_ilosemypotato",
										"generate_for_climates": [
											[
												"medium",
												1
											],
											[
												"cold",
												1
											]
										]
									},
									"animal": {},
									"monster": {},
									"overworld": {},
									"forest": {},
									"bee_habitat": {},
									"maple_forest": {}
								},
								"key": "minecraft:overworld_height",
								"is_minified": true,
								"children": {
									"noise_type": "default"
								}
							},
							{
								"open": {
									"minecraft:climate": {
										"downfall": 0.35,
										"snow_accumulation": [
											0,
											0.125
										],
										"temperature": 1.35
									},
									"minecraft:overworld_height": {
										"noise_type": "default"
									},
									"minecraft:surface_parameters": {
										"sea_floor_depth": 7,
										"sea_floor_material": "minecraft:gravel",
										"foundation_material": "minecraft:stone",
										"mid_material": "minecraft:dirt",
										"top_material": "minecraft:grass",
										"sea_material": "minecraft:water"
									},
									"minecraft:overworld_generation_rules": {
										"hills_transformation": "maple_forest_hills_ilosemypotato",
										"mutate_transformation": "maple_forest_mutated_ilosemypotato",
										"generate_for_climates": [
											[
												"medium",
												1
											],
											[
												"cold",
												1
											]
										]
									},
									"animal": {},
									"monster": {},
									"overworld": {},
									"forest": {},
									"bee_habitat": {},
									"maple_forest": {}
								},
								"key": "minecraft:surface_parameters",
								"is_minified": true,
								"children": {
									"sea_floor_depth": 7,
									"sea_floor_material": "minecraft:gravel",
									"foundation_material": "minecraft:stone",
									"mid_material": "minecraft:dirt",
									"top_material": "minecraft:grass",
									"sea_material": "minecraft:water"
								}
							},
							{
								"open": {
									"minecraft:climate": {
										"downfall": 0.35,
										"snow_accumulation": [
											0,
											0.125
										],
										"temperature": 1.35
									},
									"minecraft:overworld_height": {
										"noise_type": "default"
									},
									"minecraft:surface_parameters": {
										"sea_floor_depth": 7,
										"sea_floor_material": "minecraft:gravel",
										"foundation_material": "minecraft:stone",
										"mid_material": "minecraft:dirt",
										"top_material": "minecraft:grass",
										"sea_material": "minecraft:water"
									},
									"minecraft:overworld_generation_rules": {
										"hills_transformation": "maple_forest_hills_ilosemypotato",
										"mutate_transformation": "maple_forest_mutated_ilosemypotato",
										"generate_for_climates": [
											[
												"medium",
												1
											],
											[
												"cold",
												1
											]
										]
									},
									"animal": {},
									"monster": {},
									"overworld": {},
									"forest": {},
									"bee_habitat": {},
									"maple_forest": {}
								},
								"key": "minecraft:overworld_generation_rules",
								"children": [
									{
										"open": {
											"hills_transformation": "maple_forest_hills_ilosemypotato",
											"mutate_transformation": "maple_forest_mutated_ilosemypotato",
											"generate_for_climates": [
												[
													"medium",
													1
												],
												[
													"cold",
													1
												]
											]
										},
										"data": "maple_forest_hills_ilosemypotato",
										"key": "hills_transformation"
									},
									{
										"open": {
											"hills_transformation": "maple_forest_hills_ilosemypotato",
											"mutate_transformation": "maple_forest_mutated_ilosemypotato",
											"generate_for_climates": [
												[
													"medium",
													1
												],
												[
													"cold",
													1
												]
											]
										},
										"data": "maple_forest_mutated_ilosemypotato",
										"key": "mutate_transformation"
									},
									{
										"open": {
											"hills_transformation": "maple_forest_hills_ilosemypotato",
											"mutate_transformation": "maple_forest_mutated_ilosemypotato",
											"generate_for_climates": [
												[
													"medium",
													1
												],
												[
													"cold",
													1
												]
											]
										},
										"key": "generate_for_climates",
										"children": [
											{
												"open": [
													[
														"medium",
														1
													],
													[
														"cold",
														1
													]
												],
												"is_minified": true,
												"children": [
													"medium",
													1
												]
											},
											{
												"open": [
													[
														"medium",
														1
													],
													[
														"cold",
														1
													]
												],
												"is_minified": true,
												"children": [
													"cold",
													1
												]
											}
										]
									}
								]
							},
							{
								"key": "animal",
								"is_minified": true,
								"children": {}
							},
							{
								"key": "monster",
								"is_minified": true,
								"children": {}
							},
							{
								"key": "overworld",
								"is_minified": true,
								"children": {}
							},
							{
								"key": "forest",
								"is_minified": true,
								"children": {}
							},
							{
								"open": {
									"minecraft:climate": {
										"downfall": 0.35,
										"snow_accumulation": [
											0,
											0.125
										],
										"temperature": 1.35
									},
									"minecraft:overworld_height": {
										"noise_type": "default"
									},
									"minecraft:surface_parameters": {
										"sea_floor_depth": 7,
										"sea_floor_material": "minecraft:gravel",
										"foundation_material": "minecraft:stone",
										"mid_material": "minecraft:dirt",
										"top_material": "minecraft:grass",
										"sea_material": "minecraft:water"
									},
									"minecraft:overworld_generation_rules": {
										"hills_transformation": "maple_forest_hills_ilosemypotato",
										"mutate_transformation": "maple_forest_mutated_ilosemypotato",
										"generate_for_climates": [
											[
												"medium",
												1
											],
											[
												"cold",
												1
											]
										]
									},
									"animal": {},
									"monster": {},
									"overworld": {},
									"forest": {},
									"bee_habitat": {},
									"maple_forest": {}
								},
								"key": "bee_habitat",
								"is_minified": true,
								"children": {}
							},
							{
								"open": {
									"minecraft:climate": {
										"downfall": 0.35,
										"snow_accumulation": [
											0,
											0.125
										],
										"temperature": 1.35
									},
									"minecraft:overworld_height": {
										"noise_type": "default"
									},
									"minecraft:surface_parameters": {
										"sea_floor_depth": 7,
										"sea_floor_material": "minecraft:gravel",
										"foundation_material": "minecraft:stone",
										"mid_material": "minecraft:dirt",
										"top_material": "minecraft:grass",
										"sea_material": "minecraft:water"
									},
									"minecraft:overworld_generation_rules": {
										"hills_transformation": "maple_forest_hills_ilosemypotato",
										"mutate_transformation": "maple_forest_mutated_ilosemypotato",
										"generate_for_climates": [
											[
												"medium",
												1
											],
											[
												"cold",
												1
											]
										]
									},
									"animal": {},
									"monster": {},
									"overworld": {},
									"forest": {},
									"bee_habitat": {},
									"maple_forest": {}
								},
								"key": "maple_forest",
								"is_minified": true,
								"children": {}
							}
						]
					}
				]
			}
		]
	}
}