{
	"file_path": "C:\\Users\\User\\AppData\\Local\\Packages\\Microsoft.MinecraftUWP_8wekyb3d8bbwe\\LocalState\\games\\com.mojang\\development_behavior_packs\\Terracotta Expansion BP\\biomes\\maple_forest_hills_mutated_ilosemypotato.biome.json",
	"file_type": "biome",
	"format_version": 1,
	"file_uuid": "39de4f60_5320_45b1_b436_93ad6ad616e5",
	"file_version": 2,
	"cache_content": {
		"children": [
			{
				"data": "1.13.0",
				"key": "format_version"
			},
			{
				"open": {
					"format_version": "1.13.0",
					"minecraft:biome": {
						"description": {
							"identifier": "maple_forest_hills_mutated_ilosemypotato"
						},
						"components": {
							"minecraft:climate": {
								"downfall": 0.6,
								"snow_accumulation": [
									0,
									0.125
								],
								"temperature": 0.6
							},
							"minecraft:overworld_height": {
								"noise_params": [
									0.55,
									0.5
								]
							},
							"minecraft:surface_parameters": {
								"sea_floor_depth": 7,
								"sea_floor_material": "minecraft:gravel",
								"foundation_material": "minecraft:stone",
								"mid_material": "minecraft:dirt",
								"top_material": "minecraft:grass",
								"sea_material": "minecraft:water"
							},
							"animal": {},
							"forest": {},
							"monster": {},
							"overworld": {},
							"bee_habitat": {},
							"maple_forest": {},
							"hills": {},
							"mutated": {}
						}
					}
				},
				"key": "minecraft:biome",
				"children": [
					{
						"open": {
							"description": {
								"identifier": "maple_forest_hills_mutated_ilosemypotato"
							},
							"components": {
								"minecraft:climate": {
									"downfall": 0.6,
									"snow_accumulation": [
										0,
										0.125
									],
									"temperature": 0.6
								},
								"minecraft:overworld_height": {
									"noise_params": [
										0.55,
										0.5
									]
								},
								"minecraft:surface_parameters": {
									"sea_floor_depth": 7,
									"sea_floor_material": "minecraft:gravel",
									"foundation_material": "minecraft:stone",
									"mid_material": "minecraft:dirt",
									"top_material": "minecraft:grass",
									"sea_material": "minecraft:water"
								},
								"animal": {},
								"forest": {},
								"monster": {},
								"overworld": {},
								"bee_habitat": {},
								"maple_forest": {},
								"hills": {},
								"mutated": {}
							}
						},
						"key": "description",
						"is_minified": true,
						"children": {
							"identifier": "maple_forest_hills_mutated_ilosemypotato"
						}
					},
					{
						"open": {
							"description": {
								"identifier": "maple_forest_hills_mutated_ilosemypotato"
							},
							"components": {
								"minecraft:climate": {
									"downfall": 0.6,
									"snow_accumulation": [
										0,
										0.125
									],
									"temperature": 0.6
								},
								"minecraft:overworld_height": {
									"noise_params": [
										0.55,
										0.5
									]
								},
								"minecraft:surface_parameters": {
									"sea_floor_depth": 7,
									"sea_floor_material": "minecraft:gravel",
									"foundation_material": "minecraft:stone",
									"mid_material": "minecraft:dirt",
									"top_material": "minecraft:grass",
									"sea_material": "minecraft:water"
								},
								"animal": {},
								"forest": {},
								"monster": {},
								"overworld": {},
								"bee_habitat": {},
								"maple_forest": {},
								"hills": {},
								"mutated": {}
							}
						},
						"key": "components",
						"children": [
							{
								"key": "minecraft:climate",
								"children": [
									{
										"open": {
											"downfall": 0.6,
											"snow_accumulation": [
												0,
												0.125
											],
											"temperature": 0.6
										},
										"data": "0.6",
										"key": "downfall"
									},
									{
										"open": {
											"downfall": 0.6,
											"snow_accumulation": [
												0,
												0.125
											],
											"temperature": 0.6
										},
										"key": "snow_accumulation",
										"is_minified": true,
										"children": [
											0,
											0.125
										]
									},
									{
										"open": {
											"downfall": 0.6,
											"snow_accumulation": [
												0,
												0.125
											],
											"temperature": 0.6
										},
										"data": "0.6",
										"key": "temperature"
									}
								]
							},
							{
								"key": "minecraft:overworld_height",
								"children": [
									{
										"open": {
											"noise_params": [
												0.55,
												0.5
											]
										},
										"key": "noise_params",
										"is_minified": true,
										"children": [
											0.55,
											0.5
										]
									}
								]
							},
							{
								"key": "minecraft:surface_parameters",
								"is_minified": true,
								"children": {
									"sea_floor_depth": 7,
									"sea_floor_material": "minecraft:gravel",
									"foundation_material": "minecraft:stone",
									"mid_material": "minecraft:dirt",
									"top_material": "minecraft:grass",
									"sea_material": "minecraft:water"
								}
							},
							{
								"open": {
									"minecraft:climate": {
										"downfall": 0.6,
										"snow_accumulation": [
											0,
											0.125
										],
										"temperature": 0.6
									},
									"minecraft:overworld_height": {
										"noise_params": [
											0.55,
											0.5
										]
									},
									"minecraft:surface_parameters": {
										"sea_floor_depth": 7,
										"sea_floor_material": "minecraft:gravel",
										"foundation_material": "minecraft:stone",
										"mid_material": "minecraft:dirt",
										"top_material": "minecraft:grass",
										"sea_material": "minecraft:water"
									},
									"animal": {},
									"forest": {},
									"monster": {},
									"overworld": {},
									"bee_habitat": {},
									"maple_forest": {},
									"hills": {},
									"mutated": {}
								},
								"key": "animal",
								"is_minified": true,
								"children": {}
							},
							{
								"open": {
									"minecraft:climate": {
										"downfall": 0.6,
										"snow_accumulation": [
											0,
											0.125
										],
										"temperature": 0.6
									},
									"minecraft:overworld_height": {
										"noise_params": [
											0.55,
											0.5
										]
									},
									"minecraft:surface_parameters": {
										"sea_floor_depth": 7,
										"sea_floor_material": "minecraft:gravel",
										"foundation_material": "minecraft:stone",
										"mid_material": "minecraft:dirt",
										"top_material": "minecraft:grass",
										"sea_material": "minecraft:water"
									},
									"animal": {},
									"forest": {},
									"monster": {},
									"overworld": {},
									"bee_habitat": {},
									"maple_forest": {},
									"hills": {},
									"mutated": {}
								},
								"key": "forest",
								"is_minified": true,
								"children": {}
							},
							{
								"key": "monster",
								"is_minified": true,
								"children": {}
							},
							{
								"open": {
									"minecraft:climate": {
										"downfall": 0.6,
										"snow_accumulation": [
											0,
											0.125
										],
										"temperature": 0.6
									},
									"minecraft:overworld_height": {
										"noise_params": [
											0.55,
											0.5
										]
									},
									"minecraft:surface_parameters": {
										"sea_floor_depth": 7,
										"sea_floor_material": "minecraft:gravel",
										"foundation_material": "minecraft:stone",
										"mid_material": "minecraft:dirt",
										"top_material": "minecraft:grass",
										"sea_material": "minecraft:water"
									},
									"animal": {},
									"forest": {},
									"monster": {},
									"overworld": {},
									"bee_habitat": {},
									"maple_forest": {},
									"hills": {},
									"mutated": {}
								},
								"key": "overworld",
								"is_minified": true,
								"children": {}
							},
							{
								"open": {
									"minecraft:climate": {
										"downfall": 0.6,
										"snow_accumulation": [
											0,
											0.125
										],
										"temperature": 0.6
									},
									"minecraft:overworld_height": {
										"noise_params": [
											0.55,
											0.5
										]
									},
									"minecraft:surface_parameters": {
										"sea_floor_depth": 7,
										"sea_floor_material": "minecraft:gravel",
										"foundation_material": "minecraft:stone",
										"mid_material": "minecraft:dirt",
										"top_material": "minecraft:grass",
										"sea_material": "minecraft:water"
									},
									"animal": {},
									"forest": {},
									"monster": {},
									"overworld": {},
									"bee_habitat": {},
									"maple_forest": {},
									"hills": {},
									"mutated": {}
								},
								"key": "bee_habitat",
								"is_minified": true,
								"children": {}
							},
							{
								"open": {
									"minecraft:climate": {
										"downfall": 0.6,
										"snow_accumulation": [
											0,
											0.125
										],
										"temperature": 0.6
									},
									"minecraft:overworld_height": {
										"noise_params": [
											0.55,
											0.5
										]
									},
									"minecraft:surface_parameters": {
										"sea_floor_depth": 7,
										"sea_floor_material": "minecraft:gravel",
										"foundation_material": "minecraft:stone",
										"mid_material": "minecraft:dirt",
										"top_material": "minecraft:grass",
										"sea_material": "minecraft:water"
									},
									"animal": {},
									"forest": {},
									"monster": {},
									"overworld": {},
									"bee_habitat": {},
									"maple_forest": {},
									"hills": {},
									"mutated": {}
								},
								"key": "maple_forest",
								"is_minified": true,
								"children": {}
							},
							{
								"open": {
									"minecraft:climate": {
										"downfall": 0.6,
										"snow_accumulation": [
											0,
											0.125
										],
										"temperature": 0.6
									},
									"minecraft:overworld_height": {
										"noise_params": [
											0.55,
											0.5
										]
									},
									"minecraft:surface_parameters": {
										"sea_floor_depth": 7,
										"sea_floor_material": "minecraft:gravel",
										"foundation_material": "minecraft:stone",
										"mid_material": "minecraft:dirt",
										"top_material": "minecraft:grass",
										"sea_material": "minecraft:water"
									},
									"animal": {},
									"forest": {},
									"monster": {},
									"overworld": {},
									"bee_habitat": {},
									"maple_forest": {},
									"hills": {},
									"mutated": {}
								},
								"key": "hills",
								"is_minified": true,
								"children": {}
							},
							{
								"key": "mutated",
								"is_minified": true,
								"children": {}
							}
						]
					}
				]
			}
		]
	}
}