{
	"file_path": "C:\\Users\\User\\AppData\\Local\\Packages\\Microsoft.MinecraftUWP_8wekyb3d8bbwe\\LocalState\\games\\com.mojang\\development_behavior_packs\\Project Terracotta\\biomes\\semiarid_desert_ilosemypotato.biome.json",
	"file_type": "biome",
	"format_version": 1,
	"file_uuid": "65c75d21_33bd_4563_a7cd_ec7182dc6aad",
	"file_version": 7,
	"cache_content": {
		"children": [
			{
				"data": "1.13.0",
				"key": "format_version"
			},
			{
				"open": {
					"format_version": "1.13.0",
					"minecraft:biome": {
						"description": {
							"identifier": "semiarid_desert_ilosemypotato"
						},
						"components": {
							"minecraft:climate": {
								"downfall": 0,
								"snow_accumulation": [
									0,
									0.125
								],
								"temperature": 2
							},
							"minecraft:overworld_height": {
								"noise_type": "default"
							},
							"minecraft:surface_parameters": {
								"sea_floor_depth": 7,
								"sea_floor_material": "minecraft:gravel",
								"foundation_material": "minecraft:stone",
								"mid_material": "minecraft:sand",
								"top_material": "minecraft:sand",
								"sea_material": "minecraft:water"
							},
							"minecraft:overworld_generation_rules": {
								"generate_for_climates": [
									[
										"warm",
										3
									]
								]
							},
							"semiarid_desert": {},
							"desert": {},
							"monster": {},
							"overworld": {},
							"overworld_generation": {},
							"rare": {}
						}
					}
				},
				"key": "minecraft:biome",
				"children": [
					{
						"key": "description",
						"is_minified": true,
						"children": {
							"identifier": "semiarid_desert_ilosemypotato"
						}
					},
					{
						"open": {
							"description": {
								"identifier": "semiarid_desert_ilosemypotato"
							},
							"components": {
								"minecraft:climate": {
									"downfall": 0,
									"snow_accumulation": [
										0,
										0.125
									],
									"temperature": 2
								},
								"minecraft:overworld_height": {
									"noise_type": "default"
								},
								"minecraft:surface_parameters": {
									"sea_floor_depth": 7,
									"sea_floor_material": "minecraft:gravel",
									"foundation_material": "minecraft:stone",
									"mid_material": "minecraft:sand",
									"top_material": "minecraft:sand",
									"sea_material": "minecraft:water"
								},
								"minecraft:overworld_generation_rules": {
									"generate_for_climates": [
										[
											"warm",
											3
										]
									]
								},
								"semiarid_desert": {},
								"desert": {},
								"monster": {},
								"overworld": {},
								"overworld_generation": {},
								"rare": {}
							}
						},
						"key": "components",
						"children": [
							{
								"open": {
									"minecraft:climate": {
										"downfall": 0,
										"snow_accumulation": [
											0,
											0.125
										],
										"temperature": 2
									},
									"minecraft:overworld_height": {
										"noise_type": "default"
									},
									"minecraft:surface_parameters": {
										"sea_floor_depth": 7,
										"sea_floor_material": "minecraft:gravel",
										"foundation_material": "minecraft:stone",
										"mid_material": "minecraft:sand",
										"top_material": "minecraft:sand",
										"sea_material": "minecraft:water"
									},
									"minecraft:overworld_generation_rules": {
										"generate_for_climates": [
											[
												"warm",
												3
											]
										]
									},
									"semiarid_desert": {},
									"desert": {},
									"monster": {},
									"overworld": {},
									"overworld_generation": {},
									"rare": {}
								},
								"key": "minecraft:climate",
								"is_minified": true,
								"children": {
									"downfall": 0,
									"snow_accumulation": [
										0,
										0.125
									],
									"temperature": 2
								}
							},
							{
								"open": {
									"minecraft:climate": {
										"downfall": 0,
										"snow_accumulation": [
											0,
											0.125
										],
										"temperature": 2
									},
									"minecraft:overworld_height": {
										"noise_type": "default"
									},
									"minecraft:surface_parameters": {
										"sea_floor_depth": 7,
										"sea_floor_material": "minecraft:gravel",
										"foundation_material": "minecraft:stone",
										"mid_material": "minecraft:sand",
										"top_material": "minecraft:sand",
										"sea_material": "minecraft:water"
									},
									"minecraft:overworld_generation_rules": {
										"generate_for_climates": [
											[
												"warm",
												3
											]
										]
									},
									"semiarid_desert": {},
									"desert": {},
									"monster": {},
									"overworld": {},
									"overworld_generation": {},
									"rare": {}
								},
								"key": "minecraft:overworld_height",
								"is_minified": true,
								"children": {
									"noise_type": "default"
								}
							},
							{
								"key": "minecraft:surface_parameters",
								"is_minified": true,
								"children": {
									"sea_floor_depth": 7,
									"sea_floor_material": "minecraft:gravel",
									"foundation_material": "minecraft:stone",
									"mid_material": "minecraft:sand",
									"top_material": "minecraft:sand",
									"sea_material": "minecraft:water"
								}
							},
							{
								"open": {
									"minecraft:climate": {
										"downfall": 0,
										"snow_accumulation": [
											0,
											0.125
										],
										"temperature": 2
									},
									"minecraft:overworld_height": {
										"noise_type": "default"
									},
									"minecraft:surface_parameters": {
										"sea_floor_depth": 7,
										"sea_floor_material": "minecraft:gravel",
										"foundation_material": "minecraft:stone",
										"mid_material": "minecraft:sand",
										"top_material": "minecraft:sand",
										"sea_material": "minecraft:water"
									},
									"minecraft:overworld_generation_rules": {
										"generate_for_climates": [
											[
												"warm",
												3
											]
										]
									},
									"semiarid_desert": {},
									"desert": {},
									"monster": {},
									"overworld": {},
									"overworld_generation": {},
									"rare": {}
								},
								"key": "minecraft:overworld_generation_rules",
								"is_minified": true,
								"children": {
									"generate_for_climates": [
										[
											"warm",
											3
										]
									]
								}
							},
							{
								"open": {
									"minecraft:climate": {
										"downfall": 0,
										"snow_accumulation": [
											0,
											0.125
										],
										"temperature": 2
									},
									"minecraft:overworld_height": {
										"noise_type": "default"
									},
									"minecraft:surface_parameters": {
										"sea_floor_depth": 7,
										"sea_floor_material": "minecraft:gravel",
										"foundation_material": "minecraft:stone",
										"mid_material": "minecraft:sand",
										"top_material": "minecraft:sand",
										"sea_material": "minecraft:water"
									},
									"minecraft:overworld_generation_rules": {
										"generate_for_climates": [
											[
												"warm",
												3
											]
										]
									},
									"semiarid_desert": {},
									"desert": {},
									"monster": {},
									"overworld": {},
									"overworld_generation": {},
									"rare": {}
								},
								"key": "semiarid_desert",
								"is_minified": true,
								"children": {}
							},
							{
								"key": "desert",
								"is_minified": true,
								"children": {}
							},
							{
								"key": "monster",
								"is_minified": true,
								"children": {}
							},
							{
								"key": "overworld",
								"is_minified": true,
								"children": {}
							},
							{
								"key": "overworld_generation",
								"is_minified": true,
								"children": {}
							},
							{
								"key": "rare",
								"is_minified": true,
								"children": {}
							}
						]
					}
				]
			}
		]
	}
}