{
  "format_version": "1.8.0",
  "minecraft:client_entity": {
    "description": {
      "identifier": "scp4991:olocloud",
      "materials": { "default": "zombie" },
      "textures": {
        "default": "textures/scp4991/olocloud"
      },
      "geometry": {
        "default": "geometry.olocloud"
      },
      "animations": {
        "base": "animation.olocloud.dead",
        "walk": "animation.olocloud.walk",
        "move": "animation.olocloud.move",
        "attack": "animation.olocloud.attack",
        "flower": "animation.olocloud.flower",
        "look_at_target": "animation.common.look_at_target"
      },
      "animation_controllers": [
        { "base": "controller.animation.olocloud.base" },
        { "move": "controller.animation.olocloud.move" },
        { "arm": "controller.animation.olocloud.arm_movement"}
      ],
      "render_controllers": [ "controller.render.olocloud" ],
      "spawn_egg": {
        "texture": "olocloud_egg",
		"texture_index": 0
      }
    }
  }
}
