{
	"format_version": "1.12.0",
	"minecraft:geometry": [
		{
			"description": {
				"identifier": "geometry.kunti",
				"texture_width": 64,
				"texture_height": 64,
				"visible_bounds_width": 4,
				"visible_bounds_height": 3.5,
				"visible_bounds_offset": [
					0,
					1.25,
					0
				]
			},
			"bones": [
				{
					"name": "waist",
					"pivot": [
						0,
						12,
						0
					]
				},
				{
					"name": "body",
					"parent": "waist",
					"pivot": [
						0,
						24,
						0
					],
					"cubes": [
						{
							"origin": [
								-4,
								12,
								-2
							],
							"size": [
								8,
								12,
								4
							],
							"uv": {
								"north": {
									"uv": [
										4,
										52
									],
									"uv_size": [
										8,
										12
									]
								},
								"east": {
									"uv": [
										0,
										52
									],
									"uv_size": [
										4,
										12
									]
								},
								"south": {
									"uv": [
										16,
										52
									],
									"uv_size": [
										8,
										12
									]
								},
								"west": {
									"uv": [
										12,
										52
									],
									"uv_size": [
										4,
										12
									]
								},
								"up": {
									"uv": [
										4,
										48
									],
									"uv_size": [
										8,
										4
									]
								},
								"down": {
									"uv": [
										12,
										52
									],
									"uv_size": [
										8,
										-4
									]
								}
							}
						},
						{
							"origin": [
								-4,
								12,
								-2
							],
							"size": [
								8,
								12,
								4
							],
							"inflate": 0.25,
							"uv": {
								"north": {
									"uv": [
										36,
										4
									],
									"uv_size": [
										8,
										12
									]
								},
								"east": {
									"uv": [
										32,
										4
									],
									"uv_size": [
										4,
										12
									]
								},
								"south": {
									"uv": [
										48,
										4
									],
									"uv_size": [
										8,
										12
									]
								},
								"west": {
									"uv": [
										44,
										4
									],
									"uv_size": [
										4,
										12
									]
								},
								"up": {
									"uv": [
										36,
										0
									],
									"uv_size": [
										8,
										4
									]
								},
								"down": {
									"uv": [
										44,
										4
									],
									"uv_size": [
										8,
										-4
									]
								}
							}
						}
					]
				},
				{
					"name": "head",
					"parent": "body",
					"pivot": [
						0,
						24,
						0
					],
					"cubes": [
						{
							"origin": [
								-4,
								24,
								-4
							],
							"size": [
								8,
								8,
								8
							],
							"uv": {
								"north": {
									"uv": [
										0,
										0
									],
									"uv_size": [
										8,
										8
									]
								},
								"east": {
									"uv": [
										24,
										0
									],
									"uv_size": [
										8,
										8
									]
								},
								"south": {
									"uv": [
										24,
										0
									],
									"uv_size": [
										8,
										8
									]
								},
								"west": {
									"uv": [
										24,
										0
									],
									"uv_size": [
										8,
										8
									]
								},
								"up": {
									"uv": [
										24,
										0
									],
									"uv_size": [
										8,
										8
									]
								},
								"down": {
									"uv": [
										16,
										8
									],
									"uv_size": [
										8,
										-8
									]
								}
							}
						},
						{
							"origin": [
								-4,
								8,
								-4
							],
							"size": [
								8,
								24,
								8
							],
							"inflate": 0.26,
							"uv": {
								"north": {
									"uv": [
										8,
										8
									],
									"uv_size": [
										8,
										32
									]
								},
								"east": {
									"uv": [
										0,
										8
									],
									"uv_size": [
										8,
										32
									]
								},
								"south": {
									"uv": [
										24,
										8
									],
									"uv_size": [
										8,
										32
									]
								},
								"west": {
									"uv": [
										16,
										8
									],
									"uv_size": [
										8,
										32
									]
								},
								"up": {
									"uv": [
										8,
										0
									],
									"uv_size": [
										8,
										8
									]
								},
								"down": {
									"uv": [
										24,
										8
									],
									"uv_size": [
										8,
										-8
									]
								}
							}
						}
					]
				},
				{
					"name": "rightarm",
					"parent": "body",
					"pivot": [
						-5,
						22,
						0
					],
					"cubes": [
						{
							"origin": [
								-7,
								12,
								-2
							],
							"size": [
								3,
								12,
								4
							],
							"uv": {
								"north": {
									"uv": [
										36,
										20
									],
									"uv_size": [
										4,
										12
									]
								},
								"east": {
									"uv": [
										32,
										20
									],
									"uv_size": [
										4,
										12
									]
								},
								"south": {
									"uv": [
										44,
										20
									],
									"uv_size": [
										4,
										12
									]
								},
								"west": {
									"uv": [
										40,
										20
									],
									"uv_size": [
										4,
										12
									]
								},
								"up": {
									"uv": [
										36,
										16
									],
									"uv_size": [
										4,
										4
									]
								},
								"down": {
									"uv": [
										36,
										20
									],
									"uv_size": [
										4,
										-4
									]
								}
							}
						},
						{
							"origin": [
								-7.1,
								12,
								-2
							],
							"size": [
								3,
								12,
								4
							],
							"inflate": 0.1,
							"uv": {
								"north": {
									"uv": [
										52,
										20
									],
									"uv_size": [
										4,
										12
									]
								},
								"east": {
									"uv": [
										48,
										20
									],
									"uv_size": [
										4,
										12
									]
								},
								"south": {
									"uv": [
										60,
										20
									],
									"uv_size": [
										4,
										12
									]
								},
								"west": {
									"uv": [
										56,
										20
									],
									"uv_size": [
										4,
										12
									]
								},
								"up": {
									"uv": [
										52,
										16
									],
									"uv_size": [
										4,
										4
									]
								},
								"down": {
									"uv": [
										56,
										20
									],
									"uv_size": [
										4,
										-4
									]
								}
							}
						}
					]
				},
				{
					"name": "leftarm",
					"parent": "body",
					"pivot": [
						5,
						22,
						0
					],
					"cubes": [
						{
							"origin": [
								4,
								12,
								-2
							],
							"size": [
								3,
								12,
								4
							],
							"uv": {
								"north": {
									"uv": [
										36,
										20
									],
									"uv_size": [
										4,
										12
									]
								},
								"east": {
									"uv": [
										32,
										20
									],
									"uv_size": [
										4,
										12
									]
								},
								"south": {
									"uv": [
										44,
										20
									],
									"uv_size": [
										4,
										12
									]
								},
								"west": {
									"uv": [
										40,
										20
									],
									"uv_size": [
										4,
										12
									]
								},
								"up": {
									"uv": [
										36,
										16
									],
									"uv_size": [
										4,
										4
									]
								},
								"down": {
									"uv": [
										36,
										20
									],
									"uv_size": [
										4,
										-4
									]
								}
							}
						},
						{
							"origin": [
								4.1,
								12,
								-2
							],
							"size": [
								3,
								12,
								4
							],
							"inflate": 0.1,
							"uv": {
								"north": {
									"uv": [
										52,
										20
									],
									"uv_size": [
										4,
										12
									]
								},
								"east": {
									"uv": [
										48,
										20
									],
									"uv_size": [
										4,
										12
									]
								},
								"south": {
									"uv": [
										60,
										20
									],
									"uv_size": [
										4,
										12
									]
								},
								"west": {
									"uv": [
										56,
										20
									],
									"uv_size": [
										4,
										12
									]
								},
								"up": {
									"uv": [
										52,
										16
									],
									"uv_size": [
										4,
										4
									]
								},
								"down": {
									"uv": [
										56,
										20
									],
									"uv_size": [
										4,
										-4
									]
								}
							}
						}
					]
				},
				{
					"name": "rightleg",
					"parent": "body",
					"pivot": [
						-2,
						12,
						0
					],
					"cubes": [
						{
							"origin": [
								-4.1,
								0,
								-2
							],
							"size": [
								4,
								12,
								4
							],
							"inflate": 0.1,
							"uv": {
								"north": {
									"uv": [
										52,
										20
									],
									"uv_size": [
										4,
										12
									]
								},
								"east": {
									"uv": [
										48,
										20
									],
									"uv_size": [
										4,
										12
									]
								},
								"south": {
									"uv": [
										56,
										20
									],
									"uv_size": [
										4,
										12
									]
								},
								"west": {
									"uv": [
										60,
										20
									],
									"uv_size": [
										4,
										12
									]
								},
								"up": {
									"uv": [
										52,
										16
									],
									"uv_size": [
										4,
										4
									]
								},
								"down": {
									"uv": [
										56,
										20
									],
									"uv_size": [
										4,
										-4
									]
								}
							}
						}
					]
				},
				{
					"name": "leftleg",
					"parent": "body",
					"pivot": [
						2,
						12,
						0
					],
					"cubes": [
						{
							"origin": [
								0.1,
								0,
								-2
							],
							"size": [
								4,
								12,
								4
							],
							"inflate": 0.1,
							"uv": {
								"north": {
									"uv": [
										52,
										20
									],
									"uv_size": [
										4,
										12
									]
								},
								"east": {
									"uv": [
										60,
										20
									],
									"uv_size": [
										4,
										12
									]
								},
								"south": {
									"uv": [
										48,
										20
									],
									"uv_size": [
										4,
										12
									]
								},
								"west": {
									"uv": [
										56,
										20
									],
									"uv_size": [
										4,
										12
									]
								},
								"up": {
									"uv": [
										52,
										16
									],
									"uv_size": [
										4,
										4
									]
								},
								"down": {
									"uv": [
										56,
										20
									],
									"uv_size": [
										4,
										-4
									]
								}
							}
						}
					]
				}
			]
		}
	]
}