{
	"format_version": "1.12.0",
	"minecraft:geometry": [
		{
			"description": {
				"identifier": "geometry.laptop",
				"texture_width": 64,
				"texture_height": 64,
				"visible_bounds_width": 3,
				"visible_bounds_height": 2.5,
				"visible_bounds_offset": [
					0,
					0.75,
					0
				]
			},
			"bones": [
				{
					"name": "Laptop",
					"pivot": [
						0,
						0,
						0
					]
				},
				{
					"name": "Monitor",
					"parent": "Laptop",
					"pivot": [
						0,
						0.5,
						4
					],
					"rotation": [
						-100,
						0,
						0
					],
					"cubes": [
						{
							"origin": [
								-7,
								0.5,
								-6
							],
							"size": [
								14,
								0.5,
								10
							],
							"uv": {
								"north": {
									"uv": [
										28,
										40
									],
									"uv_size": [
										28,
										2
									]
								},
								"east": {
									"uv": [
										28,
										42
									],
									"uv_size": [
										20,
										2
									]
								},
								"south": {
									"uv": [
										28,
										40
									],
									"uv_size": [
										28,
										2
									]
								},
								"west": {
									"uv": [
										28,
										42
									],
									"uv_size": [
										20,
										2
									]
								},
								"up": {
									"uv": [
										56,
										20
									],
									"uv_size": [
										-28,
										-20
									]
								},
								"down": {
									"uv": [
										28,
										0
									],
									"uv_size": [
										-28,
										20
									]
								}
							}
						}
					]
				},
				{
					"name": "Base",
					"parent": "Laptop",
					"pivot": [
						0,
						0.5,
						4
					],
					"cubes": [
						{
							"origin": [
								-7,
								0,
								-6
							],
							"size": [
								14,
								0.5,
								10
							],
							"uv": {
								"north": {
									"uv": [
										28,
										40
									],
									"uv_size": [
										28,
										2
									]
								},
								"east": {
									"uv": [
										28,
										46
									],
									"uv_size": [
										20,
										2
									]
								},
								"south": {
									"uv": [
										28,
										40
									],
									"uv_size": [
										28,
										2
									]
								},
								"west": {
									"uv": [
										28,
										48
									],
									"uv_size": [
										20,
										2
									]
								},
								"up": {
									"uv": [
										28,
										20
									],
									"uv_size": [
										-28,
										20
									]
								},
								"down": {
									"uv": [
										56,
										40
									],
									"uv_size": [
										-28,
										-20
									]
								}
							}
						},
						{
							"origin": [
								-7,
								0,
								-6
							],
							"size": [
								14,
								0.5,
								10
							],
							"inflate": 0.1,
							"uv": {
								"up": {
									"uv": [
										28,
										40
									],
									"uv_size": [
										-28,
										20
									]
								}
							}
						}
					]
				}
			]
		}
	]
}