{
	"format_version": "1.12.0",
	"minecraft:geometry": [
		{
			"description": {
				"identifier": "geometry.minuman",
				"texture_width": 32,
				"texture_height": 32,
				"visible_bounds_width": 2,
				"visible_bounds_height": 1.5,
				"visible_bounds_offset": [
					0,
					0.25,
					0
				]
			},
			"bones": [
				{
					"name": "Minuman",
					"pivot": [
						0,
						4,
						0
					],
					"cubes": [
						{
							"origin": [
								-2,
								0,
								-2
							],
							"size": [
								4,
								8,
								4
							],
							"uv": {
								"north": {
									"uv": [
										0,
										0
									],
									"uv_size": [
										14,
										26
									]
								},
								"east": {
									"uv": [
										0,
										0
									],
									"uv_size": [
										14,
										26
									]
								},
								"south": {
									"uv": [
										0,
										0
									],
									"uv_size": [
										14,
										26
									]
								},
								"west": {
									"uv": [
										0,
										0
									],
									"uv_size": [
										14,
										26
									]
								},
								"up": {
									"uv": [
										30,
										0
									],
									"uv_size": [
										-16,
										16
									]
								},
								"down": {
									"uv": [
										30,
										32
									],
									"uv_size": [
										-16,
										-16
									]
								}
							}
						}
					]
				}
			]
		}
	]
}