{
	"format_version": "1.12.0",
	"minecraft:geometry": [
		{
			"description": {
				"identifier": "geometry.senter",
				"texture_width": 32,
				"texture_height": 32,
				"visible_bounds_width": 2,
				"visible_bounds_height": 1.5,
				"visible_bounds_offset": [
					0,
					0.25,
					0
				]
			},
			"bones": [
				{
					"name": "Senter",
					"pivot": [
						-1.66667,
						1,
						0
					],
					"cubes": [
						{
							"origin": [
								-2,
								0.375,
								-0.625
							],
							"size": [
								6,
								1.25,
								1.25
							],
							"uv": {
								"north": {
									"uv": [
										0,
										8
									],
									"uv_size": [
										24,
										8
									]
								},
								"east": {
									"uv": [
										32,
										0
									],
									"uv_size": [
										-8,
										8
									]
								},
								"south": {
									"uv": [
										24,
										16
									],
									"uv_size": [
										-24,
										-8
									]
								},
								"west": {
									"uv": [
										24,
										0
									],
									"uv_size": [
										8,
										8
									]
								},
								"up": {
									"uv": [
										24,
										16
									],
									"uv_size": [
										-24,
										-8
									]
								},
								"down": {
									"uv": [
										0,
										16
									],
									"uv_size": [
										24,
										-8
									]
								}
							}
						},
						{
							"origin": [
								-4,
								0,
								-1
							],
							"size": [
								2,
								2,
								2
							],
							"inflate": -0.15,
							"uv": {
								"north": {
									"uv": [
										0,
										24
									],
									"uv_size": [
										4,
										4
									]
								},
								"east": {
									"uv": [
										0,
										0
									],
									"uv_size": [
										8,
										8
									]
								},
								"south": {
									"uv": [
										0,
										24
									],
									"uv_size": [
										4,
										4
									]
								},
								"west": {
									"uv": [
										0,
										24
									],
									"uv_size": [
										4,
										4
									]
								},
								"up": {
									"uv": [
										0,
										24
									],
									"uv_size": [
										4,
										4
									]
								},
								"down": {
									"uv": [
										0,
										28
									],
									"uv_size": [
										4,
										-4
									]
								}
							}
						},
						{
							"origin": [
								-4,
								0,
								-1
							],
							"size": [
								2,
								2,
								2
							],
							"uv": {
								"north": {
									"uv": [
										16,
										8
									],
									"uv_size": [
										8,
										-8
									]
								},
								"east": {
									"uv": [
										8,
										8
									],
									"uv_size": [
										8,
										-8
									]
								},
								"south": {
									"uv": [
										16,
										0
									],
									"uv_size": [
										8,
										8
									]
								},
								"west": {
									"uv": [
										24,
										0
									],
									"uv_size": [
										8,
										8
									]
								},
								"up": {
									"uv": [
										24,
										0
									],
									"uv_size": [
										-8,
										8
									]
								},
								"down": {
									"uv": [
										16,
										0
									],
									"uv_size": [
										8,
										8
									]
								}
							}
						}
					]
				},
				{
					"name": "Tombol",
					"parent": "Senter",
					"pivot": [
						-0.75,
						1.6,
						0
					],
					"cubes": [
						{
							"origin": [
								-1.25,
								1.6,
								-0.5
							],
							"size": [
								1,
								0.2,
								1
							],
							"inflate": -0.2,
							"uv": {
								"north": {
									"uv": [
										24,
										8
									],
									"uv_size": [
										4,
										4
									]
								},
								"east": {
									"uv": [
										24,
										12
									],
									"uv_size": [
										4,
										-4
									]
								},
								"south": {
									"uv": [
										24,
										8
									],
									"uv_size": [
										4,
										4
									]
								},
								"west": {
									"uv": [
										24,
										8
									],
									"uv_size": [
										4,
										4
									]
								},
								"up": {
									"uv": [
										24,
										8
									],
									"uv_size": [
										4,
										4
									]
								},
								"down": {
									"uv": [
										24,
										12
									],
									"uv_size": [
										4,
										-4
									]
								}
							}
						}
					]
				}
			]
		}
	]
}