{
	"format_version": "1.20.80",
	"minecraft:client_entity": {
		"description": {
			"identifier": "eu:thrown_brainrot_bomb",
			"materials": {
				"default": "snowball"
			},
			"textures": {
				"default": "textures/entity/bomb"
			},
			"geometry": {
				"default": "geometry.brainrot_bomb"
			},
			"render_controllers": [
				"controller.render.item_sprite"
			],
			"animations": {
				"flying": "animation.actor.billboard"
			},
			"scripts": {
				"animate": [
					"flying"
				]
			}
		}
	}
}