{
  "format_version": "1.16.100",
  "minecraft:item": {
    "description": {
      "identifier": "serp:golducks",
      "category": "Items"
    },
    "components": {
      "minecraft:display_name":{"value":"item.serp:golducks.name"},
	  "minecraft:creative_category":{"parent":"itemGroup.name.chest"},
    "minecraft:render_offsets": {
        "main_hand": {
"first_person":{"scale":[0.014,0.014,0.014]},
"third_person":{"scale":[0.03,0.03,0.03]}}},
      "minecraft:max_stack_size": 1,
      "minecraft:entity_placer":{
    "entity" : "serp:spawns1<p:55>"
      },
	"minecraft:icon":{"texture": "golducks"}
    }
  }
}