{"format_version":"1.19.0","minecraft:entity":{"description":{"identifier":"tl:ceiling_fan_bamboo","scripts":{"animate":["alignController","pxwqaukkqt","uekkbfpgsm"]},"animations":{"alignController":"controller.animation.align4","align4":"animation.align4","pxwqaukkqt":"controller.animation.runCommand_ceiling_fan_bamboo_minecraft_event_rjvtqhbwyr","uekkbfpgsm":"controller.animation.runCommand_ceiling_fan_bamboo_minecraft_event_iwftcuvbgu"},"is_spawnable":true,"is_summonable":true,"properties":{"tl:fan_enabled":{"client_sync":true,"default":false,"type":"bool","values":[true,false]},"minecraft:event_rjvtqhbwyr":{"client_sync":true,"default":false,"type":"bool","values":[true,false]},"minecraft:event_iwftcuvbgu":{"client_sync":true,"default":false,"type":"bool","values":[true,false]}}},"components":{"minecraft:interact":{"interactions":[{"on_interact":{"filters":{"all_of":[{"test":"is_sneaking","subject":"other","value":true}]},"event":"minecraft:event_awgyexwxud"},"play_sounds":"plop","use_item":false,"interact_text":"Turn light on/off"},{"on_interact":{"filters":{"all_of":[{"test":"is_sneaking","subject":"other","value":false}]},"event":"minecraft:event_fcbpkrsxvp"},"play_sounds":"plop","use_item":false,"interact_text":"Turn light on/off"}]},"minecraft:custom_hit_test":{"hitboxes":[{"height":1,"width":1}]},"minecraft:collision_box":{"height":0,"width":0},"minecraft:loot":{"table":"loot_tables/tl_ceiling_fan_bamboo_spawn_egg.json"},"minecraft:breathable":{"breathes_solids":true},"minecraft:physics":{"has_gravity":false,"has_collision":true},"minecraft:knockback_resistance":{"value":1},"minecraft:pushable":{"is_pushable":false,"is_pushable_by_piston":false},"minecraft:scale":{"value":1},"minecraft:health":{"value":10,"max":10},"minecraft:type_family":{"family":["furniture"]}},"events":{"minecraft:event_rjvtqhbwyr":{"set_property":{"minecraft:event_rjvtqhbwyr":true}},"minecraft:event_rjvtqhbwyr_f":{"set_property":{"minecraft:event_rjvtqhbwyr":false}},"minecraft:event_fcbpkrsxvp":{"sequence":[{"trigger":{"target":"self","event":"minecraft:event_rjvtqhbwyr","filters":{}}}]},"minecraft:event_iwftcuvbgu":{"set_property":{"minecraft:event_iwftcuvbgu":true}},"minecraft:event_iwftcuvbgu_f":{"set_property":{"minecraft:event_iwftcuvbgu":false}},"minecraft:event_awgyexwxud":{"sequence":[{"trigger":{"target":"self","event":"minecraft:event_iwftcuvbgu","filters":{}}}]}}}}