{"format_version":"1.19.0","minecraft:entity":{"description":{"identifier":"tl:ceiling_fan_birch","scripts":{"animate":["alignController","yuunarpcbv","vluewrhoyt"]},"animations":{"alignController":"controller.animation.align4","align4":"animation.align4","yuunarpcbv":"controller.animation.runCommand_ceiling_fan_birch_minecraft_event_crdjmiicvq","vluewrhoyt":"controller.animation.runCommand_ceiling_fan_birch_minecraft_event_vsnpnrmlot"},"is_spawnable":true,"is_summonable":true,"properties":{"tl:fan_enabled":{"client_sync":true,"default":false,"type":"bool","values":[true,false]},"minecraft:event_crdjmiicvq":{"client_sync":true,"default":false,"type":"bool","values":[true,false]},"minecraft:event_vsnpnrmlot":{"client_sync":true,"default":false,"type":"bool","values":[true,false]}}},"components":{"minecraft:interact":{"interactions":[{"on_interact":{"filters":{"all_of":[{"test":"is_sneaking","subject":"other","value":true}]},"event":"minecraft:event_dtjjceetqb"},"play_sounds":"plop","use_item":false,"interact_text":"Turn light on/off"},{"on_interact":{"filters":{"all_of":[{"test":"is_sneaking","subject":"other","value":false}]},"event":"minecraft:event_ahqxviykgf"},"play_sounds":"plop","use_item":false,"interact_text":"Turn light on/off"}]},"minecraft:custom_hit_test":{"hitboxes":[{"height":1,"width":1}]},"minecraft:collision_box":{"height":0,"width":0},"minecraft:loot":{"table":"loot_tables/tl_ceiling_fan_birch_spawn_egg.json"},"minecraft:breathable":{"breathes_solids":true},"minecraft:physics":{"has_gravity":false,"has_collision":true},"minecraft:knockback_resistance":{"value":1},"minecraft:pushable":{"is_pushable":false,"is_pushable_by_piston":false},"minecraft:scale":{"value":1},"minecraft:health":{"value":10,"max":10},"minecraft:type_family":{"family":["furniture"]}},"events":{"minecraft:event_crdjmiicvq":{"set_property":{"minecraft:event_crdjmiicvq":true}},"minecraft:event_crdjmiicvq_f":{"set_property":{"minecraft:event_crdjmiicvq":false}},"minecraft:event_ahqxviykgf":{"sequence":[{"trigger":{"target":"self","event":"minecraft:event_crdjmiicvq","filters":{}}}]},"minecraft:event_vsnpnrmlot":{"set_property":{"minecraft:event_vsnpnrmlot":true}},"minecraft:event_vsnpnrmlot_f":{"set_property":{"minecraft:event_vsnpnrmlot":false}},"minecraft:event_dtjjceetqb":{"sequence":[{"trigger":{"target":"self","event":"minecraft:event_vsnpnrmlot","filters":{}}}]}}}}