{"format_version":"1.19.0","minecraft:entity":{"description":{"identifier":"tl:minebook_pro","is_spawnable":true,"is_summonable":true,"scripts":{"animate":["alignController","txvicevxkx"]},"animations":{"alignController":"controller.animation.align4","align4":"animation.align4","txvicevxkx":"controller.animation.runCommand_minebook_pro_minecraft_event_oujrkrhlav"},"properties":{"minecraft:event_oujrkrhlav":{"client_sync":true,"default":false,"type":"bool","values":[true,false]}}},"components":{"minecraft:interact":{"interactions":[{"on_interact":{"filters":{},"event":"minecraft:event_rmvjbbllli"},"play_sounds":"plop","use_item":false,"interact_text":"Pick up"}]},"minecraft:loot":{"table":"loot_tables/tl_minebook_pro_spawn_egg.json"},"minecraft:breathable":{"breathes_solids":true},"minecraft:physics":{"has_gravity":true,"has_collision":true},"minecraft:knockback_resistance":{"value":1},"minecraft:pushable":{"is_pushable":false,"is_pushable_by_piston":false},"minecraft:scale":{"value":1},"minecraft:health":{"value":10,"max":10},"minecraft:type_family":{"family":["furniture"]}},"events":{"minecraft:event_oujrkrhlav":{"set_property":{"minecraft:event_oujrkrhlav":true}},"minecraft:event_oujrkrhlav_f":{"set_property":{"minecraft:event_oujrkrhlav":false}},"minecraft:event_rmvjbbllli":{"sequence":[{"trigger":{"target":"self","event":"minecraft:event_oujrkrhlav","filters":{}}}]}}}}