{
 "format_version": "1.16.0",
 "minecraft:entity": {
  "description": {
   "identifier": "pl:proyectil_lanza_hueso",
   "is_spawnable": false,
   "is_summonable": true,
   "is_experimental": false
  },
  "components": {
   "minecraft:collision_box": {
    "width": 0.25,
    "height": 0.35
   },
   "minecraft:loot": {
    "table": "loot_tables/armas/lanza_hueso.json"
   },
   "minecraft:projectile": {
    "on_hit": {
     "impact_damage": {
      "damage": 15,
      "knockback": true,
      "semi_random_diff_damage": false,
      "destroy_on_hit": true
     },
     "stick_in_ground": {
      "shake_time": 0
     },
     "remove_on_hit": {}
    },
    "liquid_inertia": 0.99,
    "hit_sound": "item.trident.hit",
    "hit_ground_sound": "item.trident.hit_ground",
    "power": 2.5,
    "gravity": 0.1,
    "uncertainty_base": 1,
    "uncertainty_multiplier": 0,
    "stop_on_hurt": true,
    "anchor": 1,
    "should_bounce": true,
    "multiple_targets": false,
    "offset": [
     0,
     -0.1,
     0
    ]
   },
   "minecraft:physics": {},
   "minecraft:pushable": {
    "is_pushable": true,
    "is_pushable_by_piston": true
   }
  }
 }
}