{
  "format_version": "1.16.100",
  "minecraft:item": {
    "description": {
      "identifier": "azka:merah",
      "category": "items"
    },
    "components": {
      "minecraft:stacked_by_data": true,
      "minecraft:max_stack_size": 64,
      "minecraft:icon": {
        "texture": "merah"
      },
      "minecraft:display_name": {
        "value": "Astrea Grand Maroon 1992"
      },
      "minecraft:entity_placer": {

        "entity": "azka:merah"

      },
      "minecraft:render_offsets": {
        "main_hand": {
          "first_person": {
            "scale": [
              0.012,
              0.012,
              0.012
            ]
          },
          "third_person": {
            "scale": [
              0.024,
              0.041,
              0.024
            ]
          }
        }
      },
      "minecraft:can_destroy_in_creative": false,
      "minecraft:creative_category": {
        "parent": "items"
      }
    }
  }
}