{
	"format_version": "1.16.0",
	"minecraft:entity": {
		"description": {
			"identifier": "tuyulhunter:bola",
			"is_spawnable": true,
			"is_summonable": true,
			"is_experimental": false
		},
		"components": {
			"minecraft:type_family": {
				"family": []
			},
			"minecraft:health": {
				"min": 0,
				"max": 1,
				"value": 1
			},
			"minecraft:physics": {},
			"minecraft:collision_box": {
				"width": 0.41,
				"height": 0.41
			},
			"minecraft:custom_hit_test": {
				"hitboxes": [
					{
						"width": 0.51,
						"height": 0.51,
						"pivot": [
							0,
							0.255,
							0
						]
					}
				]
			},
			"minecraft:damage_sensor": {
				"triggers": {
					"cause": "entity_explosion",
					"deals_damage": false
				}
			},
			"minecraft:pushable": {}
		}
	}
}