{
	"format_version": "1.16.0",
	"minecraft:entity": {
		"description": {
			"identifier": "tuyulhunter:uang",
			"is_spawnable": true,
			"is_summonable": true,
			"is_experimental": false
		},
		"components": {
			"minecraft:type_family": {
				"family": []
			},
			"minecraft:physics": {},
			"minecraft:scale": {
				"value": 1
			},
			"minecraft:health": {
				"value": 1,
				"min": 0,
				"max": 1
			},
			"minecraft:collision_box": {
				"height": 0.1,
				"width": 0.26
			},
			"minecraft:custom_hit_test": {
				"hitboxes": [
					{
						"width": 0.51,
						"height": 0.1,
						"pivot": [
							0,
							0.05,
							0
						]
					}
				]
			},
			"minecraft:pushable": {},
			"minecraft:knockback_resistance": {
				"value": 1,
				"max": 1
			},
			"minecraft:on_death": {
				"event": "on:death",
				"target": "self"
			},
			"minecraft:damage_sensor": {
				"triggers": [
					{
						"cause": "fall",
						"deals_damage": false
					},
					{
						"cause": "entity_explosion",
						"deals_damage": false
					}
				]
			}
		},
		"events": {
			"on:death": {
				"run_command": {
					"command": [
						"structure load rup ~~~"
					]
				}
			}
		}
	}
}