{
    "format_version": "1.13.0",
    "minecraft:entity": {
        "description": {
            "identifier": "bd:key2",
            "is_spawnable": false,
            "is_summonable": true,
            "is_experimental": false,
            "scripts": {
                "animate": [
                    "keyuse"
                ]
            },
            "animations": {
                "keyuse": "controller.animation.key.use"
            }
        },

        "component_groups": {
			"key2": {
                "minecraft:transformation": {
                    "into": "bd:key2_2"
                }
            },
            "minecraft:down": {
                "minecraft:transformation": {
                    "into": "bd:key1"
                },
                "minecraft:spell_effects": {
                    "add_effects": [{
                            "effect": "regeneration",
                            "amplifier": 255,
                            "visible": false,
                            "duration": 2
                        }
                    ]
                }
            },
            "minecraft:downing": {
                "minecraft:area_attack" : {
					"damage_range": 3,
					"damage_per_tick": 10,
					"cause": "attack",
					"entity_filter": {
						"any_of": [
							{ "test": "is_family", "subject": "other", "value": "door" }
						]
					}
				},
                "minecraft:timer": {
                    "looping": false,
                    "time": 0.01,
                    "time_down_event": {
                        "event": "minecraft:event_downing"
                    }
                }
            },
            "minecraft:des": {
                "minecraft:despawn": {}
            },
            "minecraft:sound": {
                "minecraft:is_sheared": {}
            }
        },
        "components": {
            "minecraft:type_family": {
                "family": ["key2", "inanimate", "control"]
            },
			"minecraft:persistent": {},
			"minecraft:interact": {
                    "interactions": [{
                            "hurt_item": 0,
                            "interact_text": "Closing Door",
                            "on_interact": {
                                "filters": {
                                    "any_of": [{
                                            "test": "has_equipment",
                                            "subject": "other",
                                            "domain": "hand",
                                            "operator": "equals",
                                            "value": "bd:keycard1"
                                        }, {
                                            "test": "has_equipment",
                                            "subject": "other",
                                            "domain": "hand",
                                            "operator": "equals",
                                            "value": "bd:keycard2"
                                        }, {
                                            "test": "has_equipment",
                                            "subject": "other",
                                            "domain": "hand",
                                            "operator": "equals",
                                            "value": "bd:keycard3"
                                        }, {
                                            "test": "has_equipment",
                                            "subject": "other",
                                            "domain": "hand",
                                            "operator": "equals",
                                            "value": "bd:keycard4"
                                        }, {
                                            "test": "has_equipment",
                                            "subject": "other",
                                            "domain": "hand",
                                            "operator": "equals",
                                            "value": "bd:keycard5"
                                        }
                                    ]
                                },
                                "event": "minecraft:event_down1",
                                "target": "self"
                            },
                            "swing": true,
                            "use_item": false
                        }, {
                            "hurt_item": 0,
                            "interact_text": "Remove",
                            "on_interact": {
                                "filters": {
                                    "all_of": [{
                                            "test": "is_family",
                                            "subject": "other",
                                            "value": "player"
                                        }, {
                                            "test": "has_equipment",
                                            "subject": "other",
                                            "domain": "hand",
                                            "value": "barrier"
                                        }, {
                                            "test": "is_sneaking",
                                            "subject": "other",
                                            "value": "true"
                                        }
                                    ]
                                },
                                "event": "minecraft:delete"
                            },
                            "swing": true,
                            "use_item": false
                        }, {
                            "hurt_item": 0,
                            "interact_text": "change to level 3",
                            "on_interact": {
                                "filters": {
                                    "all_of": [{
                                            "test": "is_family",
                                            "subject": "other",
                                            "value": "player"
                                        }, {
                                            "test": "has_equipment",
                                            "subject": "other",
                                            "domain": "hand",
                                            "value": "bd:keyplace"
                                        }, {
                                            "test": "is_sneaking",
                                            "subject": "other",
                                            "value": "true"
                                        }
                                    ]
                                },
                                "event": "minecraft:to_2"
                            },
                            "swing": true,
                            "use_item": false
                        }
                    ]
                },
            "minecraft:health": {
                "value": 1
            },
            "minecraft:pushable": {
                "is_pushable": false,
                "is_pushable_by_piston": false
            },
            "minecraft:knockback_resistance": {
                "value": 50.0
            },
            "minecraft:collision_box": {
                "width": 0.5,
                "height": 1.0
            },
            "minecraft:damage_sensor": {
				"triggers": [
					{
						"cause": "entity_attack",
						"deals_damage": false
					},
					{
						"cause": "projectile",
						"deals_damage": false
					},
					{
						"cause": "explosion",
						"deals_damage": false
					},
					{
						"cause": "fire",
						"deals_damage": false
					},
					{
						"cause": "fatal",
						"deals_damage": false
					}
					
				]
			},
            "minecraft:spell_effects": {
                "add_effects": [{
                        "effect": "regeneration",
                        "amplifier": 255,
                        "visible": false,
                        "duration": 2
                    }
                ]
            },
            "minecraft:physics": {
                "has_gravity": false
            }
        },
        "events": {
            "minecraft:entity_transformed": {
                "remove": {
                    "component_groups": [
                        "minecraft:down"
                    ]
                },
                "add": {
                    "component_groups": [
                        "minecraft:sound",
                        "minecraft:downing"
                    ]
                }
            },
            "minecraft:event_down1": {
                "remove": {
                    "component_groups": [
                        "minecraft:downing"
                    ]
                },
                "add": {
                    "component_groups": [
                        "minecraft:down"
                    ]
                }
            },
            "minecraft:event_downing": {
                "remove": {
                    "component_groups": [
                        "minecraft:downing"
                    ]
                }
            },
            "minecraft:delete": {
                "add": {
                    "component_groups": [
                        "minecraft:des"
                    ]
                }
            },
            "minecraft:rotate": {
                "add": {
                    "component_groups": [
                        "minecraft:ro"
                    ]
                }
            },
            "minecraft:to_2": {
                "remove": {
                    "component_groups": [
                        "key1"
                    ]
                },
                "add": {
                    "component_groups": [
                        "key2"
                    ]
                }
            }
        }
    }
}