{
	"file_path": "C:\\Users\\Hp\\AppData\\Local\\Packages\\Microsoft.MinecraftUWP_8wekyb3d8bbwe\\LocalState\\games\\com.mojang\\development_behavior_packs\\Screenfy FP (Behaviour)\\entities\\bathtub.json",
	"file_type": "entity",
	"format_version": 1,
	"file_uuid": "9c1ad120_784b_430c_8af5_b8bf9a9c75ff",
	"file_version": 6,
	"cache_content": {
		"children": [
			{
				"data": "1.16.100",
				"key": "format_version"
			},
			{
				"open": {
					"format_version": "1.16.100",
					"minecraft:entity": {
						"description": {
							"identifier": "sf:bathtub",
							"is_spawnable": true,
							"is_summonable": true,
							"is_experimental": false
						},
						"component_groups": {},
						"events": {},
						"components": {
							"minecraft:type_family": {
								"family": [
									"furniture"
								]
							},
							"minecraft:health": {
								"value": 1,
								"max": 1
							},
							"minecraft:scale": {
								"value": 0.8
							},
							"minecraft:collision_box": {
								"width": 1,
								"height": 1
							},
							"minecraft:physics": {},
							"minecraft:pushable": {
								"is_pushable": false
							},
							"minecraft:rideable": {
								"seat_count": 2,
								"crouching_skip_interact": true,
								"interact_text": "Sit",
								"seats": [
									{
										"position": [
											0,
											0,
											0
										]
									},
									{
										"position": [
											0,
											0,
											-1.2
										]
									}
								]
							},
							"minecraft:knockback_resistance": {
								"value": 999,
								"max": 999
							}
						}
					}
				},
				"key": "minecraft:entity",
				"children": [
					{
						"open": {
							"description": {
								"identifier": "sf:bathtub",
								"is_spawnable": true,
								"is_summonable": true,
								"is_experimental": false
							},
							"component_groups": {},
							"events": {},
							"components": {
								"minecraft:type_family": {
									"family": [
										"furniture"
									]
								},
								"minecraft:health": {
									"value": 1,
									"max": 1
								},
								"minecraft:scale": {
									"value": 0.8
								},
								"minecraft:collision_box": {
									"width": 1,
									"height": 1
								},
								"minecraft:physics": {},
								"minecraft:pushable": {
									"is_pushable": false
								},
								"minecraft:rideable": {
									"seat_count": 2,
									"crouching_skip_interact": true,
									"interact_text": "Sit",
									"seats": [
										{
											"position": [
												0,
												0,
												0
											]
										},
										{
											"position": [
												0,
												0,
												-1.2
											]
										}
									]
								},
								"minecraft:knockback_resistance": {
									"value": 999,
									"max": 999
								}
							}
						},
						"key": "description",
						"is_minified": true,
						"children": {
							"identifier": "sf:bathtub",
							"is_spawnable": true,
							"is_summonable": true,
							"is_experimental": false
						}
					},
					{
						"key": "component_groups",
						"is_minified": true,
						"children": {}
					},
					{
						"key": "events",
						"is_minified": true,
						"children": {}
					},
					{
						"open": {
							"description": {
								"identifier": "sf:bathtub",
								"is_spawnable": true,
								"is_summonable": true,
								"is_experimental": false
							},
							"component_groups": {},
							"events": {},
							"components": {
								"minecraft:type_family": {
									"family": [
										"furniture"
									]
								},
								"minecraft:health": {
									"value": 1,
									"max": 1
								},
								"minecraft:scale": {
									"value": 0.8
								},
								"minecraft:collision_box": {
									"width": 1,
									"height": 1
								},
								"minecraft:physics": {},
								"minecraft:pushable": {
									"is_pushable": false
								},
								"minecraft:rideable": {
									"seat_count": 2,
									"crouching_skip_interact": true,
									"interact_text": "Sit",
									"seats": [
										{
											"position": [
												0,
												0,
												0
											]
										},
										{
											"position": [
												0,
												0,
												-1.2
											]
										}
									]
								},
								"minecraft:knockback_resistance": {
									"value": 999,
									"max": 999
								}
							}
						},
						"key": "components",
						"children": [
							{
								"open": {
									"minecraft:type_family": {
										"family": [
											"furniture"
										]
									},
									"minecraft:health": {
										"value": 1,
										"max": 1
									},
									"minecraft:scale": {
										"value": 0.8
									},
									"minecraft:collision_box": {
										"width": 1,
										"height": 1
									},
									"minecraft:physics": {},
									"minecraft:pushable": {
										"is_pushable": false
									},
									"minecraft:rideable": {
										"seat_count": 2,
										"crouching_skip_interact": true,
										"interact_text": "Sit",
										"seats": [
											{
												"position": [
													0,
													0,
													0
												]
											},
											{
												"position": [
													0,
													0,
													-1.2
												]
											}
										]
									},
									"minecraft:knockback_resistance": {
										"value": 999,
										"max": 999
									}
								},
								"key": "minecraft:type_family",
								"children": [
									{
										"open": {
											"family": [
												"furniture"
											]
										},
										"key": "family",
										"is_minified": true,
										"children": [
											"furniture"
										]
									}
								]
							},
							{
								"open": {
									"minecraft:type_family": {
										"family": [
											"furniture"
										]
									},
									"minecraft:health": {
										"value": 1,
										"max": 1
									},
									"minecraft:scale": {
										"value": 0.8
									},
									"minecraft:collision_box": {
										"width": 1,
										"height": 1
									},
									"minecraft:physics": {},
									"minecraft:pushable": {
										"is_pushable": false
									},
									"minecraft:rideable": {
										"seat_count": 2,
										"crouching_skip_interact": true,
										"interact_text": "Sit",
										"seats": [
											{
												"position": [
													0,
													0,
													0
												]
											},
											{
												"position": [
													0,
													0,
													-1.2
												]
											}
										]
									},
									"minecraft:knockback_resistance": {
										"value": 999,
										"max": 999
									}
								},
								"key": "minecraft:health",
								"is_minified": true,
								"children": {
									"value": 1,
									"max": 1
								}
							},
							{
								"open": {
									"minecraft:type_family": {
										"family": [
											"furniture"
										]
									},
									"minecraft:health": {
										"value": 1,
										"max": 1
									},
									"minecraft:scale": {
										"value": 0.8
									},
									"minecraft:collision_box": {
										"width": 1,
										"height": 1
									},
									"minecraft:physics": {},
									"minecraft:pushable": {
										"is_pushable": false
									},
									"minecraft:rideable": {
										"seat_count": 2,
										"crouching_skip_interact": true,
										"interact_text": "Sit",
										"seats": [
											{
												"position": [
													0,
													0,
													0
												]
											},
											{
												"position": [
													0,
													0,
													-1.2
												]
											}
										]
									},
									"minecraft:knockback_resistance": {
										"value": 999,
										"max": 999
									}
								},
								"key": "minecraft:scale",
								"is_minified": true,
								"children": {
									"value": 0.8
								}
							},
							{
								"open": {
									"minecraft:type_family": {
										"family": [
											"furniture"
										]
									},
									"minecraft:health": {
										"value": 1,
										"max": 1
									},
									"minecraft:scale": {
										"value": 0.8
									},
									"minecraft:collision_box": {
										"width": 1,
										"height": 1
									},
									"minecraft:physics": {},
									"minecraft:pushable": {
										"is_pushable": false
									},
									"minecraft:rideable": {
										"seat_count": 2,
										"crouching_skip_interact": true,
										"interact_text": "Sit",
										"seats": [
											{
												"position": [
													0,
													0,
													0
												]
											},
											{
												"position": [
													0,
													0,
													-1.2
												]
											}
										]
									},
									"minecraft:knockback_resistance": {
										"value": 999,
										"max": 999
									}
								},
								"key": "minecraft:collision_box",
								"is_minified": true,
								"children": {
									"width": 1,
									"height": 1
								}
							},
							{
								"key": "minecraft:physics",
								"is_minified": true,
								"children": {}
							},
							{
								"open": {
									"minecraft:type_family": {
										"family": [
											"furniture"
										]
									},
									"minecraft:health": {
										"value": 1,
										"max": 1
									},
									"minecraft:scale": {
										"value": 0.8
									},
									"minecraft:collision_box": {
										"width": 1,
										"height": 1
									},
									"minecraft:physics": {},
									"minecraft:pushable": {
										"is_pushable": false
									},
									"minecraft:rideable": {
										"seat_count": 2,
										"crouching_skip_interact": true,
										"interact_text": "Sit",
										"seats": [
											{
												"position": [
													0,
													0,
													0
												]
											},
											{
												"position": [
													0,
													0,
													-1.2
												]
											}
										]
									},
									"minecraft:knockback_resistance": {
										"value": 999,
										"max": 999
									}
								},
								"key": "minecraft:pushable",
								"is_minified": true,
								"children": {
									"is_pushable": false
								}
							},
							{
								"open": {
									"minecraft:type_family": {
										"family": [
											"furniture"
										]
									},
									"minecraft:health": {
										"value": 1,
										"max": 1
									},
									"minecraft:scale": {
										"value": 0.8
									},
									"minecraft:collision_box": {
										"width": 1,
										"height": 1
									},
									"minecraft:physics": {},
									"minecraft:pushable": {
										"is_pushable": false
									},
									"minecraft:rideable": {
										"seat_count": 2,
										"crouching_skip_interact": true,
										"interact_text": "Sit",
										"seats": [
											{
												"position": [
													0,
													0,
													0
												]
											},
											{
												"position": [
													0,
													0,
													-1.2
												]
											}
										]
									},
									"minecraft:knockback_resistance": {
										"value": 999,
										"max": 999
									}
								},
								"key": "minecraft:rideable",
								"children": [
									{
										"data": "2",
										"key": "seat_count"
									},
									{
										"data": "true",
										"key": "crouching_skip_interact"
									},
									{
										"data": "Sit",
										"key": "interact_text"
									},
									{
										"open": {
											"seat_count": 2,
											"crouching_skip_interact": true,
											"interact_text": "Sit",
											"seats": [
												{
													"position": [
														0,
														0,
														0
													]
												},
												{
													"position": [
														0,
														0,
														-1.2
													]
												}
											]
										},
										"key": "seats",
										"children": [
											{
												"open": [
													{
														"position": [
															0,
															0,
															0
														]
													},
													{
														"position": [
															0,
															0,
															-1.2
														]
													}
												],
												"children": [
													{
														"open": {
															"position": [
																0,
																0,
																0
															]
														},
														"key": "position",
														"is_minified": true,
														"children": [
															0,
															0,
															0
														]
													}
												]
											},
											{
												"open": [
													{
														"position": [
															0,
															0,
															0
														]
													},
													{
														"position": [
															0,
															0,
															-1.2
														]
													}
												],
												"children": [
													{
														"open": {
															"position": [
																0,
																0,
																-1.2
															]
														},
														"key": "position",
														"is_minified": true,
														"children": [
															0,
															0,
															-1.2
														]
													}
												]
											}
										]
									}
								]
							},
							{
								"open": {
									"minecraft:type_family": {
										"family": [
											"furniture"
										]
									},
									"minecraft:health": {
										"value": 1,
										"max": 1
									},
									"minecraft:scale": {
										"value": 0.8
									},
									"minecraft:collision_box": {
										"width": 1,
										"height": 1
									},
									"minecraft:physics": {},
									"minecraft:pushable": {
										"is_pushable": false
									},
									"minecraft:rideable": {
										"seat_count": 2,
										"crouching_skip_interact": true,
										"interact_text": "Sit",
										"seats": [
											{
												"position": [
													0,
													0,
													0
												]
											},
											{
												"position": [
													0,
													0,
													-1.2
												]
											}
										]
									},
									"minecraft:knockback_resistance": {
										"value": 999,
										"max": 999
									}
								},
								"key": "minecraft:knockback_resistance",
								"is_minified": true,
								"children": {
									"value": 999,
									"max": 999
								}
							}
						]
					}
				]
			}
		]
	}
}