{
	"file_path": "C:\\Users\\Hp\\AppData\\Local\\Packages\\Microsoft.MinecraftUWP_8wekyb3d8bbwe\\LocalState\\games\\com.mojang\\development_behavior_packs\\Screenfy FP (Behaviour)\\entities\\bed1.json",
	"file_type": "entity",
	"format_version": 1,
	"file_uuid": "6cfb530e_4a34_4bb4_b440_e374fb225f27",
	"file_version": 3,
	"cache_content": {
		"children": [
			{
				"data": "1.16.100",
				"key": "format_version"
			},
			{
				"open": {
					"format_version": "1.16.100",
					"minecraft:entity": {
						"description": {
							"identifier": "sf:bed1",
							"runtime_identifier": "minecraft:skeleton",
							"is_spawnable": true,
							"is_summonable": true,
							"is_experimental": false
						},
						"component_groups": {},
						"events": {},
						"components": {
							"minecraft:health": {
								"value": 1,
								"max": 1
							},
							"minecraft:knockback_resistance": {
								"value": 999,
								"max": 999
							},
							"minecraft:scale": {
								"value": 1.5
							},
							"minecraft:collision_box": {
								"width": 1,
								"height": 1
							},
							"minecraft:type_family": {
								"family": [
									"furniture"
								]
							},
							"minecraft:physics": {},
							"minecraft:pushable": {
								"is_pushable": false
							},
							"minecraft:rideable": {
								"interact_text": "Sit",
								"crouching_skip_interact": true,
								"seat_count": 2,
								"seats": [
									{
										"position": [
											0,
											0.5,
											0.4
										]
									},
									{
										"position": [
											0,
											0.5,
											-0.9
										]
									}
								]
							}
						}
					}
				},
				"key": "minecraft:entity",
				"children": [
					{
						"open": {
							"description": {
								"identifier": "sf:bed1",
								"runtime_identifier": "minecraft:skeleton",
								"is_spawnable": true,
								"is_summonable": true,
								"is_experimental": false
							},
							"component_groups": {},
							"events": {},
							"components": {
								"minecraft:health": {
									"value": 1,
									"max": 1
								},
								"minecraft:knockback_resistance": {
									"value": 999,
									"max": 999
								},
								"minecraft:scale": {
									"value": 1.5
								},
								"minecraft:collision_box": {
									"width": 1,
									"height": 1
								},
								"minecraft:type_family": {
									"family": [
										"furniture"
									]
								},
								"minecraft:physics": {},
								"minecraft:pushable": {
									"is_pushable": false
								},
								"minecraft:rideable": {
									"interact_text": "Sit",
									"crouching_skip_interact": true,
									"seat_count": 2,
									"seats": [
										{
											"position": [
												0,
												0.5,
												0.4
											]
										},
										{
											"position": [
												0,
												0.5,
												-0.9
											]
										}
									]
								}
							}
						},
						"key": "description",
						"is_minified": true,
						"children": {
							"identifier": "sf:bed1",
							"runtime_identifier": "minecraft:skeleton",
							"is_spawnable": true,
							"is_summonable": true,
							"is_experimental": false
						}
					},
					{
						"key": "component_groups",
						"is_minified": true,
						"children": {}
					},
					{
						"key": "events",
						"is_minified": true,
						"children": {}
					},
					{
						"open": {
							"description": {
								"identifier": "sf:bed1",
								"runtime_identifier": "minecraft:skeleton",
								"is_spawnable": true,
								"is_summonable": true,
								"is_experimental": false
							},
							"component_groups": {},
							"events": {},
							"components": {
								"minecraft:health": {
									"value": 1,
									"max": 1
								},
								"minecraft:knockback_resistance": {
									"value": 999,
									"max": 999
								},
								"minecraft:scale": {
									"value": 1.5
								},
								"minecraft:collision_box": {
									"width": 1,
									"height": 1
								},
								"minecraft:type_family": {
									"family": [
										"furniture"
									]
								},
								"minecraft:physics": {},
								"minecraft:pushable": {
									"is_pushable": false
								},
								"minecraft:rideable": {
									"interact_text": "Sit",
									"crouching_skip_interact": true,
									"seat_count": 2,
									"seats": [
										{
											"position": [
												0,
												0.5,
												0.4
											]
										},
										{
											"position": [
												0,
												0.5,
												-0.9
											]
										}
									]
								}
							}
						},
						"key": "components",
						"children": [
							{
								"key": "minecraft:health",
								"is_minified": true,
								"children": {
									"value": 1,
									"max": 1
								}
							},
							{
								"key": "minecraft:knockback_resistance",
								"is_minified": true,
								"children": {
									"value": 999,
									"max": 999
								}
							},
							{
								"open": {
									"minecraft:health": {
										"value": 1,
										"max": 1
									},
									"minecraft:knockback_resistance": {
										"value": 999,
										"max": 999
									},
									"minecraft:scale": {
										"value": 1.5
									},
									"minecraft:collision_box": {
										"width": 1,
										"height": 1
									},
									"minecraft:type_family": {
										"family": [
											"furniture"
										]
									},
									"minecraft:physics": {},
									"minecraft:pushable": {
										"is_pushable": false
									},
									"minecraft:rideable": {
										"interact_text": "Sit",
										"crouching_skip_interact": true,
										"seat_count": 2,
										"seats": [
											{
												"position": [
													0,
													0.5,
													0.4
												]
											},
											{
												"position": [
													0,
													0.5,
													-0.9
												]
											}
										]
									}
								},
								"key": "minecraft:scale",
								"is_minified": true,
								"children": {
									"value": 1.5
								}
							},
							{
								"key": "minecraft:collision_box",
								"is_minified": true,
								"children": {
									"width": 1,
									"height": 1
								}
							},
							{
								"key": "minecraft:type_family",
								"is_minified": true,
								"children": {
									"family": [
										"furniture"
									]
								}
							},
							{
								"key": "minecraft:physics",
								"is_minified": true,
								"children": {}
							},
							{
								"key": "minecraft:pushable",
								"is_minified": true,
								"children": {
									"is_pushable": false
								}
							},
							{
								"open": {
									"minecraft:health": {
										"value": 1,
										"max": 1
									},
									"minecraft:knockback_resistance": {
										"value": 999,
										"max": 999
									},
									"minecraft:scale": {
										"value": 1.5
									},
									"minecraft:collision_box": {
										"width": 1,
										"height": 1
									},
									"minecraft:type_family": {
										"family": [
											"furniture"
										]
									},
									"minecraft:physics": {},
									"minecraft:pushable": {
										"is_pushable": false
									},
									"minecraft:rideable": {
										"interact_text": "Sit",
										"crouching_skip_interact": true,
										"seat_count": 2,
										"seats": [
											{
												"position": [
													0,
													0.5,
													0.4
												]
											},
											{
												"position": [
													0,
													0.5,
													-0.9
												]
											}
										]
									}
								},
								"key": "minecraft:rideable",
								"children": [
									{
										"data": "Sit",
										"key": "interact_text"
									},
									{
										"data": "true",
										"key": "crouching_skip_interact"
									},
									{
										"data": "2",
										"key": "seat_count"
									},
									{
										"open": {
											"interact_text": "Sit",
											"crouching_skip_interact": true,
											"seat_count": 2,
											"seats": [
												{
													"position": [
														0,
														0.5,
														0.4
													]
												},
												{
													"position": [
														0,
														0.5,
														-0.9
													]
												}
											]
										},
										"key": "seats",
										"children": [
											{
												"open": [
													{
														"position": [
															0,
															0.5,
															0.4
														]
													},
													{
														"position": [
															0,
															0.5,
															-0.9
														]
													}
												],
												"children": [
													{
														"open": {
															"position": [
																0,
																0.5,
																0.4
															]
														},
														"key": "position",
														"is_minified": true,
														"children": [
															0,
															0.5,
															0.4
														]
													}
												]
											},
											{
												"open": [
													{
														"position": [
															0,
															0.5,
															0.4
														]
													},
													{
														"position": [
															0,
															0.5,
															-0.9
														]
													}
												],
												"children": [
													{
														"open": {
															"position": [
																0,
																0.5,
																-0.9
															]
														},
														"key": "position",
														"is_minified": true,
														"children": [
															0,
															0.5,
															-0.9
														]
													}
												]
											}
										]
									}
								]
							}
						]
					}
				]
			}
		]
	}
}