{
	"file_path": "C:\\Users\\Hp\\AppData\\Local\\Packages\\Microsoft.MinecraftUWP_8wekyb3d8bbwe\\LocalState\\games\\com.mojang\\development_behavior_packs\\Screenfy FP (Behaviour)\\entities\\bluecouch.json",
	"file_type": "entity",
	"format_version": 1,
	"file_uuid": "fda43d76_ac9e_429a_bf3d_91abb6597b7a",
	"file_version": 2,
	"cache_content": {
		"children": [
			{
				"data": "1.16.100",
				"key": "format_version"
			},
			{
				"open": {
					"format_version": "1.16.100",
					"minecraft:entity": {
						"description": {
							"identifier": "sf:couch",
							"is_spawnable": true,
							"is_summonable": true,
							"is_experimental": false
						},
						"component_groups": {},
						"events": {},
						"components": {
							"minecraft:type_family": {
								"family": [
									"furniture"
								]
							},
							"minecraft:health": {
								"value": 1,
								"max": 1
							},
							"minecraft:collision_box": {
								"width": 1,
								"height": 1
							},
							"minecraft:scale": {
								"value": 1
							},
							"minecraft:knockback_resistance": {
								"value": 999,
								"max": 999
							},
							"minecraft:physics": {},
							"minecraft:pushable": {
								"is_pushable": false
							},
							"minecraft:rideable": {
								"crouching_skip_interact": true,
								"interact_text": "Sit",
								"seat_count": 2,
								"seats": [
									{
										"position": [
											-0.3,
											0.4,
											-0.1
										]
									},
									{
										"position": [
											0.7,
											0.4,
											-0.1
										]
									}
								]
							}
						}
					}
				},
				"key": "minecraft:entity",
				"children": [
					{
						"open": {
							"description": {
								"identifier": "sf:couch",
								"is_spawnable": true,
								"is_summonable": true,
								"is_experimental": false
							},
							"component_groups": {},
							"events": {},
							"components": {
								"minecraft:type_family": {
									"family": [
										"furniture"
									]
								},
								"minecraft:health": {
									"value": 1,
									"max": 1
								},
								"minecraft:collision_box": {
									"width": 1,
									"height": 1
								},
								"minecraft:scale": {
									"value": 1
								},
								"minecraft:knockback_resistance": {
									"value": 999,
									"max": 999
								},
								"minecraft:physics": {},
								"minecraft:pushable": {
									"is_pushable": false
								},
								"minecraft:rideable": {
									"crouching_skip_interact": true,
									"interact_text": "Sit",
									"seat_count": 2,
									"seats": [
										{
											"position": [
												-0.3,
												0.4,
												-0.1
											]
										},
										{
											"position": [
												0.7,
												0.4,
												-0.1
											]
										}
									]
								}
							}
						},
						"key": "description",
						"is_minified": true,
						"children": {
							"identifier": "sf:couch",
							"is_spawnable": true,
							"is_summonable": true,
							"is_experimental": false
						}
					},
					{
						"key": "component_groups",
						"is_minified": true,
						"children": {}
					},
					{
						"open": {
							"description": {
								"identifier": "sf:couch",
								"is_spawnable": true,
								"is_summonable": true,
								"is_experimental": false
							},
							"component_groups": {},
							"events": {},
							"components": {
								"minecraft:type_family": {
									"family": [
										"furniture"
									]
								},
								"minecraft:health": {
									"value": 1,
									"max": 1
								},
								"minecraft:collision_box": {
									"width": 1,
									"height": 1
								},
								"minecraft:scale": {
									"value": 1
								},
								"minecraft:knockback_resistance": {
									"value": 999,
									"max": 999
								},
								"minecraft:physics": {},
								"minecraft:pushable": {
									"is_pushable": false
								},
								"minecraft:rideable": {
									"crouching_skip_interact": true,
									"interact_text": "Sit",
									"seat_count": 2,
									"seats": [
										{
											"position": [
												-0.3,
												0.4,
												-0.1
											]
										},
										{
											"position": [
												0.7,
												0.4,
												-0.1
											]
										}
									]
								}
							}
						},
						"key": "events",
						"is_minified": true,
						"children": {}
					},
					{
						"open": {
							"description": {
								"identifier": "sf:couch",
								"is_spawnable": true,
								"is_summonable": true,
								"is_experimental": false
							},
							"component_groups": {},
							"events": {},
							"components": {
								"minecraft:type_family": {
									"family": [
										"furniture"
									]
								},
								"minecraft:health": {
									"value": 1,
									"max": 1
								},
								"minecraft:collision_box": {
									"width": 1,
									"height": 1
								},
								"minecraft:scale": {
									"value": 1
								},
								"minecraft:knockback_resistance": {
									"value": 999,
									"max": 999
								},
								"minecraft:physics": {},
								"minecraft:pushable": {
									"is_pushable": false
								},
								"minecraft:rideable": {
									"crouching_skip_interact": true,
									"interact_text": "Sit",
									"seat_count": 2,
									"seats": [
										{
											"position": [
												-0.3,
												0.4,
												-0.1
											]
										},
										{
											"position": [
												0.7,
												0.4,
												-0.1
											]
										}
									]
								}
							}
						},
						"key": "components",
						"children": [
							{
								"open": {
									"minecraft:type_family": {
										"family": [
											"furniture"
										]
									},
									"minecraft:health": {
										"value": 1,
										"max": 1
									},
									"minecraft:collision_box": {
										"width": 1,
										"height": 1
									},
									"minecraft:scale": {
										"value": 1
									},
									"minecraft:knockback_resistance": {
										"value": 999,
										"max": 999
									},
									"minecraft:physics": {},
									"minecraft:pushable": {
										"is_pushable": false
									},
									"minecraft:rideable": {
										"crouching_skip_interact": true,
										"interact_text": "Sit",
										"seat_count": 2,
										"seats": [
											{
												"position": [
													-0.3,
													0.4,
													-0.1
												]
											},
											{
												"position": [
													0.7,
													0.4,
													-0.1
												]
											}
										]
									}
								},
								"key": "minecraft:type_family",
								"children": [
									{
										"open": {
											"family": [
												"furniture"
											]
										},
										"key": "family",
										"is_minified": true,
										"children": [
											"furniture"
										]
									}
								]
							},
							{
								"open": {
									"minecraft:type_family": {
										"family": [
											"furniture"
										]
									},
									"minecraft:health": {
										"value": 1,
										"max": 1
									},
									"minecraft:collision_box": {
										"width": 1,
										"height": 1
									},
									"minecraft:scale": {
										"value": 1
									},
									"minecraft:knockback_resistance": {
										"value": 999,
										"max": 999
									},
									"minecraft:physics": {},
									"minecraft:pushable": {
										"is_pushable": false
									},
									"minecraft:rideable": {
										"crouching_skip_interact": true,
										"interact_text": "Sit",
										"seat_count": 2,
										"seats": [
											{
												"position": [
													-0.3,
													0.4,
													-0.1
												]
											},
											{
												"position": [
													0.7,
													0.4,
													-0.1
												]
											}
										]
									}
								},
								"key": "minecraft:health",
								"is_minified": true,
								"children": {
									"value": 1,
									"max": 1
								}
							},
							{
								"open": {
									"minecraft:type_family": {
										"family": [
											"furniture"
										]
									},
									"minecraft:health": {
										"value": 1,
										"max": 1
									},
									"minecraft:collision_box": {
										"width": 1,
										"height": 1
									},
									"minecraft:scale": {
										"value": 1
									},
									"minecraft:knockback_resistance": {
										"value": 999,
										"max": 999
									},
									"minecraft:physics": {},
									"minecraft:pushable": {
										"is_pushable": false
									},
									"minecraft:rideable": {
										"crouching_skip_interact": true,
										"interact_text": "Sit",
										"seat_count": 2,
										"seats": [
											{
												"position": [
													-0.3,
													0.4,
													-0.1
												]
											},
											{
												"position": [
													0.7,
													0.4,
													-0.1
												]
											}
										]
									}
								},
								"key": "minecraft:collision_box",
								"is_minified": true,
								"children": {
									"width": 1,
									"height": 1
								}
							},
							{
								"open": {
									"minecraft:type_family": {
										"family": [
											"furniture"
										]
									},
									"minecraft:health": {
										"value": 1,
										"max": 1
									},
									"minecraft:collision_box": {
										"width": 1,
										"height": 1
									},
									"minecraft:scale": {
										"value": 1
									},
									"minecraft:knockback_resistance": {
										"value": 999,
										"max": 999
									},
									"minecraft:physics": {},
									"minecraft:pushable": {
										"is_pushable": false
									},
									"minecraft:rideable": {
										"crouching_skip_interact": true,
										"interact_text": "Sit",
										"seat_count": 2,
										"seats": [
											{
												"position": [
													-0.3,
													0.4,
													-0.1
												]
											},
											{
												"position": [
													0.7,
													0.4,
													-0.1
												]
											}
										]
									}
								},
								"key": "minecraft:scale",
								"is_minified": true,
								"children": {
									"value": 1
								}
							},
							{
								"open": {
									"minecraft:type_family": {
										"family": [
											"furniture"
										]
									},
									"minecraft:health": {
										"value": 1,
										"max": 1
									},
									"minecraft:collision_box": {
										"width": 1,
										"height": 1
									},
									"minecraft:scale": {
										"value": 1
									},
									"minecraft:knockback_resistance": {
										"value": 999,
										"max": 999
									},
									"minecraft:physics": {},
									"minecraft:pushable": {
										"is_pushable": false
									},
									"minecraft:rideable": {
										"crouching_skip_interact": true,
										"interact_text": "Sit",
										"seat_count": 2,
										"seats": [
											{
												"position": [
													-0.3,
													0.4,
													-0.1
												]
											},
											{
												"position": [
													0.7,
													0.4,
													-0.1
												]
											}
										]
									}
								},
								"key": "minecraft:knockback_resistance",
								"is_minified": true,
								"children": {
									"value": 999,
									"max": 999
								}
							},
							{
								"key": "minecraft:physics",
								"is_minified": true,
								"children": {}
							},
							{
								"open": {
									"minecraft:type_family": {
										"family": [
											"furniture"
										]
									},
									"minecraft:health": {
										"value": 1,
										"max": 1
									},
									"minecraft:collision_box": {
										"width": 1,
										"height": 1
									},
									"minecraft:scale": {
										"value": 1
									},
									"minecraft:knockback_resistance": {
										"value": 999,
										"max": 999
									},
									"minecraft:physics": {},
									"minecraft:pushable": {
										"is_pushable": false
									},
									"minecraft:rideable": {
										"crouching_skip_interact": true,
										"interact_text": "Sit",
										"seat_count": 2,
										"seats": [
											{
												"position": [
													-0.3,
													0.4,
													-0.1
												]
											},
											{
												"position": [
													0.7,
													0.4,
													-0.1
												]
											}
										]
									}
								},
								"key": "minecraft:pushable",
								"is_minified": true,
								"children": {
									"is_pushable": false
								}
							},
							{
								"open": {
									"minecraft:type_family": {
										"family": [
											"furniture"
										]
									},
									"minecraft:health": {
										"value": 1,
										"max": 1
									},
									"minecraft:collision_box": {
										"width": 1,
										"height": 1
									},
									"minecraft:scale": {
										"value": 1
									},
									"minecraft:knockback_resistance": {
										"value": 999,
										"max": 999
									},
									"minecraft:physics": {},
									"minecraft:pushable": {
										"is_pushable": false
									},
									"minecraft:rideable": {
										"crouching_skip_interact": true,
										"interact_text": "Sit",
										"seat_count": 2,
										"seats": [
											{
												"position": [
													-0.3,
													0.4,
													-0.1
												]
											},
											{
												"position": [
													0.7,
													0.4,
													-0.1
												]
											}
										]
									}
								},
								"key": "minecraft:rideable",
								"children": [
									{
										"data": "true",
										"key": "crouching_skip_interact"
									},
									{
										"data": "Sit",
										"key": "interact_text"
									},
									{
										"data": "2",
										"key": "seat_count"
									},
									{
										"open": {
											"crouching_skip_interact": true,
											"interact_text": "Sit",
											"seat_count": 2,
											"seats": [
												{
													"position": [
														-0.3,
														0.4,
														-0.1
													]
												},
												{
													"position": [
														0.7,
														0.4,
														-0.1
													]
												}
											]
										},
										"key": "seats",
										"children": [
											{
												"open": [
													{
														"position": [
															-0.3,
															0.4,
															-0.1
														]
													},
													{
														"position": [
															0.7,
															0.4,
															-0.1
														]
													}
												],
												"children": [
													{
														"open": {
															"position": [
																-0.3,
																0.4,
																-0.1
															]
														},
														"key": "position",
														"is_minified": true,
														"children": [
															-0.3,
															0.4,
															-0.1
														]
													}
												]
											},
											{
												"open": [
													{
														"position": [
															-0.3,
															0.4,
															-0.1
														]
													},
													{
														"position": [
															0.7,
															0.4,
															-0.1
														]
													}
												],
												"children": [
													{
														"open": {
															"position": [
																0.7,
																0.4,
																-0.1
															]
														},
														"key": "position",
														"is_minified": true,
														"children": [
															0.7,
															0.4,
															-0.1
														]
													}
												]
											}
										]
									}
								]
							}
						]
					}
				]
			}
		]
	}
}