{
	"file_path": "C:\\Users\\Hp\\AppData\\Local\\Packages\\Microsoft.MinecraftUWP_8wekyb3d8bbwe\\LocalState\\games\\com.mojang\\development_behavior_packs\\Screenfy FP (Behaviour)\\entities\\ceilingfan.json",
	"file_type": "entity",
	"format_version": 1,
	"file_uuid": "db9d80d4_d409_4d25_9782_af3976c32267",
	"file_version": 5,
	"cache_content": {
		"children": [
			{
				"open": {
					"format_version": "1.16.100",
					"minecraft:entity": {
						"description": {
							"identifier": "sf:ceilingfan",
							"is_spawnable": true,
							"is_summonable": true,
							"is_experimental": false
						},
						"component_groups": {},
						"events": {},
						"components": {
							"minecraft:type_family": {
								"family": [
									"furniture"
								]
							},
							"minecraft:health": {
								"value": 1,
								"max": 1
							},
							"minecraft:scale": {
								"value": 1.5
							},
							"minecraft:collision_box": {
								"width": 1,
								"height": 1
							},
							"minecraft:physics": {
								"has_collision": false,
								"has_gravity": false
							},
							"minecraft:pushable": {
								"is_pushable": false
							},
							"minecraft:knockback_resistance": {
								"value": 999,
								"max": 999
							}
						}
					}
				},
				"data": "1.16.100",
				"key": "format_version"
			},
			{
				"open": {
					"format_version": "1.16.100",
					"minecraft:entity": {
						"description": {
							"identifier": "sf:ceilingfan",
							"is_spawnable": true,
							"is_summonable": true,
							"is_experimental": false
						},
						"component_groups": {},
						"events": {},
						"components": {
							"minecraft:type_family": {
								"family": [
									"furniture"
								]
							},
							"minecraft:health": {
								"value": 1,
								"max": 1
							},
							"minecraft:scale": {
								"value": 1.5
							},
							"minecraft:collision_box": {
								"width": 1,
								"height": 1
							},
							"minecraft:physics": {
								"has_collision": false,
								"has_gravity": false
							},
							"minecraft:pushable": {
								"is_pushable": false
							},
							"minecraft:knockback_resistance": {
								"value": 999,
								"max": 999
							}
						}
					}
				},
				"key": "minecraft:entity",
				"children": [
					{
						"open": {
							"description": {
								"identifier": "sf:ceilingfan",
								"is_spawnable": true,
								"is_summonable": true,
								"is_experimental": false
							},
							"component_groups": {},
							"events": {},
							"components": {
								"minecraft:type_family": {
									"family": [
										"furniture"
									]
								},
								"minecraft:health": {
									"value": 1,
									"max": 1
								},
								"minecraft:scale": {
									"value": 1.5
								},
								"minecraft:collision_box": {
									"width": 1,
									"height": 1
								},
								"minecraft:physics": {
									"has_collision": false,
									"has_gravity": false
								},
								"minecraft:pushable": {
									"is_pushable": false
								},
								"minecraft:knockback_resistance": {
									"value": 999,
									"max": 999
								}
							}
						},
						"key": "description",
						"is_minified": true,
						"children": {
							"identifier": "sf:ceilingfan",
							"is_spawnable": true,
							"is_summonable": true,
							"is_experimental": false
						}
					},
					{
						"key": "component_groups",
						"is_minified": true,
						"children": {}
					},
					{
						"key": "events",
						"is_minified": true,
						"children": {}
					},
					{
						"open": {
							"description": {
								"identifier": "sf:ceilingfan",
								"is_spawnable": true,
								"is_summonable": true,
								"is_experimental": false
							},
							"component_groups": {},
							"events": {},
							"components": {
								"minecraft:type_family": {
									"family": [
										"furniture"
									]
								},
								"minecraft:health": {
									"value": 1,
									"max": 1
								},
								"minecraft:scale": {
									"value": 1.5
								},
								"minecraft:collision_box": {
									"width": 1,
									"height": 1
								},
								"minecraft:physics": {
									"has_collision": false,
									"has_gravity": false
								},
								"minecraft:pushable": {
									"is_pushable": false
								},
								"minecraft:knockback_resistance": {
									"value": 999,
									"max": 999
								}
							}
						},
						"key": "components",
						"children": [
							{
								"open": {
									"minecraft:type_family": {
										"family": [
											"furniture"
										]
									},
									"minecraft:health": {
										"value": 1,
										"max": 1
									},
									"minecraft:scale": {
										"value": 1.5
									},
									"minecraft:collision_box": {
										"width": 1,
										"height": 1
									},
									"minecraft:physics": {
										"has_collision": false,
										"has_gravity": false
									},
									"minecraft:pushable": {
										"is_pushable": false
									},
									"minecraft:knockback_resistance": {
										"value": 999,
										"max": 999
									}
								},
								"key": "minecraft:type_family",
								"children": [
									{
										"open": {
											"family": [
												"furniture"
											]
										},
										"key": "family",
										"is_minified": true,
										"children": [
											"furniture"
										]
									}
								]
							},
							{
								"open": {
									"minecraft:type_family": {
										"family": [
											"furniture"
										]
									},
									"minecraft:health": {
										"value": 1,
										"max": 1
									},
									"minecraft:scale": {
										"value": 1.5
									},
									"minecraft:collision_box": {
										"width": 1,
										"height": 1
									},
									"minecraft:physics": {
										"has_collision": false,
										"has_gravity": false
									},
									"minecraft:pushable": {
										"is_pushable": false
									},
									"minecraft:knockback_resistance": {
										"value": 999,
										"max": 999
									}
								},
								"key": "minecraft:health",
								"is_minified": true,
								"children": {
									"value": 1,
									"max": 1
								}
							},
							{
								"open": {
									"minecraft:type_family": {
										"family": [
											"furniture"
										]
									},
									"minecraft:health": {
										"value": 1,
										"max": 1
									},
									"minecraft:scale": {
										"value": 1.5
									},
									"minecraft:collision_box": {
										"width": 1,
										"height": 1
									},
									"minecraft:physics": {
										"has_collision": false,
										"has_gravity": false
									},
									"minecraft:pushable": {
										"is_pushable": false
									},
									"minecraft:knockback_resistance": {
										"value": 999,
										"max": 999
									}
								},
								"key": "minecraft:scale",
								"is_minified": true,
								"children": {
									"value": 1.5
								}
							},
							{
								"open": {
									"minecraft:type_family": {
										"family": [
											"furniture"
										]
									},
									"minecraft:health": {
										"value": 1,
										"max": 1
									},
									"minecraft:scale": {
										"value": 1.5
									},
									"minecraft:collision_box": {
										"width": 1,
										"height": 1
									},
									"minecraft:physics": {
										"has_collision": false,
										"has_gravity": false
									},
									"minecraft:pushable": {
										"is_pushable": false
									},
									"minecraft:knockback_resistance": {
										"value": 999,
										"max": 999
									}
								},
								"key": "minecraft:collision_box",
								"is_minified": true,
								"children": {
									"width": 1,
									"height": 1
								}
							},
							{
								"open": {
									"minecraft:type_family": {
										"family": [
											"furniture"
										]
									},
									"minecraft:health": {
										"value": 1,
										"max": 1
									},
									"minecraft:scale": {
										"value": 1.5
									},
									"minecraft:collision_box": {
										"width": 1,
										"height": 1
									},
									"minecraft:physics": {
										"has_collision": false,
										"has_gravity": false
									},
									"minecraft:pushable": {
										"is_pushable": false
									},
									"minecraft:knockback_resistance": {
										"value": 999,
										"max": 999
									}
								},
								"key": "minecraft:physics",
								"is_minified": true,
								"children": {
									"has_collision": false,
									"has_gravity": false
								}
							},
							{
								"open": {
									"minecraft:type_family": {
										"family": [
											"furniture"
										]
									},
									"minecraft:health": {
										"value": 1,
										"max": 1
									},
									"minecraft:scale": {
										"value": 1.5
									},
									"minecraft:collision_box": {
										"width": 1,
										"height": 1
									},
									"minecraft:physics": {
										"has_collision": false,
										"has_gravity": false
									},
									"minecraft:pushable": {
										"is_pushable": false
									},
									"minecraft:knockback_resistance": {
										"value": 999,
										"max": 999
									}
								},
								"key": "minecraft:pushable",
								"is_minified": true,
								"children": {
									"is_pushable": false
								}
							},
							{
								"open": {
									"minecraft:type_family": {
										"family": [
											"furniture"
										]
									},
									"minecraft:health": {
										"value": 1,
										"max": 1
									},
									"minecraft:scale": {
										"value": 1.5
									},
									"minecraft:collision_box": {
										"width": 1,
										"height": 1
									},
									"minecraft:physics": {
										"has_collision": false,
										"has_gravity": false
									},
									"minecraft:pushable": {
										"is_pushable": false
									},
									"minecraft:knockback_resistance": {
										"value": 999,
										"max": 999
									}
								},
								"key": "minecraft:knockback_resistance",
								"is_minified": true,
								"children": {
									"value": 999,
									"max": 999
								}
							}
						]
					}
				]
			}
		]
	}
}