{
	"file_path": "C:\\Users\\Hp\\AppData\\Local\\Packages\\Microsoft.MinecraftUWP_8wekyb3d8bbwe\\LocalState\\games\\com.mojang\\development_behavior_packs\\Screenfy FP (Behaviour)\\entities\\gamingsetup.json",
	"file_type": "entity",
	"format_version": 1,
	"file_uuid": "45202f60_f81d_493c_95e9_28fa8a36c3e1",
	"file_version": 6,
	"cache_content": {
		"children": [
			{
				"open": {
					"format_version": "1.16.100",
					"minecraft:entity": {
						"description": {
							"identifier": "sf:gamingsetup",
							"is_spawnable": true,
							"is_summonable": true,
							"is_experimental": false,
							"scripts": {
								"animate": [
									"gamingsetupon",
									"gamingsetupoff"
								]
							},
							"animations": {
								"gamingsetupon": "controller.animation.gamingsetuplighton",
								"gamingsetupoff": "controller.animation.gamingsetuplightoff"
							}
						},
						"component_groups": {},
						"events": {},
						"components": {
							"minecraft:type_family": {
								"family": [
									"furniture"
								]
							},
							"minecraft:health": {
								"value": 1,
								"max": 1
							},
							"minecraft:scale": {
								"value": 1.2
							},
							"minecraft:collision_box": {
								"width": 1,
								"height": 1
							},
							"minecraft:physics": {},
							"minecraft:pushable": {
								"is_pushable": false
							},
							"minecraft:knockback_resistance": {
								"value": 999,
								"max": 999
							},
							"minecraft:inventory": {
								"container_type": "container",
								"inventory_size": 27,
								"private": false
							}
						}
					}
				},
				"data": "1.16.100",
				"key": "format_version"
			},
			{
				"open": {
					"format_version": "1.16.100",
					"minecraft:entity": {
						"description": {
							"identifier": "sf:gamingsetup",
							"is_spawnable": true,
							"is_summonable": true,
							"is_experimental": false,
							"scripts": {
								"animate": [
									"gamingsetupon",
									"gamingsetupoff"
								]
							},
							"animations": {
								"gamingsetupon": "controller.animation.gamingsetuplighton",
								"gamingsetupoff": "controller.animation.gamingsetuplightoff"
							}
						},
						"component_groups": {},
						"events": {},
						"components": {
							"minecraft:type_family": {
								"family": [
									"furniture"
								]
							},
							"minecraft:health": {
								"value": 1,
								"max": 1
							},
							"minecraft:scale": {
								"value": 1.2
							},
							"minecraft:collision_box": {
								"width": 1,
								"height": 1
							},
							"minecraft:physics": {},
							"minecraft:pushable": {
								"is_pushable": false
							},
							"minecraft:knockback_resistance": {
								"value": 999,
								"max": 999
							},
							"minecraft:inventory": {
								"container_type": "container",
								"inventory_size": 27,
								"private": false
							}
						}
					}
				},
				"key": "minecraft:entity",
				"children": [
					{
						"open": {
							"description": {
								"identifier": "sf:gamingsetup",
								"is_spawnable": true,
								"is_summonable": true,
								"is_experimental": false,
								"scripts": {
									"animate": [
										"gamingsetupon",
										"gamingsetupoff"
									]
								},
								"animations": {
									"gamingsetupon": "controller.animation.gamingsetuplighton",
									"gamingsetupoff": "controller.animation.gamingsetuplightoff"
								}
							},
							"component_groups": {},
							"events": {},
							"components": {
								"minecraft:type_family": {
									"family": [
										"furniture"
									]
								},
								"minecraft:health": {
									"value": 1,
									"max": 1
								},
								"minecraft:scale": {
									"value": 1.2
								},
								"minecraft:collision_box": {
									"width": 1,
									"height": 1
								},
								"minecraft:physics": {},
								"minecraft:pushable": {
									"is_pushable": false
								},
								"minecraft:knockback_resistance": {
									"value": 999,
									"max": 999
								},
								"minecraft:inventory": {
									"container_type": "container",
									"inventory_size": 27,
									"private": false
								}
							}
						},
						"key": "description",
						"children": [
							{
								"data": "sf:gamingsetup",
								"key": "identifier"
							},
							{
								"data": "true",
								"key": "is_spawnable"
							},
							{
								"data": "true",
								"key": "is_summonable"
							},
							{
								"data": "false",
								"key": "is_experimental"
							},
							{
								"open": {
									"identifier": "sf:gamingsetup",
									"is_spawnable": true,
									"is_summonable": true,
									"is_experimental": false,
									"scripts": {
										"animate": [
											"gamingsetupon",
											"gamingsetupoff"
										]
									},
									"animations": {
										"gamingsetupon": "controller.animation.gamingsetuplighton",
										"gamingsetupoff": "controller.animation.gamingsetuplightoff"
									}
								},
								"key": "scripts",
								"children": [
									{
										"open": {
											"animate": [
												"gamingsetupon",
												"gamingsetupoff"
											]
										},
										"key": "animate",
										"is_minified": true,
										"children": [
											"gamingsetupon",
											"gamingsetupoff"
										]
									}
								]
							},
							{
								"open": {
									"identifier": "sf:gamingsetup",
									"is_spawnable": true,
									"is_summonable": true,
									"is_experimental": false,
									"scripts": {
										"animate": [
											"gamingsetupon",
											"gamingsetupoff"
										]
									},
									"animations": {
										"gamingsetupon": "controller.animation.gamingsetuplighton",
										"gamingsetupoff": "controller.animation.gamingsetuplightoff"
									}
								},
								"key": "animations",
								"is_minified": true,
								"children": {
									"gamingsetupon": "controller.animation.gamingsetuplighton",
									"gamingsetupoff": "controller.animation.gamingsetuplightoff"
								}
							}
						]
					},
					{
						"key": "component_groups",
						"is_minified": true,
						"children": {}
					},
					{
						"key": "events",
						"is_minified": true,
						"children": {}
					},
					{
						"open": {
							"description": {
								"identifier": "sf:gamingsetup",
								"is_spawnable": true,
								"is_summonable": true,
								"is_experimental": false,
								"scripts": {
									"animate": [
										"gamingsetupon",
										"gamingsetupoff"
									]
								},
								"animations": {
									"gamingsetupon": "controller.animation.gamingsetuplighton",
									"gamingsetupoff": "controller.animation.gamingsetuplightoff"
								}
							},
							"component_groups": {},
							"events": {},
							"components": {
								"minecraft:type_family": {
									"family": [
										"furniture"
									]
								},
								"minecraft:health": {
									"value": 1,
									"max": 1
								},
								"minecraft:scale": {
									"value": 1.2
								},
								"minecraft:collision_box": {
									"width": 1,
									"height": 1
								},
								"minecraft:physics": {},
								"minecraft:pushable": {
									"is_pushable": false
								},
								"minecraft:knockback_resistance": {
									"value": 999,
									"max": 999
								},
								"minecraft:inventory": {
									"container_type": "container",
									"inventory_size": 27,
									"private": false
								}
							}
						},
						"key": "components",
						"children": [
							{
								"open": {
									"minecraft:type_family": {
										"family": [
											"furniture"
										]
									},
									"minecraft:health": {
										"value": 1,
										"max": 1
									},
									"minecraft:scale": {
										"value": 1.2
									},
									"minecraft:collision_box": {
										"width": 1,
										"height": 1
									},
									"minecraft:physics": {},
									"minecraft:pushable": {
										"is_pushable": false
									},
									"minecraft:knockback_resistance": {
										"value": 999,
										"max": 999
									},
									"minecraft:inventory": {
										"container_type": "container",
										"inventory_size": 27,
										"private": false
									}
								},
								"key": "minecraft:type_family",
								"children": [
									{
										"open": {
											"family": [
												"furniture"
											]
										},
										"key": "family",
										"is_minified": true,
										"children": [
											"furniture"
										]
									}
								]
							},
							{
								"key": "minecraft:health",
								"is_minified": true,
								"children": {
									"value": 1,
									"max": 1
								}
							},
							{
								"open": {
									"minecraft:type_family": {
										"family": [
											"furniture"
										]
									},
									"minecraft:health": {
										"value": 1,
										"max": 1
									},
									"minecraft:scale": {
										"value": 1.2
									},
									"minecraft:collision_box": {
										"width": 1,
										"height": 1
									},
									"minecraft:physics": {},
									"minecraft:pushable": {
										"is_pushable": false
									},
									"minecraft:knockback_resistance": {
										"value": 999,
										"max": 999
									},
									"minecraft:inventory": {
										"container_type": "container",
										"inventory_size": 27,
										"private": false
									}
								},
								"key": "minecraft:scale",
								"is_minified": true,
								"children": {
									"value": 1.2
								}
							},
							{
								"key": "minecraft:collision_box",
								"is_minified": true,
								"children": {
									"width": 1,
									"height": 1
								}
							},
							{
								"key": "minecraft:physics",
								"is_minified": true,
								"children": {}
							},
							{
								"key": "minecraft:pushable",
								"is_minified": true,
								"children": {
									"is_pushable": false
								}
							},
							{
								"key": "minecraft:knockback_resistance",
								"is_minified": true,
								"children": {
									"value": 999,
									"max": 999
								}
							},
							{
								"key": "minecraft:inventory",
								"is_minified": true,
								"children": {
									"container_type": "container",
									"inventory_size": 27,
									"private": false
								}
							}
						]
					}
				]
			}
		]
	}
}