{
	"file_path": "C:\\Users\\Hp\\AppData\\Local\\Packages\\Microsoft.MinecraftUWP_8wekyb3d8bbwe\\LocalState\\games\\com.mojang\\development_behavior_packs\\Screenfy FP (Behaviour)\\entities\\lamptable.json",
	"file_type": "entity",
	"format_version": 1,
	"file_uuid": "b17c1111_9100_4463_8e10_d5c5b866ef44",
	"file_version": 6,
	"cache_content": {
		"children": [
			{
				"data": "1.16.100",
				"key": "format_version"
			},
			{
				"open": {
					"format_version": "1.16.100",
					"minecraft:entity": {
						"description": {
							"identifier": "sf:lamptable",
							"is_spawnable": true,
							"is_summonable": true,
							"is_experimental": false
						},
						"component_groups": {},
						"events": {},
						"components": {
							"minecraft:type_family": {
								"family": [
									"furniture"
								]
							},
							"minecraft:health": {
								"value": 1,
								"max": 1
							},
							"minecraft:knockback_resistance": {
								"value": 9999,
								"max": 999
							},
							"minecraft:scale": {
								"value": 0.7
							},
							"minecraft:collision_box": {
								"width": 1,
								"height": 1
							},
							"minecraft:physics": {},
							"minecraft:pushable": {
								"is_pushable": false
							},
							"minecraft:inventory": {
								"container_type": "container",
								"inventory_size": 27,
								"private": false
							}
						}
					}
				},
				"key": "minecraft:entity",
				"children": [
					{
						"open": {
							"description": {
								"identifier": "sf:lamptable",
								"is_spawnable": true,
								"is_summonable": true,
								"is_experimental": false
							},
							"component_groups": {},
							"events": {},
							"components": {
								"minecraft:type_family": {
									"family": [
										"furniture"
									]
								},
								"minecraft:health": {
									"value": 1,
									"max": 1
								},
								"minecraft:knockback_resistance": {
									"value": 9999,
									"max": 999
								},
								"minecraft:scale": {
									"value": 0.7
								},
								"minecraft:collision_box": {
									"width": 1,
									"height": 1
								},
								"minecraft:physics": {},
								"minecraft:pushable": {
									"is_pushable": false
								},
								"minecraft:inventory": {
									"container_type": "container",
									"inventory_size": 27,
									"private": false
								}
							}
						},
						"key": "description",
						"is_minified": true,
						"children": {
							"identifier": "sf:lamptable",
							"is_spawnable": true,
							"is_summonable": true,
							"is_experimental": false
						}
					},
					{
						"key": "component_groups",
						"is_minified": true,
						"children": {}
					},
					{
						"open": {
							"description": {
								"identifier": "sf:lamptable",
								"is_spawnable": true,
								"is_summonable": true,
								"is_experimental": false
							},
							"component_groups": {},
							"events": {},
							"components": {
								"minecraft:type_family": {
									"family": [
										"furniture"
									]
								},
								"minecraft:health": {
									"value": 1,
									"max": 1
								},
								"minecraft:knockback_resistance": {
									"value": 9999,
									"max": 999
								},
								"minecraft:scale": {
									"value": 0.7
								},
								"minecraft:collision_box": {
									"width": 1,
									"height": 1
								},
								"minecraft:physics": {},
								"minecraft:pushable": {
									"is_pushable": false
								},
								"minecraft:inventory": {
									"container_type": "container",
									"inventory_size": 27,
									"private": false
								}
							}
						},
						"key": "events",
						"is_minified": true,
						"children": {}
					},
					{
						"open": {
							"description": {
								"identifier": "sf:lamptable",
								"is_spawnable": true,
								"is_summonable": true,
								"is_experimental": false
							},
							"component_groups": {},
							"events": {},
							"components": {
								"minecraft:type_family": {
									"family": [
										"furniture"
									]
								},
								"minecraft:health": {
									"value": 1,
									"max": 1
								},
								"minecraft:knockback_resistance": {
									"value": 9999,
									"max": 999
								},
								"minecraft:scale": {
									"value": 0.7
								},
								"minecraft:collision_box": {
									"width": 1,
									"height": 1
								},
								"minecraft:physics": {},
								"minecraft:pushable": {
									"is_pushable": false
								},
								"minecraft:inventory": {
									"container_type": "container",
									"inventory_size": 27,
									"private": false
								}
							}
						},
						"key": "components",
						"children": [
							{
								"open": {
									"minecraft:type_family": {
										"family": [
											"furniture"
										]
									},
									"minecraft:health": {
										"value": 1,
										"max": 1
									},
									"minecraft:knockback_resistance": {
										"value": 9999,
										"max": 999
									},
									"minecraft:scale": {
										"value": 0.7
									},
									"minecraft:collision_box": {
										"width": 1,
										"height": 1
									},
									"minecraft:physics": {},
									"minecraft:pushable": {
										"is_pushable": false
									},
									"minecraft:inventory": {
										"container_type": "container",
										"inventory_size": 27,
										"private": false
									}
								},
								"key": "minecraft:type_family",
								"children": [
									{
										"open": {
											"family": [
												"furniture"
											]
										},
										"key": "family",
										"is_minified": true,
										"children": [
											"furniture"
										]
									}
								]
							},
							{
								"open": {
									"minecraft:type_family": {
										"family": [
											"furniture"
										]
									},
									"minecraft:health": {
										"value": 1,
										"max": 1
									},
									"minecraft:knockback_resistance": {
										"value": 9999,
										"max": 999
									},
									"minecraft:scale": {
										"value": 0.7
									},
									"minecraft:collision_box": {
										"width": 1,
										"height": 1
									},
									"minecraft:physics": {},
									"minecraft:pushable": {
										"is_pushable": false
									},
									"minecraft:inventory": {
										"container_type": "container",
										"inventory_size": 27,
										"private": false
									}
								},
								"key": "minecraft:health",
								"is_minified": true,
								"children": {
									"value": 1,
									"max": 1
								}
							},
							{
								"open": {
									"minecraft:type_family": {
										"family": [
											"furniture"
										]
									},
									"minecraft:health": {
										"value": 1,
										"max": 1
									},
									"minecraft:knockback_resistance": {
										"value": 9999,
										"max": 999
									},
									"minecraft:scale": {
										"value": 0.7
									},
									"minecraft:collision_box": {
										"width": 1,
										"height": 1
									},
									"minecraft:physics": {},
									"minecraft:pushable": {
										"is_pushable": false
									},
									"minecraft:inventory": {
										"container_type": "container",
										"inventory_size": 27,
										"private": false
									}
								},
								"key": "minecraft:knockback_resistance",
								"is_minified": true,
								"children": {
									"value": 9999,
									"max": 999
								}
							},
							{
								"open": {
									"minecraft:type_family": {
										"family": [
											"furniture"
										]
									},
									"minecraft:health": {
										"value": 1,
										"max": 1
									},
									"minecraft:knockback_resistance": {
										"value": 9999,
										"max": 999
									},
									"minecraft:scale": {
										"value": 0.7
									},
									"minecraft:collision_box": {
										"width": 1,
										"height": 1
									},
									"minecraft:physics": {},
									"minecraft:pushable": {
										"is_pushable": false
									},
									"minecraft:inventory": {
										"container_type": "container",
										"inventory_size": 27,
										"private": false
									}
								},
								"key": "minecraft:scale",
								"is_minified": true,
								"children": {
									"value": 0.7
								}
							},
							{
								"open": {
									"minecraft:type_family": {
										"family": [
											"furniture"
										]
									},
									"minecraft:health": {
										"value": 1,
										"max": 1
									},
									"minecraft:knockback_resistance": {
										"value": 9999,
										"max": 999
									},
									"minecraft:scale": {
										"value": 0.7
									},
									"minecraft:collision_box": {
										"width": 1,
										"height": 1
									},
									"minecraft:physics": {},
									"minecraft:pushable": {
										"is_pushable": false
									},
									"minecraft:inventory": {
										"container_type": "container",
										"inventory_size": 27,
										"private": false
									}
								},
								"key": "minecraft:collision_box",
								"is_minified": true,
								"children": {
									"width": 1,
									"height": 1
								}
							},
							{
								"key": "minecraft:physics",
								"is_minified": true,
								"children": {}
							},
							{
								"open": {
									"minecraft:type_family": {
										"family": [
											"furniture"
										]
									},
									"minecraft:health": {
										"value": 1,
										"max": 1
									},
									"minecraft:knockback_resistance": {
										"value": 9999,
										"max": 999
									},
									"minecraft:scale": {
										"value": 0.7
									},
									"minecraft:collision_box": {
										"width": 1,
										"height": 1
									},
									"minecraft:physics": {},
									"minecraft:pushable": {
										"is_pushable": false
									},
									"minecraft:inventory": {
										"container_type": "container",
										"inventory_size": 27,
										"private": false
									}
								},
								"key": "minecraft:pushable",
								"is_minified": true,
								"children": {
									"is_pushable": false
								}
							},
							{
								"open": {
									"minecraft:type_family": {
										"family": [
											"furniture"
										]
									},
									"minecraft:health": {
										"value": 1,
										"max": 1
									},
									"minecraft:knockback_resistance": {
										"value": 9999,
										"max": 999
									},
									"minecraft:scale": {
										"value": 0.7
									},
									"minecraft:collision_box": {
										"width": 1,
										"height": 1
									},
									"minecraft:physics": {},
									"minecraft:pushable": {
										"is_pushable": false
									},
									"minecraft:inventory": {
										"container_type": "container",
										"inventory_size": 27,
										"private": false
									}
								},
								"key": "minecraft:inventory",
								"is_minified": true,
								"children": {
									"container_type": "container",
									"inventory_size": 27,
									"private": false
								}
							}
						]
					}
				]
			}
		]
	}
}