{
	"file_path": "C:\\Users\\Hp\\AppData\\Local\\Packages\\Microsoft.MinecraftUWP_8wekyb3d8bbwe\\LocalState\\games\\com.mojang\\development_behavior_packs\\Screenfy FP (Behaviour)\\entities\\modernsink.json",
	"file_type": "entity",
	"format_version": 1,
	"file_uuid": "21fe8b66_7be6_442d_a35d_d6a68b421150",
	"file_version": 4,
	"cache_content": {
		"children": [
			{
				"data": "1.16.100",
				"key": "format_version"
			},
			{
				"open": {
					"format_version": "1.16.100",
					"minecraft:entity": {
						"description": {
							"identifier": "sf:modernsink",
							"is_spawnable": true,
							"is_summonable": true,
							"is_experimental": false,
							"scripts": {
								"animate": [
									"modernsinkon",
									"modernsinkoff"
								]
							},
							"animations": {
								"modernsinkon": "controller.animation.modernsinklighton",
								"modernsinkoff": "controller.animation.modernsinklightoff"
							}
						},
						"components": {
							"minecraft:type_family": {
								"family": [
									"furniture"
								]
							},
							"minecraft:health": {
								"value": 1,
								"max": 1
							},
							"minecraft:scale": {
								"value": 1.5
							},
							"minecraft:collision_box": {
								"width": 1,
								"height": 1
							},
							"minecraft:physics": {},
							"minecraft:pushable": {
								"is_pushable": false
							},
							"minecraft:knockback_resistance": {
								"value": 999,
								"max": 999
							}
						},
						"events": {},
						"component_groups": {}
					}
				},
				"key": "minecraft:entity",
				"children": [
					{
						"open": {
							"description": {
								"identifier": "sf:modernsink",
								"is_spawnable": true,
								"is_summonable": true,
								"is_experimental": false,
								"scripts": {
									"animate": [
										"modernsinkon",
										"modernsinkoff"
									]
								},
								"animations": {
									"modernsinkon": "controller.animation.modernsinklighton",
									"modernsinkoff": "controller.animation.modernsinklightoff"
								}
							},
							"components": {
								"minecraft:type_family": {
									"family": [
										"furniture"
									]
								},
								"minecraft:health": {
									"value": 1,
									"max": 1
								},
								"minecraft:scale": {
									"value": 1.5
								},
								"minecraft:collision_box": {
									"width": 1,
									"height": 1
								},
								"minecraft:physics": {},
								"minecraft:pushable": {
									"is_pushable": false
								},
								"minecraft:knockback_resistance": {
									"value": 999,
									"max": 999
								}
							},
							"events": {},
							"component_groups": {}
						},
						"key": "description",
						"children": [
							{
								"data": "sf:modernsink",
								"key": "identifier"
							},
							{
								"data": "true",
								"key": "is_spawnable"
							},
							{
								"data": "true",
								"key": "is_summonable"
							},
							{
								"data": "false",
								"key": "is_experimental"
							},
							{
								"open": {
									"identifier": "sf:modernsink",
									"is_spawnable": true,
									"is_summonable": true,
									"is_experimental": false,
									"scripts": {
										"animate": [
											"modernsinkon",
											"modernsinkoff"
										]
									},
									"animations": {
										"modernsinkon": "controller.animation.modernsinklighton",
										"modernsinkoff": "controller.animation.modernsinklightoff"
									}
								},
								"key": "scripts",
								"children": [
									{
										"open": {
											"animate": [
												"modernsinkon",
												"modernsinkoff"
											]
										},
										"key": "animate",
										"is_minified": true,
										"children": [
											"modernsinkon",
											"modernsinkoff"
										]
									}
								]
							},
							{
								"open": {
									"identifier": "sf:modernsink",
									"is_spawnable": true,
									"is_summonable": true,
									"is_experimental": false,
									"scripts": {
										"animate": [
											"modernsinkon",
											"modernsinkoff"
										]
									},
									"animations": {
										"modernsinkon": "controller.animation.modernsinklighton",
										"modernsinkoff": "controller.animation.modernsinklightoff"
									}
								},
								"key": "animations",
								"is_minified": true,
								"children": {
									"modernsinkon": "controller.animation.modernsinklighton",
									"modernsinkoff": "controller.animation.modernsinklightoff"
								}
							}
						]
					},
					{
						"open": {
							"description": {
								"identifier": "sf:modernsink",
								"is_spawnable": true,
								"is_summonable": true,
								"is_experimental": false,
								"scripts": {
									"animate": [
										"modernsinkon",
										"modernsinkoff"
									]
								},
								"animations": {
									"modernsinkon": "controller.animation.modernsinklighton",
									"modernsinkoff": "controller.animation.modernsinklightoff"
								}
							},
							"components": {
								"minecraft:type_family": {
									"family": [
										"furniture"
									]
								},
								"minecraft:health": {
									"value": 1,
									"max": 1
								},
								"minecraft:scale": {
									"value": 1.5
								},
								"minecraft:collision_box": {
									"width": 1,
									"height": 1
								},
								"minecraft:physics": {},
								"minecraft:pushable": {
									"is_pushable": false
								},
								"minecraft:knockback_resistance": {
									"value": 999,
									"max": 999
								}
							},
							"events": {},
							"component_groups": {}
						},
						"key": "components",
						"children": [
							{
								"key": "minecraft:type_family",
								"is_minified": true,
								"children": {
									"family": [
										"furniture"
									]
								}
							},
							{
								"key": "minecraft:health",
								"is_minified": true,
								"children": {
									"value": 1,
									"max": 1
								}
							},
							{
								"open": {
									"minecraft:type_family": {
										"family": [
											"furniture"
										]
									},
									"minecraft:health": {
										"value": 1,
										"max": 1
									},
									"minecraft:scale": {
										"value": 1.5
									},
									"minecraft:collision_box": {
										"width": 1,
										"height": 1
									},
									"minecraft:physics": {},
									"minecraft:pushable": {
										"is_pushable": false
									},
									"minecraft:knockback_resistance": {
										"value": 999,
										"max": 999
									}
								},
								"key": "minecraft:scale",
								"is_minified": true,
								"children": {
									"value": 1.5
								}
							},
							{
								"key": "minecraft:collision_box",
								"is_minified": true,
								"children": {
									"width": 1,
									"height": 1
								}
							},
							{
								"key": "minecraft:physics",
								"is_minified": true,
								"children": {}
							},
							{
								"key": "minecraft:pushable",
								"is_minified": true,
								"children": {
									"is_pushable": false
								}
							},
							{
								"key": "minecraft:knockback_resistance",
								"is_minified": true,
								"children": {
									"value": 999,
									"max": 999
								}
							}
						]
					},
					{
						"key": "events",
						"is_minified": true,
						"children": {}
					},
					{
						"key": "component_groups",
						"is_minified": true,
						"children": {}
					}
				]
			}
		]
	}
}