{
	"file_path": "C:\\Users\\Hp\\AppData\\Local\\Packages\\Microsoft.MinecraftUWP_8wekyb3d8bbwe\\LocalState\\games\\com.mojang\\development_behavior_packs\\Screenfy FP (Behaviour)\\entities\\officechairblue.json",
	"file_type": "entity",
	"format_version": 1,
	"file_uuid": "86da2d75_ceb9_4f93_9763_cc0c9738b3e6",
	"file_version": 9,
	"cache_content": {
		"children": [
			{
				"data": "1.16.100",
				"key": "format_version"
			},
			{
				"open": {
					"format_version": "1.16.100",
					"minecraft:entity": {
						"description": {
							"identifier": "sf:officechairblue",
							"is_spawnable": true,
							"is_summonable": true,
							"is_experimental": false
						},
						"component_groups": {},
						"events": {},
						"components": {
							"minecraft:type_family": {
								"family": "furniture"
							},
							"minecraft:scale": {
								"value": 1.3
							},
							"minecraft:collision_box": {
								"width": 1,
								"height": 1
							},
							"minecraft:knockback_resistance": {
								"value": 999,
								"max": 999
							},
							"minecraft:physics": {},
							"minecraft:pushable": {
								"is_pushable": false
							},
							"minecraft:rideable": {
								"seat_count": 1,
								"crouching_skip_interact": true,
								"interact_text": "Sit",
								"seats": [
									{
										"position": [
											0,
											0.6,
											0
										]
									}
								]
							},
							"minecraft:input_ground_controlled": {},
							"minecraft:movement.basic": {},
							"minecraft:health": {
								"value": 1,
								"max": 1
							},
							"minecraft:movement": {
								"value": 0.1
							}
						}
					}
				},
				"key": "minecraft:entity",
				"children": [
					{
						"open": {
							"description": {
								"identifier": "sf:officechairblue",
								"is_spawnable": true,
								"is_summonable": true,
								"is_experimental": false
							},
							"component_groups": {},
							"events": {},
							"components": {
								"minecraft:type_family": {
									"family": "furniture"
								},
								"minecraft:scale": {
									"value": 1.3
								},
								"minecraft:collision_box": {
									"width": 1,
									"height": 1
								},
								"minecraft:knockback_resistance": {
									"value": 999,
									"max": 999
								},
								"minecraft:physics": {},
								"minecraft:pushable": {
									"is_pushable": false
								},
								"minecraft:rideable": {
									"seat_count": 1,
									"crouching_skip_interact": true,
									"interact_text": "Sit",
									"seats": [
										{
											"position": [
												0,
												0.6,
												0
											]
										}
									]
								},
								"minecraft:input_ground_controlled": {},
								"minecraft:movement.basic": {},
								"minecraft:health": {
									"value": 1,
									"max": 1
								},
								"minecraft:movement": {
									"value": 0.1
								}
							}
						},
						"key": "description",
						"is_minified": true,
						"children": {
							"identifier": "sf:officechairblue",
							"is_spawnable": true,
							"is_summonable": true,
							"is_experimental": false
						}
					},
					{
						"key": "component_groups",
						"is_minified": true,
						"children": {}
					},
					{
						"key": "events",
						"is_minified": true,
						"children": {}
					},
					{
						"open": {
							"description": {
								"identifier": "sf:officechairblue",
								"is_spawnable": true,
								"is_summonable": true,
								"is_experimental": false
							},
							"component_groups": {},
							"events": {},
							"components": {
								"minecraft:type_family": {
									"family": "furniture"
								},
								"minecraft:scale": {
									"value": 1.3
								},
								"minecraft:collision_box": {
									"width": 1,
									"height": 1
								},
								"minecraft:knockback_resistance": {
									"value": 999,
									"max": 999
								},
								"minecraft:physics": {},
								"minecraft:pushable": {
									"is_pushable": false
								},
								"minecraft:rideable": {
									"seat_count": 1,
									"crouching_skip_interact": true,
									"interact_text": "Sit",
									"seats": [
										{
											"position": [
												0,
												0.6,
												0
											]
										}
									]
								},
								"minecraft:input_ground_controlled": {},
								"minecraft:movement.basic": {},
								"minecraft:health": {
									"value": 1,
									"max": 1
								},
								"minecraft:movement": {
									"value": 0.1
								}
							}
						},
						"key": "components",
						"children": [
							{
								"key": "minecraft:type_family",
								"is_minified": true,
								"children": {
									"family": "furniture"
								}
							},
							{
								"open": {
									"minecraft:type_family": {
										"family": "furniture"
									},
									"minecraft:scale": {
										"value": 1.3
									},
									"minecraft:collision_box": {
										"width": 1,
										"height": 1
									},
									"minecraft:knockback_resistance": {
										"value": 999,
										"max": 999
									},
									"minecraft:physics": {},
									"minecraft:pushable": {
										"is_pushable": false
									},
									"minecraft:rideable": {
										"seat_count": 1,
										"crouching_skip_interact": true,
										"interact_text": "Sit",
										"seats": [
											{
												"position": [
													0,
													0.6,
													0
												]
											}
										]
									},
									"minecraft:input_ground_controlled": {},
									"minecraft:movement.basic": {},
									"minecraft:health": {
										"value": 1,
										"max": 1
									},
									"minecraft:movement": {
										"value": 0.1
									}
								},
								"key": "minecraft:scale",
								"is_minified": true,
								"children": {
									"value": 1.3
								}
							},
							{
								"key": "minecraft:collision_box",
								"is_minified": true,
								"children": {
									"width": 1,
									"height": 1
								}
							},
							{
								"key": "minecraft:knockback_resistance",
								"is_minified": true,
								"children": {
									"value": 999,
									"max": 999
								}
							},
							{
								"key": "minecraft:physics",
								"is_minified": true,
								"children": {}
							},
							{
								"key": "minecraft:pushable",
								"is_minified": true,
								"children": {
									"is_pushable": false
								}
							},
							{
								"key": "minecraft:rideable",
								"is_minified": true,
								"children": {
									"seat_count": 1,
									"crouching_skip_interact": true,
									"interact_text": "Sit",
									"seats": [
										{
											"position": [
												0,
												0.6,
												0
											]
										}
									]
								}
							},
							{
								"key": "minecraft:input_ground_controlled",
								"is_minified": true,
								"children": {}
							},
							{
								"key": "minecraft:movement.basic",
								"is_minified": true,
								"children": {}
							},
							{
								"key": "minecraft:health",
								"is_minified": true,
								"children": {
									"value": 1,
									"max": 1
								}
							},
							{
								"open": {
									"minecraft:type_family": {
										"family": "furniture"
									},
									"minecraft:scale": {
										"value": 1.3
									},
									"minecraft:collision_box": {
										"width": 1,
										"height": 1
									},
									"minecraft:knockback_resistance": {
										"value": 999,
										"max": 999
									},
									"minecraft:physics": {},
									"minecraft:pushable": {
										"is_pushable": false
									},
									"minecraft:rideable": {
										"seat_count": 1,
										"crouching_skip_interact": true,
										"interact_text": "Sit",
										"seats": [
											{
												"position": [
													0,
													0.6,
													0
												]
											}
										]
									},
									"minecraft:input_ground_controlled": {},
									"minecraft:movement.basic": {},
									"minecraft:health": {
										"value": 1,
										"max": 1
									},
									"minecraft:movement": {
										"value": 0.1
									}
								},
								"key": "minecraft:movement",
								"is_minified": true,
								"children": {
									"value": 0.1
								}
							}
						]
					}
				]
			}
		]
	}
}