{
	"file_path": "C:\\Users\\Hp\\AppData\\Local\\Packages\\Microsoft.MinecraftUWP_8wekyb3d8bbwe\\LocalState\\games\\com.mojang\\development_behavior_packs\\Screenfy FP (Behaviour)\\entities\\picnictableumbrella.json",
	"file_type": "entity",
	"format_version": 1,
	"file_uuid": "003bf85e_bab4_4e63_872d_2651a98f45ff",
	"file_version": 4,
	"cache_content": {
		"children": [
			{
				"data": "1.16.100",
				"key": "format_version"
			},
			{
				"open": {
					"format_version": "1.16.100",
					"minecraft:entity": {
						"description": {
							"identifier": "sf:picnictableumbrella",
							"is_spawnable": true,
							"is_summonable": true,
							"is_experimental": false
						},
						"component_groups": {},
						"events": {},
						"components": {
							"minecraft:type_family": {
								"family": [
									"furniture"
								]
							},
							"minecraft:scale": {
								"value": 1
							},
							"minecraft:collision_box": {
								"width": 1,
								"height": 1
							},
							"minecraft:knockback_resistance": {
								"value": 99999,
								"max": 9999
							},
							"minecraft:health": {
								"value": 1,
								"max": 1
							},
							"minecraft:physics": {},
							"minecraft:pushable": {
								"is_pushable": false
							},
							"minecraft:rideable": {
								"seat_count": 4,
								"interact_text": "Sit",
								"seats": [
									{
										"position": [
											0.5,
											0.3,
											-0.7
										]
									},
									{
										"position": [
											0.5,
											0.3,
											0.6
										]
									},
									{
										"position": [
											-0.4,
											0.3,
											0.6
										]
									},
									{
										"position": [
											-0.4,
											0.3,
											-0.7
										]
									}
								],
								"crouching_skip_interact": true
							}
						}
					}
				},
				"key": "minecraft:entity",
				"children": [
					{
						"open": {
							"description": {
								"identifier": "sf:picnictableumbrella",
								"is_spawnable": true,
								"is_summonable": true,
								"is_experimental": false
							},
							"component_groups": {},
							"events": {},
							"components": {
								"minecraft:type_family": {
									"family": [
										"furniture"
									]
								},
								"minecraft:scale": {
									"value": 1
								},
								"minecraft:collision_box": {
									"width": 1,
									"height": 1
								},
								"minecraft:knockback_resistance": {
									"value": 99999,
									"max": 9999
								},
								"minecraft:health": {
									"value": 1,
									"max": 1
								},
								"minecraft:physics": {},
								"minecraft:pushable": {
									"is_pushable": false
								},
								"minecraft:rideable": {
									"seat_count": 4,
									"interact_text": "Sit",
									"seats": [
										{
											"position": [
												0.5,
												0.3,
												-0.7
											]
										},
										{
											"position": [
												0.5,
												0.3,
												0.6
											]
										},
										{
											"position": [
												-0.4,
												0.3,
												0.6
											]
										},
										{
											"position": [
												-0.4,
												0.3,
												-0.7
											]
										}
									],
									"crouching_skip_interact": true
								}
							}
						},
						"key": "description",
						"is_minified": true,
						"children": {
							"identifier": "sf:picnictableumbrella",
							"is_spawnable": true,
							"is_summonable": true,
							"is_experimental": false
						}
					},
					{
						"key": "component_groups",
						"is_minified": true,
						"children": {}
					},
					{
						"key": "events",
						"is_minified": true,
						"children": {}
					},
					{
						"open": {
							"description": {
								"identifier": "sf:picnictableumbrella",
								"is_spawnable": true,
								"is_summonable": true,
								"is_experimental": false
							},
							"component_groups": {},
							"events": {},
							"components": {
								"minecraft:type_family": {
									"family": [
										"furniture"
									]
								},
								"minecraft:scale": {
									"value": 1
								},
								"minecraft:collision_box": {
									"width": 1,
									"height": 1
								},
								"minecraft:knockback_resistance": {
									"value": 99999,
									"max": 9999
								},
								"minecraft:health": {
									"value": 1,
									"max": 1
								},
								"minecraft:physics": {},
								"minecraft:pushable": {
									"is_pushable": false
								},
								"minecraft:rideable": {
									"seat_count": 4,
									"interact_text": "Sit",
									"seats": [
										{
											"position": [
												0.5,
												0.3,
												-0.7
											]
										},
										{
											"position": [
												0.5,
												0.3,
												0.6
											]
										},
										{
											"position": [
												-0.4,
												0.3,
												0.6
											]
										},
										{
											"position": [
												-0.4,
												0.3,
												-0.7
											]
										}
									],
									"crouching_skip_interact": true
								}
							}
						},
						"key": "components",
						"children": [
							{
								"open": {
									"minecraft:type_family": {
										"family": [
											"furniture"
										]
									},
									"minecraft:scale": {
										"value": 1
									},
									"minecraft:collision_box": {
										"width": 1,
										"height": 1
									},
									"minecraft:knockback_resistance": {
										"value": 99999,
										"max": 9999
									},
									"minecraft:health": {
										"value": 1,
										"max": 1
									},
									"minecraft:physics": {},
									"minecraft:pushable": {
										"is_pushable": false
									},
									"minecraft:rideable": {
										"seat_count": 4,
										"interact_text": "Sit",
										"seats": [
											{
												"position": [
													0.5,
													0.3,
													-0.7
												]
											},
											{
												"position": [
													0.5,
													0.3,
													0.6
												]
											},
											{
												"position": [
													-0.4,
													0.3,
													0.6
												]
											},
											{
												"position": [
													-0.4,
													0.3,
													-0.7
												]
											}
										],
										"crouching_skip_interact": true
									}
								},
								"key": "minecraft:type_family",
								"children": [
									{
										"open": {
											"family": [
												"furniture"
											]
										},
										"key": "family",
										"is_minified": true,
										"children": [
											"furniture"
										]
									}
								]
							},
							{
								"open": {
									"minecraft:type_family": {
										"family": [
											"furniture"
										]
									},
									"minecraft:scale": {
										"value": 1
									},
									"minecraft:collision_box": {
										"width": 1,
										"height": 1
									},
									"minecraft:knockback_resistance": {
										"value": 99999,
										"max": 9999
									},
									"minecraft:health": {
										"value": 1,
										"max": 1
									},
									"minecraft:physics": {},
									"minecraft:pushable": {
										"is_pushable": false
									},
									"minecraft:rideable": {
										"seat_count": 4,
										"interact_text": "Sit",
										"seats": [
											{
												"position": [
													0.5,
													0.3,
													-0.7
												]
											},
											{
												"position": [
													0.5,
													0.3,
													0.6
												]
											},
											{
												"position": [
													-0.4,
													0.3,
													0.6
												]
											},
											{
												"position": [
													-0.4,
													0.3,
													-0.7
												]
											}
										],
										"crouching_skip_interact": true
									}
								},
								"key": "minecraft:scale",
								"is_minified": true,
								"children": {
									"value": 1
								}
							},
							{
								"key": "minecraft:collision_box",
								"is_minified": true,
								"children": {
									"width": 1,
									"height": 1
								}
							},
							{
								"key": "minecraft:knockback_resistance",
								"is_minified": true,
								"children": {
									"value": 99999,
									"max": 9999
								}
							},
							{
								"key": "minecraft:health",
								"is_minified": true,
								"children": {
									"value": 1,
									"max": 1
								}
							},
							{
								"key": "minecraft:physics",
								"is_minified": true,
								"children": {}
							},
							{
								"key": "minecraft:pushable",
								"is_minified": true,
								"children": {
									"is_pushable": false
								}
							},
							{
								"open": {
									"minecraft:type_family": {
										"family": [
											"furniture"
										]
									},
									"minecraft:scale": {
										"value": 1
									},
									"minecraft:collision_box": {
										"width": 1,
										"height": 1
									},
									"minecraft:knockback_resistance": {
										"value": 99999,
										"max": 9999
									},
									"minecraft:health": {
										"value": 1,
										"max": 1
									},
									"minecraft:physics": {},
									"minecraft:pushable": {
										"is_pushable": false
									},
									"minecraft:rideable": {
										"seat_count": 4,
										"interact_text": "Sit",
										"seats": [
											{
												"position": [
													0.5,
													0.3,
													-0.7
												]
											},
											{
												"position": [
													0.5,
													0.3,
													0.6
												]
											},
											{
												"position": [
													-0.4,
													0.3,
													0.6
												]
											},
											{
												"position": [
													-0.4,
													0.3,
													-0.7
												]
											}
										],
										"crouching_skip_interact": true
									}
								},
								"key": "minecraft:rideable",
								"is_minified": true,
								"children": {
									"seat_count": 4,
									"interact_text": "Sit",
									"seats": [
										{
											"position": [
												0.5,
												0.3,
												-0.7
											]
										},
										{
											"position": [
												0.5,
												0.3,
												0.6
											]
										},
										{
											"position": [
												-0.4,
												0.3,
												0.6
											]
										},
										{
											"position": [
												-0.4,
												0.3,
												-0.7
											]
										}
									],
									"crouching_skip_interact": true
								}
							}
						]
					}
				]
			}
		]
	}
}