{
	"file_path": "C:\\Users\\Hp\\AppData\\Local\\Packages\\Microsoft.MinecraftUWP_8wekyb3d8bbwe\\LocalState\\games\\com.mojang\\development_behavior_packs\\Screenfy FP (Behaviour)\\entities\\redcouch.json",
	"file_type": "entity",
	"format_version": 1,
	"file_uuid": "557b9a6a_40da_4348_9d4c_02833aefe5b9",
	"file_version": 1,
	"cache_content": {
		"children": [
			{
				"data": "1.16.100",
				"key": "format_version"
			},
			{
				"open": {
					"format_version": "1.16.100",
					"minecraft:entity": {
						"description": {
							"identifier": "sf:redcouch",
							"is_spawnable": true,
							"is_summonable": true,
							"is_experimental": false
						},
						"components": {
							"minecraft:type_family": {
								"family": [
									"furniture"
								]
							},
							"minecraft:health": {
								"value": 1,
								"max": 1
							},
							"minecraft:collision_box": {
								"width": 1,
								"height": 1
							},
							"minecraft:scale": {
								"value": 1
							},
							"minecraft:knockback_resistance": {
								"value": 999,
								"max": 999
							},
							"minecraft:physics": {},
							"minecraft:pushable": {
								"is_pushable": false
							},
							"minecraft:rideable": {
								"crouching_skip_interact": true,
								"interact_text": "Sit",
								"seat_count": 2,
								"seats": [
									{
										"position": [
											-0.3,
											0.4,
											-0.1
										]
									},
									{
										"position": [
											0.7,
											0.4,
											-0.1
										]
									}
								]
							}
						},
						"component_groups": {},
						"events": {}
					}
				},
				"key": "minecraft:entity",
				"children": [
					{
						"open": {
							"description": {
								"identifier": "sf:redcouch",
								"is_spawnable": true,
								"is_summonable": true,
								"is_experimental": false
							},
							"components": {
								"minecraft:type_family": {
									"family": [
										"furniture"
									]
								},
								"minecraft:health": {
									"value": 1,
									"max": 1
								},
								"minecraft:collision_box": {
									"width": 1,
									"height": 1
								},
								"minecraft:scale": {
									"value": 1
								},
								"minecraft:knockback_resistance": {
									"value": 999,
									"max": 999
								},
								"minecraft:physics": {},
								"minecraft:pushable": {
									"is_pushable": false
								},
								"minecraft:rideable": {
									"crouching_skip_interact": true,
									"interact_text": "Sit",
									"seat_count": 2,
									"seats": [
										{
											"position": [
												-0.3,
												0.4,
												-0.1
											]
										},
										{
											"position": [
												0.7,
												0.4,
												-0.1
											]
										}
									]
								}
							},
							"component_groups": {},
							"events": {}
						},
						"key": "description",
						"is_minified": true,
						"children": {
							"identifier": "sf:redcouch",
							"is_spawnable": true,
							"is_summonable": true,
							"is_experimental": false
						}
					},
					{
						"key": "components",
						"is_minified": true,
						"children": {
							"minecraft:type_family": {
								"family": [
									"furniture"
								]
							},
							"minecraft:health": {
								"value": 1,
								"max": 1
							},
							"minecraft:collision_box": {
								"width": 1,
								"height": 1
							},
							"minecraft:scale": {
								"value": 1
							},
							"minecraft:knockback_resistance": {
								"value": 999,
								"max": 999
							},
							"minecraft:physics": {},
							"minecraft:pushable": {
								"is_pushable": false
							},
							"minecraft:rideable": {
								"crouching_skip_interact": true,
								"interact_text": "Sit",
								"seat_count": 2,
								"seats": [
									{
										"position": [
											-0.3,
											0.4,
											-0.1
										]
									},
									{
										"position": [
											0.7,
											0.4,
											-0.1
										]
									}
								]
							}
						}
					},
					{
						"key": "component_groups",
						"is_minified": true,
						"children": {}
					},
					{
						"key": "events",
						"is_minified": true,
						"children": {}
					}
				]
			}
		]
	}
}