{
	"file_path": "C:\\Users\\Hp\\AppData\\Local\\Packages\\Microsoft.MinecraftUWP_8wekyb3d8bbwe\\LocalState\\games\\com.mojang\\development_behavior_packs\\Screenfy FP (Behaviour)\\entities\\shelf.json",
	"file_type": "entity",
	"format_version": 1,
	"file_uuid": "a8061843_9554_4434_8318_9f6212f45e21",
	"file_version": 2,
	"cache_content": {
		"children": [
			{
				"data": "1.16.100",
				"key": "format_version"
			},
			{
				"open": {
					"format_version": "1.16.100",
					"minecraft:entity": {
						"description": {
							"identifier": "sf:shelf",
							"is_spawnable": true,
							"is_summonable": true,
							"is_experimental": false
						},
						"components": {
							"minecraft:type_family": {
								"family": [
									"furniture"
								]
							},
							"minecraft:scale": {
								"value": 1.6
							},
							"minecraft:collision_box": {
								"width": 1,
								"height": 1
							},
							"minecraft:health": {
								"value": 1,
								"max": 1
							},
							"minecraft:knockback_resistance": {
								"value": 999,
								"max": 999
							},
							"minecraft:pushable": {
								"is_pushable": false
							},
							"minecraft:interact": {
								"interactions": [
									{
										"use_item": true,
										"spawn_items": {
											"table": "loot_tables/entites/beef.json"
										},
										"interact_text": "Grill",
										"on_interact": {
											"filters": {
												"other_with_item": "beef",
												"other_with_families": "player"
											}
										}
									},
									{
										"use_item": true,
										"spawn_items": {
											"table": "loot_tables/entites/chicken.json"
										},
										"interact_text": "Grill",
										"on_interact": {
											"filters": {
												"other_with_item": "chicken",
												"other_with_families": "player"
											}
										}
									},
									{
										"use_item": true,
										"spawn_items": {
											"table": "loot_tables/entites/porkchop.json"
										},
										"interact_text": "Grill",
										"on_interact": {
											"filters": {
												"other_with_item": "porkchop",
												"other_with_families": "player"
											}
										}
									},
									{
										"use_item": true,
										"spawn_items": {
											"table": "loot_tables/entites/mutton.json"
										},
										"interact_text": "Grill",
										"on_interact": {
											"filters": {
												"other_with_item": "mutton",
												"other_with_families": "player"
											}
										}
									},
									{
										"use_item": true,
										"spawn_items": {
											"table": "loot_tables/entites/rabbit.json"
										},
										"interact_text": "Grill",
										"on_interact": {
											"filters": {
												"other_with_item": "rabbit",
												"other_with_families": "player"
											}
										}
									},
									{
										"use_item": true,
										"spawn_items": {
											"table": "loot_tables/entites/fish.json"
										},
										"interact_text": "Grill",
										"on_interact": {
											"filters": {
												"other_with_item": "fish",
												"other_with_families": "player"
											}
										}
									},
									{
										"use_item": true,
										"spawn_items": {
											"table": "loot_tables/entites/salmon.json"
										},
										"interact_text": "Grill",
										"on_interact": {
											"filters": {
												"other_with_item": "salmon",
												"other_with_families": "player"
											}
										}
									}
								]
							},
							"minecraft:physics": {},
							"minecraft:inventory": {
								"container_type": "container",
								"inventory_size": 27,
								"private": false
							}
						},
						"component_groups": {},
						"events": {}
					}
				},
				"key": "minecraft:entity",
				"children": [
					{
						"open": {
							"description": {
								"identifier": "sf:shelf",
								"is_spawnable": true,
								"is_summonable": true,
								"is_experimental": false
							},
							"components": {
								"minecraft:type_family": {
									"family": [
										"furniture"
									]
								},
								"minecraft:scale": {
									"value": 1.6
								},
								"minecraft:collision_box": {
									"width": 1,
									"height": 1
								},
								"minecraft:health": {
									"value": 1,
									"max": 1
								},
								"minecraft:knockback_resistance": {
									"value": 999,
									"max": 999
								},
								"minecraft:pushable": {
									"is_pushable": false
								},
								"minecraft:interact": {
									"interactions": [
										{
											"use_item": true,
											"spawn_items": {
												"table": "loot_tables/entites/beef.json"
											},
											"interact_text": "Grill",
											"on_interact": {
												"filters": {
													"other_with_item": "beef",
													"other_with_families": "player"
												}
											}
										},
										{
											"use_item": true,
											"spawn_items": {
												"table": "loot_tables/entites/chicken.json"
											},
											"interact_text": "Grill",
											"on_interact": {
												"filters": {
													"other_with_item": "chicken",
													"other_with_families": "player"
												}
											}
										},
										{
											"use_item": true,
											"spawn_items": {
												"table": "loot_tables/entites/porkchop.json"
											},
											"interact_text": "Grill",
											"on_interact": {
												"filters": {
													"other_with_item": "porkchop",
													"other_with_families": "player"
												}
											}
										},
										{
											"use_item": true,
											"spawn_items": {
												"table": "loot_tables/entites/mutton.json"
											},
											"interact_text": "Grill",
											"on_interact": {
												"filters": {
													"other_with_item": "mutton",
													"other_with_families": "player"
												}
											}
										},
										{
											"use_item": true,
											"spawn_items": {
												"table": "loot_tables/entites/rabbit.json"
											},
											"interact_text": "Grill",
											"on_interact": {
												"filters": {
													"other_with_item": "rabbit",
													"other_with_families": "player"
												}
											}
										},
										{
											"use_item": true,
											"spawn_items": {
												"table": "loot_tables/entites/fish.json"
											},
											"interact_text": "Grill",
											"on_interact": {
												"filters": {
													"other_with_item": "fish",
													"other_with_families": "player"
												}
											}
										},
										{
											"use_item": true,
											"spawn_items": {
												"table": "loot_tables/entites/salmon.json"
											},
											"interact_text": "Grill",
											"on_interact": {
												"filters": {
													"other_with_item": "salmon",
													"other_with_families": "player"
												}
											}
										}
									]
								},
								"minecraft:physics": {},
								"minecraft:inventory": {
									"container_type": "container",
									"inventory_size": 27,
									"private": false
								}
							},
							"component_groups": {},
							"events": {}
						},
						"key": "description",
						"is_minified": true,
						"children": {
							"identifier": "sf:shelf",
							"is_spawnable": true,
							"is_summonable": true,
							"is_experimental": false
						}
					},
					{
						"open": {
							"description": {
								"identifier": "sf:shelf",
								"is_spawnable": true,
								"is_summonable": true,
								"is_experimental": false
							},
							"components": {
								"minecraft:type_family": {
									"family": [
										"furniture"
									]
								},
								"minecraft:scale": {
									"value": 1.6
								},
								"minecraft:collision_box": {
									"width": 1,
									"height": 1
								},
								"minecraft:health": {
									"value": 1,
									"max": 1
								},
								"minecraft:knockback_resistance": {
									"value": 999,
									"max": 999
								},
								"minecraft:pushable": {
									"is_pushable": false
								},
								"minecraft:interact": {
									"interactions": [
										{
											"use_item": true,
											"spawn_items": {
												"table": "loot_tables/entites/beef.json"
											},
											"interact_text": "Grill",
											"on_interact": {
												"filters": {
													"other_with_item": "beef",
													"other_with_families": "player"
												}
											}
										},
										{
											"use_item": true,
											"spawn_items": {
												"table": "loot_tables/entites/chicken.json"
											},
											"interact_text": "Grill",
											"on_interact": {
												"filters": {
													"other_with_item": "chicken",
													"other_with_families": "player"
												}
											}
										},
										{
											"use_item": true,
											"spawn_items": {
												"table": "loot_tables/entites/porkchop.json"
											},
											"interact_text": "Grill",
											"on_interact": {
												"filters": {
													"other_with_item": "porkchop",
													"other_with_families": "player"
												}
											}
										},
										{
											"use_item": true,
											"spawn_items": {
												"table": "loot_tables/entites/mutton.json"
											},
											"interact_text": "Grill",
											"on_interact": {
												"filters": {
													"other_with_item": "mutton",
													"other_with_families": "player"
												}
											}
										},
										{
											"use_item": true,
											"spawn_items": {
												"table": "loot_tables/entites/rabbit.json"
											},
											"interact_text": "Grill",
											"on_interact": {
												"filters": {
													"other_with_item": "rabbit",
													"other_with_families": "player"
												}
											}
										},
										{
											"use_item": true,
											"spawn_items": {
												"table": "loot_tables/entites/fish.json"
											},
											"interact_text": "Grill",
											"on_interact": {
												"filters": {
													"other_with_item": "fish",
													"other_with_families": "player"
												}
											}
										},
										{
											"use_item": true,
											"spawn_items": {
												"table": "loot_tables/entites/salmon.json"
											},
											"interact_text": "Grill",
											"on_interact": {
												"filters": {
													"other_with_item": "salmon",
													"other_with_families": "player"
												}
											}
										}
									]
								},
								"minecraft:physics": {},
								"minecraft:inventory": {
									"container_type": "container",
									"inventory_size": 27,
									"private": false
								}
							},
							"component_groups": {},
							"events": {}
						},
						"key": "components",
						"children": [
							{
								"key": "minecraft:type_family",
								"is_minified": true,
								"children": {
									"family": [
										"furniture"
									]
								}
							},
							{
								"open": {
									"minecraft:type_family": {
										"family": [
											"furniture"
										]
									},
									"minecraft:scale": {
										"value": 1.6
									},
									"minecraft:collision_box": {
										"width": 1,
										"height": 1
									},
									"minecraft:health": {
										"value": 1,
										"max": 1
									},
									"minecraft:knockback_resistance": {
										"value": 999,
										"max": 999
									},
									"minecraft:pushable": {
										"is_pushable": false
									},
									"minecraft:interact": {
										"interactions": [
											{
												"use_item": true,
												"spawn_items": {
													"table": "loot_tables/entites/beef.json"
												},
												"interact_text": "Grill",
												"on_interact": {
													"filters": {
														"other_with_item": "beef",
														"other_with_families": "player"
													}
												}
											},
											{
												"use_item": true,
												"spawn_items": {
													"table": "loot_tables/entites/chicken.json"
												},
												"interact_text": "Grill",
												"on_interact": {
													"filters": {
														"other_with_item": "chicken",
														"other_with_families": "player"
													}
												}
											},
											{
												"use_item": true,
												"spawn_items": {
													"table": "loot_tables/entites/porkchop.json"
												},
												"interact_text": "Grill",
												"on_interact": {
													"filters": {
														"other_with_item": "porkchop",
														"other_with_families": "player"
													}
												}
											},
											{
												"use_item": true,
												"spawn_items": {
													"table": "loot_tables/entites/mutton.json"
												},
												"interact_text": "Grill",
												"on_interact": {
													"filters": {
														"other_with_item": "mutton",
														"other_with_families": "player"
													}
												}
											},
											{
												"use_item": true,
												"spawn_items": {
													"table": "loot_tables/entites/rabbit.json"
												},
												"interact_text": "Grill",
												"on_interact": {
													"filters": {
														"other_with_item": "rabbit",
														"other_with_families": "player"
													}
												}
											},
											{
												"use_item": true,
												"spawn_items": {
													"table": "loot_tables/entites/fish.json"
												},
												"interact_text": "Grill",
												"on_interact": {
													"filters": {
														"other_with_item": "fish",
														"other_with_families": "player"
													}
												}
											},
											{
												"use_item": true,
												"spawn_items": {
													"table": "loot_tables/entites/salmon.json"
												},
												"interact_text": "Grill",
												"on_interact": {
													"filters": {
														"other_with_item": "salmon",
														"other_with_families": "player"
													}
												}
											}
										]
									},
									"minecraft:physics": {},
									"minecraft:inventory": {
										"container_type": "container",
										"inventory_size": 27,
										"private": false
									}
								},
								"key": "minecraft:scale",
								"is_minified": true,
								"children": {
									"value": 1.6
								}
							},
							{
								"key": "minecraft:collision_box",
								"is_minified": true,
								"children": {
									"width": 1,
									"height": 1
								}
							},
							{
								"key": "minecraft:health",
								"is_minified": true,
								"children": {
									"value": 1,
									"max": 1
								}
							},
							{
								"key": "minecraft:knockback_resistance",
								"is_minified": true,
								"children": {
									"value": 999,
									"max": 999
								}
							},
							{
								"key": "minecraft:pushable",
								"is_minified": true,
								"children": {
									"is_pushable": false
								}
							},
							{
								"key": "minecraft:interact",
								"is_minified": true,
								"children": {
									"interactions": [
										{
											"use_item": true,
											"spawn_items": {
												"table": "loot_tables/entites/beef.json"
											},
											"interact_text": "Grill",
											"on_interact": {
												"filters": {
													"other_with_item": "beef",
													"other_with_families": "player"
												}
											}
										},
										{
											"use_item": true,
											"spawn_items": {
												"table": "loot_tables/entites/chicken.json"
											},
											"interact_text": "Grill",
											"on_interact": {
												"filters": {
													"other_with_item": "chicken",
													"other_with_families": "player"
												}
											}
										},
										{
											"use_item": true,
											"spawn_items": {
												"table": "loot_tables/entites/porkchop.json"
											},
											"interact_text": "Grill",
											"on_interact": {
												"filters": {
													"other_with_item": "porkchop",
													"other_with_families": "player"
												}
											}
										},
										{
											"use_item": true,
											"spawn_items": {
												"table": "loot_tables/entites/mutton.json"
											},
											"interact_text": "Grill",
											"on_interact": {
												"filters": {
													"other_with_item": "mutton",
													"other_with_families": "player"
												}
											}
										},
										{
											"use_item": true,
											"spawn_items": {
												"table": "loot_tables/entites/rabbit.json"
											},
											"interact_text": "Grill",
											"on_interact": {
												"filters": {
													"other_with_item": "rabbit",
													"other_with_families": "player"
												}
											}
										},
										{
											"use_item": true,
											"spawn_items": {
												"table": "loot_tables/entites/fish.json"
											},
											"interact_text": "Grill",
											"on_interact": {
												"filters": {
													"other_with_item": "fish",
													"other_with_families": "player"
												}
											}
										},
										{
											"use_item": true,
											"spawn_items": {
												"table": "loot_tables/entites/salmon.json"
											},
											"interact_text": "Grill",
											"on_interact": {
												"filters": {
													"other_with_item": "salmon",
													"other_with_families": "player"
												}
											}
										}
									]
								}
							},
							{
								"key": "minecraft:physics",
								"is_minified": true,
								"children": {}
							},
							{
								"key": "minecraft:inventory",
								"is_minified": true,
								"children": {
									"container_type": "container",
									"inventory_size": 27,
									"private": false
								}
							}
						]
					},
					{
						"key": "component_groups",
						"is_minified": true,
						"children": {}
					},
					{
						"key": "events",
						"is_minified": true,
						"children": {}
					}
				]
			}
		]
	}
}