{
  "format_version": "1.16.100",
  "minecraft:item": {
    "description": {
      "identifier": "js:sh_plasma_cannon_ammo",
      "category": "Equipment"
    },
    "components": {
      "minecraft:creative_category": {
        "parent": "itemGroup.name.tools"
      },
      "minecraft:display_name": {
        "value": "item.js:sh_plasma_cannon_ammo.name"
      },
      "minecraft:stacked_by_data": true,
      "minecraft:can_destroy_in_creative": false,
      "minecraft:allow_off_hand": false,
      "minecraft:hand_equipped": true,
      "minecraft:should_despawn": false,
      "minecraft:explodable": false,
      "minecraft:use_duration": 0.1,
      "minecraft:max_stack_size": 64,
      "minecraft:icon": {
        "texture": "sh_plasma_cannon_ammo"
      }
    },
	"events": {
	}
  }
}