{
	"format_version": "1.16.100",
	"minecraft:entity": {
		"description": {
			"identifier": "js:flamethrower_bullet",
			"runtime_identifier": "minecraft:snowball",
			"is_spawnable": false,
			"is_summonable": true,
			"is_experimental": false,
			"scripts": {
				"animate": [
					"flamethrower_damage"
				]
			},
			"animations": {
				"flamethrower_damage": "controller.animation.bullet.flamethrower_damage"
			}
		},
        "component_groups": {
            "js:despawn": {
                "minecraft:instant_despawn": {}
            },
            "js:scoped": {
				"minecraft:variant": {
					"value": 0
				},
                "minecraft:projectile": {
                    "on_hit": {
                        "impact_damage": {
                            "knockback": true
                        },
						"catch_fire": {
							"fireAffectedByGriefing": true
						},
                        "stick_in_ground": {
                            "shake_time": 0
                        }
                    },
                    "power": 0.6,
                    "gravity": -0.05,
                    "inertia": 1,
		            "uncertaintyBase": 1,
                    "uncertaintyMultiplier": 0,
                    "anchor": 1,
                    "offset": [ 0, 0, 0 ],
                    "reflectOnHurt": false,
                    "catch_fire": true
                }
            },
            "js:not_scoped": {
				"minecraft:variant": {
					"value": 1
				},
                "minecraft:projectile": {
                    "on_hit": {
                        "impact_damage": {
                            "knockback": true
                        },
						"catch_fire": {
							"fireAffectedByGriefing": true
						},
                        "stick_in_ground": {
                            "shake_time": 0
                        }
                    },
                    "power": 0.6,
                    "gravity": -0.05,
                    "inertia": 1,
		            "uncertaintyBase": 5.8,
                    "uncertaintyMultiplier": 0,
                    "anchor": 1,
                    "offset": [ 0, 0, 0 ],
                    "reflectOnHurt": false,
                    "catch_fire": true
                }
            }
        },
		"components": {
			"minecraft:spawn_entity": {
				"entities": [
				  {
					"min_wait_time": 0,
					"max_wait_time": 0,
					"single_use": true,
					"spawn_entity": "null",
					"spawn_sound": "spawn",
					"num_to_spawn": 1
				  }
				]
			},
            "minecraft:timer": {
                "time": 1,
                "looping": true,
                "time_down_event": {
                    "event": "js:despawn",
                    "target": "self"
                }
            },
		    "minecraft:scale": {
			    "value": 0.1
            },
		    "minecraft:type_family": {
				"family": [ "bullet", "inanimate" ]
		    },
            "minecraft:break_blocks": {
                "breakable_blocks": [
                    "glass",
                    "glass_pane",
                    "stained_glass",
                    "stained_glass_pane",
                    "standing_sign",
                    "vine",
                    "wall_banner",
                    "wall_sign",
                    "web",
                    "wheat"
                ]
            },
            "minecraft:collision_box": {
                "width": 0.15,
                "height": 0.15
            },
            "minecraft:physics": {}
        },
        "events": {
            "js:despawn": {
                "add": {
                    "component_groups": [ "js:despawn" ]
                }
            },
            "js:scoped": {
                "add": {
                    "component_groups": [ "js:scoped" ]
                },
                "remove": {
                    "component_groups": [ "js:not_scoped" ]
                }   
            },
            "js:not_scoped": {	
                "add": {
                    "component_groups": [ "js:not_scoped" ]
                },
                "remove": {
                    "component_groups": [ "js:scoped" ]
                }
            },
            "minecraft:entity_spawned": {	
                "add": {
                    "component_groups": [ "js:not_scoped" ]
                },
                "remove": {
                    "component_groups": [ "js:scoped" ]
                }
            }
        }
	}
}