{
	"format_version": "1.16.100",
	"minecraft:entity": {
		"description": {
			"identifier": "js:p250_bullet",
			"runtime_identifier": "minecraft:snowball",
			"is_spawnable": false,
			"is_summonable": true,
			"is_experimental": false,
			"scripts": {
				"animate": [
					"p250_damage"
				]
			},
			"animations": {
				"p250_damage": "controller.animation.bullet.p250_damage"
			}
		},
        "component_groups": {
            "js:despawn": {
                "minecraft:instant_despawn": {}
            },
            "js:scoped": {
				"minecraft:variant": {
					"value": 0
				},
                "minecraft:projectile": {
                    "on_hit": {
                        "impact_damage": {
                            "knockback": false
                        },
                        "stick_in_ground": {
                        }
                    },
                    "power": 5,
                    "gravity": 0.01,
                    "inertia": 1,
		            "uncertaintyBase": 4.2,
                    "uncertaintyMultiplier":0,
                    "anchor": 1,
                    "offset": [ 0, 0.1, 0 ],
                    "reflectOnHurt": false,
                    "catch_fire": false,
					"multiple_targets": false
                }
            },
            "js:not_scoped": {
				"minecraft:variant": {
					"value": 1
				},
                "minecraft:projectile": {
                    "on_hit": {
                        "impact_damage": {
                            "knockback": false
                        },
                        "stick_in_ground": {
                        }
                    },
                    "power": 5,
                    "gravity": 0.01,
                    "inertia": 1,
		            "uncertaintyBase": 12.8,
                    "uncertaintyMultiplier": 0,
                    "anchor": 1,
                    "offset": [ 0, 0.1, 0 ],
                    "reflectOnHurt": false,
                    "catch_fire": false,
                    "multiple_targets": false
                }
            },
            "js:scoped_cheat": {
				"minecraft:variant": {
					"value": 0
				},
                "minecraft:projectile": {
                    "on_hit": {
                        "impact_damage": {
                            "knockback": false
                        },
                        "stick_in_ground": {
                        }
                    },
                    "power": 5,
                    "gravity": 0.01,
                    "inertia": 1,
		            "uncertaintyBase": 4.2,
                    "uncertaintyMultiplier": 0,
                    "anchor": 1,
                    "offset": [ 0, 0.1, 0 ],
                    "reflectOnHurt": false,
                    "catch_fire": false,
					"multiple_targets": false
                }
            },
            "js:not_scoped_cheat": {
				"minecraft:variant": {
					"value": 1
				},
                "minecraft:projectile": {
                    "on_hit": {
                        "impact_damage": {
                            "knockback": false
                        },
                        "stick_in_ground": {
                        }
                    },
                    "power": 5,
                    "gravity": 0.01,
                    "inertia": 1,
		            "uncertaintyBase": 12.8,
                    "uncertaintyMultiplier": 0,
                    "anchor": 1,
                    "offset": [ 0, 0.1, 0 ],
                    "reflectOnHurt": false,
                    "catch_fire": false,
                    "multiple_targets": false
                }
            }
        },
		"components": {
            "minecraft:timer": {
                "time": 1,
                "looping": true,
                "time_down_event": {
                    "event": "js:despawn",
                    "target": "self"
                }
            },
		    "minecraft:scale": {
			    "value": 0.1
            },
			"minecraft:type_family": {
				"family": [ "bullet", "inanimate" ]
			},
            "minecraft:break_blocks": {
                "breakable_blocks": [
                    "glass",
                    "glass_pane",
                    "stained_glass",
                    "stained_glass_pane",
                    "standing_sign",
                    "vine",
                    "wall_banner",
                    "wall_sign",
                    "web",
                    "wheat"
                ]
            },
            "minecraft:collision_box": {
                "width": 0.15,
                "height": 0.15
            },
            "minecraft:physics": {}
        },
        "events": {
            "js:despawn": {
                "add": {
                    "component_groups": [ "js:despawn" ]
                }
            },
            "js:scoped": {
                "add": {
                    "component_groups": [ "js:scoped" ]
                },
                "remove": {
                    "component_groups": [ "js:not_scoped" ]
                }   
            },
            "js:not_scoped": {	
                "add": {
                    "component_groups": [ "js:not_scoped" ]
                },
                "remove": {
                    "component_groups": [ "js:scoped" ]
                }
            },
            "js:scoped_cheat": {
                "add": {
                    "component_groups": [ "js:scoped_cheat" ]
                },
                "remove": {
                    "component_groups": [ "js:not_scoped_cheat" ]
                },
				"run_command": {
					"command": [
						"tag @s add cheat"
					]
				}
            },
            "js:not_scoped_cheat": {	
                "add": {
                    "component_groups": [ "js:not_scoped_cheat" ]
                },
                "remove": {
                    "component_groups": [ "js:scoped_cheat" ]
                },
				"run_command": {
					"command": [
						"tag @s add cheat"
					]
				}
            },
            "minecraft:entity_spawned": {	
                "add": {
                    "component_groups": [ "js:not_scoped" ]
                },
                "remove": {
                    "component_groups": [ "js:scoped" ]
                }
            }
        }
	}
}