{
 "pools": [
  {
   "rolls": 1,
   "entries": [
    {
     "type": "item",
     "name": "pl:carne_dino",
     "weight": 1,
     "functions": [
      {
       "function": "set_count",
       "count": {
        "min": 25,
        "max": 10
       }
      },
      {
       "function": "furnace_smelt",
       "conditions": [
        {
         "condition": "entity_properties",
         "entity": "this",
         "properties": {
          "on_fire": true
         }
        }
       ]
      },
      {
       "function": "looting_enchant",
       "count": {
        "min": 0,
        "max": 1
       }
      }
     ]
    }
   ],
   "conditions": [
    {
     "condition": "killed_by_entity",
     "entity_type": "minecraft:player"
    }
   ]
  },
  {
   "rolls": 1,
   "entries": [
    {
     "type": "item",
     "name": "pl:pelaje",
     "weight": 1,
     "functions": [
      {
       "function": "set_count",
       "count": {
        "min": 8,
        "max": 15
       }
      },
      {
       "function": "furnace_smelt",
       "conditions": [
        {
         "condition": "entity_properties",
         "entity": "this",
         "properties": {
          "on_fire": true
         }
        }
       ]
      },
      {
       "function": "looting_enchant",
       "count": {
        "min": 0,
        "max": 1
       }
      }
     ]
    }
   ]
  },
  {
   "rolls": 1,
   "entries": [
    {
     "type": "item",
     "name": "pl:colmillos_grandes",
     "weight": 1,
     "functions": [
      {
       "function": "set_count",
       "count": {
        "min": 0,
        "max": 1
       }
      },
      {
       "function": "furnace_smelt",
       "conditions": [
        {
         "condition": "entity_properties",
         "entity": "this",
         "properties": {
          "on_fire": true
         }
        }
       ]
      },
      {
       "function": "looting_enchant",
       "count": {
        "min": 0,
        "max": 1
       }
      }
     ]
    }
   ]
  },
  {
   "rolls": 1,
   "entries": [
    {
     "type": "item",
     "name": "pl:hueso_dino",
     "weight": 1,
     "functions": [
      {
       "function": "set_count",
       "count": {
        "min": 1,
        "max": 3
       }
      },
      {
       "function": "furnace_smelt",
       "conditions": [
        {
         "condition": "entity_properties",
         "entity": "this",
         "properties": {
          "on_fire": true
         }
        }
       ]
      },
      {
       "function": "looting_enchant",
       "count": {
        "min": 0,
        "max": 1
       }
      }
     ]
    }
   ]
  },
  {
   "rolls": 1,
   "entries": [
    {
     "type": "item",
     "name": "pl:pelaje_grande",
     "weight": 1,
     "functions": [
      {
       "function": "set_count",
       "count": {
        "min": 2,
        "max": 4
       }
      },
      {
       "function": "furnace_smelt",
       "conditions": [
        {
         "condition": "entity_properties",
         "entity": "this",
         "properties": {
          "on_fire": true
         }
        }
       ]
      },
      {
       "function": "looting_enchant",
       "count": {
        "min": 0,
        "max": 1
       }
      }
     ]
    }
   ]
  }
 ]
}