{
 "pools": [
  {
   "rolls": 1,
   "entries": [
    {
     "type": "item",
     "name": "minecraft:string",
     "weight": 1,
     "functions": [
      {
       "function": "set_count",
       "count": {
        "min": 0,
        "max": 2
       }
      },
      {
       "function": "looting_enchant",
       "count": {
        "min": 0,
        "max": 1
       }
      }
     ]
    }
   ],
   "conditions": [
    {
     "condition": "killed_by_entity",
     "entity_type": "minecraft:player"
    }
   ]
  },
  {
   "rolls": 1,
   "entries": [
    {
     "type": "item",
     "name": "minecraft:spider_eye",
     "weight": 1,
     "functions": [
      {
       "function": "set_count",
       "count": {
        "min": 0,
        "max": 1
       }
      },
      {
       "function": "looting_enchant",
       "count": {
        "min": 0,
        "max": 1
       }
      }
     ]
    }
   ],
   "conditions": [
    {
     "condition": "killed_by_player"
    }
   ]
  }
 ]
}