{
  "format_version": "1.8.0",
  "minecraft:entity": {
    "description": {
      "identifier": "afdal_official:jet_bus_27trans_shd",
      "is_spawnable": true,
      "is_summonable": true,
      "is_experimental": false,
      "runtime_identifier": "pa:moto"
    },
    "component_groups": {},
    "components": {
      "minecraft:type_family": {
        "family": [
          "car"
        ]
      },
      "minecraft:collision_box": {
        "height": 2.0,
        "width": 2.0
      },
      "minecraft:fall_damage": {
        "value": 0.0
      },
      "minecraft:movement": {
        "value": 0.3,
        "max": 0.35
      },
      "minecraft:navigation.walk": {
        "can_path_over_water": true
      },
      "minecraft:movement.basic": {},
      "minecraft:jump.static": {},
      "minecraft:health": {
        "value": 50,
        "max": 50
      },
      "minecraft:nameable": {
        "alwaysShow": true,
        "allowNameTagRenaming": true
      },
      "minecraft:inventory": {
        "inventory_size": 64,
        "container_type": "container",
        "private": false
      },
      "minecraft:rideable": {
        "priority": 0,
        "seat_count": 7,
        "crouching_skip_interact": true,
        "family_types": [
          "player",
          "makena",
          "ari",
          "noor",
          "zuri",
          "efe",
          "kai",
          "sunny",
          "alex",
          "steve",
          "villager",
          "afdal_official_makena",
          "afdal_official_zuri",
          "afdal_official_kai",
          "afdal_official_efe",
          "afdal_official_sunny",
          "afdal_official_noor",
          "afdal_official_ari",
          "afdal_official_alex",
          "afdal_official_steve"
        ],
        "interact_text": "Drive",
        "seats": [
          {
            "position": [
              -1.0,
              1.5,
              -0.2
            ]
          },
          {
            "position": [
              -1.0,
              2.0,
              -3.4
            ],
            "min_rider_count": 0,
            "max_rider_count": 1
          },
          {
            "position": [
              1.0,
              2.0,
              -3.4
            ],
            "min_rider_count": 0,
            "max_rider_count": 1
          },
          {
            "position": [
              -1.0,
              2.0,
              -5.0
            ],
            "min_rider_count": 0,
            "max_rider_count": 1
          },
          {
            "position": [
              1.0,
              2.0,
              -5.0
            ],
            "min_rider_count": 0,
            "max_rider_count": 1
          },
          {
            "position": [
              -1.0,
              2.0,
              -6.5
            ],
            "min_rider_count": 0,
            "max_rider_count": 1
          },
          {
            "position": [
              1.0,
              2.0,
              -6.5
            ],
            "min_rider_count": 0,
            "max_rider_count": 1
          }
        ],
        "pull_in_entities": true
      },
      "minecraft:input_ground_controlled": {},
      "minecraft:physics": {},
      "minecraft:experience_reward": {
        "on_death": "query.last_hit_by_player ? 10 : 0"
      },
      "minecraft:underwater_movement": {
        "value": 0.03
      },
      "minecraft:scale": {
        "value": 0.9
      },
      "minecraft:addrider": {
        "entity_type": null
      },
      "minecraft:knockback_resistance": {
        "value": 100.0,
        "max": 100.0
      }
    },
    "events": {
      "on:death": {
        "run_command": {
          "command": []
        }
      },
      "on:hurt": {
        "run_command": {
          "command": []
        }
      },
      "on:hurt_by_player": {
        "run_command": {
          "command": []
        }
      },
      "on:ignite": {
        "run_command": {
          "command": []
        }
      },
      "on:target_acquired": {
        "run_command": {
          "command": []
        }
      },
      "on:target_escape": {
        "run_command": {
          "command": []
        }
      },
      "on:wake_with_owner": {
        "run_command": {
          "command": []
        }
      }
    }
  }
}