{
	"file_path": "C:\\Users\\Freddy\\AppData\\Local\\Packages\\Microsoft.MinecraftUWP_8wekyb3d8bbwe\\LocalState\\games\\com.mojang\\development_behavior_packs\\Spry Conquest Overhaul\\blocks\\ash.json",
	"file_type": "block",
	"format_version": 1,
	"file_uuid": "2fffc3c1_05e2_4237_83b9_e5881c4aa9ee",
	"file_version": 4,
	"cache_content": {
		"children": [
			{
				"open": {
					"format_version": "1.16.100",
					"minecraft:block": {
						"description": {
							"identifier": "sc:ash"
						},
						"components": {
							"minecraft:destroy_time": 0.45,
							"minecraft:creative_category": {
								"group": "itemGroup.name.natureMisc",
								"category": "nature"
							}
						}
					}
				},
				"data": "1.16.100",
				"key": "format_version"
			},
			{
				"open": {
					"format_version": "1.16.100",
					"minecraft:block": {
						"description": {
							"identifier": "sc:ash"
						},
						"components": {
							"minecraft:destroy_time": 0.45,
							"minecraft:creative_category": {
								"group": "itemGroup.name.natureMisc",
								"category": "nature"
							}
						}
					}
				},
				"key": "minecraft:block",
				"children": [
					{
						"open": {
							"description": {
								"identifier": "sc:ash"
							},
							"components": {
								"minecraft:destroy_time": 0.45,
								"minecraft:creative_category": {
									"group": "itemGroup.name.natureMisc",
									"category": "nature"
								}
							}
						},
						"key": "description",
						"is_minified": true,
						"children": {
							"identifier": "sc:ash"
						}
					},
					{
						"open": {
							"description": {
								"identifier": "sc:ash"
							},
							"components": {
								"minecraft:destroy_time": 0.45,
								"minecraft:creative_category": {
									"group": "itemGroup.name.natureMisc",
									"category": "nature"
								}
							}
						},
						"key": "components",
						"is_minified": true,
						"children": {
							"minecraft:destroy_time": 0.45,
							"minecraft:creative_category": {
								"group": "itemGroup.name.natureMisc",
								"category": "nature"
							}
						}
					}
				]
			}
		]
	}
}