{
	"file_path": "C:\\Users\\Freddy\\AppData\\Local\\Packages\\Microsoft.MinecraftUWP_8wekyb3d8bbwe\\LocalState\\games\\com.mojang\\development_behavior_packs\\Spry Conquest Overhaul\\blocks\\chiseled_sefril.json",
	"file_type": "block",
	"format_version": 1,
	"file_uuid": "aed176f5_98b8_49af_8f20_b00cac1f8c88",
	"file_version": 10,
	"cache_content": {
		"children": [
			{
				"data": "1.16.100",
				"key": "format_version"
			},
			{
				"open": {
					"format_version": "1.16.100",
					"minecraft:block": {
						"description": {
							"identifier": "sc:chiseled_sefril"
						},
						"components": {
							"minecraft:destroy_time": 0.75,
							"minecraft:creative_category": {
								"group": "itemGroup.name.stoneBrick",
								"category": "construction"
							}
						},
						"events": {}
					}
				},
				"key": "minecraft:block",
				"children": [
					{
						"key": "description",
						"is_minified": true,
						"children": {
							"identifier": "sc:chiseled_sefril"
						}
					},
					{
						"open": {
							"description": {
								"identifier": "sc:chiseled_sefril"
							},
							"components": {
								"minecraft:destroy_time": 0.75,
								"minecraft:creative_category": {
									"group": "itemGroup.name.stoneBrick",
									"category": "construction"
								}
							},
							"events": {}
						},
						"key": "components",
						"is_minified": true,
						"children": {
							"minecraft:destroy_time": 0.75,
							"minecraft:creative_category": {
								"group": "itemGroup.name.stoneBrick",
								"category": "construction"
							}
						}
					},
					{
						"open": {
							"description": {
								"identifier": "sc:chiseled_sefril"
							},
							"components": {
								"minecraft:destroy_time": 0.75,
								"minecraft:creative_category": {
									"group": "itemGroup.name.stoneBrick",
									"category": "construction"
								}
							},
							"events": {}
						},
						"key": "events",
						"is_minified": true,
						"children": {}
					}
				]
			}
		]
	}
}