{
	"file_path": "C:\\Users\\Freddy\\AppData\\Local\\Packages\\Microsoft.MinecraftUWP_8wekyb3d8bbwe\\LocalState\\games\\com.mojang\\development_behavior_packs\\Spry Conquest Overhaul\\blocks\\cobblestone_spawner.json",
	"file_type": "block",
	"format_version": 1,
	"file_uuid": "94cdc9b8_2de1_45b9_978a_7f8ddeb62ca5",
	"file_version": 27,
	"cache_content": {
		"children": [
			{
				"data": "1.16.100",
				"key": "format_version"
			},
			{
				"open": {
					"format_version": "1.16.100",
					"minecraft:block": {
						"description": {
							"identifier": "sc:cobblestone_spawner",
							"category": "Nature"
						},
						"components": {
							"minecraft:ticking": {
								"range": [
									0,
									0
								],
								"on_tick": {
									"event": "spawn"
								}
							}
						},
						"events": {
							"spawn": {
								"randomize": [
									{
										"set_block": {
											"block_type": "minecraft:cobblestone"
										},
										"weight": 3
									},
									{
										"weight": 1,
										"set_block": {
											"block_type": "minecraft:mossy_cobblestone"
										}
									}
								]
							}
						}
					}
				},
				"key": "minecraft:block",
				"children": [
					{
						"open": {
							"description": {
								"identifier": "sc:cobblestone_spawner",
								"category": "Nature"
							},
							"components": {
								"minecraft:ticking": {
									"range": [
										0,
										0
									],
									"on_tick": {
										"event": "spawn"
									}
								}
							},
							"events": {
								"spawn": {
									"randomize": [
										{
											"set_block": {
												"block_type": "minecraft:cobblestone"
											},
											"weight": 3
										},
										{
											"weight": 1,
											"set_block": {
												"block_type": "minecraft:mossy_cobblestone"
											}
										}
									]
								}
							}
						},
						"key": "description",
						"is_minified": true,
						"children": {
							"identifier": "sc:cobblestone_spawner",
							"category": "Nature"
						}
					},
					{
						"key": "components",
						"is_minified": true,
						"children": {
							"minecraft:ticking": {
								"range": [
									0,
									0
								],
								"on_tick": {
									"event": "spawn"
								}
							}
						}
					},
					{
						"open": {
							"description": {
								"identifier": "sc:cobblestone_spawner",
								"category": "Nature"
							},
							"components": {
								"minecraft:ticking": {
									"range": [
										0,
										0
									],
									"on_tick": {
										"event": "spawn"
									}
								}
							},
							"events": {
								"spawn": {
									"randomize": [
										{
											"set_block": {
												"block_type": "minecraft:cobblestone"
											},
											"weight": 3
										},
										{
											"weight": 1,
											"set_block": {
												"block_type": "minecraft:mossy_cobblestone"
											}
										}
									]
								}
							}
						},
						"key": "events",
						"children": [
							{
								"open": {
									"spawn": {
										"randomize": [
											{
												"set_block": {
													"block_type": "minecraft:cobblestone"
												},
												"weight": 3
											},
											{
												"weight": 1,
												"set_block": {
													"block_type": "minecraft:mossy_cobblestone"
												}
											}
										]
									}
								},
								"key": "spawn",
								"children": [
									{
										"open": {
											"randomize": [
												{
													"set_block": {
														"block_type": "minecraft:cobblestone"
													},
													"weight": 3
												},
												{
													"weight": 1,
													"set_block": {
														"block_type": "minecraft:mossy_cobblestone"
													}
												}
											]
										},
										"key": "randomize",
										"children": [
											{
												"open": [
													{
														"set_block": {
															"block_type": "minecraft:cobblestone"
														},
														"weight": 3
													},
													{
														"weight": 1,
														"set_block": {
															"block_type": "minecraft:mossy_cobblestone"
														}
													}
												],
												"children": [
													{
														"open": {
															"set_block": {
																"block_type": "minecraft:cobblestone"
															},
															"weight": 3
														},
														"key": "set_block",
														"is_minified": true,
														"children": {
															"block_type": "minecraft:cobblestone"
														}
													},
													{
														"data": "3",
														"key": "weight"
													}
												]
											},
											{
												"open": [
													{
														"set_block": {
															"block_type": "minecraft:cobblestone"
														},
														"weight": 3
													},
													{
														"weight": 1,
														"set_block": {
															"block_type": "minecraft:mossy_cobblestone"
														}
													}
												],
												"children": [
													{
														"data": "1",
														"key": "weight"
													},
													{
														"open": {
															"weight": 1,
															"set_block": {
																"block_type": "minecraft:mossy_cobblestone"
															}
														},
														"key": "set_block",
														"is_minified": true,
														"children": {
															"block_type": "minecraft:mossy_cobblestone"
														}
													}
												]
											}
										]
									}
								]
							}
						]
					}
				]
			}
		]
	}
}