{
	"file_path": "C:\\Users\\Freddy\\AppData\\Local\\Packages\\Microsoft.MinecraftUWP_8wekyb3d8bbwe\\LocalState\\games\\com.mojang\\development_behavior_packs\\Spry Conquest Overhaul\\blocks\\conjure_table.json",
	"file_type": "block",
	"format_version": 1,
	"file_uuid": "4c9086cf_9911_423b_8c35_d99aaf957169",
	"file_version": 56,
	"cache_content": {
		"children": [
			{
				"data": "1.16.100",
				"key": "format_version"
			},
			{
				"open": {
					"format_version": "1.16.100",
					"minecraft:block": {
						"description": {
							"identifier": "sc:conjure_table",
							"register_to_creative_menu": true,
							"properties": {
								"sc:facing_direction": [
									0,
									1,
									2,
									3
								]
							}
						},
						"components": {
							"minecraft:geometry": "geometry.necro_table",
							"minecraft:map_color": "#40019D",
							"minecraft:entity_collision": {
								"origin": [
									-8,
									0,
									-8
								],
								"size": [
									16,
									12,
									16
								]
							},
							"minecraft:pick_collision": {
								"origin": [
									-8,
									0,
									-8
								],
								"size": [
									16,
									12,
									16
								]
							},
							"minecraft:material_instances": {
								"*": {
									"texture": "necro_table",
									"render_method": "alpha_test"
								}
							},
							"minecraft:crafting_table": {
								"grid_size": 3,
								"custom_description": "Conjure Table",
								"crafting_tags": [
									"necro_table"
								]
							},
							"minecraft:on_player_placing": {
								"event": "update_facing_direction"
							},
							"minecraft:rotation": [
								0,
								0,
								0
							],
							"minecraft:block_light_emission": 1,
							"minecraft:explosion_resistance": 1200,
							"minecraft:destroy_time": 2,
							"minecraft:creative_category": {
								"category": "items",
								"group": "itemGroup.name.items"
							}
						},
						"permutations": [
							{
								"condition": "query.block_property('sc:facing_direction') == 0",
								"components": {
									"minecraft:rotation": [
										0,
										180,
										0
									]
								}
							},
							{
								"condition": "query.block_property('sc:facing_direction') == 1",
								"components": {
									"minecraft:rotation": [
										0,
										0,
										0
									]
								}
							},
							{
								"condition": "query.block_property('sc:facing_direction') == 2",
								"components": {
									"minecraft:rotation": [
										0,
										-90,
										0
									]
								}
							},
							{
								"condition": "query.block_property('sc:facing_direction') == 3",
								"components": {
									"minecraft:rotation": [
										0,
										90,
										0
									]
								}
							}
						],
						"events": {
							"update_facing_direction": {
								"set_block_property": {
									"sc:facing_direction": "query.cardinal_facing_2d - 2.0"
								}
							}
						}
					}
				},
				"key": "minecraft:block",
				"children": [
					{
						"open": {
							"description": {
								"identifier": "sc:conjure_table",
								"register_to_creative_menu": true,
								"properties": {
									"sc:facing_direction": [
										0,
										1,
										2,
										3
									]
								}
							},
							"components": {
								"minecraft:geometry": "geometry.necro_table",
								"minecraft:map_color": "#40019D",
								"minecraft:entity_collision": {
									"origin": [
										-8,
										0,
										-8
									],
									"size": [
										16,
										12,
										16
									]
								},
								"minecraft:pick_collision": {
									"origin": [
										-8,
										0,
										-8
									],
									"size": [
										16,
										12,
										16
									]
								},
								"minecraft:material_instances": {
									"*": {
										"texture": "necro_table",
										"render_method": "alpha_test"
									}
								},
								"minecraft:crafting_table": {
									"grid_size": 3,
									"custom_description": "Conjure Table",
									"crafting_tags": [
										"necro_table"
									]
								},
								"minecraft:on_player_placing": {
									"event": "update_facing_direction"
								},
								"minecraft:rotation": [
									0,
									0,
									0
								],
								"minecraft:block_light_emission": 1,
								"minecraft:explosion_resistance": 1200,
								"minecraft:destroy_time": 2,
								"minecraft:creative_category": {
									"category": "items",
									"group": "itemGroup.name.items"
								}
							},
							"permutations": [
								{
									"condition": "query.block_property('sc:facing_direction') == 0",
									"components": {
										"minecraft:rotation": [
											0,
											180,
											0
										]
									}
								},
								{
									"condition": "query.block_property('sc:facing_direction') == 1",
									"components": {
										"minecraft:rotation": [
											0,
											0,
											0
										]
									}
								},
								{
									"condition": "query.block_property('sc:facing_direction') == 2",
									"components": {
										"minecraft:rotation": [
											0,
											-90,
											0
										]
									}
								},
								{
									"condition": "query.block_property('sc:facing_direction') == 3",
									"components": {
										"minecraft:rotation": [
											0,
											90,
											0
										]
									}
								}
							],
							"events": {
								"update_facing_direction": {
									"set_block_property": {
										"sc:facing_direction": "query.cardinal_facing_2d - 2.0"
									}
								}
							}
						},
						"key": "description",
						"children": [
							{
								"open": {
									"identifier": "sc:conjure_table",
									"register_to_creative_menu": true,
									"properties": {
										"sc:facing_direction": [
											0,
											1,
											2,
											3
										]
									}
								},
								"data": "sc:conjure_table",
								"key": "identifier"
							},
							{
								"data": "true",
								"key": "register_to_creative_menu"
							},
							{
								"open": {
									"identifier": "sc:conjure_table",
									"register_to_creative_menu": true,
									"properties": {
										"sc:facing_direction": [
											0,
											1,
											2,
											3
										]
									}
								},
								"key": "properties",
								"children": [
									{
										"open": {
											"sc:facing_direction": [
												0,
												1,
												2,
												3
											]
										},
										"key": "sc:facing_direction",
										"is_minified": true,
										"children": [
											0,
											1,
											2,
											3
										]
									}
								]
							}
						]
					},
					{
						"open": {
							"description": {
								"identifier": "sc:conjure_table",
								"register_to_creative_menu": true,
								"properties": {
									"sc:facing_direction": [
										0,
										1,
										2,
										3
									]
								}
							},
							"components": {
								"minecraft:geometry": "geometry.necro_table",
								"minecraft:map_color": "#40019D",
								"minecraft:entity_collision": {
									"origin": [
										-8,
										0,
										-8
									],
									"size": [
										16,
										12,
										16
									]
								},
								"minecraft:pick_collision": {
									"origin": [
										-8,
										0,
										-8
									],
									"size": [
										16,
										12,
										16
									]
								},
								"minecraft:material_instances": {
									"*": {
										"texture": "necro_table",
										"render_method": "alpha_test"
									}
								},
								"minecraft:crafting_table": {
									"grid_size": 3,
									"custom_description": "Conjure Table",
									"crafting_tags": [
										"necro_table"
									]
								},
								"minecraft:on_player_placing": {
									"event": "update_facing_direction"
								},
								"minecraft:rotation": [
									0,
									0,
									0
								],
								"minecraft:block_light_emission": 1,
								"minecraft:explosion_resistance": 1200,
								"minecraft:destroy_time": 2,
								"minecraft:creative_category": {
									"category": "items",
									"group": "itemGroup.name.items"
								}
							},
							"permutations": [
								{
									"condition": "query.block_property('sc:facing_direction') == 0",
									"components": {
										"minecraft:rotation": [
											0,
											180,
											0
										]
									}
								},
								{
									"condition": "query.block_property('sc:facing_direction') == 1",
									"components": {
										"minecraft:rotation": [
											0,
											0,
											0
										]
									}
								},
								{
									"condition": "query.block_property('sc:facing_direction') == 2",
									"components": {
										"minecraft:rotation": [
											0,
											-90,
											0
										]
									}
								},
								{
									"condition": "query.block_property('sc:facing_direction') == 3",
									"components": {
										"minecraft:rotation": [
											0,
											90,
											0
										]
									}
								}
							],
							"events": {
								"update_facing_direction": {
									"set_block_property": {
										"sc:facing_direction": "query.cardinal_facing_2d - 2.0"
									}
								}
							}
						},
						"key": "components",
						"children": [
							{
								"open": {
									"minecraft:geometry": "geometry.necro_table",
									"minecraft:map_color": "#40019D",
									"minecraft:entity_collision": {
										"origin": [
											-8,
											0,
											-8
										],
										"size": [
											16,
											12,
											16
										]
									},
									"minecraft:pick_collision": {
										"origin": [
											-8,
											0,
											-8
										],
										"size": [
											16,
											12,
											16
										]
									},
									"minecraft:material_instances": {
										"*": {
											"texture": "necro_table",
											"render_method": "alpha_test"
										}
									},
									"minecraft:crafting_table": {
										"grid_size": 3,
										"custom_description": "Conjure Table",
										"crafting_tags": [
											"necro_table"
										]
									},
									"minecraft:on_player_placing": {
										"event": "update_facing_direction"
									},
									"minecraft:rotation": [
										0,
										0,
										0
									],
									"minecraft:block_light_emission": 1,
									"minecraft:explosion_resistance": 1200,
									"minecraft:destroy_time": 2,
									"minecraft:creative_category": {
										"category": "items",
										"group": "itemGroup.name.items"
									}
								},
								"data": "geometry.necro_table",
								"key": "minecraft:geometry"
							},
							{
								"data": "#40019D",
								"key": "minecraft:map_color"
							},
							{
								"key": "minecraft:entity_collision",
								"children": [
									{
										"key": "origin",
										"is_minified": true,
										"children": [
											-8,
											0,
											-8
										]
									},
									{
										"open": {
											"origin": [
												-8,
												0,
												-8
											],
											"size": [
												16,
												12,
												16
											]
										},
										"key": "size",
										"is_minified": true,
										"children": [
											16,
											12,
											16
										]
									}
								]
							},
							{
								"key": "minecraft:pick_collision",
								"children": [
									{
										"key": "origin",
										"is_minified": true,
										"children": [
											-8,
											0,
											-8
										]
									},
									{
										"open": {
											"origin": [
												-8,
												0,
												-8
											],
											"size": [
												16,
												12,
												16
											]
										},
										"key": "size",
										"is_minified": true,
										"children": [
											16,
											12,
											16
										]
									}
								]
							},
							{
								"key": "minecraft:material_instances",
								"children": [
									{
										"open": {
											"*": {
												"texture": "necro_table",
												"render_method": "alpha_test"
											}
										},
										"key": "*",
										"is_minified": true,
										"children": {
											"texture": "necro_table",
											"render_method": "alpha_test"
										}
									}
								]
							},
							{
								"open": {
									"minecraft:geometry": "geometry.necro_table",
									"minecraft:map_color": "#40019D",
									"minecraft:entity_collision": {
										"origin": [
											-8,
											0,
											-8
										],
										"size": [
											16,
											12,
											16
										]
									},
									"minecraft:pick_collision": {
										"origin": [
											-8,
											0,
											-8
										],
										"size": [
											16,
											12,
											16
										]
									},
									"minecraft:material_instances": {
										"*": {
											"texture": "necro_table",
											"render_method": "alpha_test"
										}
									},
									"minecraft:crafting_table": {
										"grid_size": 3,
										"custom_description": "Conjure Table",
										"crafting_tags": [
											"necro_table"
										]
									},
									"minecraft:on_player_placing": {
										"event": "update_facing_direction"
									},
									"minecraft:rotation": [
										0,
										0,
										0
									],
									"minecraft:block_light_emission": 1,
									"minecraft:explosion_resistance": 1200,
									"minecraft:destroy_time": 2,
									"minecraft:creative_category": {
										"category": "items",
										"group": "itemGroup.name.items"
									}
								},
								"key": "minecraft:crafting_table",
								"children": [
									{
										"data": "3",
										"key": "grid_size"
									},
									{
										"open": {
											"grid_size": 3,
											"custom_description": "Conjure Table",
											"crafting_tags": [
												"necro_table"
											]
										},
										"data": "Conjure Table",
										"key": "custom_description"
									},
									{
										"open": {
											"grid_size": 3,
											"custom_description": "Conjure Table",
											"crafting_tags": [
												"necro_table"
											]
										},
										"key": "crafting_tags",
										"is_minified": true,
										"children": [
											"necro_table"
										]
									}
								]
							},
							{
								"key": "minecraft:on_player_placing",
								"is_minified": true,
								"children": {
									"event": "update_facing_direction"
								}
							},
							{
								"key": "minecraft:rotation",
								"is_minified": true,
								"children": [
									0,
									0,
									0
								]
							},
							{
								"open": {
									"minecraft:geometry": "geometry.necro_table",
									"minecraft:map_color": "#40019D",
									"minecraft:entity_collision": {
										"origin": [
											-8,
											0,
											-8
										],
										"size": [
											16,
											12,
											16
										]
									},
									"minecraft:pick_collision": {
										"origin": [
											-8,
											0,
											-8
										],
										"size": [
											16,
											12,
											16
										]
									},
									"minecraft:material_instances": {
										"*": {
											"texture": "necro_table",
											"render_method": "alpha_test"
										}
									},
									"minecraft:crafting_table": {
										"grid_size": 3,
										"custom_description": "Conjure Table",
										"crafting_tags": [
											"necro_table"
										]
									},
									"minecraft:on_player_placing": {
										"event": "update_facing_direction"
									},
									"minecraft:rotation": [
										0,
										0,
										0
									],
									"minecraft:block_light_emission": 1,
									"minecraft:explosion_resistance": 1200,
									"minecraft:destroy_time": 2,
									"minecraft:creative_category": {
										"category": "items",
										"group": "itemGroup.name.items"
									}
								},
								"data": "1",
								"key": "minecraft:block_light_emission"
							},
							{
								"open": {
									"minecraft:geometry": "geometry.necro_table",
									"minecraft:map_color": "#40019D",
									"minecraft:entity_collision": {
										"origin": [
											-8,
											0,
											-8
										],
										"size": [
											16,
											12,
											16
										]
									},
									"minecraft:pick_collision": {
										"origin": [
											-8,
											0,
											-8
										],
										"size": [
											16,
											12,
											16
										]
									},
									"minecraft:material_instances": {
										"*": {
											"texture": "necro_table",
											"render_method": "alpha_test"
										}
									},
									"minecraft:crafting_table": {
										"grid_size": 3,
										"custom_description": "Conjure Table",
										"crafting_tags": [
											"necro_table"
										]
									},
									"minecraft:on_player_placing": {
										"event": "update_facing_direction"
									},
									"minecraft:rotation": [
										0,
										0,
										0
									],
									"minecraft:block_light_emission": 1,
									"minecraft:explosion_resistance": 1200,
									"minecraft:destroy_time": 2,
									"minecraft:creative_category": {
										"category": "items",
										"group": "itemGroup.name.items"
									}
								},
								"data": "1200",
								"key": "minecraft:explosion_resistance"
							},
							{
								"open": {
									"minecraft:geometry": "geometry.necro_table",
									"minecraft:map_color": "#40019D",
									"minecraft:entity_collision": {
										"origin": [
											-8,
											0,
											-8
										],
										"size": [
											16,
											12,
											16
										]
									},
									"minecraft:pick_collision": {
										"origin": [
											-8,
											0,
											-8
										],
										"size": [
											16,
											12,
											16
										]
									},
									"minecraft:material_instances": {
										"*": {
											"texture": "necro_table",
											"render_method": "alpha_test"
										}
									},
									"minecraft:crafting_table": {
										"grid_size": 3,
										"custom_description": "Conjure Table",
										"crafting_tags": [
											"necro_table"
										]
									},
									"minecraft:on_player_placing": {
										"event": "update_facing_direction"
									},
									"minecraft:rotation": [
										0,
										0,
										0
									],
									"minecraft:block_light_emission": 1,
									"minecraft:explosion_resistance": 1200,
									"minecraft:destroy_time": 2,
									"minecraft:creative_category": {
										"category": "items",
										"group": "itemGroup.name.items"
									}
								},
								"data": "2",
								"key": "minecraft:destroy_time"
							},
							{
								"open": {
									"minecraft:geometry": "geometry.necro_table",
									"minecraft:map_color": "#40019D",
									"minecraft:entity_collision": {
										"origin": [
											-8,
											0,
											-8
										],
										"size": [
											16,
											12,
											16
										]
									},
									"minecraft:pick_collision": {
										"origin": [
											-8,
											0,
											-8
										],
										"size": [
											16,
											12,
											16
										]
									},
									"minecraft:material_instances": {
										"*": {
											"texture": "necro_table",
											"render_method": "alpha_test"
										}
									},
									"minecraft:crafting_table": {
										"grid_size": 3,
										"custom_description": "Conjure Table",
										"crafting_tags": [
											"necro_table"
										]
									},
									"minecraft:on_player_placing": {
										"event": "update_facing_direction"
									},
									"minecraft:rotation": [
										0,
										0,
										0
									],
									"minecraft:block_light_emission": 1,
									"minecraft:explosion_resistance": 1200,
									"minecraft:destroy_time": 2,
									"minecraft:creative_category": {
										"category": "items",
										"group": "itemGroup.name.items"
									}
								},
								"key": "minecraft:creative_category",
								"is_minified": true,
								"children": {
									"category": "items",
									"group": "itemGroup.name.items"
								}
							}
						]
					},
					{
						"open": {
							"description": {
								"identifier": "sc:conjure_table",
								"register_to_creative_menu": true,
								"properties": {
									"sc:facing_direction": [
										0,
										1,
										2,
										3
									]
								}
							},
							"components": {
								"minecraft:geometry": "geometry.necro_table",
								"minecraft:map_color": "#40019D",
								"minecraft:entity_collision": {
									"origin": [
										-8,
										0,
										-8
									],
									"size": [
										16,
										12,
										16
									]
								},
								"minecraft:pick_collision": {
									"origin": [
										-8,
										0,
										-8
									],
									"size": [
										16,
										12,
										16
									]
								},
								"minecraft:material_instances": {
									"*": {
										"texture": "necro_table",
										"render_method": "alpha_test"
									}
								},
								"minecraft:crafting_table": {
									"grid_size": 3,
									"custom_description": "Conjure Table",
									"crafting_tags": [
										"necro_table"
									]
								},
								"minecraft:on_player_placing": {
									"event": "update_facing_direction"
								},
								"minecraft:rotation": [
									0,
									0,
									0
								],
								"minecraft:block_light_emission": 1,
								"minecraft:explosion_resistance": 1200,
								"minecraft:destroy_time": 2,
								"minecraft:creative_category": {
									"category": "items",
									"group": "itemGroup.name.items"
								}
							},
							"permutations": [
								{
									"condition": "query.block_property('sc:facing_direction') == 0",
									"components": {
										"minecraft:rotation": [
											0,
											180,
											0
										]
									}
								},
								{
									"condition": "query.block_property('sc:facing_direction') == 1",
									"components": {
										"minecraft:rotation": [
											0,
											0,
											0
										]
									}
								},
								{
									"condition": "query.block_property('sc:facing_direction') == 2",
									"components": {
										"minecraft:rotation": [
											0,
											-90,
											0
										]
									}
								},
								{
									"condition": "query.block_property('sc:facing_direction') == 3",
									"components": {
										"minecraft:rotation": [
											0,
											90,
											0
										]
									}
								}
							],
							"events": {
								"update_facing_direction": {
									"set_block_property": {
										"sc:facing_direction": "query.cardinal_facing_2d - 2.0"
									}
								}
							}
						},
						"key": "permutations",
						"is_minified": true,
						"children": [
							{
								"condition": "query.block_property('sc:facing_direction') == 0",
								"components": {
									"minecraft:rotation": [
										0,
										180,
										0
									]
								}
							},
							{
								"condition": "query.block_property('sc:facing_direction') == 1",
								"components": {
									"minecraft:rotation": [
										0,
										0,
										0
									]
								}
							},
							{
								"condition": "query.block_property('sc:facing_direction') == 2",
								"components": {
									"minecraft:rotation": [
										0,
										-90,
										0
									]
								}
							},
							{
								"condition": "query.block_property('sc:facing_direction') == 3",
								"components": {
									"minecraft:rotation": [
										0,
										90,
										0
									]
								}
							}
						]
					},
					{
						"key": "events",
						"children": [
							{
								"open": {
									"update_facing_direction": {
										"set_block_property": {
											"sc:facing_direction": "query.cardinal_facing_2d - 2.0"
										}
									}
								},
								"key": "update_facing_direction",
								"children": [
									{
										"open": {
											"set_block_property": {
												"sc:facing_direction": "query.cardinal_facing_2d - 2.0"
											}
										},
										"key": "set_block_property",
										"is_minified": true,
										"children": {
											"sc:facing_direction": "query.cardinal_facing_2d - 2.0"
										}
									}
								]
							}
						]
					}
				]
			}
		]
	}
}