{
	"file_path": "C:\\Users\\Freddy\\AppData\\Local\\Packages\\Microsoft.MinecraftUWP_8wekyb3d8bbwe\\LocalState\\games\\com.mojang\\development_behavior_packs\\Spry Conquest Overhaul\\blocks\\glacis_stone.json",
	"file_type": "block",
	"format_version": 1,
	"file_uuid": "98b12c30_f8aa_471a_a8af_e2873b84ec3c",
	"file_version": 10,
	"cache_content": {
		"children": [
			{
				"data": "1.16.100",
				"key": "format_version"
			},
			{
				"open": {
					"format_version": "1.16.100",
					"minecraft:block": {
						"description": {
							"identifier": "sc:glacis_stone"
						},
						"components": {
							"minecraft:destroy_time": 0.75,
							"minecraft:on_player_destroyed": {
								"event": "break",
								"target": "self",
								"condition": "(query.get_equipped_item_name('main_hand')=='netherite_pickaxe') || (query.get_equipped_item_name('main_hand')=='diamond_pickaxe') || (query.get_equipped_item_name('main_hand')=='iron_pickaxe') || (query.get_equipped_item_name('main_hand')=='gold_pickaxe') || (query.get_equipped_item_name('main_hand')=='stone_pickaxe')"
							},
							"minecraft:loot": "loot_tables/empty.json",
							"minecraft:explosion_resistance": 6,
							"minecraft:creative_category": {
								"group": "itemGroup.name.stone",
								"category": "nature"
							}
						},
						"events": {
							"break": {
								"spawn_loot": {
									"table": "loot_tables/blocks/glacis_stone.json"
								}
							}
						}
					}
				},
				"key": "minecraft:block",
				"children": [
					{
						"open": {
							"description": {
								"identifier": "sc:glacis_stone"
							},
							"components": {
								"minecraft:destroy_time": 0.75,
								"minecraft:on_player_destroyed": {
									"event": "break",
									"target": "self",
									"condition": "(query.get_equipped_item_name('main_hand')=='netherite_pickaxe') || (query.get_equipped_item_name('main_hand')=='diamond_pickaxe') || (query.get_equipped_item_name('main_hand')=='iron_pickaxe') || (query.get_equipped_item_name('main_hand')=='gold_pickaxe') || (query.get_equipped_item_name('main_hand')=='stone_pickaxe')"
								},
								"minecraft:loot": "loot_tables/empty.json",
								"minecraft:explosion_resistance": 6,
								"minecraft:creative_category": {
									"group": "itemGroup.name.stone",
									"category": "nature"
								}
							},
							"events": {
								"break": {
									"spawn_loot": {
										"table": "loot_tables/blocks/glacis_stone.json"
									}
								}
							}
						},
						"key": "description",
						"is_minified": true,
						"children": {
							"identifier": "sc:glacis_stone"
						}
					},
					{
						"open": {
							"description": {
								"identifier": "sc:glacis_stone"
							},
							"components": {
								"minecraft:destroy_time": 0.75,
								"minecraft:on_player_destroyed": {
									"event": "break",
									"target": "self",
									"condition": "(query.get_equipped_item_name('main_hand')=='netherite_pickaxe') || (query.get_equipped_item_name('main_hand')=='diamond_pickaxe') || (query.get_equipped_item_name('main_hand')=='iron_pickaxe') || (query.get_equipped_item_name('main_hand')=='gold_pickaxe') || (query.get_equipped_item_name('main_hand')=='stone_pickaxe')"
								},
								"minecraft:loot": "loot_tables/empty.json",
								"minecraft:explosion_resistance": 6,
								"minecraft:creative_category": {
									"group": "itemGroup.name.stone",
									"category": "nature"
								}
							},
							"events": {
								"break": {
									"spawn_loot": {
										"table": "loot_tables/blocks/glacis_stone.json"
									}
								}
							}
						},
						"key": "components",
						"children": [
							{
								"data": "0.75",
								"key": "minecraft:destroy_time"
							},
							{
								"open": {
									"minecraft:destroy_time": 0.75,
									"minecraft:on_player_destroyed": {
										"event": "break",
										"target": "self",
										"condition": "(query.get_equipped_item_name('main_hand')=='netherite_pickaxe') || (query.get_equipped_item_name('main_hand')=='diamond_pickaxe') || (query.get_equipped_item_name('main_hand')=='iron_pickaxe') || (query.get_equipped_item_name('main_hand')=='gold_pickaxe') || (query.get_equipped_item_name('main_hand')=='stone_pickaxe')"
									},
									"minecraft:loot": "loot_tables/empty.json",
									"minecraft:explosion_resistance": 6,
									"minecraft:creative_category": {
										"group": "itemGroup.name.stone",
										"category": "nature"
									}
								},
								"key": "minecraft:on_player_destroyed",
								"is_minified": true,
								"children": {
									"event": "break",
									"target": "self",
									"condition": "(query.get_equipped_item_name('main_hand')=='netherite_pickaxe') || (query.get_equipped_item_name('main_hand')=='diamond_pickaxe') || (query.get_equipped_item_name('main_hand')=='iron_pickaxe') || (query.get_equipped_item_name('main_hand')=='gold_pickaxe') || (query.get_equipped_item_name('main_hand')=='stone_pickaxe')"
								}
							},
							{
								"data": "loot_tables/empty.json",
								"key": "minecraft:loot"
							},
							{
								"data": "6",
								"key": "minecraft:explosion_resistance"
							},
							{
								"key": "minecraft:creative_category",
								"is_minified": true,
								"children": {
									"group": "itemGroup.name.stone",
									"category": "nature"
								}
							}
						]
					},
					{
						"open": {
							"description": {
								"identifier": "sc:glacis_stone"
							},
							"components": {
								"minecraft:destroy_time": 0.75,
								"minecraft:on_player_destroyed": {
									"event": "break",
									"target": "self",
									"condition": "(query.get_equipped_item_name('main_hand')=='netherite_pickaxe') || (query.get_equipped_item_name('main_hand')=='diamond_pickaxe') || (query.get_equipped_item_name('main_hand')=='iron_pickaxe') || (query.get_equipped_item_name('main_hand')=='gold_pickaxe') || (query.get_equipped_item_name('main_hand')=='stone_pickaxe')"
								},
								"minecraft:loot": "loot_tables/empty.json",
								"minecraft:explosion_resistance": 6,
								"minecraft:creative_category": {
									"group": "itemGroup.name.stone",
									"category": "nature"
								}
							},
							"events": {
								"break": {
									"spawn_loot": {
										"table": "loot_tables/blocks/glacis_stone.json"
									}
								}
							}
						},
						"key": "events",
						"children": [
							{
								"open": {
									"break": {
										"spawn_loot": {
											"table": "loot_tables/blocks/glacis_stone.json"
										}
									}
								},
								"key": "break",
								"children": [
									{
										"open": {
											"spawn_loot": {
												"table": "loot_tables/blocks/glacis_stone.json"
											}
										},
										"key": "spawn_loot",
										"is_minified": true,
										"children": {
											"table": "loot_tables/blocks/glacis_stone.json"
										}
									}
								]
							}
						]
					}
				]
			}
		]
	}
}