{
	"file_path": "C:\\Users\\Freddy\\AppData\\Local\\Packages\\Microsoft.MinecraftUWP_8wekyb3d8bbwe\\LocalState\\games\\com.mojang\\development_behavior_packs\\Spry Conquest Overhaul\\blocks\\keg.json",
	"file_type": "block",
	"format_version": 1,
	"file_uuid": "bc78beea_0222_430b_8053_0b1d14ef4461",
	"file_version": 61,
	"cache_content": {
		"children": [
			{
				"data": "1.16.100",
				"key": "format_version"
			},
			{
				"open": {
					"format_version": "1.16.100",
					"minecraft:block": {
						"description": {
							"identifier": "sc:keg",
							"properties": {
								"sc:facing_direction": [
									0,
									1,
									2,
									3
								]
							}
						},
						"components": {
							"minecraft:geometry": "geometry.keg",
							"minecraft:map_color": "#584214",
							"minecraft:entity_collision": {
								"origin": [
									-6,
									0,
									-6
								],
								"size": [
									12,
									12,
									12
								]
							},
							"minecraft:pick_collision": {
								"origin": [
									-6,
									0,
									-6
								],
								"size": [
									12,
									12,
									12
								]
							},
							"minecraft:material_instances": {
								"*": {
									"texture": "keg",
									"render_method": "alpha_test"
								}
							},
							"minecraft:crafting_table": {
								"grid_size": 3,
								"custom_description": "Keg",
								"crafting_tags": [
									"sc_keg"
								]
							},
							"minecraft:on_player_placing": {
								"event": "update_facing_direction"
							},
							"minecraft:rotation": [
								0,
								0,
								0
							],
							"minecraft:destroy_time": 0.8,
							"minecraft:block_light_absorption": 0.5,
							"minecraft:creative_category": {
								"category": "items",
								"group": "itemGroup.name.items"
							},
							"minecraft:flammable": {
								"burn_odds": 2,
								"flame_odds": 2
							}
						},
						"permutations": [
							{
								"condition": "query.block_property('sc:facing_direction') == 0",
								"components": {
									"minecraft:rotation": [
										0,
										180,
										0
									]
								}
							},
							{
								"condition": "query.block_property('sc:facing_direction') == 1",
								"components": {
									"minecraft:rotation": [
										0,
										0,
										0
									]
								}
							},
							{
								"condition": "query.block_property('sc:facing_direction') == 2",
								"components": {
									"minecraft:rotation": [
										0,
										-90,
										0
									]
								}
							},
							{
								"condition": "query.block_property('sc:facing_direction') == 3",
								"components": {
									"minecraft:rotation": [
										0,
										90,
										0
									]
								}
							}
						],
						"events": {
							"update_facing_direction": {
								"set_block_property": {
									"sc:facing_direction": "query.cardinal_facing_2d - 2.0"
								}
							}
						}
					}
				},
				"key": "minecraft:block",
				"children": [
					{
						"open": {
							"description": {
								"identifier": "sc:keg",
								"properties": {
									"sc:facing_direction": [
										0,
										1,
										2,
										3
									]
								}
							},
							"components": {
								"minecraft:geometry": "geometry.keg",
								"minecraft:map_color": "#584214",
								"minecraft:entity_collision": {
									"origin": [
										-6,
										0,
										-6
									],
									"size": [
										12,
										12,
										12
									]
								},
								"minecraft:pick_collision": {
									"origin": [
										-6,
										0,
										-6
									],
									"size": [
										12,
										12,
										12
									]
								},
								"minecraft:material_instances": {
									"*": {
										"texture": "keg",
										"render_method": "alpha_test"
									}
								},
								"minecraft:crafting_table": {
									"grid_size": 3,
									"custom_description": "Keg",
									"crafting_tags": [
										"sc_keg"
									]
								},
								"minecraft:on_player_placing": {
									"event": "update_facing_direction"
								},
								"minecraft:rotation": [
									0,
									0,
									0
								],
								"minecraft:destroy_time": 0.8,
								"minecraft:block_light_absorption": 0.5,
								"minecraft:creative_category": {
									"category": "items",
									"group": "itemGroup.name.items"
								},
								"minecraft:flammable": {
									"burn_odds": 2,
									"flame_odds": 2
								}
							},
							"permutations": [
								{
									"condition": "query.block_property('sc:facing_direction') == 0",
									"components": {
										"minecraft:rotation": [
											0,
											180,
											0
										]
									}
								},
								{
									"condition": "query.block_property('sc:facing_direction') == 1",
									"components": {
										"minecraft:rotation": [
											0,
											0,
											0
										]
									}
								},
								{
									"condition": "query.block_property('sc:facing_direction') == 2",
									"components": {
										"minecraft:rotation": [
											0,
											-90,
											0
										]
									}
								},
								{
									"condition": "query.block_property('sc:facing_direction') == 3",
									"components": {
										"minecraft:rotation": [
											0,
											90,
											0
										]
									}
								}
							],
							"events": {
								"update_facing_direction": {
									"set_block_property": {
										"sc:facing_direction": "query.cardinal_facing_2d - 2.0"
									}
								}
							}
						},
						"key": "description",
						"children": [
							{
								"open": {
									"identifier": "sc:keg",
									"properties": {
										"sc:facing_direction": [
											0,
											1,
											2,
											3
										]
									}
								},
								"data": "sc:keg",
								"key": "identifier"
							},
							{
								"open": {
									"identifier": "sc:keg",
									"properties": {
										"sc:facing_direction": [
											0,
											1,
											2,
											3
										]
									}
								},
								"key": "properties",
								"children": [
									{
										"open": {
											"sc:facing_direction": [
												0,
												1,
												2,
												3
											]
										},
										"key": "sc:facing_direction",
										"is_minified": true,
										"children": [
											0,
											1,
											2,
											3
										]
									}
								]
							}
						]
					},
					{
						"open": {
							"description": {
								"identifier": "sc:keg",
								"properties": {
									"sc:facing_direction": [
										0,
										1,
										2,
										3
									]
								}
							},
							"components": {
								"minecraft:geometry": "geometry.keg",
								"minecraft:map_color": "#584214",
								"minecraft:entity_collision": {
									"origin": [
										-6,
										0,
										-6
									],
									"size": [
										12,
										12,
										12
									]
								},
								"minecraft:pick_collision": {
									"origin": [
										-6,
										0,
										-6
									],
									"size": [
										12,
										12,
										12
									]
								},
								"minecraft:material_instances": {
									"*": {
										"texture": "keg",
										"render_method": "alpha_test"
									}
								},
								"minecraft:crafting_table": {
									"grid_size": 3,
									"custom_description": "Keg",
									"crafting_tags": [
										"sc_keg"
									]
								},
								"minecraft:on_player_placing": {
									"event": "update_facing_direction"
								},
								"minecraft:rotation": [
									0,
									0,
									0
								],
								"minecraft:destroy_time": 0.8,
								"minecraft:block_light_absorption": 0.5,
								"minecraft:creative_category": {
									"category": "items",
									"group": "itemGroup.name.items"
								},
								"minecraft:flammable": {
									"burn_odds": 2,
									"flame_odds": 2
								}
							},
							"permutations": [
								{
									"condition": "query.block_property('sc:facing_direction') == 0",
									"components": {
										"minecraft:rotation": [
											0,
											180,
											0
										]
									}
								},
								{
									"condition": "query.block_property('sc:facing_direction') == 1",
									"components": {
										"minecraft:rotation": [
											0,
											0,
											0
										]
									}
								},
								{
									"condition": "query.block_property('sc:facing_direction') == 2",
									"components": {
										"minecraft:rotation": [
											0,
											-90,
											0
										]
									}
								},
								{
									"condition": "query.block_property('sc:facing_direction') == 3",
									"components": {
										"minecraft:rotation": [
											0,
											90,
											0
										]
									}
								}
							],
							"events": {
								"update_facing_direction": {
									"set_block_property": {
										"sc:facing_direction": "query.cardinal_facing_2d - 2.0"
									}
								}
							}
						},
						"key": "components",
						"children": [
							{
								"open": {
									"minecraft:geometry": "geometry.keg",
									"minecraft:map_color": "#584214",
									"minecraft:entity_collision": {
										"origin": [
											-6,
											0,
											-6
										],
										"size": [
											12,
											12,
											12
										]
									},
									"minecraft:pick_collision": {
										"origin": [
											-6,
											0,
											-6
										],
										"size": [
											12,
											12,
											12
										]
									},
									"minecraft:material_instances": {
										"*": {
											"texture": "keg",
											"render_method": "alpha_test"
										}
									},
									"minecraft:crafting_table": {
										"grid_size": 3,
										"custom_description": "Keg",
										"crafting_tags": [
											"sc_keg"
										]
									},
									"minecraft:on_player_placing": {
										"event": "update_facing_direction"
									},
									"minecraft:rotation": [
										0,
										0,
										0
									],
									"minecraft:destroy_time": 0.8,
									"minecraft:block_light_absorption": 0.5,
									"minecraft:creative_category": {
										"category": "items",
										"group": "itemGroup.name.items"
									},
									"minecraft:flammable": {
										"burn_odds": 2,
										"flame_odds": 2
									}
								},
								"data": "geometry.keg",
								"key": "minecraft:geometry"
							},
							{
								"data": "#584214",
								"key": "minecraft:map_color"
							},
							{
								"key": "minecraft:entity_collision",
								"children": [
									{
										"open": {
											"origin": [
												-6,
												0,
												-6
											],
											"size": [
												12,
												12,
												12
											]
										},
										"key": "origin",
										"is_minified": true,
										"children": [
											-6,
											0,
											-6
										]
									},
									{
										"open": {
											"origin": [
												-6,
												0,
												-6
											],
											"size": [
												12,
												12,
												12
											]
										},
										"key": "size",
										"is_minified": true,
										"children": [
											12,
											12,
											12
										]
									}
								]
							},
							{
								"key": "minecraft:pick_collision",
								"children": [
									{
										"open": {
											"origin": [
												-6,
												0,
												-6
											],
											"size": [
												12,
												12,
												12
											]
										},
										"key": "origin",
										"is_minified": true,
										"children": [
											-6,
											0,
											-6
										]
									},
									{
										"open": {
											"origin": [
												-6,
												0,
												-6
											],
											"size": [
												12,
												12,
												12
											]
										},
										"key": "size",
										"is_minified": true,
										"children": [
											12,
											12,
											12
										]
									}
								]
							},
							{
								"key": "minecraft:material_instances",
								"children": [
									{
										"open": {
											"*": {
												"texture": "keg",
												"render_method": "alpha_test"
											}
										},
										"key": "*",
										"is_minified": true,
										"children": {
											"texture": "keg",
											"render_method": "alpha_test"
										}
									}
								]
							},
							{
								"open": {
									"minecraft:geometry": "geometry.keg",
									"minecraft:map_color": "#584214",
									"minecraft:entity_collision": {
										"origin": [
											-6,
											0,
											-6
										],
										"size": [
											12,
											12,
											12
										]
									},
									"minecraft:pick_collision": {
										"origin": [
											-6,
											0,
											-6
										],
										"size": [
											12,
											12,
											12
										]
									},
									"minecraft:material_instances": {
										"*": {
											"texture": "keg",
											"render_method": "alpha_test"
										}
									},
									"minecraft:crafting_table": {
										"grid_size": 3,
										"custom_description": "Keg",
										"crafting_tags": [
											"sc_keg"
										]
									},
									"minecraft:on_player_placing": {
										"event": "update_facing_direction"
									},
									"minecraft:rotation": [
										0,
										0,
										0
									],
									"minecraft:destroy_time": 0.8,
									"minecraft:block_light_absorption": 0.5,
									"minecraft:creative_category": {
										"category": "items",
										"group": "itemGroup.name.items"
									},
									"minecraft:flammable": {
										"burn_odds": 2,
										"flame_odds": 2
									}
								},
								"key": "minecraft:crafting_table",
								"children": [
									{
										"data": "3",
										"key": "grid_size"
									},
									{
										"open": {
											"grid_size": 3,
											"custom_description": "Keg",
											"crafting_tags": [
												"sc_keg"
											]
										},
										"data": "Keg",
										"key": "custom_description"
									},
									{
										"open": {
											"grid_size": 3,
											"custom_description": "Keg",
											"crafting_tags": [
												"sc_keg"
											]
										},
										"key": "crafting_tags",
										"is_minified": true,
										"children": [
											"sc_keg"
										]
									}
								]
							},
							{
								"key": "minecraft:on_player_placing",
								"is_minified": true,
								"children": {
									"event": "update_facing_direction"
								}
							},
							{
								"key": "minecraft:rotation",
								"is_minified": true,
								"children": [
									0,
									0,
									0
								]
							},
							{
								"data": "0.8",
								"key": "minecraft:destroy_time"
							},
							{
								"data": "0.5",
								"key": "minecraft:block_light_absorption"
							},
							{
								"key": "minecraft:creative_category",
								"is_minified": true,
								"children": {
									"category": "items",
									"group": "itemGroup.name.items"
								}
							},
							{
								"key": "minecraft:flammable",
								"is_minified": true,
								"children": {
									"burn_odds": 2,
									"flame_odds": 2
								}
							}
						]
					},
					{
						"open": {
							"description": {
								"identifier": "sc:keg",
								"properties": {
									"sc:facing_direction": [
										0,
										1,
										2,
										3
									]
								}
							},
							"components": {
								"minecraft:geometry": "geometry.keg",
								"minecraft:map_color": "#584214",
								"minecraft:entity_collision": {
									"origin": [
										-6,
										0,
										-6
									],
									"size": [
										12,
										12,
										12
									]
								},
								"minecraft:pick_collision": {
									"origin": [
										-6,
										0,
										-6
									],
									"size": [
										12,
										12,
										12
									]
								},
								"minecraft:material_instances": {
									"*": {
										"texture": "keg",
										"render_method": "alpha_test"
									}
								},
								"minecraft:crafting_table": {
									"grid_size": 3,
									"custom_description": "Keg",
									"crafting_tags": [
										"sc_keg"
									]
								},
								"minecraft:on_player_placing": {
									"event": "update_facing_direction"
								},
								"minecraft:rotation": [
									0,
									0,
									0
								],
								"minecraft:destroy_time": 0.8,
								"minecraft:block_light_absorption": 0.5,
								"minecraft:creative_category": {
									"category": "items",
									"group": "itemGroup.name.items"
								},
								"minecraft:flammable": {
									"burn_odds": 2,
									"flame_odds": 2
								}
							},
							"permutations": [
								{
									"condition": "query.block_property('sc:facing_direction') == 0",
									"components": {
										"minecraft:rotation": [
											0,
											180,
											0
										]
									}
								},
								{
									"condition": "query.block_property('sc:facing_direction') == 1",
									"components": {
										"minecraft:rotation": [
											0,
											0,
											0
										]
									}
								},
								{
									"condition": "query.block_property('sc:facing_direction') == 2",
									"components": {
										"minecraft:rotation": [
											0,
											-90,
											0
										]
									}
								},
								{
									"condition": "query.block_property('sc:facing_direction') == 3",
									"components": {
										"minecraft:rotation": [
											0,
											90,
											0
										]
									}
								}
							],
							"events": {
								"update_facing_direction": {
									"set_block_property": {
										"sc:facing_direction": "query.cardinal_facing_2d - 2.0"
									}
								}
							}
						},
						"key": "permutations",
						"is_minified": true,
						"children": [
							{
								"condition": "query.block_property('sc:facing_direction') == 0",
								"components": {
									"minecraft:rotation": [
										0,
										180,
										0
									]
								}
							},
							{
								"condition": "query.block_property('sc:facing_direction') == 1",
								"components": {
									"minecraft:rotation": [
										0,
										0,
										0
									]
								}
							},
							{
								"condition": "query.block_property('sc:facing_direction') == 2",
								"components": {
									"minecraft:rotation": [
										0,
										-90,
										0
									]
								}
							},
							{
								"condition": "query.block_property('sc:facing_direction') == 3",
								"components": {
									"minecraft:rotation": [
										0,
										90,
										0
									]
								}
							}
						]
					},
					{
						"open": {
							"description": {
								"identifier": "sc:keg",
								"properties": {
									"sc:facing_direction": [
										0,
										1,
										2,
										3
									]
								}
							},
							"components": {
								"minecraft:geometry": "geometry.keg",
								"minecraft:map_color": "#584214",
								"minecraft:entity_collision": {
									"origin": [
										-6,
										0,
										-6
									],
									"size": [
										12,
										12,
										12
									]
								},
								"minecraft:pick_collision": {
									"origin": [
										-6,
										0,
										-6
									],
									"size": [
										12,
										12,
										12
									]
								},
								"minecraft:material_instances": {
									"*": {
										"texture": "keg",
										"render_method": "alpha_test"
									}
								},
								"minecraft:crafting_table": {
									"grid_size": 3,
									"custom_description": "Keg",
									"crafting_tags": [
										"sc_keg"
									]
								},
								"minecraft:on_player_placing": {
									"event": "update_facing_direction"
								},
								"minecraft:rotation": [
									0,
									0,
									0
								],
								"minecraft:destroy_time": 0.8,
								"minecraft:block_light_absorption": 0.5,
								"minecraft:creative_category": {
									"category": "items",
									"group": "itemGroup.name.items"
								},
								"minecraft:flammable": {
									"burn_odds": 2,
									"flame_odds": 2
								}
							},
							"permutations": [
								{
									"condition": "query.block_property('sc:facing_direction') == 0",
									"components": {
										"minecraft:rotation": [
											0,
											180,
											0
										]
									}
								},
								{
									"condition": "query.block_property('sc:facing_direction') == 1",
									"components": {
										"minecraft:rotation": [
											0,
											0,
											0
										]
									}
								},
								{
									"condition": "query.block_property('sc:facing_direction') == 2",
									"components": {
										"minecraft:rotation": [
											0,
											-90,
											0
										]
									}
								},
								{
									"condition": "query.block_property('sc:facing_direction') == 3",
									"components": {
										"minecraft:rotation": [
											0,
											90,
											0
										]
									}
								}
							],
							"events": {
								"update_facing_direction": {
									"set_block_property": {
										"sc:facing_direction": "query.cardinal_facing_2d - 2.0"
									}
								}
							}
						},
						"key": "events",
						"children": [
							{
								"open": {
									"update_facing_direction": {
										"set_block_property": {
											"sc:facing_direction": "query.cardinal_facing_2d - 2.0"
										}
									}
								},
								"key": "update_facing_direction",
								"children": [
									{
										"open": {
											"set_block_property": {
												"sc:facing_direction": "query.cardinal_facing_2d - 2.0"
											}
										},
										"key": "set_block_property",
										"is_minified": true,
										"children": {
											"sc:facing_direction": "query.cardinal_facing_2d - 2.0"
										}
									}
								]
							}
						]
					}
				]
			}
		]
	}
}