{
	"file_path": "C:\\Users\\Freddy\\AppData\\Local\\Packages\\Microsoft.MinecraftUWP_8wekyb3d8bbwe\\LocalState\\games\\com.mojang\\development_behavior_packs\\Spry Conquest Overhaul\\blocks\\polished_sefril.json",
	"file_type": "block",
	"format_version": 1,
	"file_uuid": "ae2c54ce_6fab_4688_8e3d_31d64a9f9844",
	"file_version": 9,
	"cache_content": {
		"children": [
			{
				"open": {
					"format_version": "1.16.100",
					"minecraft:block": {
						"description": {
							"identifier": "sc:polished_sefril"
						},
						"components": {
							"minecraft:destroy_time": 0.75,
							"minecraft:creative_category": {
								"group": "itemGroup.name.stone",
								"category": "nature"
							}
						}
					}
				},
				"data": "1.16.100",
				"key": "format_version"
			},
			{
				"open": {
					"format_version": "1.16.100",
					"minecraft:block": {
						"description": {
							"identifier": "sc:polished_sefril"
						},
						"components": {
							"minecraft:destroy_time": 0.75,
							"minecraft:creative_category": {
								"group": "itemGroup.name.stone",
								"category": "nature"
							}
						}
					}
				},
				"key": "minecraft:block",
				"children": [
					{
						"open": {
							"description": {
								"identifier": "sc:polished_sefril"
							},
							"components": {
								"minecraft:destroy_time": 0.75,
								"minecraft:creative_category": {
									"group": "itemGroup.name.stone",
									"category": "nature"
								}
							}
						},
						"key": "description",
						"is_minified": true,
						"children": {
							"identifier": "sc:polished_sefril"
						}
					},
					{
						"open": {
							"description": {
								"identifier": "sc:polished_sefril"
							},
							"components": {
								"minecraft:destroy_time": 0.75,
								"minecraft:creative_category": {
									"group": "itemGroup.name.stone",
									"category": "nature"
								}
							}
						},
						"key": "components",
						"is_minified": true,
						"children": {
							"minecraft:destroy_time": 0.75,
							"minecraft:creative_category": {
								"group": "itemGroup.name.stone",
								"category": "nature"
							}
						}
					}
				]
			}
		]
	}
}