{
	"file_path": "C:\\Users\\adminlocal\\AppData\\Local\\Packages\\Microsoft.MinecraftUWP_8wekyb3d8bbwe\\LocalState\\games\\com.mojang\\development_behavior_packs\\Spry Conquest Overhaul\\blocks\\red_grape_vine.json",
	"file_type": "block",
	"format_version": 1,
	"file_uuid": "6fa8f35d_73bb_4f37_88a9_b6d35c502002",
	"file_version": 107,
	"cache_content": {
		"children": [
			{
				"data": "1.16.100",
				"key": "format_version"
			},
			{
				"open": {
					"format_version": "1.16.100",
					"minecraft:block": {
						"description": {
							"identifier": "sc:red_grape_vine",
							"register_to_creative_menu": true,
							"properties": {
								"sc:stage": [
									0,
									1,
									2
								]
							}
						},
						"components": {
							"minecraft:geometry": "geometry.crop",
							"minecraft:map_color": "#2A6F31",
							"minecraft:entity_collision": false,
							"minecraft:pick_collision": {
								"origin": [
									-6,
									0,
									-6
								],
								"size": [
									12,
									16,
									12
								]
							},
							"minecraft:destroy_time": 0.2,
							"minecraft:placement_filter": {
								"conditions": [
									{
										"allowed_faces": [
											"down"
										]
									}
								]
							},
							"minecraft:block_light_absorption": 0,
							"minecraft:loot": "loot_tables/empty.json"
						},
						"permutations": [
							{
								"condition": "query.block_property('sc:stage') == 0",
								"components": {
									"minecraft:material_instances": {
										"*": {
											"texture": "grape_vine",
											"render_method": "alpha_test",
											"ambient_occlusion": false,
											"face_dimming": false
										}
									},
									"minecraft:ticking": {
										"on_tick": {
											"event": "0to1"
										},
										"range": [
											10,
											15
										],
										"looping": false
									}
								}
							},
							{
								"condition": "query.block_property('sc:stage') == 1",
								"components": {
									"minecraft:material_instances": {
										"*": {
											"texture": "red_grape_vine1",
											"render_method": "alpha_test",
											"ambient_occlusion": false,
											"face_dimming": false
										}
									},
									"minecraft:ticking": {
										"on_tick": {
											"event": "1to2"
										},
										"range": [
											10,
											15
										],
										"looping": false
									},
									"minecraft:on_interact": {
										"event": "not_ripe"
									}
								}
							},
							{
								"condition": "query.block_property('sc:stage') == 2",
								"components": {
									"minecraft:material_instances": {
										"*": {
											"texture": "red_grape_vine2",
											"render_method": "alpha_test",
											"ambient_occlusion": false,
											"face_dimming": false
										}
									},
									"minecraft:on_interact": {
										"event": "ripe"
									}
								}
							}
						],
						"events": {
							"0to0": {
								"set_block_property": {
									"sc:stage": 0
								}
							},
							"0to1": {
								"set_block_property": {
									"sc:stage": 1
								}
							},
							"1to2": {
								"set_block_property": {
									"sc:stage": 2
								}
							},
							"ripe": {
								"spawn_loot": {
									"table": "loot_tables/blocks/red_grape_vine_2.json"
								},
								"set_block_property": {
									"sc:stage": 0
								},
								"play_sound": {
									"target": "other",
									"sound": "pick_berries.cave_vines"
								}
							},
							"not_ripe": {
								"spawn_loot": {
									"table": "loot_tables/blocks/red_grape_vine_1.json"
								},
								"set_block_property": {
									"sc:stage": 0
								},
								"play_sound": {
									"target": "other",
									"sound": "pick_berries.cave_vines"
								}
							}
						}
					}
				},
				"key": "minecraft:block",
				"children": [
					{
						"open": {
							"description": {
								"identifier": "sc:red_grape_vine",
								"register_to_creative_menu": true,
								"properties": {
									"sc:stage": [
										0,
										1,
										2
									]
								}
							},
							"components": {
								"minecraft:geometry": "geometry.crop",
								"minecraft:map_color": "#2A6F31",
								"minecraft:entity_collision": false,
								"minecraft:pick_collision": {
									"origin": [
										-6,
										0,
										-6
									],
									"size": [
										12,
										16,
										12
									]
								},
								"minecraft:destroy_time": 0.2,
								"minecraft:placement_filter": {
									"conditions": [
										{
											"allowed_faces": [
												"down"
											]
										}
									]
								},
								"minecraft:block_light_absorption": 0,
								"minecraft:loot": "loot_tables/empty.json"
							},
							"permutations": [
								{
									"condition": "query.block_property('sc:stage') == 0",
									"components": {
										"minecraft:material_instances": {
											"*": {
												"texture": "grape_vine",
												"render_method": "alpha_test",
												"ambient_occlusion": false,
												"face_dimming": false
											}
										},
										"minecraft:ticking": {
											"on_tick": {
												"event": "0to1"
											},
											"range": [
												10,
												15
											],
											"looping": false
										}
									}
								},
								{
									"condition": "query.block_property('sc:stage') == 1",
									"components": {
										"minecraft:material_instances": {
											"*": {
												"texture": "red_grape_vine1",
												"render_method": "alpha_test",
												"ambient_occlusion": false,
												"face_dimming": false
											}
										},
										"minecraft:ticking": {
											"on_tick": {
												"event": "1to2"
											},
											"range": [
												10,
												15
											],
											"looping": false
										},
										"minecraft:on_interact": {
											"event": "not_ripe"
										}
									}
								},
								{
									"condition": "query.block_property('sc:stage') == 2",
									"components": {
										"minecraft:material_instances": {
											"*": {
												"texture": "red_grape_vine2",
												"render_method": "alpha_test",
												"ambient_occlusion": false,
												"face_dimming": false
											}
										},
										"minecraft:on_interact": {
											"event": "ripe"
										}
									}
								}
							],
							"events": {
								"0to0": {
									"set_block_property": {
										"sc:stage": 0
									}
								},
								"0to1": {
									"set_block_property": {
										"sc:stage": 1
									}
								},
								"1to2": {
									"set_block_property": {
										"sc:stage": 2
									}
								},
								"ripe": {
									"spawn_loot": {
										"table": "loot_tables/blocks/red_grape_vine_2.json"
									},
									"set_block_property": {
										"sc:stage": 0
									},
									"play_sound": {
										"target": "other",
										"sound": "pick_berries.cave_vines"
									}
								},
								"not_ripe": {
									"spawn_loot": {
										"table": "loot_tables/blocks/red_grape_vine_1.json"
									},
									"set_block_property": {
										"sc:stage": 0
									},
									"play_sound": {
										"target": "other",
										"sound": "pick_berries.cave_vines"
									}
								}
							}
						},
						"key": "description",
						"children": [
							{
								"open": {
									"identifier": "sc:red_grape_vine",
									"register_to_creative_menu": true,
									"properties": {
										"sc:stage": [
											0,
											1,
											2
										]
									}
								},
								"data": "sc:red_grape_vine",
								"key": "identifier"
							},
							{
								"data": "true",
								"key": "register_to_creative_menu"
							},
							{
								"open": {
									"identifier": "sc:red_grape_vine",
									"register_to_creative_menu": true,
									"properties": {
										"sc:stage": [
											0,
											1,
											2
										]
									}
								},
								"key": "properties",
								"children": [
									{
										"open": {
											"sc:stage": [
												0,
												1,
												2
											]
										},
										"key": "sc:stage",
										"is_minified": true,
										"children": [
											0,
											1,
											2
										]
									}
								]
							}
						]
					},
					{
						"open": {
							"description": {
								"identifier": "sc:red_grape_vine",
								"register_to_creative_menu": true,
								"properties": {
									"sc:stage": [
										0,
										1,
										2
									]
								}
							},
							"components": {
								"minecraft:geometry": "geometry.crop",
								"minecraft:map_color": "#2A6F31",
								"minecraft:entity_collision": false,
								"minecraft:pick_collision": {
									"origin": [
										-6,
										0,
										-6
									],
									"size": [
										12,
										16,
										12
									]
								},
								"minecraft:destroy_time": 0.2,
								"minecraft:placement_filter": {
									"conditions": [
										{
											"allowed_faces": [
												"down"
											]
										}
									]
								},
								"minecraft:block_light_absorption": 0,
								"minecraft:loot": "loot_tables/empty.json"
							},
							"permutations": [
								{
									"condition": "query.block_property('sc:stage') == 0",
									"components": {
										"minecraft:material_instances": {
											"*": {
												"texture": "grape_vine",
												"render_method": "alpha_test",
												"ambient_occlusion": false,
												"face_dimming": false
											}
										},
										"minecraft:ticking": {
											"on_tick": {
												"event": "0to1"
											},
											"range": [
												10,
												15
											],
											"looping": false
										}
									}
								},
								{
									"condition": "query.block_property('sc:stage') == 1",
									"components": {
										"minecraft:material_instances": {
											"*": {
												"texture": "red_grape_vine1",
												"render_method": "alpha_test",
												"ambient_occlusion": false,
												"face_dimming": false
											}
										},
										"minecraft:ticking": {
											"on_tick": {
												"event": "1to2"
											},
											"range": [
												10,
												15
											],
											"looping": false
										},
										"minecraft:on_interact": {
											"event": "not_ripe"
										}
									}
								},
								{
									"condition": "query.block_property('sc:stage') == 2",
									"components": {
										"minecraft:material_instances": {
											"*": {
												"texture": "red_grape_vine2",
												"render_method": "alpha_test",
												"ambient_occlusion": false,
												"face_dimming": false
											}
										},
										"minecraft:on_interact": {
											"event": "ripe"
										}
									}
								}
							],
							"events": {
								"0to0": {
									"set_block_property": {
										"sc:stage": 0
									}
								},
								"0to1": {
									"set_block_property": {
										"sc:stage": 1
									}
								},
								"1to2": {
									"set_block_property": {
										"sc:stage": 2
									}
								},
								"ripe": {
									"spawn_loot": {
										"table": "loot_tables/blocks/red_grape_vine_2.json"
									},
									"set_block_property": {
										"sc:stage": 0
									},
									"play_sound": {
										"target": "other",
										"sound": "pick_berries.cave_vines"
									}
								},
								"not_ripe": {
									"spawn_loot": {
										"table": "loot_tables/blocks/red_grape_vine_1.json"
									},
									"set_block_property": {
										"sc:stage": 0
									},
									"play_sound": {
										"target": "other",
										"sound": "pick_berries.cave_vines"
									}
								}
							}
						},
						"key": "components",
						"children": [
							{
								"open": {
									"minecraft:geometry": "geometry.crop",
									"minecraft:map_color": "#2A6F31",
									"minecraft:entity_collision": false,
									"minecraft:pick_collision": {
										"origin": [
											-6,
											0,
											-6
										],
										"size": [
											12,
											16,
											12
										]
									},
									"minecraft:destroy_time": 0.2,
									"minecraft:placement_filter": {
										"conditions": [
											{
												"allowed_faces": [
													"down"
												]
											}
										]
									},
									"minecraft:block_light_absorption": 0,
									"minecraft:loot": "loot_tables/empty.json"
								},
								"data": "geometry.crop",
								"key": "minecraft:geometry"
							},
							{
								"data": "#2A6F31",
								"key": "minecraft:map_color"
							},
							{
								"data": "false",
								"key": "minecraft:entity_collision"
							},
							{
								"open": {
									"minecraft:geometry": "geometry.crop",
									"minecraft:map_color": "#2A6F31",
									"minecraft:entity_collision": false,
									"minecraft:pick_collision": {
										"origin": [
											-6,
											0,
											-6
										],
										"size": [
											12,
											16,
											12
										]
									},
									"minecraft:destroy_time": 0.2,
									"minecraft:placement_filter": {
										"conditions": [
											{
												"allowed_faces": [
													"down"
												]
											}
										]
									},
									"minecraft:block_light_absorption": 0,
									"minecraft:loot": "loot_tables/empty.json"
								},
								"key": "minecraft:pick_collision",
								"children": [
									{
										"open": {
											"origin": [
												-6,
												0,
												-6
											],
											"size": [
												12,
												16,
												12
											]
										},
										"key": "origin",
										"is_minified": true,
										"children": [
											-6,
											0,
											-6
										]
									},
									{
										"open": {
											"origin": [
												-6,
												0,
												-6
											],
											"size": [
												12,
												16,
												12
											]
										},
										"key": "size",
										"is_minified": true,
										"children": [
											12,
											16,
											12
										]
									}
								]
							},
							{
								"open": {
									"minecraft:geometry": "geometry.crop",
									"minecraft:map_color": "#2A6F31",
									"minecraft:entity_collision": false,
									"minecraft:pick_collision": {
										"origin": [
											-6,
											0,
											-6
										],
										"size": [
											12,
											16,
											12
										]
									},
									"minecraft:destroy_time": 0.2,
									"minecraft:placement_filter": {
										"conditions": [
											{
												"allowed_faces": [
													"down"
												]
											}
										]
									},
									"minecraft:block_light_absorption": 0,
									"minecraft:loot": "loot_tables/empty.json"
								},
								"data": "0.2",
								"key": "minecraft:destroy_time"
							},
							{
								"open": {
									"minecraft:geometry": "geometry.crop",
									"minecraft:map_color": "#2A6F31",
									"minecraft:entity_collision": false,
									"minecraft:pick_collision": {
										"origin": [
											-6,
											0,
											-6
										],
										"size": [
											12,
											16,
											12
										]
									},
									"minecraft:destroy_time": 0.2,
									"minecraft:placement_filter": {
										"conditions": [
											{
												"allowed_faces": [
													"down"
												]
											}
										]
									},
									"minecraft:block_light_absorption": 0,
									"minecraft:loot": "loot_tables/empty.json"
								},
								"key": "minecraft:placement_filter",
								"children": [
									{
										"open": {
											"conditions": [
												{
													"allowed_faces": [
														"down"
													]
												}
											]
										},
										"key": "conditions",
										"children": [
											{
												"open": [
													{
														"allowed_faces": [
															"down"
														]
													}
												],
												"children": [
													{
														"open": {
															"allowed_faces": [
																"down"
															]
														},
														"key": "allowed_faces",
														"is_minified": true,
														"children": [
															"down"
														]
													}
												]
											}
										]
									}
								]
							},
							{
								"data": "0.0",
								"key": "minecraft:block_light_absorption"
							},
							{
								"data": "loot_tables/empty.json",
								"key": "minecraft:loot"
							}
						]
					},
					{
						"open": {
							"description": {
								"identifier": "sc:red_grape_vine",
								"register_to_creative_menu": true,
								"properties": {
									"sc:stage": [
										0,
										1,
										2
									]
								}
							},
							"components": {
								"minecraft:geometry": "geometry.crop",
								"minecraft:map_color": "#2A6F31",
								"minecraft:entity_collision": false,
								"minecraft:pick_collision": {
									"origin": [
										-6,
										0,
										-6
									],
									"size": [
										12,
										16,
										12
									]
								},
								"minecraft:destroy_time": 0.2,
								"minecraft:placement_filter": {
									"conditions": [
										{
											"allowed_faces": [
												"down"
											]
										}
									]
								},
								"minecraft:block_light_absorption": 0,
								"minecraft:loot": "loot_tables/empty.json"
							},
							"permutations": [
								{
									"condition": "query.block_property('sc:stage') == 0",
									"components": {
										"minecraft:material_instances": {
											"*": {
												"texture": "grape_vine",
												"render_method": "alpha_test",
												"ambient_occlusion": false,
												"face_dimming": false
											}
										},
										"minecraft:ticking": {
											"on_tick": {
												"event": "0to1"
											},
											"range": [
												10,
												15
											],
											"looping": false
										}
									}
								},
								{
									"condition": "query.block_property('sc:stage') == 1",
									"components": {
										"minecraft:material_instances": {
											"*": {
												"texture": "red_grape_vine1",
												"render_method": "alpha_test",
												"ambient_occlusion": false,
												"face_dimming": false
											}
										},
										"minecraft:ticking": {
											"on_tick": {
												"event": "1to2"
											},
											"range": [
												10,
												15
											],
											"looping": false
										},
										"minecraft:on_interact": {
											"event": "not_ripe"
										}
									}
								},
								{
									"condition": "query.block_property('sc:stage') == 2",
									"components": {
										"minecraft:material_instances": {
											"*": {
												"texture": "red_grape_vine2",
												"render_method": "alpha_test",
												"ambient_occlusion": false,
												"face_dimming": false
											}
										},
										"minecraft:on_interact": {
											"event": "ripe"
										}
									}
								}
							],
							"events": {
								"0to0": {
									"set_block_property": {
										"sc:stage": 0
									}
								},
								"0to1": {
									"set_block_property": {
										"sc:stage": 1
									}
								},
								"1to2": {
									"set_block_property": {
										"sc:stage": 2
									}
								},
								"ripe": {
									"spawn_loot": {
										"table": "loot_tables/blocks/red_grape_vine_2.json"
									},
									"set_block_property": {
										"sc:stage": 0
									},
									"play_sound": {
										"target": "other",
										"sound": "pick_berries.cave_vines"
									}
								},
								"not_ripe": {
									"spawn_loot": {
										"table": "loot_tables/blocks/red_grape_vine_1.json"
									},
									"set_block_property": {
										"sc:stage": 0
									},
									"play_sound": {
										"target": "other",
										"sound": "pick_berries.cave_vines"
									}
								}
							}
						},
						"key": "permutations",
						"children": [
							{
								"children": [
									{
										"open": {
											"condition": "query.block_property('sc:stage') == 0",
											"components": {
												"minecraft:material_instances": {
													"*": {
														"texture": "grape_vine",
														"render_method": "alpha_test",
														"ambient_occlusion": false,
														"face_dimming": false
													}
												},
												"minecraft:ticking": {
													"on_tick": {
														"event": "0to1"
													},
													"range": [
														10,
														15
													],
													"looping": false
												}
											}
										},
										"data": "query.block_property('sc:stage') == 0",
										"key": "condition"
									},
									{
										"open": {
											"condition": "query.block_property('sc:stage') == 0",
											"components": {
												"minecraft:material_instances": {
													"*": {
														"texture": "grape_vine",
														"render_method": "alpha_test",
														"ambient_occlusion": false,
														"face_dimming": false
													}
												},
												"minecraft:ticking": {
													"on_tick": {
														"event": "0to1"
													},
													"range": [
														10,
														15
													],
													"looping": false
												}
											}
										},
										"key": "components",
										"children": [
											{
												"open": {
													"minecraft:material_instances": {
														"*": {
															"texture": "grape_vine",
															"render_method": "alpha_test",
															"ambient_occlusion": false,
															"face_dimming": false
														}
													},
													"minecraft:ticking": {
														"on_tick": {
															"event": "0to1"
														},
														"range": [
															10,
															15
														],
														"looping": false
													}
												},
												"key": "minecraft:material_instances",
												"children": [
													{
														"open": {
															"*": {
																"texture": "grape_vine",
																"render_method": "alpha_test",
																"ambient_occlusion": false,
																"face_dimming": false
															}
														},
														"key": "*",
														"is_minified": true,
														"children": {
															"texture": "grape_vine",
															"render_method": "alpha_test",
															"ambient_occlusion": false,
															"face_dimming": false
														}
													}
												]
											},
											{
												"open": {
													"minecraft:material_instances": {
														"*": {
															"texture": "grape_vine",
															"render_method": "alpha_test",
															"ambient_occlusion": false,
															"face_dimming": false
														}
													},
													"minecraft:ticking": {
														"on_tick": {
															"event": "0to1"
														},
														"range": [
															10,
															15
														],
														"looping": false
													}
												},
												"key": "minecraft:ticking",
												"children": [
													{
														"key": "on_tick",
														"is_minified": true,
														"children": {
															"event": "0to1"
														}
													},
													{
														"open": {
															"on_tick": {
																"event": "0to1"
															},
															"range": [
																10,
																15
															],
															"looping": false
														},
														"key": "range",
														"is_minified": true,
														"children": [
															10,
															15
														]
													},
													{
														"data": "false",
														"key": "looping"
													}
												]
											}
										]
									}
								]
							},
							{
								"children": [
									{
										"open": {
											"condition": "query.block_property('sc:stage') == 1",
											"components": {
												"minecraft:material_instances": {
													"*": {
														"texture": "red_grape_vine1",
														"render_method": "alpha_test",
														"ambient_occlusion": false,
														"face_dimming": false
													}
												},
												"minecraft:ticking": {
													"on_tick": {
														"event": "1to2"
													},
													"range": [
														10,
														15
													],
													"looping": false
												},
												"minecraft:on_interact": {
													"event": "not_ripe"
												}
											}
										},
										"data": "query.block_property('sc:stage') == 1",
										"key": "condition"
									},
									{
										"open": {
											"condition": "query.block_property('sc:stage') == 1",
											"components": {
												"minecraft:material_instances": {
													"*": {
														"texture": "red_grape_vine1",
														"render_method": "alpha_test",
														"ambient_occlusion": false,
														"face_dimming": false
													}
												},
												"minecraft:ticking": {
													"on_tick": {
														"event": "1to2"
													},
													"range": [
														10,
														15
													],
													"looping": false
												},
												"minecraft:on_interact": {
													"event": "not_ripe"
												}
											}
										},
										"key": "components",
										"children": [
											{
												"open": {
													"minecraft:material_instances": {
														"*": {
															"texture": "red_grape_vine1",
															"render_method": "alpha_test",
															"ambient_occlusion": false,
															"face_dimming": false
														}
													},
													"minecraft:ticking": {
														"on_tick": {
															"event": "1to2"
														},
														"range": [
															10,
															15
														],
														"looping": false
													},
													"minecraft:on_interact": {
														"event": "not_ripe"
													}
												},
												"key": "minecraft:material_instances",
												"is_minified": true,
												"children": {
													"*": {
														"texture": "red_grape_vine1",
														"render_method": "alpha_test",
														"ambient_occlusion": false,
														"face_dimming": false
													}
												}
											},
											{
												"open": {
													"minecraft:material_instances": {
														"*": {
															"texture": "red_grape_vine1",
															"render_method": "alpha_test",
															"ambient_occlusion": false,
															"face_dimming": false
														}
													},
													"minecraft:ticking": {
														"on_tick": {
															"event": "1to2"
														},
														"range": [
															10,
															15
														],
														"looping": false
													},
													"minecraft:on_interact": {
														"event": "not_ripe"
													}
												},
												"key": "minecraft:ticking",
												"children": [
													{
														"open": {
															"on_tick": {
																"event": "1to2"
															},
															"range": [
																10,
																15
															],
															"looping": false
														},
														"key": "on_tick",
														"is_minified": true,
														"children": {
															"event": "1to2"
														}
													},
													{
														"open": {
															"on_tick": {
																"event": "1to2"
															},
															"range": [
																10,
																15
															],
															"looping": false
														},
														"key": "range",
														"is_minified": true,
														"children": [
															10,
															15
														]
													},
													{
														"data": "false",
														"key": "looping"
													}
												]
											},
											{
												"open": {
													"minecraft:material_instances": {
														"*": {
															"texture": "red_grape_vine1",
															"render_method": "alpha_test",
															"ambient_occlusion": false,
															"face_dimming": false
														}
													},
													"minecraft:ticking": {
														"on_tick": {
															"event": "1to2"
														},
														"range": [
															10,
															15
														],
														"looping": false
													},
													"minecraft:on_interact": {
														"event": "not_ripe"
													}
												},
												"key": "minecraft:on_interact",
												"is_minified": true,
												"children": {
													"event": "not_ripe"
												}
											}
										]
									}
								]
							},
							{
								"children": [
									{
										"open": {
											"condition": "query.block_property('sc:stage') == 2",
											"components": {
												"minecraft:material_instances": {
													"*": {
														"texture": "red_grape_vine2",
														"render_method": "alpha_test",
														"ambient_occlusion": false,
														"face_dimming": false
													}
												},
												"minecraft:on_interact": {
													"event": "ripe"
												}
											}
										},
										"data": "query.block_property('sc:stage') == 2",
										"key": "condition"
									},
									{
										"open": {
											"condition": "query.block_property('sc:stage') == 2",
											"components": {
												"minecraft:material_instances": {
													"*": {
														"texture": "red_grape_vine2",
														"render_method": "alpha_test",
														"ambient_occlusion": false,
														"face_dimming": false
													}
												},
												"minecraft:on_interact": {
													"event": "ripe"
												}
											}
										},
										"key": "components",
										"children": [
											{
												"open": {
													"minecraft:material_instances": {
														"*": {
															"texture": "red_grape_vine2",
															"render_method": "alpha_test",
															"ambient_occlusion": false,
															"face_dimming": false
														}
													},
													"minecraft:on_interact": {
														"event": "ripe"
													}
												},
												"key": "minecraft:material_instances",
												"children": [
													{
														"open": {
															"*": {
																"texture": "red_grape_vine2",
																"render_method": "alpha_test",
																"ambient_occlusion": false,
																"face_dimming": false
															}
														},
														"key": "*",
														"is_minified": true,
														"children": {
															"texture": "red_grape_vine2",
															"render_method": "alpha_test",
															"ambient_occlusion": false,
															"face_dimming": false
														}
													}
												]
											},
											{
												"open": {
													"minecraft:material_instances": {
														"*": {
															"texture": "red_grape_vine2",
															"render_method": "alpha_test",
															"ambient_occlusion": false,
															"face_dimming": false
														}
													},
													"minecraft:on_interact": {
														"event": "ripe"
													}
												},
												"key": "minecraft:on_interact",
												"is_minified": true,
												"children": {
													"event": "ripe"
												}
											}
										]
									}
								]
							}
						]
					},
					{
						"open": {
							"description": {
								"identifier": "sc:red_grape_vine",
								"register_to_creative_menu": true,
								"properties": {
									"sc:stage": [
										0,
										1,
										2
									]
								}
							},
							"components": {
								"minecraft:geometry": "geometry.crop",
								"minecraft:map_color": "#2A6F31",
								"minecraft:entity_collision": false,
								"minecraft:pick_collision": {
									"origin": [
										-6,
										0,
										-6
									],
									"size": [
										12,
										16,
										12
									]
								},
								"minecraft:destroy_time": 0.2,
								"minecraft:placement_filter": {
									"conditions": [
										{
											"allowed_faces": [
												"down"
											]
										}
									]
								},
								"minecraft:block_light_absorption": 0,
								"minecraft:loot": "loot_tables/empty.json"
							},
							"permutations": [
								{
									"condition": "query.block_property('sc:stage') == 0",
									"components": {
										"minecraft:material_instances": {
											"*": {
												"texture": "grape_vine",
												"render_method": "alpha_test",
												"ambient_occlusion": false,
												"face_dimming": false
											}
										},
										"minecraft:ticking": {
											"on_tick": {
												"event": "0to1"
											},
											"range": [
												10,
												15
											],
											"looping": false
										}
									}
								},
								{
									"condition": "query.block_property('sc:stage') == 1",
									"components": {
										"minecraft:material_instances": {
											"*": {
												"texture": "red_grape_vine1",
												"render_method": "alpha_test",
												"ambient_occlusion": false,
												"face_dimming": false
											}
										},
										"minecraft:ticking": {
											"on_tick": {
												"event": "1to2"
											},
											"range": [
												10,
												15
											],
											"looping": false
										},
										"minecraft:on_interact": {
											"event": "not_ripe"
										}
									}
								},
								{
									"condition": "query.block_property('sc:stage') == 2",
									"components": {
										"minecraft:material_instances": {
											"*": {
												"texture": "red_grape_vine2",
												"render_method": "alpha_test",
												"ambient_occlusion": false,
												"face_dimming": false
											}
										},
										"minecraft:on_interact": {
											"event": "ripe"
										}
									}
								}
							],
							"events": {
								"0to0": {
									"set_block_property": {
										"sc:stage": 0
									}
								},
								"0to1": {
									"set_block_property": {
										"sc:stage": 1
									}
								},
								"1to2": {
									"set_block_property": {
										"sc:stage": 2
									}
								},
								"ripe": {
									"spawn_loot": {
										"table": "loot_tables/blocks/red_grape_vine_2.json"
									},
									"set_block_property": {
										"sc:stage": 0
									},
									"play_sound": {
										"target": "other",
										"sound": "pick_berries.cave_vines"
									}
								},
								"not_ripe": {
									"spawn_loot": {
										"table": "loot_tables/blocks/red_grape_vine_1.json"
									},
									"set_block_property": {
										"sc:stage": 0
									},
									"play_sound": {
										"target": "other",
										"sound": "pick_berries.cave_vines"
									}
								}
							}
						},
						"key": "events",
						"children": [
							{
								"open": {
									"0to0": {
										"set_block_property": {
											"sc:stage": 0
										}
									},
									"0to1": {
										"set_block_property": {
											"sc:stage": 1
										}
									},
									"1to2": {
										"set_block_property": {
											"sc:stage": 2
										}
									},
									"ripe": {
										"spawn_loot": {
											"table": "loot_tables/blocks/red_grape_vine_2.json"
										},
										"set_block_property": {
											"sc:stage": 0
										},
										"play_sound": {
											"target": "other",
											"sound": "pick_berries.cave_vines"
										}
									},
									"not_ripe": {
										"spawn_loot": {
											"table": "loot_tables/blocks/red_grape_vine_1.json"
										},
										"set_block_property": {
											"sc:stage": 0
										},
										"play_sound": {
											"target": "other",
											"sound": "pick_berries.cave_vines"
										}
									}
								},
								"key": "0to0",
								"children": [
									{
										"open": {
											"set_block_property": {
												"sc:stage": 0
											}
										},
										"key": "set_block_property",
										"is_minified": true,
										"children": {
											"sc:stage": 0
										}
									}
								]
							},
							{
								"open": {
									"0to0": {
										"set_block_property": {
											"sc:stage": 0
										}
									},
									"0to1": {
										"set_block_property": {
											"sc:stage": 1
										}
									},
									"1to2": {
										"set_block_property": {
											"sc:stage": 2
										}
									},
									"ripe": {
										"spawn_loot": {
											"table": "loot_tables/blocks/red_grape_vine_2.json"
										},
										"set_block_property": {
											"sc:stage": 0
										},
										"play_sound": {
											"target": "other",
											"sound": "pick_berries.cave_vines"
										}
									},
									"not_ripe": {
										"spawn_loot": {
											"table": "loot_tables/blocks/red_grape_vine_1.json"
										},
										"set_block_property": {
											"sc:stage": 0
										},
										"play_sound": {
											"target": "other",
											"sound": "pick_berries.cave_vines"
										}
									}
								},
								"key": "0to1",
								"children": [
									{
										"open": {
											"set_block_property": {
												"sc:stage": 1
											}
										},
										"key": "set_block_property",
										"is_minified": true,
										"children": {
											"sc:stage": 1
										}
									}
								]
							},
							{
								"key": "1to2",
								"children": [
									{
										"open": {
											"set_block_property": {
												"sc:stage": 2
											}
										},
										"key": "set_block_property",
										"is_minified": true,
										"children": {
											"sc:stage": 2
										}
									}
								]
							},
							{
								"key": "ripe",
								"children": [
									{
										"key": "spawn_loot",
										"is_minified": true,
										"children": {
											"table": "loot_tables/blocks/red_grape_vine_2.json"
										}
									},
									{
										"key": "set_block_property",
										"is_minified": true,
										"children": {
											"sc:stage": 0
										}
									},
									{
										"open": {
											"spawn_loot": {
												"table": "loot_tables/blocks/red_grape_vine_2.json"
											},
											"set_block_property": {
												"sc:stage": 0
											},
											"play_sound": {
												"target": "other",
												"sound": "pick_berries.cave_vines"
											}
										},
										"key": "play_sound",
										"is_minified": true,
										"children": {
											"target": "other",
											"sound": "pick_berries.cave_vines"
										}
									}
								]
							},
							{
								"key": "not_ripe",
								"children": [
									{
										"open": {
											"spawn_loot": {
												"table": "loot_tables/blocks/red_grape_vine_1.json"
											},
											"set_block_property": {
												"sc:stage": 0
											},
											"play_sound": {
												"target": "other",
												"sound": "pick_berries.cave_vines"
											}
										},
										"key": "spawn_loot",
										"is_minified": true,
										"children": {
											"table": "loot_tables/blocks/red_grape_vine_1.json"
										}
									},
									{
										"key": "set_block_property",
										"is_minified": true,
										"children": {
											"sc:stage": 0
										}
									},
									{
										"open": {
											"spawn_loot": {
												"table": "loot_tables/blocks/red_grape_vine_1.json"
											},
											"set_block_property": {
												"sc:stage": 0
											},
											"play_sound": {
												"target": "other",
												"sound": "pick_berries.cave_vines"
											}
										},
										"key": "play_sound",
										"is_minified": true,
										"children": {
											"target": "other",
											"sound": "pick_berries.cave_vines"
										}
									}
								]
							}
						]
					}
				]
			}
		]
	}
}