{
	"file_path": "C:\\Users\\Freddy\\AppData\\Local\\Packages\\Microsoft.MinecraftUWP_8wekyb3d8bbwe\\LocalState\\games\\com.mojang\\development_behavior_packs\\Spry Conquest Overhaul\\blocks\\sefril_bricks_stairs.json",
	"file_type": "block",
	"format_version": 1,
	"file_uuid": "6227e426_e4d7_43ad_a3ed_8763f79d9010",
	"file_version": 19,
	"cache_content": {
		"children": [
			{
				"data": "1.16.100",
				"key": "format_version"
			},
			{
				"open": {
					"format_version": "1.16.100",
					"minecraft:block": {
						"description": {
							"identifier": "sc:sefril_bricks_stairs",
							"properties": {
								"sc:facing_direction": [
									0,
									1,
									2,
									3
								]
							}
						},
						"components": {
							"minecraft:material_instances": {
								"*": {
									"render_method": "opaque",
									"texture": "sefril_bricks"
								}
							},
							"minecraft:destroy_time": 0.75,
							"minecraft:block_light_absorption": 0.9,
							"minecraft:entity_collision": {
								"origin": [
									-8,
									0,
									-8
								],
								"size": [
									16,
									8,
									16
								]
							},
							"minecraft:pick_collision": {
								"origin": [
									-8,
									0,
									-8
								],
								"size": [
									16,
									16,
									16
								]
							},
							"minecraft:geometry": "geometry.stair",
							"minecraft:rotation": [
								0,
								0,
								0
							],
							"minecraft:on_player_placing": {
								"event": "update_facing_direction"
							},
							"minecraft:creative_category": {
								"group": "itemGroup.name.stairs",
								"category": "construction"
							}
						},
						"permutations": [
							{
								"condition": "query.block_property('sc:facing_direction') == 0",
								"components": {
									"minecraft:rotation": [
										0,
										180,
										0
									]
								}
							},
							{
								"condition": "query.block_property('sc:facing_direction') == 1",
								"components": {
									"minecraft:rotation": [
										0,
										0,
										0
									]
								}
							},
							{
								"condition": "query.block_property('sc:facing_direction') == 2",
								"components": {
									"minecraft:rotation": [
										0,
										-90,
										0
									]
								}
							},
							{
								"condition": "query.block_property('sc:facing_direction') == 3",
								"components": {
									"minecraft:rotation": [
										0,
										90,
										0
									]
								}
							}
						],
						"events": {
							"update_facing_direction": {
								"set_block_property": {
									"sc:facing_direction": "query.cardinal_facing_2d - 2.0"
								}
							}
						}
					}
				},
				"key": "minecraft:block",
				"children": [
					{
						"key": "description",
						"is_minified": true,
						"children": {
							"identifier": "sc:sefril_bricks_stairs",
							"properties": {
								"sc:facing_direction": [
									0,
									1,
									2,
									3
								]
							}
						}
					},
					{
						"open": {
							"description": {
								"identifier": "sc:sefril_bricks_stairs",
								"properties": {
									"sc:facing_direction": [
										0,
										1,
										2,
										3
									]
								}
							},
							"components": {
								"minecraft:material_instances": {
									"*": {
										"render_method": "opaque",
										"texture": "sefril_bricks"
									}
								},
								"minecraft:destroy_time": 0.75,
								"minecraft:block_light_absorption": 0.9,
								"minecraft:entity_collision": {
									"origin": [
										-8,
										0,
										-8
									],
									"size": [
										16,
										8,
										16
									]
								},
								"minecraft:pick_collision": {
									"origin": [
										-8,
										0,
										-8
									],
									"size": [
										16,
										16,
										16
									]
								},
								"minecraft:geometry": "geometry.stair",
								"minecraft:rotation": [
									0,
									0,
									0
								],
								"minecraft:on_player_placing": {
									"event": "update_facing_direction"
								},
								"minecraft:creative_category": {
									"group": "itemGroup.name.stairs",
									"category": "construction"
								}
							},
							"permutations": [
								{
									"condition": "query.block_property('sc:facing_direction') == 0",
									"components": {
										"minecraft:rotation": [
											0,
											180,
											0
										]
									}
								},
								{
									"condition": "query.block_property('sc:facing_direction') == 1",
									"components": {
										"minecraft:rotation": [
											0,
											0,
											0
										]
									}
								},
								{
									"condition": "query.block_property('sc:facing_direction') == 2",
									"components": {
										"minecraft:rotation": [
											0,
											-90,
											0
										]
									}
								},
								{
									"condition": "query.block_property('sc:facing_direction') == 3",
									"components": {
										"minecraft:rotation": [
											0,
											90,
											0
										]
									}
								}
							],
							"events": {
								"update_facing_direction": {
									"set_block_property": {
										"sc:facing_direction": "query.cardinal_facing_2d - 2.0"
									}
								}
							}
						},
						"key": "components",
						"children": [
							{
								"key": "minecraft:material_instances",
								"is_minified": true,
								"children": {
									"*": {
										"render_method": "opaque",
										"texture": "sefril_bricks"
									}
								}
							},
							{
								"data": "0.75",
								"key": "minecraft:destroy_time"
							},
							{
								"data": "0.9",
								"key": "minecraft:block_light_absorption"
							},
							{
								"key": "minecraft:entity_collision",
								"is_minified": true,
								"children": {
									"origin": [
										-8,
										0,
										-8
									],
									"size": [
										16,
										8,
										16
									]
								}
							},
							{
								"key": "minecraft:pick_collision",
								"is_minified": true,
								"children": {
									"origin": [
										-8,
										0,
										-8
									],
									"size": [
										16,
										16,
										16
									]
								}
							},
							{
								"data": "geometry.stair",
								"key": "minecraft:geometry"
							},
							{
								"key": "minecraft:rotation",
								"is_minified": true,
								"children": [
									0,
									0,
									0
								]
							},
							{
								"key": "minecraft:on_player_placing",
								"is_minified": true,
								"children": {
									"event": "update_facing_direction"
								}
							},
							{
								"open": {
									"minecraft:material_instances": {
										"*": {
											"render_method": "opaque",
											"texture": "sefril_bricks"
										}
									},
									"minecraft:destroy_time": 0.75,
									"minecraft:block_light_absorption": 0.9,
									"minecraft:entity_collision": {
										"origin": [
											-8,
											0,
											-8
										],
										"size": [
											16,
											8,
											16
										]
									},
									"minecraft:pick_collision": {
										"origin": [
											-8,
											0,
											-8
										],
										"size": [
											16,
											16,
											16
										]
									},
									"minecraft:geometry": "geometry.stair",
									"minecraft:rotation": [
										0,
										0,
										0
									],
									"minecraft:on_player_placing": {
										"event": "update_facing_direction"
									},
									"minecraft:creative_category": {
										"group": "itemGroup.name.stairs",
										"category": "construction"
									}
								},
								"key": "minecraft:creative_category",
								"is_minified": true,
								"children": {
									"group": "itemGroup.name.stairs",
									"category": "construction"
								}
							}
						]
					},
					{
						"key": "permutations",
						"is_minified": true,
						"children": [
							{
								"condition": "query.block_property('sc:facing_direction') == 0",
								"components": {
									"minecraft:rotation": [
										0,
										180,
										0
									]
								}
							},
							{
								"condition": "query.block_property('sc:facing_direction') == 1",
								"components": {
									"minecraft:rotation": [
										0,
										0,
										0
									]
								}
							},
							{
								"condition": "query.block_property('sc:facing_direction') == 2",
								"components": {
									"minecraft:rotation": [
										0,
										-90,
										0
									]
								}
							},
							{
								"condition": "query.block_property('sc:facing_direction') == 3",
								"components": {
									"minecraft:rotation": [
										0,
										90,
										0
									]
								}
							}
						]
					},
					{
						"key": "events",
						"is_minified": true,
						"children": {
							"update_facing_direction": {
								"set_block_property": {
									"sc:facing_direction": "query.cardinal_facing_2d - 2.0"
								}
							}
						}
					}
				]
			}
		]
	}
}