{
	"format_version": "1.19.10",
	"minecraft:item": {
		"description": {
			"identifier": "chetty:naturesword",
			"category": "equipment"
		},
		"components": {
			"minecraft:creative_category": {
				"parent": "itemGroup.name.sword"
			},
			"minecraft:icon": {
				"texture": "naturesword"
			},
			"minecraft:durability": {
				"max_durability": 1535
			},
			"minecraft:enchantable": {
				"value": 10,
				"slot": "sword"
			},
			"minecraft:weapon": {
				"on_hurt_entity": {
					"event": "item_wear"
				}
			},
			"minecraft:repairable": {
				"repair_items": [
					{
						"items": [
							"chetty:naturegem"
						],
						"repair_amount": 100
					}
				]
			},
			"minecraft:digger": {
				"on_dig": {
					"event": "durability",
					"target": "self"
				},
				"use_efficiency": false,
				"destroy_speeds": [
					{
						"block": "minecraft:web",
						"speed": 19,
						"on_dig": {
							"event": "durability",
							"target": "self"
						}
					},
					{
						"block": "minecraft:bamboo",
						"speed": 14,
						"on_dig": {
							"event": "durability",
							"target": "self"
						}
					}
				]
			},
			"minecraft:shooter": {
				"scale_power_by_draw_duration": true,
				"max_draw_duration": 0.5
			},
			"minecraft:on_use": {
				"on_use": {
					"event": "attack"
				}
			},
			"minecraft:cooldown": {
				"duration": 3.5,
				"category": "naturesword",
				"target": "holder"
			},
			"minecraft:display_name": {
				"value": "%es.sword.name\n%es.element.6"
			},
			"minecraft:render_offsets": {
				"main_hand": {
					"first_person": {
						"scale": [
							0.06,
							0.04,
							0.06
						],
						"position": [
							0.7,
							0.1,
							-1.6
						]
					},
					"third_person": {
						"scale": [
							0.1,
							0.06,
							0.1
						],
						"position": [
							0.48,
							1.45,
							-0.78
						]
					}
				}
			},
			"minecraft:can_destroy_in_creative": false,
			"minecraft:hand_equipped": true,
			"minecraft:max_stack_size": 1,
			"minecraft:damage": 7
		},
		"events": {
			"durability": {
				"sequence": [
					{
						"damage": {
							"type": "durability",
							"target": "self",
							"amount": 1
						}
					},
					{
						"swing": {}
					}
				]
			},
			"attack": {
				"sequence": [
					{
						"run_command": {
							"command": [
								"summon chetty:natureattack ~~~",
								"effect @p regeneration 5 1 false"
							]
						}
					},
					{
						"damage": {
							"type": "durability",
							"target": "self",
							"amount": 4
						}
					},
					{
						"swing": {}
					}
				]
			}
		}
	}
}
