{
  "format_version": "1.13.0",
  "minecraft:feature_rules": {
    "description": {
      "identifier": "overworld_underground_frozen_ore_feature",
      "places_feature": "frost_frozen_ore_feature"
    },
    "conditions": {
      "placement_pass": "underground_pass",
      "minecraft:biome_filter": [
        {
          "any_of": [
            {
              "test": "has_biome_tag",
              "operator": "==",
              "value": "deadtundra"
            },
            {
              "test": "has_biome_tag",
              "operator": "==",
              "value": "cold_taiga"
            },
            {
              "test": "has_biome_tag",
              "operator": "==",
              "value": "cold_taiga_hills"
            },
            {
              "test": "has_biome_tag",
              "operator": "==",
              "value": "cold_taiga_mutated"
            },
            {
              "test": "has_biome_tag",
              "operator": "==",
              "value": "ice_plains"
            },
            {
              "test": "has_biome_tag",
              "operator": "==",
              "value": "ice_mountains"
            },
            {
              "test": "has_biome_tag",
              "operator": "==",
              "value": "ice_plains_spikes"
            }
          ]
        }
      ]
    },
    "distribution": {
      "iterations": 55,
      "coordinate_eval_order": "zyx",
      "x": {
        "distribution": "uniform",
        "extent": [
          0,
          16
        ]
      },
      "y": {
        "distribution": "uniform",
        "extent": [
          0,
          72
        ]
      },
      "z": {
        "distribution": "uniform",
        "extent": [
          0,
          16
        ]
      }
    }
  }
}