{
  "format_version": "1.8.0",
  "minecraft:client_entity": {
    "description": {
      "identifier": "raigen:stud_light_east",
      "materials": {
	    "default": "glow",
	    "invisible": "glow_glass_blender"
	  },
      "textures": {
        "off": "textures/decor/amnesiac/stud_light/off",
        "on": "textures/decor/amnesiac/stud_light/on"
      },
      "geometry": {
        "default": "geometry.stud_light_east"
      },
      "render_controllers": [ "controller.render.variant_on_off" ]
    }
  }
}