{
	"file_path": "C:\\Users\\Hp\\AppData\\Local\\Packages\\Microsoft.MinecraftUWP_8wekyb3d8bbwe\\LocalState\\games\\com.mojang\\development_behavior_packs\\Screenfy FP (Behaviour)\\animation_controllers\\gamingsetupoff.json",
	"file_type": "animation_controller",
	"format_version": 1,
	"file_uuid": "23f62439_5ed1_43e4_a6af_56877c70f3e6",
	"file_version": 2,
	"cache_content": {
		"children": [
			{
				"data": "1.10.0",
				"key": "format_version"
			},
			{
				"open": {
					"format_version": "1.10.0",
					"animation_controllers": {
						"controller.animation.gamingsetuplightoff": {
							"initial_state": "default",
							"states": {
								"default": {
									"transitions": [
										{
											"startup": "!query.is_alive"
										}
									]
								},
								"startup": {
									"transitions": [
										{
											"default": "!query.is_alive"
										}
									],
									"on_entry": [
										"/function gamingsetupoff"
									]
								}
							}
						}
					}
				},
				"key": "animation_controllers",
				"children": [
					{
						"open": {
							"controller.animation.gamingsetuplightoff": {
								"initial_state": "default",
								"states": {
									"default": {
										"transitions": [
											{
												"startup": "!query.is_alive"
											}
										]
									},
									"startup": {
										"transitions": [
											{
												"default": "!query.is_alive"
											}
										],
										"on_entry": [
											"/function gamingsetupoff"
										]
									}
								}
							}
						},
						"key": "controller.animation.gamingsetuplightoff",
						"children": [
							{
								"data": "default",
								"key": "initial_state"
							},
							{
								"open": {
									"initial_state": "default",
									"states": {
										"default": {
											"transitions": [
												{
													"startup": "!query.is_alive"
												}
											]
										},
										"startup": {
											"transitions": [
												{
													"default": "!query.is_alive"
												}
											],
											"on_entry": [
												"/function gamingsetupoff"
											]
										}
									}
								},
								"key": "states",
								"children": [
									{
										"open": {
											"default": {
												"transitions": [
													{
														"startup": "!query.is_alive"
													}
												]
											},
											"startup": {
												"transitions": [
													{
														"default": "!query.is_alive"
													}
												],
												"on_entry": [
													"/function gamingsetupoff"
												]
											}
										},
										"key": "default",
										"children": [
											{
												"open": {
													"transitions": [
														{
															"startup": "!query.is_alive"
														}
													]
												},
												"key": "transitions",
												"children": [
													{
														"open": [
															{
																"startup": "!query.is_alive"
															}
														],
														"is_minified": true,
														"children": {
															"startup": "!query.is_alive"
														}
													}
												]
											}
										]
									},
									{
										"open": {
											"default": {
												"transitions": [
													{
														"startup": "!query.is_alive"
													}
												]
											},
											"startup": {
												"transitions": [
													{
														"default": "!query.is_alive"
													}
												],
												"on_entry": [
													"/function gamingsetupoff"
												]
											}
										},
										"key": "startup",
										"children": [
											{
												"open": {
													"transitions": [
														{
															"default": "!query.is_alive"
														}
													],
													"on_entry": [
														"/function gamingsetupoff"
													]
												},
												"key": "transitions",
												"children": [
													{
														"open": [
															{
																"default": "!query.is_alive"
															}
														],
														"is_minified": true,
														"children": {
															"default": "!query.is_alive"
														}
													}
												]
											},
											{
												"open": {
													"transitions": [
														{
															"default": "!query.is_alive"
														}
													],
													"on_entry": [
														"/function gamingsetupoff"
													]
												},
												"key": "on_entry",
												"is_minified": true,
												"children": [
													"/function gamingsetupoff"
												]
											}
										]
									}
								]
							}
						]
					}
				]
			}
		]
	}
}