{
  "frost:frostwood_planks": {
    "textures": "frost_frostwood_planks",
    "sound": "wood"
  },
  "frost:frost_wood_leaves": {
    "textures": "frost_frost_wood_leaves",
    "sound": "grass"
  },
  "frost:frostwood_slab": {
    "sound": "wood"
  },
  "frost:frozen_stone_slab": {
    "sound": "stone"
  },
  "frost:frozen_stonebrick_stairs": {
    "sound": "stone"
  },
  "frost:frozen_cobblestone_slab": {
    "sound": "stone"
  },
  "frost:frozen_cobblestone": {
    "textures": "frost_frozen_cobblestone",
    "sound": "stone"
  },
  "frost:frozen_stonebrick": {
    "textures": "frost_frozen_stonebrick",
    "sound": "stone"
  },
  "frost:iced_snow": {
    "textures": "frost_iced_snow",
    "sound": "snow"
  },
  "frost:frozen_cobblestone_stairs": {
    "sound": "stone"
  },
  "frost:frostwood_stairs": {
    "sound": "wood"
  },
  "frost:frozen_stone_stairs": {
    "sound": "normal"
  },
  "frost:frozen_stonebrick_slab": {
    "sound": "stone"
  },
  "frost:frozen_stone": {
    "textures": "frost_frozen_stone",
    "sound": "stone"
  },
  "frost:frozen_ore": {
    "textures": "frost_frozen_ore",
    "sound": "stone"
  },
  "frost:frostwood_log": {
    "textures": {
      "up": "frost_frostwood_log_up",
      "down": "frost_frostwood_log_down",
      "side": "frost_frostwood_log_side"
    },
    "sound": "wood"
  },
  "frost:frozen_oak_log": {
    "textures": {
      "up": "frost_frozen_oak_log_up",
      "down": "frost_frozen_oak_log_down",
      "side": "frost_frozen_oak_log_side"
    },
    "sound": "wood"
  },
  "format_version": [
    1,
    1,
    0
  ]
}