{
	"format_version": "1.16.100",
	"minecraft:block": {
		"description": {
			"identifier": "js:render2",
			"properties": {
				"js:rotation": [ 0, 1, 2, 3 ],
				"js:poster_image": [ 0, 1, 2 ]
			}
		},
		"permutations": [
			{
				"condition": "query.block_property('js:rotation') == 0",
				"components": {
					"minecraft:rotation": [ 0, 180, 0 ]
				}
			},
			{
				"condition": "query.block_property('js:rotation') == 1",
				"components": {
					"minecraft:rotation": [ 0, 0, 0 ]
				}
			},
			{
				"condition": "query.block_property('js:rotation') == 2",
				"components": {
					"minecraft:rotation": [ 0, 270, 0 ]
				}
			},
			{
				"condition": "query.block_property('js:rotation') == 3",
				"components": {
					"minecraft:rotation": [ 0, 90, 0 ]
				}
			},
			{
				"condition": "query.block_property('js:poster_image') == 0",
				"components": {
					"minecraft:ticking": {
						"looping": true,
						"range": [30, 30],
						"on_tick": {
							"event": "js:0_to_1",
							"target": "self"
						}
					},
					"minecraft:geometry": "geometry.poster2",
					"minecraft:material_instances" : {
						"*" : {
						  "texture": "apocalypse_render1",
						  "render_method": "blend"
						}
					}
				}
			},
			{
				"condition": "query.block_property('js:poster_image') == 1",
				"components": {
					"minecraft:ticking": {
						"looping": true,
						"range": [30, 30],
						"on_tick": {
							"event": "js:1_to_2",
							"target": "self"
						}
					},
					"minecraft:geometry": "geometry.poster2",
					"minecraft:material_instances" : {
						"*" : {
						  "texture": "apocalypse_render2",
						  "render_method": "blend"
						}
					}
				}
			},
			{
				"condition": "query.block_property('js:poster_image') == 2",
				"components": {
					"minecraft:ticking": {
						"looping": true,
						"range": [30, 30],
						"on_tick": {
							"event": "js:2_to_0",
							"target": "self"
						}
					},
					"minecraft:geometry": "geometry.poster2",
					"minecraft:material_instances" : {
						"*" : {
						  "texture": "apocalypse_render3",
						  "render_method": "blend"
						}
					}
				}
			}
		],
		"components": {
			"minecraft:destroy_time": 4.0,
			"minecraft:friction": 0.6,
			"minecraft:block_light_emission": 0.0,
			"minecraft:block_light_absorption": 0.0,
			"minecraft:entity_collision": false,
			"minecraft:pick_collision": {
				"origin": [-8, 0, 0.8500000000000005],
				"size": [16, 16, 7.1]
			},
			"minecraft:geometry": "geometry.poster2",
			"minecraft:material_instances" : {
				"*" : {
				  "texture": "poster",
				  "render_method": "blend"
				}
			},
			"minecraft:on_player_placing": {
				"event": "set_placing_rotation"
			}
		},
		"events": {
			"set_placing_rotation": {
				"set_block_property": {
					"js:rotation": "(query.cardinal_facing_2d - 2)",
					"js:poster_image": 0
				}
			},
			"js:0_to_1": {
				"set_block_property": {
					"js:poster_image": 1
				}
			},
			"js:1_to_2": {
				"set_block_property": {
					"js:poster_image": 2
				}
			},
			"js:2_to_0": {
				"set_block_property": {
					"js:poster_image": 0
				}
			}
		}
	}
}

























