{
	"format_version": "1.16.100",
	"minecraft:block": {
		"description": {
			"identifier": "js:zombie_totem",
			"properties": {
				"js:rotation": [ 0, 1, 2, 3 ]
			}
		},
		"permutations": [
			{
				"condition": "query.block_property('js:rotation') == 0",
				"components": {
					"minecraft:rotation": [ 0, 180, 0 ]
				}
			},
			{
				"condition": "query.block_property('js:rotation') == 1",
				"components": {
					"minecraft:rotation": [ 0, 0, 0 ]
				}
			},
			{
				"condition": "query.block_property('js:rotation') == 2",
				"components": {
					"minecraft:rotation": [ 0, 270, 0 ]
				}
			},
			{
				"condition": "query.block_property('js:rotation') == 3",
				"components": {
					"minecraft:rotation": [ 0, 90, 0 ]
				}
			}
		],
		"components": {
			"minecraft:creative_category": {
                "group": "itemGroup.name.construction",
                "category": "construction"
            },
			"minecraft:destroy_time": 4.0,
			"minecraft:friction": 0.6,
			"minecraft:block_light_emission": 0.0,
			"minecraft:block_light_absorption": 0.0,
			"minecraft:entity_collision": {
				"origin": [8, 0, 8],
				"size": [-16, 16, -16]
			},
			"minecraft:pick_collision": {
				"origin": [8, 0, 8],
				"size": [-16, 16, -16]
			},
			"minecraft:geometry": "geometry.zombie_totem",
			"minecraft:material_instances" : {
				"*" : {
				  "texture": "zombie_totem",
				  "render_method": "blend"
				}
			},
			"minecraft:ticking": {
              "range": [1, 1],
              "looping": true,
              "on_tick": {
                "event": "js:buff",
                "target": "self"
              }
			},
			"minecraft:on_player_placing": {
				"event": "set_placing_rotation"
			}
		},
		"events": {
			"set_placing_rotation": {
				"set_block_property": {
					"js:rotation": "(query.cardinal_facing_2d - 2)"
				}
			},
			"js:buff": {
				"run_command": {
					"command": [
						"particle minecraft:totem_particle",
						"event entity @e[type=zombie,c=64] js:buffed"
					],
					"target": "self"
				}
			}
		}
	}
}

























