{
	"file_path": "C:\\Users\\Freddy\\AppData\\Local\\Packages\\Microsoft.MinecraftUWP_8wekyb3d8bbwe\\LocalState\\games\\com.mojang\\development_behavior_packs\\Spry Conquest Overhaul\\items\\scrolls\\scroll_soaring.json",
	"file_type": "item",
	"format_version": 1,
	"file_uuid": "3f5e8b74_e411_44ea_885e_6aca6ce7980c",
	"file_version": 76,
	"cache_content": {
		"children": [
			{
				"data": "1.16.100",
				"key": "format_version"
			},
			{
				"open": {
					"format_version": "1.16.100",
					"minecraft:item": {
						"description": {
							"identifier": "sc:scroll_soaring",
							"category": "equipment"
						},
						"components": {
							"minecraft:max_stack_size": 1,
							"minecraft:icon": {
								"texture": "scroll_soar"
							},
							"minecraft:creative_category": {
								"parent": "equipment"
							},
							"minecraft:display_name": {
								"value": "Soaring Scroll"
							},
							"minecraft:on_use": {
								"on_use": {
									"event": "fire"
								}
							}
						},
						"events": {
							"fire": {
								"sequence": [
									{
										"add_mob_effect": {
											"effect": "slow_falling",
											"target": "holder",
											"duration": 25,
											"amplifier": 3
										}
									},
									{
										"add_mob_effect": {
											"effect": "jump_boost",
											"target": "holder",
											"duration": 25,
											"amplifier": 12
										}
									},
									{
										"decrement_stack": {
											"ignore_game_mode": true
										}
									},
									{
										"run_command": {
											"command": [
												"playsound beacon.activate @s ~ ~ ~ 1 1 1"
											]
										}
									}
								]
							}
						}
					}
				},
				"key": "minecraft:item",
				"children": [
					{
						"open": {
							"description": {
								"identifier": "sc:scroll_soaring",
								"category": "equipment"
							},
							"components": {
								"minecraft:max_stack_size": 1,
								"minecraft:icon": {
									"texture": "scroll_soar"
								},
								"minecraft:creative_category": {
									"parent": "equipment"
								},
								"minecraft:display_name": {
									"value": "Soaring Scroll"
								},
								"minecraft:on_use": {
									"on_use": {
										"event": "fire"
									}
								}
							},
							"events": {
								"fire": {
									"sequence": [
										{
											"add_mob_effect": {
												"effect": "slow_falling",
												"target": "holder",
												"duration": 25,
												"amplifier": 3
											}
										},
										{
											"add_mob_effect": {
												"effect": "jump_boost",
												"target": "holder",
												"duration": 25,
												"amplifier": 12
											}
										},
										{
											"decrement_stack": {
												"ignore_game_mode": true
											}
										},
										{
											"run_command": {
												"command": [
													"playsound beacon.activate @s ~ ~ ~ 1 1 1"
												]
											}
										}
									]
								}
							}
						},
						"key": "description",
						"is_minified": true,
						"children": {
							"identifier": "sc:scroll_soaring",
							"category": "equipment"
						}
					},
					{
						"open": {
							"description": {
								"identifier": "sc:scroll_soaring",
								"category": "equipment"
							},
							"components": {
								"minecraft:max_stack_size": 1,
								"minecraft:icon": {
									"texture": "scroll_soar"
								},
								"minecraft:creative_category": {
									"parent": "equipment"
								},
								"minecraft:display_name": {
									"value": "Soaring Scroll"
								},
								"minecraft:on_use": {
									"on_use": {
										"event": "fire"
									}
								}
							},
							"events": {
								"fire": {
									"sequence": [
										{
											"add_mob_effect": {
												"effect": "slow_falling",
												"target": "holder",
												"duration": 25,
												"amplifier": 3
											}
										},
										{
											"add_mob_effect": {
												"effect": "jump_boost",
												"target": "holder",
												"duration": 25,
												"amplifier": 12
											}
										},
										{
											"decrement_stack": {
												"ignore_game_mode": true
											}
										},
										{
											"run_command": {
												"command": [
													"playsound beacon.activate @s ~ ~ ~ 1 1 1"
												]
											}
										}
									]
								}
							}
						},
						"key": "components",
						"children": [
							{
								"open": {
									"minecraft:max_stack_size": 1,
									"minecraft:icon": {
										"texture": "scroll_soar"
									},
									"minecraft:creative_category": {
										"parent": "equipment"
									},
									"minecraft:display_name": {
										"value": "Soaring Scroll"
									},
									"minecraft:on_use": {
										"on_use": {
											"event": "fire"
										}
									}
								},
								"data": "1",
								"key": "minecraft:max_stack_size"
							},
							{
								"open": {
									"minecraft:max_stack_size": 1,
									"minecraft:icon": {
										"texture": "scroll_soar"
									},
									"minecraft:creative_category": {
										"parent": "equipment"
									},
									"minecraft:display_name": {
										"value": "Soaring Scroll"
									},
									"minecraft:on_use": {
										"on_use": {
											"event": "fire"
										}
									}
								},
								"key": "minecraft:icon",
								"is_minified": true,
								"children": {
									"texture": "scroll_soar"
								}
							},
							{
								"open": {
									"minecraft:max_stack_size": 1,
									"minecraft:icon": {
										"texture": "scroll_soar"
									},
									"minecraft:creative_category": {
										"parent": "equipment"
									},
									"minecraft:display_name": {
										"value": "Soaring Scroll"
									},
									"minecraft:on_use": {
										"on_use": {
											"event": "fire"
										}
									}
								},
								"key": "minecraft:creative_category",
								"is_minified": true,
								"children": {
									"parent": "equipment"
								}
							},
							{
								"open": {
									"minecraft:max_stack_size": 1,
									"minecraft:icon": {
										"texture": "scroll_soar"
									},
									"minecraft:creative_category": {
										"parent": "equipment"
									},
									"minecraft:display_name": {
										"value": "Soaring Scroll"
									},
									"minecraft:on_use": {
										"on_use": {
											"event": "fire"
										}
									}
								},
								"key": "minecraft:display_name",
								"is_minified": true,
								"children": {
									"value": "Soaring Scroll"
								}
							},
							{
								"open": {
									"minecraft:max_stack_size": 1,
									"minecraft:icon": {
										"texture": "scroll_soar"
									},
									"minecraft:creative_category": {
										"parent": "equipment"
									},
									"minecraft:display_name": {
										"value": "Soaring Scroll"
									},
									"minecraft:on_use": {
										"on_use": {
											"event": "fire"
										}
									}
								},
								"key": "minecraft:on_use",
								"children": [
									{
										"open": {
											"on_use": {
												"event": "fire"
											}
										},
										"key": "on_use",
										"is_minified": true,
										"children": {
											"event": "fire"
										}
									}
								]
							}
						]
					},
					{
						"open": {
							"description": {
								"identifier": "sc:scroll_soaring",
								"category": "equipment"
							},
							"components": {
								"minecraft:max_stack_size": 1,
								"minecraft:icon": {
									"texture": "scroll_soar"
								},
								"minecraft:creative_category": {
									"parent": "equipment"
								},
								"minecraft:display_name": {
									"value": "Soaring Scroll"
								},
								"minecraft:on_use": {
									"on_use": {
										"event": "fire"
									}
								}
							},
							"events": {
								"fire": {
									"sequence": [
										{
											"add_mob_effect": {
												"effect": "slow_falling",
												"target": "holder",
												"duration": 25,
												"amplifier": 3
											}
										},
										{
											"add_mob_effect": {
												"effect": "jump_boost",
												"target": "holder",
												"duration": 25,
												"amplifier": 12
											}
										},
										{
											"decrement_stack": {
												"ignore_game_mode": true
											}
										},
										{
											"run_command": {
												"command": [
													"playsound beacon.activate @s ~ ~ ~ 1 1 1"
												]
											}
										}
									]
								}
							}
						},
						"key": "events",
						"children": [
							{
								"open": {
									"fire": {
										"sequence": [
											{
												"add_mob_effect": {
													"effect": "slow_falling",
													"target": "holder",
													"duration": 25,
													"amplifier": 3
												}
											},
											{
												"add_mob_effect": {
													"effect": "jump_boost",
													"target": "holder",
													"duration": 25,
													"amplifier": 12
												}
											},
											{
												"decrement_stack": {
													"ignore_game_mode": true
												}
											},
											{
												"run_command": {
													"command": [
														"playsound beacon.activate @s ~ ~ ~ 1 1 1"
													]
												}
											}
										]
									}
								},
								"key": "fire",
								"children": [
									{
										"open": {
											"sequence": [
												{
													"add_mob_effect": {
														"effect": "slow_falling",
														"target": "holder",
														"duration": 25,
														"amplifier": 3
													}
												},
												{
													"add_mob_effect": {
														"effect": "jump_boost",
														"target": "holder",
														"duration": 25,
														"amplifier": 12
													}
												},
												{
													"decrement_stack": {
														"ignore_game_mode": true
													}
												},
												{
													"run_command": {
														"command": [
															"playsound beacon.activate @s ~ ~ ~ 1 1 1"
														]
													}
												}
											]
										},
										"key": "sequence",
										"children": [
											{
												"open": [
													{
														"add_mob_effect": {
															"effect": "slow_falling",
															"target": "holder",
															"duration": 25,
															"amplifier": 3
														}
													},
													{
														"add_mob_effect": {
															"effect": "jump_boost",
															"target": "holder",
															"duration": 25,
															"amplifier": 12
														}
													},
													{
														"decrement_stack": {
															"ignore_game_mode": true
														}
													},
													{
														"run_command": {
															"command": [
																"playsound beacon.activate @s ~ ~ ~ 1 1 1"
															]
														}
													}
												],
												"children": [
													{
														"open": {
															"add_mob_effect": {
																"effect": "slow_falling",
																"target": "holder",
																"duration": 25,
																"amplifier": 3
															}
														},
														"key": "add_mob_effect",
														"is_minified": true,
														"children": {
															"effect": "slow_falling",
															"target": "holder",
															"duration": 25,
															"amplifier": 3
														}
													}
												]
											},
											{
												"open": [
													{
														"add_mob_effect": {
															"effect": "slow_falling",
															"target": "holder",
															"duration": 25,
															"amplifier": 3
														}
													},
													{
														"add_mob_effect": {
															"effect": "jump_boost",
															"target": "holder",
															"duration": 25,
															"amplifier": 12
														}
													},
													{
														"decrement_stack": {
															"ignore_game_mode": true
														}
													},
													{
														"run_command": {
															"command": [
																"playsound beacon.activate @s ~ ~ ~ 1 1 1"
															]
														}
													}
												],
												"children": [
													{
														"open": {
															"add_mob_effect": {
																"effect": "jump_boost",
																"target": "holder",
																"duration": 25,
																"amplifier": 12
															}
														},
														"key": "add_mob_effect",
														"is_minified": true,
														"children": {
															"effect": "jump_boost",
															"target": "holder",
															"duration": 25,
															"amplifier": 12
														}
													}
												]
											},
											{
												"open": [
													{
														"add_mob_effect": {
															"effect": "slow_falling",
															"target": "holder",
															"duration": 25,
															"amplifier": 3
														}
													},
													{
														"add_mob_effect": {
															"effect": "jump_boost",
															"target": "holder",
															"duration": 25,
															"amplifier": 12
														}
													},
													{
														"decrement_stack": {
															"ignore_game_mode": true
														}
													},
													{
														"run_command": {
															"command": [
																"playsound beacon.activate @s ~ ~ ~ 1 1 1"
															]
														}
													}
												],
												"children": [
													{
														"open": {
															"decrement_stack": {
																"ignore_game_mode": true
															}
														},
														"key": "decrement_stack",
														"is_minified": true,
														"children": {
															"ignore_game_mode": true
														}
													}
												]
											},
											{
												"open": [
													{
														"add_mob_effect": {
															"effect": "slow_falling",
															"target": "holder",
															"duration": 25,
															"amplifier": 3
														}
													},
													{
														"add_mob_effect": {
															"effect": "jump_boost",
															"target": "holder",
															"duration": 25,
															"amplifier": 12
														}
													},
													{
														"decrement_stack": {
															"ignore_game_mode": true
														}
													},
													{
														"run_command": {
															"command": [
																"playsound beacon.activate @s ~ ~ ~ 1 1 1"
															]
														}
													}
												],
												"children": [
													{
														"open": {
															"run_command": {
																"command": [
																	"playsound beacon.activate @s ~ ~ ~ 1 1 1"
																]
															}
														},
														"key": "run_command",
														"children": [
															{
																"open": {
																	"command": [
																		"playsound beacon.activate @s ~ ~ ~ 1 1 1"
																	]
																},
																"key": "command",
																"is_minified": true,
																"children": [
																	"playsound beacon.activate @s ~ ~ ~ 1 1 1"
																]
															}
														]
													}
												]
											}
										]
									}
								]
							}
						]
					}
				]
			}
		]
	}
}