{
    "format_version": "1.13.0",
    "minecraft:feature_rules": {
        "description": {
            "identifier": "860_tree_3_rotd0_feature_rule",
            "places_feature": "860_tree_3_rotd0_patch_feature"
        },
        "conditions": {
            "placement_pass": "surface_pass",
            "minecraft:biome_filter": [
                {
                    "all_of": [
                        {
                            "any_of": [
                                {
                                    "test": "has_biome_tag",
                                    "operator": "==",
                                    "value": "860_forest"
                                }
                            ]
                        }
                    ]
                }
            ]
        },
        "distribution": {
            "iterations": 1,
            "scatter_chance": 100.0,
            "x": {
                "distribution": "uniform",
                "extent": [
                    0,
                    16
                ]
            },
            "y": {
                "distribution": "uniform",
                "extent": [
                    "query.heightmap(variable.worldx, variable.worldz)",
                    "query.heightmap(variable.worldx, variable.worldz) + 1"
                ]
            },
            "z": {
                "distribution": "uniform",
                "extent": [
                    0,
                    16
                ]
            }
        }
    }
}
// Exported from software by MACHINE_BUILDER on YouTube. Check out this video for more information : www.youtube.com/watch?v=LA852BJ5doA