{
  "format_version": "1.10.0",
  "animation_controllers": {
    "controller.animation.d_class.hiding": {
      "states": {
        "default": {
          "transitions": [
            {
              "d_classhiding": "!query.is_avoiding_mobs"
            }
          ],
          "on_exit": [
			"@s minecraft:reset_sneak",
			"/effect @s speed 5 0 true"
          ]
        },
        "d_classhiding": {
          "transitions": [
            {
              "default": "query.is_avoiding_mobs"
            }
          ],
          "on_exit": [
			"@s minecraft:stop_sneak"
          ]
        }
      }
    },
	"controller.animation.sc.hiding": {
      "states": {
        "default": {
          "transitions": [
            {
              "schiding": "!query.is_avoiding_mobs"
            }
          ],
          "on_exit": [
			"@s minecraft:reset_use",
			"/effect @s regeneration 5 2 false"
          ]
        },
        "schiding": {
          "transitions": [
            {
              "default": "query.is_avoiding_mobs"
            }
          ],
          "on_exit": [
			"@s minecraft:stop_use"
          ]
        }
      }
    },
	"controller.animation.scp953.hiding": {
      "states": {
        "default": {
          "transitions": [
            {
              "scp953hiding": "!query.is_avoiding_mobs && (1.0)"
            }
          ],
          "on_exit": [
			"@s minecraft:entity_spawned"
          ]
        },
        "scp953hiding": {
          "transitions": [
            {
              "default": "query.is_avoiding_mobs && (1.0)"
            }
          ],
          "on_exit": [
			"@s minecraft:scared"
          ]
        }
      }
    }
  }
}