{
	"format_version": "1.10.0",
	"animation_controllers": {
		"controller.animation.machine": {
			"states": {
                                                                                                               
				"default": {
					"transitions": [
						{
							"machine": "query.is_sheared"
						}
					],
					"on_entry": [
						"@s __"
					]
				},
				"machine": {
					"transitions": [
						{
							"default": "(1.0)"
						}
					],
					"on_entry": [
					"@s bd:gun_fire"
					]
				}
			}
		}
	}
}