{
  "format_version": "1.10.0",
  "animation_controllers": {
    "controller.animation.bright_re.respawn": {
      "states": {
        "default": {
          "transitions": [
            {
              "respawn": "(1.0)"
            }
          ],
          "on_entry": [
			"/execute @e[type=entity:bright] ~~~ execute @s ~~~ kill @e[type=entity:bright_re]"
          ]
        },
        "respawn": {
          "transitions": [
            {
              "default": "(1.0)"
            }
          ],
          "on_entry": [
			"/execute @e[type=entity:bright] ~~~ execute @s ~~~ kill @e[type=entity:bright_re]"
          ]
        }
      }
    }
  }
}