{
  "format_version": "1.10.0",
  "animation_controllers": {
    "controller.animation.iris_quest.catch": {
      "states": {
        "default": {
          "transitions": [
            {
              "catch": "(1.0)"
            }
          ],
          "on_entry": [
			"/execute @e[type=!player,type=!entity:iris_quest,r=3] ~~~ kill @e[type=entity:iris_quest,r=3]"
          ]
        },
        "catch": {
          "transitions": [
            {
              "default": "(1.0)"
            }
          ],
          "on_entry": [
			"/execute @e[type=!player,type=!entity:iris_quest,r=3] ~~~ kill @e[type=entity:iris_quest,r=3]"
          ]
        }
      }
    },
	"controller.animation.scp105_hand.transport": {
      "states": {
        "default": {
          "transitions": [
            {
              "transport": "(1.0)"
            }
          ],
          "on_entry": [
			"/execute @s[r=3] ~~~ tp @e[type=!entity:scp105,type=!entity:scp105_hand,r=3] @e[type=entity:iris_quest,c=1]"
          ]
        },
        "transport": {
          "transitions": [
            {
              "default": "(1.0)"
            }
          ],
          "on_entry": [
			"/execute @s[r=3] ~~~ tp @e[type=!entity:scp105,type=!entity:scp105_hand,r=3] @e[type=entity:iris_quest,c=1]"
          ]
        }
      }
    }
  }
}