{
  "format_version": "1.10.0",
  "animation_controllers": {
    "controller.animation.scp303": {
      "states": {
        "default": {
          "transitions": [
            {
              "walking": "query.has_target && (1.0)"
            }
          ],
          "on_entry": [
            "/function scp303",
			"/execute @s ~~~ title @e[type=player,r=3,m=a] actionbar §l§4You are paralyzing",
			"/execute @s ~~~ title @e[type=player,r=3,m=s] actionbar §l§4You are paralyzing"
          ]
        },
        "walking": {
          "transitions": [
            {
              "default": "query.has_target && (1.0)"
            }
          ],
          "on_entry": [
            "/function scp303",
			"/execute @s ~~~ title @e[type=player,r=3,m=a] actionbar §l§4You are paralyzing",
			"/execute @s ~~~ title @e[type=player,r=3,m=s] actionbar §l§4You are paralyzing"
          ]
        }
      }
    }
  }
}