{
	"format_version" : "1.8.0",
	"animations" : {
		"animation.baby_humanoid.move_up" : {
			"loop" : true,
			"bones" : {
				"body" : { "position" : [ 0.0, "query.is_baby?variable.humanoid_up_movement:0", 0.0 ] },
				"head" : { "position" : [ 0.0, "query.is_baby?variable.humanoid_up_movement:0", 0.0 ] },
				"cape" : { "position" : [ 0.0, "query.is_baby?variable.humanoid_up_movement:0", 0.0 ] },
				"rightArm" : { "position" : [ 0.0, "query.is_baby?variable.humanoid_up_movement:0", 0.0 ] },
				"leftArm" : { "position" : [ 0.0, "query.is_baby?variable.humanoid_up_movement:0", 0.0 ] },
				"rightLeg" : { "position" : [ 0.0, "query.is_baby?variable.humanoid_up_movement:0", 0.0 ] },
				"leftLeg" : { "position" : [ 0.0, "query.is_baby?variable.humanoid_up_movement:0", 0.0 ] },
				"leg0" : { "position" : [ 0.0, "query.is_baby?variable.humanoid_up_movement:0", 0.0 ] },
				"leg1" : { "position" : [ 0.0, "query.is_baby?variable.humanoid_up_movement:0", 0.0 ] },
				"arms" : { "position" : [ 0.0, "query.is_baby?variable.humanoid_up_movement:0", 0.0 ] }
			}
		},
		"animation.baby_humanoid.move_up_edited" : {
			"loop" : true,
			"bones" : {
				"body" : { "position" : [ 0.0, "query.is_baby?variable.humanoid_up_movement:0", 0.0 ] }
			}
		},
		"animation.baby_humanoid.move_up_skeletons" : {
			"loop" : true,
			"bones" : {
				"body" : { "position" : [ 0.0, "query.is_baby?variable.skeleton_up_movement:0", 0.0 ] },
				"head" : { "position" : [ 0.0, "query.is_baby?variable.skeleton_up_movement:0", 0.0 ] },
				"cape" : { "position" : [ 0.0, "query.is_baby?variable.skeleton_up_movement:0", 0.0 ] },
				"rightArm" : { "position" : [ 0.0, "query.is_baby?variable.skeleton_up_movement:0", 0.0 ] },
				"leftArm" : { "position" : [ 0.0, "query.is_baby?variable.skeleton_up_movement:0", 0.0 ] },
				"rightLeg" : { "position" : [ 0.0, "query.is_baby?variable.skeleton_up_movement:0", 0.0 ] },
				"leftLeg" : { "position" : [ 0.0, "query.is_baby?variable.skeleton_up_movement:0", 0.0 ] },
				"leg0" : { "position" : [ 0.0, "query.is_baby?variable.skeleton_up_movement:0", 0.0 ] },
				"leg1" : { "position" : [ 0.0, "query.is_baby?variable.skeleton_up_movement:0", 0.0 ] }
			}
		},
		"animation.baby_humanoid.move_up_stray" : {
			"loop" : true,
			"bones" : {
				"body" : { "position" : [ 0.0, "query.is_baby?variable.skeleton_up_movement:0", 0.0 ] },
				"head" : { "position" : [ 0.0, "query.is_baby?variable.skeleton_up_movement:0", 0.0 ] },
				"cape" : { "position" : [ 0.0, "query.is_baby?variable.skeleton_up_movement:0", 0.0 ] },
				"rightArm" : { "position" : [ 0.0, "query.is_baby?variable.skeleton_up_movement:0", 0.0 ] },
				"rightLeg" : { "position" : [ 0.0, "query.is_baby?variable.skeleton_up_movement:0", 0.0 ] },
				"leftLeg" : { "position" : [ 0.0, "query.is_baby?variable.skeleton_up_movement:0", 0.0 ] },
				"leg0" : { "position" : [ 0.0, "query.is_baby?variable.skeleton_up_movement:0", 0.0 ] },
				"leg1" : { "position" : [ 0.0, "query.is_baby?variable.skeleton_up_movement:0", 0.0 ] }
			}
		}
	}
}
