{
	"format_version" : "1.8.0",
	"animations" : {
		"animation.creeper.walk" : {
			"loop" : true,
			"bones" : {
				"leg0" : {
					"rotation" : [ "(Math.cos(query.modified_distance_moved * 38.17326) * 80.22 * query.modified_move_speed) - this", 0.0, 0.0 ]
				},
				"leg1" : {
					"rotation" : [ "-(Math.cos(query.modified_distance_moved * 38.17326) * 80.22 * query.modified_move_speed) - this", 0.0, 0.0 ]
				},
				"leg2" : {
					"rotation" : [ "-(Math.cos(query.modified_distance_moved * 38.17326) * 80.22 * query.modified_move_speed) - this", 0.0, 0.0 ]
				},
				"leg3" : {
					"rotation" : [ "Math.cos(query.modified_distance_moved * 38.17326) * 80.22 * query.modified_move_speed - this", 0.0, 0.0 ]
				}
			}
		},
		"animation.new_creeper.ride": {
			"loop": true,
			"bones": {
				"root": {
					"position": [0, 5.5, 0]
				},
				"leg3": {
					"rotation": [-60, 0, -60],
					"position": [0, 0, 2]
				},
				"leg2": {
					"rotation": [-60, 0, 60],
					"position": [0, 0, 2]
				},
				"leg1": {
					"rotation": [60, 0, -60],
					"position": [0, 0, -2]
				},
				"leg0": {
					"rotation": [60, 0, 60],
					"position": [0, 0, -2]
				},
				"head": {
					"position": [0, -1, 2]
				},
				"body": {
					"rotation": [-10, 0, 0]
				}
			}
		},
		"animation.new_creeper.ride.baby": {
			"loop": true,
			"bones": {
				"root": {
					"position": [0, 11, 0]
				},
				"leg3": {
					"rotation": [-60, 0, -60],
					"position": [0, 0, 2]
				},
				"leg2": {
					"rotation": [-60, 0, 60],
					"position": [0, 0, 2]
				},
				"leg1": {
					"rotation": [60, 0, -60],
					"position": [0, 0, -2]
				},
				"leg0": {
					"rotation": [60, 0, 60],
					"position": [0, 0, -2]
				},
				"head": {
					"position": [0, -1, 2]
				},
				"body": {
					"rotation": [-10, 0, 0]
				}
			}
		}
	}
}
