{
  "format_version": "1.8.0",
  "minecraft:client_entity": {
    "description": {
      "identifier": "raigen:computer",
      "materials": {
	    "default": "translucence"
	  },
      "textures": {
        "white": "textures/decor/sweet_home/computer/white",
        "orange": "textures/decor/sweet_home/computer/orange",
        "magenta": "textures/decor/sweet_home/computer/magenta",
        "light_blue": "textures/decor/sweet_home/computer/light_blue",
        "yellow": "textures/decor/sweet_home/computer/yellow",
        "lime": "textures/decor/sweet_home/computer/lime",
        "pink": "textures/decor/sweet_home/computer/pink",
        "gray": "textures/decor/sweet_home/computer/gray",
        "silver": "textures/decor/sweet_home/computer/silver",
        "cyan": "textures/decor/sweet_home/computer/cyan",
        "purple": "textures/decor/sweet_home/computer/purple",
        "blue": "textures/decor/sweet_home/computer/blue",
        "brown": "textures/decor/sweet_home/computer/brown",
        "green": "textures/decor/sweet_home/computer/green",
        "red": "textures/decor/sweet_home/computer/red",
        "black": "textures/decor/sweet_home/computer/black"
      },
      "geometry": {
        "default": "geometry.computer"
      },
      "spawn_egg": {
        "texture": "sweet_home",
        "texture_index": 0
      },
      "render_controllers": [ "controller.render.variant_colorize" ]
    }
  }
}