{
  "format_version": "1.16.0",
  "minecraft:entity": {
    "description": {
      "identifier": "serp:rotomarket_spawned",
      "is_spawnable": false,
      "is_summonable": false,
      "is_experimental": false,
      "scripts": {"animate": ["fly"]},
      "animations": {"fly":"controller.animation.slow_falling"}},
    "components": {
      "minecraft:type_family": {
        "family": ["serpstuff"]},
      "minecraft:breathable": {
        "total_supply":15,
        "suffocate_time":0},
      "minecraft:collision_box":{
        "width":0.5,"height":0.5},
"minecraft:health":{"value":10,"max":10},
      "minecraft:damage_sensor": {
"triggers": [{"on_damage":{"filters":{"test":"is_owner","subject":"other"},"event":"serp:despawn"}, "deals_damage": false},{"cause":"fall","deals_damage":false}]},
        "minecraft:timer":{"time": 15, "randomInterval": false,"looping": true, "time_down_event": {"event": "serp:say", "target": "self"}},
"minecraft:interact": {
"interactions": [
{"on_interact":{"filters":{"test":"is_sneaking","subject":"other"},
"event":"serp:change","target":"self"},"interact_text":"codeScreen.changeEditorModal.change"}
        ]
    },
    "minecraft:loot":{"table":"loot_tables/entities/000PC.json"},
      "minecraft:movement":{"value":0.3},
      "minecraft:navigation.fly":{
        "can_path_over_water":true},
      "minecraft:movement.fly": {},
       "minecraft:can_fly":{"value":true},
      "minecraft:movement.basic":{},
      "minecraft:jump.static":{},
      "minecraft:can_climb":{},
      "minecraft:behavior.float":{
        "priority":0},
	"minecraft:behavior.move_towards_restriction":{
			"priority": 7 },
    "minecraft:behavior.random_stroll": {
    "priority": 6,"speed_multiplier": 0.7},
    "minecraft:behavior.look_at_player": {
    "priority": 2,"target_distance": 5.0,
    "probability": 0.5},
	"minecraft:physics": {},
      "minecraft:pushable": {
        "is_pushable": true,
        "is_pushable_by_piston": true
      }
    },
        "component_groups": {
      "serp:tame": {
    "minecraft:is_tamed": {},
    "minecraft:persistent": {},
    "minecraft:behavior.follow_owner":{
          "priority": 4, 
          "speed_multiplier": 1,
          "start_distance": 6,
          "stop_distance": 3
        }
      },
            "serp:default": {
        "minecraft:variant": {"value": 0},
      "minecraft:economy_trade_table": {
"table": "trading/rotomarket/buy.json","new_screen": true,"display_name": "entity.serp:rotomarket_buy.name"},
        "minecraft:timer": {"time": 7.5, "randomInterval": false,"looping": true, "time_down_event": {"event": "serp:say", "target": "self"}}
            },
            "serp:potions": {
        "minecraft:variant": {"value": 1},
      "minecraft:economy_trade_table": {
"table": "trading/rotomarket/potions.json","new_screen": true,"display_name": "entity.serp:rotomarket_potions.name"}
            },
            "serp:pokeballs": {
        "minecraft:variant": {"value": 2},
      "minecraft:economy_trade_table": {
"table": "trading/rotomarket/pokeballs.json","new_screen": true,"display_name": "entity.serp:rotomarket_pokeballs.name"}
            },
            "serp:stuff": {
        "minecraft:variant": {"value": 3},
      "minecraft:economy_trade_table": {
"table": "trading/rotomarket/stuff.json","new_screen": true,"display_name": "entity.serp:rotomarket_stuff.name"}
            },
            "serp:suits": {
        "minecraft:variant": {"value": 4},
      "minecraft:economy_trade_table": {
"table": "trading/rotomarket/suits.json","new_screen": true,"display_name": "entity.serp:rotomarket_suits.name"}
            },
    "serp:despawn": {
      "minecraft:instant_despawn":{},"minecraft:health":{"value":0,"max":0}}
        },
"events":{
"minecraft:entity_transformed":{"add":{ "component_groups":["serp:default","serp:tame"]}},
"serp:despawn":{
"add":{"component_groups":["serp:despawn"]}},
"serp:change":{
        "sequence":[
{"filters":{"test":"is_variant","value":4},"add":{"component_groups":["serp:default"]},
"remove":{"component_groups":["serp:suits"]}},
{"filters":{"test":"is_variant","value":0},"add":{"component_groups":["serp:potions"]},
"remove":{"component_groups":["serp:default"]}},
{"filters":{"test":"is_variant","value":1},"add":{"component_groups":["serp:pokeballs"]},
"remove":{"component_groups":["serp:potions"]}},
{"filters":{"test":"is_variant","value":2},"add":{"component_groups":["serp:stuff"]},
"remove":{"component_groups":["serp:pokeballs"]}},
{"filters":{"test":"is_variant","value":3},"add":{"component_groups":["serp:suits"]},
"remove":{"component_groups":["serp:stuff"]}}
        ]
    },
"serp:say":{
"randomize":[
{"weight":15},
{"weight":2,"run_command":{"command":["functions dialogs/rotomarket1"]}},
{"weight":2,"run_command":{"command":["functions dialogs/rotomarket2"]}},
{"weight":2,"run_command":{"command":["functions dialogs/rotomarket3"]}},
{"weight":2,"run_command":{"command":["functions dialogs/rotomarket4"]}}
        ]
      }
    }
  }
}