{
  "format_version": "1.16.100",
  "minecraft:item": {
    "description": {
      "identifier": "js:sh_pistol",
      "category": "Equipment"
    },
    "components": {
      "minecraft:creative_category": {
        "parent": "itemGroup.name.tools"
      },
      "minecraft:display_name": {
        "value": "item.js:sh_pistol.name"
      },
      "minecraft:stacked_by_data": true,
      "minecraft:chargeable": {
	  },
      "minecraft:can_destroy_in_creative": false,
      "minecraft:allow_off_hand": false,
      "minecraft:hand_equipped": true,
      "minecraft:should_despawn": false,
      "minecraft:explodable": false,
      "minecraft:use_duration": 3200.0,
      "minecraft:max_stack_size": 1,
      "minecraft:icon": {
        "texture": "sh_pistol"
      },
	  "minecraft:render_offsets": {
		"main_hand": {
		  "first_person": {
			"scale": [0,0,0]
		  },
		  "third_person": {
			"scale": [0,0,0]
		  }
		},
		"off_hand": {
		  "first_person": {
			"scale": [0,0,0]
		  },
		  "third_person": {
			"scale": [0,0,0]
		  }
		}
	  }
    }
  }
}