{
    "format_version": "1.18.0",
    "minecraft:client_entity": {
      "description": {
        "identifier": "mob:explosion",
        "materials": {  "default": "entity_alphatest" },
        "textures": { 
          "texture_00": "textures/entity/roof.png"
        },
        "geometry": { "default": "geometry.roof" },
        "render_controllers": [
          "controller.render.textures.01"
        ],
        "scripts": {
          "scale": "1"
        },
        "spawn_egg": {
          "base_color": "#FFFFFF",
          "overlay_color": "#FFFFFF"
        }
      }
    }
  }