{
  "format_version": "1.12",
  "minecraft:recipe_shaped": {
    "description": {
    "identifier": "serp:luxuryball"
    },

    
    "tags": [ "crafting_table" ],
    "pattern": [
      " p ",
      " b ",
      " d "
    ],
    "key": {
      "p": {
        "item": "serp:luxuryball_up"
      },
      "b": {
        "item": "minecraft:stone_button"
      },
      "d": {
        "item": "serp:down_part"
      }
    },
    "result": {
      "item": "serp:luxuryball",
      "count": 1
    }
  }
}
