{
  "format_version": "1.16.0",
  "minecraft:entity": {
    "description": {
      "identifier": "serp:dex",
      "is_spawnable": false,
      "is_summonable": true,
      "is_experimental": false,
      "scripts":{"animate":["1"]},
      "animations":{"1":"controller.animation.pokedex"}
    },
    "components": {
    "minecraft:npc":{
        "npc_data": {
    "portrait_offsets": {
    "translate": [0, 2, 0],
    "scale": [28,28,28]}}},
    "minecraft:despawn":{"filters":{"test":"distance_to_nearest_player","subject":"self","operator":">","value":5}},
    "minecraft:movement":{"value":0},
      "minecraft:collision_box": {
        "width": 0.1,"height": 0.1},
      "minecraft:pushable":{"is_pushable":false,"is_pushable_by_piston":false}
    },
    "component_groups": {
"despawn":{"minecraft:instant_despawn":{}},
"1":{"minecraft:variant":{"value":1}},
"2":{"minecraft:variant":{"value":2}},
"3":{"minecraft:variant":{"value":3}},
"4":{"minecraft:variant":{"value":4}},
"5":{"minecraft:variant":{"value":5}},
"6":{"minecraft:variant":{"value":6}},
"7":{"minecraft:variant":{"value":7}},
"8":{"minecraft:variant":{"value":8}},
"9":{"minecraft:variant":{"value":9}},
"10":{"minecraft:variant":{"value":10}},
"11":{"minecraft:variant":{"value":11}},
"12":{"minecraft:variant":{"value":12}},
"13":{"minecraft:variant":{"value":13}},
"14":{"minecraft:variant":{"value":14}},
"15":{"minecraft:variant":{"value":15}},
"16":{"minecraft:variant":{"value":16}},
"17":{"minecraft:variant":{"value":17}},
"18":{"minecraft:variant":{"value":18}},
"19":{"minecraft:variant":{"value":19}},
"20":{"minecraft:variant":{"value":20}},
"21":{"minecraft:variant":{"value":21}},
"22":{"minecraft:variant":{"value":22}},
"23":{"minecraft:variant":{"value":23}},
"24":{"minecraft:variant":{"value":24}},
"25":{"minecraft:variant":{"value":25}},
"26":{"minecraft:variant":{"value":26}},
"27":{"minecraft:variant":{"value":27}},
"28":{"minecraft:variant":{"value":28}},
"29":{"minecraft:variant":{"value":29}},
"30":{"minecraft:variant":{"value":30}},
"31":{"minecraft:variant":{"value":31}},
"32":{"minecraft:variant":{"value":32}},
"33":{"minecraft:variant":{"value":33}},
"34":{"minecraft:variant":{"value":34}},
"35":{"minecraft:variant":{"value":35}},
"36":{"minecraft:variant":{"value":36}},
"37":{"minecraft:variant":{"value":37}},
"38":{"minecraft:variant":{"value":38}},
"39":{"minecraft:variant":{"value":39}},
"40":{"minecraft:variant":{"value":40}},
"41":{"minecraft:variant":{"value":41}},
"42":{"minecraft:variant":{"value":42}},
"43":{"minecraft:variant":{"value":43}},
"44":{"minecraft:variant":{"value":44}},
"45":{"minecraft:variant":{"value":45}},
"46":{"minecraft:variant":{"value":46}},
"47":{"minecraft:variant":{"value":47}},
"48":{"minecraft:variant":{"value":48}},
"49":{"minecraft:variant":{"value":49}},
"50":{"minecraft:variant":{"value":50}},
"51":{"minecraft:variant":{"value":51}},
"52":{"minecraft:variant":{"value":52}},
"53":{"minecraft:variant":{"value":53}},
"54":{"minecraft:variant":{"value":54}},
"55":{"minecraft:variant":{"value":55}},
"56":{"minecraft:variant":{"value":56}},
"57":{"minecraft:variant":{"value":57}},
"58":{"minecraft:variant":{"value":58}},
"59":{"minecraft:variant":{"value":59}},
"60":{"minecraft:variant":{"value":60}},
"61":{"minecraft:variant":{"value":61}},
"62":{"minecraft:variant":{"value":62}},
"63":{"minecraft:variant":{"value":63}},
"64":{"minecraft:variant":{"value":64}},
"65":{"minecraft:variant":{"value":65}},
"66":{"minecraft:variant":{"value":66}},
"67":{"minecraft:variant":{"value":67}},
"68":{"minecraft:variant":{"value":68}},
"69":{"minecraft:variant":{"value":69}},
"70":{"minecraft:variant":{"value":70}},
"71":{"minecraft:variant":{"value":71}},
"72":{"minecraft:variant":{"value":72}},
"73":{"minecraft:variant":{"value":73}},
"74":{"minecraft:variant":{"value":74}},
"75":{"minecraft:variant":{"value":75}},
"76":{"minecraft:variant":{"value":76}},
"77":{"minecraft:variant":{"value":77}},
"78":{"minecraft:variant":{"value":78}},
"79":{"minecraft:variant":{"value":79}},
"80":{"minecraft:variant":{"value":80}},
"81":{"minecraft:variant":{"value":81}},
"82":{"minecraft:variant":{"value":82}},
"83":{"minecraft:variant":{"value":83}},
"84":{"minecraft:variant":{"value":84}},
"85":{"minecraft:variant":{"value":85}},
"86":{"minecraft:variant":{"value":86}},
"87":{"minecraft:variant":{"value":87}},
"88":{"minecraft:variant":{"value":88}},
"89":{"minecraft:variant":{"value":89}},
"90":{"minecraft:variant":{"value":90}},
"91":{"minecraft:variant":{"value":91}},
"92":{"minecraft:variant":{"value":92}},
"93":{"minecraft:variant":{"value":93}},
"94":{"minecraft:variant":{"value":94}},
"95":{"minecraft:variant":{"value":95}},
"96":{"minecraft:variant":{"value":96}},
"97":{"minecraft:variant":{"value":97}},
"98":{"minecraft:variant":{"value":98}},
"99":{"minecraft:variant":{"value":99}},
"100":{"minecraft:variant":{"value":100}},
"101":{"minecraft:variant":{"value":101}},
"102":{"minecraft:variant":{"value":102}},
"103":{"minecraft:variant":{"value":103}},
"104":{"minecraft:variant":{"value":104}},
"105":{"minecraft:variant":{"value":105}},
"106":{"minecraft:variant":{"value":106}},
"107":{"minecraft:variant":{"value":107}},
"108":{"minecraft:variant":{"value":108}},
"109":{"minecraft:variant":{"value":109}},
"110":{"minecraft:variant":{"value":110}},
"111":{"minecraft:variant":{"value":111}},
"112":{"minecraft:variant":{"value":112}},
"113":{"minecraft:variant":{"value":113}},
"114":{"minecraft:variant":{"value":114}},
"115":{"minecraft:variant":{"value":115}},
"116":{"minecraft:variant":{"value":116}},
"117":{"minecraft:variant":{"value":117}},
"118":{"minecraft:variant":{"value":118}},
"119":{"minecraft:variant":{"value":119}},
"120":{"minecraft:variant":{"value":120}},
"121":{"minecraft:variant":{"value":121}},
"122":{"minecraft:variant":{"value":122}},
"123":{"minecraft:variant":{"value":123}},
"124":{"minecraft:variant":{"value":124}},
"125":{"minecraft:variant":{"value":125}},
"126":{"minecraft:variant":{"value":126}},
"127":{"minecraft:variant":{"value":127}},
"128":{"minecraft:variant":{"value":128}},
"129":{"minecraft:variant":{"value":129}},
"130":{"minecraft:variant":{"value":130}},
"131":{"minecraft:variant":{"value":131}},
"132":{"minecraft:variant":{"value":132}},
"133":{"minecraft:variant":{"value":133}},
"134":{"minecraft:variant":{"value":134}},
"135":{"minecraft:variant":{"value":135}},
"136":{"minecraft:variant":{"value":136}},
"137":{"minecraft:variant":{"value":137}},
"138":{"minecraft:variant":{"value":138}},
"139":{"minecraft:variant":{"value":139}},
"140":{"minecraft:variant":{"value":140}},
"141":{"minecraft:variant":{"value":141}},
"142":{"minecraft:variant":{"value":142}},
"143":{"minecraft:variant":{"value":143}},
"144":{"minecraft:variant":{"value":144}},
"145":{"minecraft:variant":{"value":145}},
"146":{"minecraft:variant":{"value":146}},
"147":{"minecraft:variant":{"value":147}},
"148":{"minecraft:variant":{"value":148}},
"149":{"minecraft:variant":{"value":149}},
"150":{"minecraft:variant":{"value":150}},
"151":{"minecraft:variant":{"value":151}}
    },
    "events": {
		"serp:despawn": {
"add":{"component_groups":["despawn"]}
    },
"bulbasaur":{"add":{"component_groups":["1"]}},
"ivysaur":{"add":{"component_groups":["2"]}},
"venusaur":{"add":{"component_groups":["3"]}},
"charmander":{"add":{"component_groups":["4"]}},
"charmeleon":{"add":{"component_groups":["5"]}},
"charizard":{"add":{"component_groups":["6"]}},
"squirtle":{"add":{"component_groups":["7"]}},
"wartortle":{"add":{"component_groups":["8"]}},
"blastoise":{"add":{"component_groups":["9"]}},
"caterpie":{"add":{"component_groups":["10"]}},
"metapod":{"add":{"component_groups":["11"]}},
"butterfree":{"add":{"component_groups":["12"]}},
"weedlee":{"add":{"component_groups":["13"]}},
"kakuna":{"add":{"component_groups":["14"]}},
"beedrill":{"add":{"component_groups":["15"]}},
"pidgey":{"add":{"component_groups":["16"]}},
"pidgeotto":{"add":{"component_groups":["17"]}},
"pidgeot":{"add":{"component_groups":["18"]}},
"rattata":{"add":{"component_groups":["19"]}},
"raticate":{"add":{"component_groups":["20"]}},
"spearow":{"add":{"component_groups":["21"]}},
"fearow":{"add":{"component_groups":["22"]}},
"ekans":{"add":{"component_groups":["23"]}},
"arbok":{"add":{"component_groups":["24"]}},
"pikachu":{"add":{"component_groups":["25"]}},
"raichu":{"add":{"component_groups":["26"]}},
"sandshrew":{"add":{"component_groups":["27"]}},
"sandslash":{"add":{"component_groups":["28"]}},
"nidoranh":{"add":{"component_groups":["29"]}},
"nidorina":{"add":{"component_groups":["30"]}},
"nidoqueen":{"add":{"component_groups":["31"]}},
"nidoranm":{"add":{"component_groups":["32"]}},
"nidorino":{"add":{"component_groups":["33"]}},
"nidoking":{"add":{"component_groups":["34"]}},
"clefairy":{"add":{"component_groups":["35"]}},
"clefable":{"add":{"component_groups":["36"]}},
"vulpix":{"add":{"component_groups":["37"]}},
"ninetales":{"add":{"component_groups":["38"]}},
"jigglypuff":{"add":{"component_groups":["39"]}},
"wigglytuff":{"add":{"component_groups":["40"]}},
"zubat":{"add":{"component_groups":["41"]}},
"golbat":{"add":{"component_groups":["42"]}},
"oddish":{"add":{"component_groups":["43"]}},
"gloom":{"add":{"component_groups":["44"]}},
"vileplume":{"add":{"component_groups":["45"]}},
"paras":{"add":{"component_groups":["46"]}},
"parasect":{"add":{"component_groups":["47"]}},
"venonat":{"add":{"component_groups":["48"]}},
"venomoth":{"add":{"component_groups":["49"]}},
"diglett":{"add":{"component_groups":["50"]}},
"dugtrio":{"add":{"component_groups":["51"]}},
"meowth":{"add":{"component_groups":["52"]}},
"persian":{"add":{"component_groups":["53"]}},
"psyduck":{"add":{"component_groups":["54"]}},
"golduck":{"add":{"component_groups":["55"]}},
"mankey":{"add":{"component_groups":["56"]}},
"primeape":{"add":{"component_groups":["57"]}},
"growlithe":{"add":{"component_groups":["58"]}},
"arcanine":{"add":{"component_groups":["59"]}},
"poliwag":{"add":{"component_groups":["60"]}},
"poliwhirl":{"add":{"component_groups":["61"]}},
"poliwrath":{"add":{"component_groups":["62"]}},
"abra":{"add":{"component_groups":["63"]}},
"kadabra":{"add":{"component_groups":["64"]}},
"alakazam":{"add":{"component_groups":["65"]}},
"machop":{"add":{"component_groups":["66"]}},
"machoke":{"add":{"component_groups":["67"]}},
"machamp":{"add":{"component_groups":["68"]}},
"bellsprout":{"add":{"component_groups":["69"]}},
"weepinbell":{"add":{"component_groups":["70"]}},
"victreebel":{"add":{"component_groups":["71"]}},
"tentacool":{"add":{"component_groups":["72"]}},
"tentacruel":{"add":{"component_groups":["73"]}},
"geodude":{"add":{"component_groups":["74"]}},
"graveler":{"add":{"component_groups":["75"]}},
"golem":{"add":{"component_groups":["76"]}},
"ponyta":{"add":{"component_groups":["77"]}},
"rapidash":{"add":{"component_groups":["78"]}},
"slowpoke":{"add":{"component_groups":["79"]}},
"slowbro":{"add":{"component_groups":["80"]}},
"magnemite":{"add":{"component_groups":["81"]}},
"magneton":{"add":{"component_groups":["82"]}},
"farfetchd":{"add":{"component_groups":["83"]}},
"doduo":{"add":{"component_groups":["84"]}},
"dodrio":{"add":{"component_groups":["85"]}},
"seel":{"add":{"component_groups":["86"]}},
"dewgong":{"add":{"component_groups":["87"]}},
"grimer":{"add":{"component_groups":["88"]}},
"muk":{"add":{"component_groups":["89"]}},
"shellder":{"add":{"component_groups":["90"]}},
"cloyster":{"add":{"component_groups":["91"]}},
"gastly":{"add":{"component_groups":["92"]}},
"haunter":{"add":{"component_groups":["93"]}},
"gengar":{"add":{"component_groups":["94"]}},
"onix":{"add":{"component_groups":["95"]}},
"drowzee":{"add":{"component_groups":["96"]}},
"hypno":{"add":{"component_groups":["97"]}},
"krabby":{"add":{"component_groups":["98"]}},
"kingler":{"add":{"component_groups":["99"]}},
"voltorb":{"add":{"component_groups":["100"]}},
"electrode":{"add":{"component_groups":["101"]}},
"exeggcute":{"add":{"component_groups":["102"]}},
"exeggutor":{"add":{"component_groups":["103"]}},
"cubone":{"add":{"component_groups":["104"]}},
"marowak":{"add":{"component_groups":["105"]}},
"hitmonlee":{"add":{"component_groups":["106"]}},
"hitmonchan":{"add":{"component_groups":["107"]}},
"lickitung":{"add":{"component_groups":["108"]}},
"koffing":{"add":{"component_groups":["109"]}},
"weezing":{"add":{"component_groups":["110"]}},
"rhyhorn":{"add":{"component_groups":["111"]}},
"rhydon":{"add":{"component_groups":["112"]}},
"chansey":{"add":{"component_groups":["113"]}},
"tangela":{"add":{"component_groups":["114"]}},
"kkangaskhan":{"add":{"component_groups":["115"]}},
"horsea":{"add":{"component_groups":["116"]}},
"seadra":{"add":{"component_groups":["117"]}},
"goldeen":{"add":{"component_groups":["118"]}},
"seaking":{"add":{"component_groups":["119"]}},
"staryu":{"add":{"component_groups":["120"]}},
"starmie":{"add":{"component_groups":["121"]}},
"mrmime":{"add":{"component_groups":["122"]}},
"scyther":{"add":{"component_groups":["123"]}},
"jynx":{"add":{"component_groups":["124"]}},
"electabuzz":{"add":{"component_groups":["125"]}},
"magmar":{"add":{"component_groups":["126"]}},
"pinsir":{"add":{"component_groups":["127"]}},
"tauros":{"add":{"component_groups":["128"]}},
"magikarp":{"add":{"component_groups":["129"]}},
"gyarados":{"add":{"component_groups":["130"]}},
"lapras":{"add":{"component_groups":["131"]}},
"ditto":{"add":{"component_groups":["132"]}},
"eevee":{"add":{"component_groups":["133"]}},
"vaporeon":{"add":{"component_groups":["134"]}},
"jolteon":{"add":{"component_groups":["135"]}},
"flareon":{"add":{"component_groups":["136"]}},
"porygon":{"add":{"component_groups":["137"]}},
"omanyte":{"add":{"component_groups":["138"]}},
"omastar":{"add":{"component_groups":["139"]}},
"kabuto":{"add":{"component_groups":["140"]}},
"kabutops":{"add":{"component_groups":["141"]}},
"aerodactyl":{"add":{"component_groups":["142"]}},
"snorlax":{"add":{"component_groups":["143"]}},
"articuno":{"add":{"component_groups":["144"]}},
"zapdos":{"add":{"component_groups":["145"]}},
"moltres":{"add":{"component_groups":["146"]}},
"dratini":{"add":{"component_groups":["147"]}},
"dragonair":{"add":{"component_groups":["148"]}},
"dragonite":{"add":{"component_groups":["149"]}},
"mewtwo":{"add":{"component_groups":["150"]}},
"mew":{"add":{"component_groups":["151"]}}
    }
  }
}