{
  "format_version": "1.8.0",
  "minecraft:entity": {
    "description": {
      "identifier": "ho:door_hori",
      "is_spawnable": true,
      "is_summonable": true,
      "is_experimental": false,
	  "runtime_identifier": "minecraft:shulker"
    },
	
	"component_groups": {
	  "minecraft:late": {
	    "minecraft:transformation": {
		  "into": "ho:door_ho"
		}
	  },
	  "minecraft:open": {
	    "minecraft:transformation": {
		  "into": "ho:door_hori_opened"
		}
	  },
	  "minecraft:death": {
	    "minecraft:spell_effects": {
		  "add_effects": [
		    {
			  "effect": "wither",
			  "amplifier": 3,
              "visible": false,
              "ambient": false,
              "duration": 25
			}
		  ]
		},
		"minecraft:damage_sensor": [
	    ]
	  }
	},
	
    "components": {
	  "minecraft:type_family": {
	    "family": [ "inanimate" ]
	  },
	  "minecraft:interact": [
	    {
		  "on_interact": {
		    "filters": {
			  "all_of": [
			    { "test": "is_family", "subject": "other", "value": "player" },
			    { "test": "has_equipment", "subject": "other", "domain": "hand", "value": "ho:rotator" }
			  ]
			},
			"event": "minecraft:event_late"
		  }
		},
	    {
		  "on_interact": {
		    "filters": {
			  "all_of": [
			    { "test": "is_family", "subject": "other", "value": "player" },
			    { "test": "has_equipment", "subject": "other", "domain": "hand", "value": "barrier" }
			  ]
			},
			"event": "minecraft:event_death"
		  }
		},
	    {
		  "on_interact": {
		    "filters": {
			  "all_of": [
			    { "test": "is_family", "subject": "other", "value": "player" }
			  ]
			},
			"event": "minecraft:event_open"
		  }
		}
	  ],
	  "minecraft:health": {
	    "value": 1
	  },
	  "minecraft:damage_sensor": [
		{
		  "cause": "all",
		  "deals_damage": false
		}
	  ],
	  "minecraft:physics": {
	  }
    },
	
	"events": {
	  "minecraft:event_late": {
	    "add": {
		  "component_groups": [
		    "minecraft:late"
		  ]
		}
	  },
	  "minecraft:event_open": {
	    "add": {
		  "component_groups": [
		    "minecraft:open"
		  ]
		}
	  },
	  "minecraft:event_death": {
	    "add": {
		  "component_groups": [
		    "minecraft:death"
		  ]
		}
	  }
	}
  }
}