{
	"format_version": "1.8.0",
	"animations": {
		"animation.herioscuino_tanquini.walk": {
			"loop": true,
			"animation_length": 0.75,
			"bones": {
				"head": {
					"rotation": {
						"0.0": [0, 0, 0],
						"0.1667": [5, 0, 0],
						"0.375": [0, 0, 0],
						"0.5833": [5, 0, 0],
						"0.75": [0, 0, 0]
					},
					"position": [0, -25, 2]
				},
				"rueda": {
					"scale": {
						"0.0": [1, 1, 1.2],
						"0.0833": [1, 1, 1],
						"0.125": [1, 1.2, 1],
						"0.2083": [1, 1, 1.2],
						"0.2917": [1, 1, 1],
						"0.3333": [1, 1.2, 1],
						"0.4167": [1, 1, 1.2],
						"0.4583": [1, 1, 1],
						"0.5": [1, 1.2, 1],
						"0.5417": [1, 1, 1.2],
						"0.625": [1, 1, 1],
						"0.6667": [1, 1.2, 1],
						"0.75": [1, 1, 1.2]
					}
				},
				"rueda2": {
					"scale": {
						"0.0": [1, 1, 1.2],
						"0.0833": [1, 1, 1],
						"0.125": [1, 1.2, 1],
						"0.2083": [1, 1, 1.2],
						"0.2917": [1, 1, 1],
						"0.3333": [1, 1.2, 1],
						"0.4167": [1, 1, 1.2],
						"0.4583": [1, 1, 1],
						"0.5": [1, 1.2, 1],
						"0.5417": [1, 1, 1.2],
						"0.625": [1, 1, 1],
						"0.6667": [1, 1.2, 1],
						"0.75": [1, 1, 1.2]
					}
				},
				"all": {
					"position": {
						"0.0": [0, -1, 0],
						"0.1667": [0, 0, 0],
						"0.25": [0, -1, 0],
						"0.4167": [0, 0, 0],
						"0.5": [0, -1, 0],
						"0.6667": [0, 0, 0],
						"0.75": [0, -1, 0]
					}
				},
				"big_body": {
					"position": [0, -50000, 0],
					"scale": 0
				},
				"tank": {
					"rotation": {
						"0.0": [0, 0, 0],
						"0.1667": [2.5, 0, 0],
						"0.3333": [-2.5, 0, 0],
						"0.5417": [2.5, 0, 0],
						"0.75": [0, 0, 0]
					}
				}
			}
		},
		"animation.herioscuino_tanquini.idle": {
			"loop": true,
			"animation_length": 0.75,
			"bones": {
				"head": {
					"rotation": {
						"0.0": [0, 0, 0],
						"0.2083": [5, 0, 0],
						"0.75": [0, 0, 0]
					},
					"position": [0, -25, 2]
				},
				"rueda": {
					"position": {
						"0.0": [0, 0, 0],
						"0.4583": [0, -1, 0],
						"0.75": [0, 0, 0]
					}
				},
				"rueda2": {
					"position": {
						"0.0": [0, 0, 0],
						"0.4583": [0, -1, 0],
						"0.75": [0, 0, 0]
					}
				},
				"all": {
					"position": {
						"0.0": [0, -1, 0],
						"0.375": [0, 0, 0],
						"0.75": [0, -1, 0]
					}
				},
				"big_body": {
					"position": [0, -50000, 0],
					"scale": 0
				}
			}
		},
		"animation.herioscuino_tanquini.attack": {
			"loop": true,
			"animation_length": 0.75,
			"bones": {
				"head": {
					"rotation": {
						"0.0": [0, 0, 0],
						"0.2083": [7.5, 0, 0],
						"0.25": [0, 0, 0]
					},
					"position": [0, 0, 2]
				},
				"rueda": {
					"rotation": {
						"0.2083": [0, 0, 0],
						"0.2917": [0, 0, -12.5],
						"0.3333": [0, 0, 0]
					},
					"position": [0, 0, 0],
					"scale": {
						"0.2083": [1, 1, 1],
						"0.2917": [1, 0.8, 1],
						"0.3333": [1, 1, 1]
					}
				},
				"rueda2": {
					"rotation": {
						"0.2083": [0, 0, 0],
						"0.2917": [0, 0, 12.5],
						"0.3333": [0, 0, 0]
					},
					"position": [0, 0, 0],
					"scale": {
						"0.2083": [1, 1, 1],
						"0.2917": [1, 0.8, 1],
						"0.3333": [1, 1, 1]
					}
				},
				"all": {
					"position": {
						"0.0": [0, -1, 0],
						"0.2083": [0, -1, 0],
						"0.25": [0, -1, 6],
						"0.2917": [0, -2, 6],
						"0.3333": [0, -1, 6],
						"0.375": [0, -2, 6],
						"0.4167": [0, -1, 6],
						"0.4583": [0, -2, 6],
						"0.5": [0, -1, 6],
						"0.75": [0, -1, 0]
					},
					"scale": {
						"0.0": [1, 1, 1],
						"0.125": [1, 1, 0.94],
						"0.2083": [1, 0.96, 0.94],
						"0.25": [1, 1, 1],
						"0.2917": [1, 1, 1.15],
						"0.4167": [1, 1, 1]
					}
				},
				"big_body": {
					"position": [0, -50000, 0],
					"scale": 0
				},
				"tank": {
					"rotation": {
						"0.0": [0, 0, 0],
						"0.1667": [7.5, 0, 0],
						"0.25": [-17.5, 0, 0],
						"0.2917": [0, 0, 0]
					},
					"scale": {
						"0.0": [1, 1, 1],
						"0.2083": [1, 1, 0.7],
						"0.2917": [1, 1, 1.1],
						"0.3333": [1, 1, 1]
					}
				},
				"fire": {
					"position": {
						"0.25": [0, 0, 0],
						"0.2917": [0, 0, -7],
						"0.375": [0, 0, -7],
						"0.4167": [0, 0, 0]
					},
					"scale": {
						"0.25": [1, 1, 1],
						"0.2917": [1, 1, 2.3],
						"0.375": [1, 1, 2.3],
						"0.4167": [1, 1, 1]
					}
				}
			}
		},
		"animation.herioscuino_tanquini.idle_chad": {
			"loop": true,
			"animation_length": 2.6786,
			"bones": {
				"head": {
					"position": {
						"0.0": [0, 0, -2],
						"1.2083": [0, -2.1, -6],
						"2.6667": [0, 0, -2]
					}
				},
				"cuerpo": {
					"position": [0, -500000, 0],
					"scale": 0
				},
				"big_body": {
					"rotation": {
						"0.0": [0, 0, 0],
						"1.2083": [7.5, 0, 0],
						"2.6667": [0, 0, 0]
					}
				},
				"tank": {
					"position": [0, -500000, 0],
					"scale": 0
				},
				"h": {
					"rotation": {
						"0.0": [0, 0, 0],
						"1.0417": [-10, 0, 0],
						"2.6667": [0, 0, 0]
					}
				},
				"h2": {
					"rotation": {
						"0.0": [0, 0, 0],
						"1.0417": [-10, 0, 0],
						"2.6667": [0, 0, 0]
					}
				}
			}
		},
		"animation.herioscuino_tanquini.groundattack_chad": {
			"loop": true,
			"animation_length": 2.5,
			"bones": {
				"head": {
					"rotation": {
						"0.0": [0, 0, 0],
						"1.1": [34.42, 0, 0],
						"1.3": [-45, 0, 0],
						"1.7": [-45, 0, 0],
						"1.9": [7, 0, 0],
						"2.0": [0, 0, 0],
						"2.5": [0, 0, 0]
					},
					"position": {
						"0.0": [0, 0, -2],
						"1.1": [0, -2.1, -6],
						"2.5": [0, 0, -2]
					}
				},
				"rueda": {
					"rotation": {
						"0.0": [0, 0, 0],
						"1.1": [-6.79, 0, 0],
						"1.4": [20, 0, 0],
						"1.8": [-15, 0, 0],
						"1.9": [0, 0, 0]
					}
				},
				"rueda2": {
					"rotation": {
						"0.0": [0, 0, 0],
						"1.1": [-6.79, 0, 0],
						"1.4": [20, 0, 0],
						"1.8": [-15, 0, 0],
						"1.9": [0, 0, 0]
					}
				},
				"all": {
					"position": {
						"0.0": [0, 0, 0],
						"1.2": [0, 0, 0],
						"1.3": [0, 32, 0],
						"1.8": [0, 39, 0],
						"1.9": [0, -2, 0],
						"2.0": [0, 0, 0],
						"2.1": [0, -2, 0],
						"2.2": [0, 0, 0],
						"2.3": [0, -2, 0],
						"2.5": [0, 0, 0]
					},
					"scale": {
						"0.0": [1, 1, 1],
						"1.2": [1, 0.8, 1],
						"1.3": [1, 1, 1],
						"1.9": [1, 1, 1],
						"2.0": [1, 0.88, 1],
						"2.1": [1, 1, 1]
					}
				},
				"cuerpo": {
					"position": [0, -500000, 0],
					"scale": 0
				},
				"big_body": {
					"rotation": {
						"0.0": [0, 0, 0],
						"1.2": [7.5, 0, 0],
						"2.4": [0, 0, 0]
					}
				},
				"left_arm": {
					"rotation": {
						"0.0": [0, 0, 0],
						"1.1": [-21.37221, 32.18826, -4.75346],
						"1.3": [-130.73592, -58.39167, -3.74127],
						"1.8": [-149.26162, -66.55151, 17.04902],
						"1.9": [0, 0, 0]
					}
				},
				"tank": {
					"position": {
						"0.0": [0, -500000, 0],
						"2.4": [0, -500000, 0]
					},
					"scale": 0
				},
				"right_arm": {
					"rotation": {
						"0.0": [0, 0, 0],
						"1.1": [-21.37221, -32.18826, 4.75346],
						"1.3": [-130.73592, 58.39167, 3.74127],
						"1.8": [-149.26162, 66.55151, -17.04902],
						"1.9": [0, 0, 0]
					}
				}
			}
		},
		"animation.herioscuino_tanquini.attack_chad": {
			"loop": true,
			"animation_length": 0.7576,
			"bones": {
				"head": {
					"rotation": {
						"0.0": [0, 0, 0],
						"0.2083": [17.5, 0, 0],
						"0.75": [0, 0, 0]
					},
					"position": {
						"0.0": [0, 0, -2],
						"0.1667": [0, -0.86, 1.71],
						"0.2083": [0, -6, -14],
						"0.375": [0, -6, -14],
						"0.5": [0, -3, -1],
						"0.5417": [0, -6, -14],
						"0.625": [0, -6, -14],
						"0.75": [0, 0, -2]
					}
				},
				"all": {
					"rotation": {
						"0.0": [0, 0, 0],
						"0.2083": [15, 0, 0],
						"0.25": [0, 0, 0],
						"0.5": [-5, 0, 0],
						"0.5417": [0, 0, 0],
						"0.75": [0, 0, 0]
					},
					"position": {
						"0.0": [0, 0, 0],
						"0.2083": [0, 0, 2],
						"0.25": [0, 0, 0],
						"0.5": [0, 0, 0],
						"0.5417": [0, 0, 0],
						"0.75": [0, 0, 0]
					}
				},
				"cuerpo": {
					"position": {
						"0.0": [0, -500000, 0],
						"0.75": [0, -500000, 0]
					},
					"scale": {
						"0.0": [0, 0, 0],
						"0.75": [0, 0, 0]
					}
				},
				"big_body": {
					"rotation": {
						"0.0": [0, 0, 0],
						"0.1667": [-7.5, 0, 0],
						"0.2083": [22.5, 0, 0],
						"0.375": [22.5, 0, 0],
						"0.5": [-7.5, 0, 0],
						"0.5417": [22.5, 0, 0],
						"0.625": [22.5, 0, 0],
						"0.75": [0, 0, 0]
					}
				},
				"left_arm": {
					"rotation": {
						"0.0": [0, 0, 0],
						"0.2917": [0, 0, -25],
						"0.4167": [0, 0, 0],
						"0.5": [-11.57881, -56.7385, -76.23228],
						"0.5417": [-33.34341, 59.0619, 21.92882],
						"0.625": [-33.34341, 59.0619, 21.92882],
						"0.75": [0, 0, 0]
					},
					"position": {
						"0.0": [0, 0, 0],
						"0.375": [0, 0, 0],
						"0.5": [2, 0, 0],
						"0.75": [0, 0, 0]
					}
				},
				"tank": {
					"position": {
						"0.0": [0, -500000, 0],
						"0.75": [0, -500000, 0]
					},
					"scale": {
						"0.0": [0, 0, 0],
						"0.75": [0, 0, 0]
					}
				},
				"right_arm": {
					"rotation": {
						"0.0": [0, 0, 0],
						"0.2083": [-11.57881, 56.7385, 76.23228],
						"0.25": [-33.34341, -59.0619, -21.92882],
						"0.375": [-33.34341, -59.0619, -21.92882],
						"0.4167": [0, 0, 0],
						"0.5": [1.50701, 4.76804, 17.56274],
						"0.5417": [1.59581, 19.7626, 17.97715],
						"0.75": [0, 0, 0]
					},
					"position": {
						"0.0": [0, 0, 0],
						"0.0833": [0, 0, 0],
						"0.25": [2, 0, -7],
						"0.375": [2, 0, -7],
						"0.4167": [0, 0, 0],
						"0.75": [0, 0, 0]
					}
				},
				"h": {
					"rotation": {
						"0.0": [0, 0, 0],
						"0.75": [0, 0, 0]
					}
				},
				"h2": {
					"rotation": {
						"0.0": [0, 0, 0],
						"0.75": [0, 0, 0]
					}
				}
			}
		},
		"animation.herioscuino_tanquini.attack_chad2": {
			"loop": true,
			"animation_length": 0.7677,
			"bones": {
				"head": {
					"rotation": {
						"0.0": [0, 0, 0],
						"0.2828": [17.5, 0, 0],
						"0.7677": [0, 0, 0]
					},
					"position": {
						"0.0": [0, 0, -2],
						"0.2424": [0, -0.86, 1.71],
						"0.2828": [0, -1, -5],
						"0.3232": [0, -6, -14],
						"0.5253": [0, -6, -14],
						"0.7677": [0, 0, -2]
					}
				},
				"all": {
					"rotation": {
						"0.0": [0, 0, 0],
						"0.2828": [-5, 0, 0],
						"0.3232": [15, 0, 0],
						"0.3636": [0, 0, 0],
						"0.7677": [0, 0, 0]
					},
					"position": {
						"0.0": [0, 0, 0],
						"0.2828": [0, 0, 0],
						"0.3232": [0, 0, 2],
						"0.3636": [0, 0, 0],
						"0.7677": [0, 0, 0]
					}
				},
				"cuerpo": {
					"position": {
						"0.0": [0, -500000, 0],
						"0.7677": [0, -500000, 0]
					},
					"scale": {
						"0.0": [0, 0, 0],
						"0.7677": [0, 0, 0]
					}
				},
				"big_body": {
					"rotation": {
						"0.0": [0, 0, 0],
						"0.2424": [-7.5, 0, 0],
						"0.3232": [22.5, 0, 0],
						"0.5253": [22.5, 0, 0],
						"0.7677": [0, 0, 0]
					}
				},
				"left_arm": {
					"rotation": {
						"0.0": [0, 0, 0],
						"0.2424": [-200, 0, 0],
						"0.404": [25, 0, 0],
						"0.7677": [0, 0, 0]
					}
				},
				"tank": {
					"position": {
						"0.0": [0, -500000, 0],
						"0.7677": [0, -500000, 0]
					},
					"scale": {
						"0.0": [0, 0, 0],
						"0.7677": [0, 0, 0]
					}
				},
				"right_arm": {
					"rotation": {
						"0.0": [0, 0, 0],
						"0.2424": [-200, 0, 0],
						"0.404": [25, 0, 0],
						"0.7677": [0, 0, 0]
					}
				},
				"h": {
					"rotation": {
						"0.0": [0, 0, 0],
						"0.7677": [0, 0, 0]
					}
				},
				"h2": {
					"rotation": {
						"0.0": [0, 0, 0],
						"0.7677": [0, 0, 0]
					}
				}
			}
		},
		"animation.herioscuino_tanquini.attack_chad3": {
			"loop": true,
			"animation_length": 0.7677,
			"bones": {
				"head": {
					"rotation": {
						"0.0": [0, 0, 0],
						"0.2828": [17.5, 0, 0],
						"0.7677": [0, 0, 0]
					},
					"position": {
						"0.0": [0, 0, -2],
						"0.2424": [0, -0.86, 1.71],
						"0.2828": [0, -1, -5],
						"0.3232": [0, -6, -14],
						"0.5253": [0, -6, -14],
						"0.7677": [0, 0, -2]
					}
				},
				"all": {
					"rotation": {
						"0.0": [0, 0, 0],
						"0.2828": [-5, 0, 0],
						"0.3232": [15, 0, 0],
						"0.3636": [0, 0, 0],
						"0.7677": [0, 0, 0]
					},
					"position": {
						"0.0": [0, 0, 0],
						"0.2828": [0, 0, 0],
						"0.3232": [0, 0, 2],
						"0.3636": [0, 0, 0],
						"0.7677": [0, 0, 0]
					}
				},
				"cuerpo": {
					"position": {
						"0.0": [0, -500000, 0],
						"0.7677": [0, -500000, 0]
					},
					"scale": {
						"0.0": [0, 0, 0],
						"0.7677": [0, 0, 0]
					}
				},
				"big_body": {
					"rotation": {
						"0.0": [0, 0, 0],
						"0.2424": [-7.5, 0, 0],
						"0.3232": [22.5, 0, 0],
						"0.5253": [22.5, 0, 0],
						"0.7677": [0, 0, 0]
					}
				},
				"left_arm": {
					"rotation": {
						"0.0": [0, 0, 0],
						"0.2424": [53.36092, -74.67668, -166.42842],
						"0.3232": [-76.01906, 49.24991, -11.39841],
						"0.7677": [0, 0, 0]
					},
					"position": {
						"0.0": [0, 0, 0],
						"0.2424": [8, 0, 0],
						"0.3232": [1, -8, 0],
						"0.7677": [0, 0, 0]
					}
				},
				"tank": {
					"position": {
						"0.0": [0, -500000, 0],
						"0.7677": [0, -500000, 0]
					},
					"scale": {
						"0.0": [0, 0, 0],
						"0.7677": [0, 0, 0]
					}
				},
				"right_arm": {
					"rotation": {
						"0.0": [0, 0, 0],
						"0.2424": [53.36092, 74.67668, 166.42842],
						"0.3232": [-76.01906, -49.24991, 11.39841],
						"0.7677": [0, 0, 0]
					},
					"position": {
						"0.0": [0, 0, 0],
						"0.2424": [-8, 0, 0],
						"0.3232": [1, -8, 0],
						"0.7677": [0, 0, 0]
					}
				},
				"h": {
					"rotation": {
						"0.0": [0, 0, 0],
						"0.7677": [0, 0, 0]
					}
				},
				"h2": {
					"rotation": {
						"0.0": [0, 0, 0],
						"0.7677": [0, 0, 0]
					}
				}
			}
		},
		"animation.herioscuino_tanquini.walk_chad": {
			"loop": true,
			"animation_length": 0.7677,
			"bones": {
				"head": {
					"rotation": {
						"0.0": [0, 0, 0],
						"0.1616": [2, 0, 0],
						"0.3636": [0, 0, 0],
						"0.5657": [2, 0, 0],
						"0.7677": [0, 0, 0]
					},
					"position": [0, 0, -2]
				},
				"rueda": {
					"scale": {
						"0.0": [1, 1, 1.2],
						"0.0808": [1, 1, 1],
						"0.1212": [1, 1.2, 1],
						"0.202": [1, 1, 1.2],
						"0.2828": [1, 1, 1],
						"0.3232": [1, 1.2, 1],
						"0.404": [1, 1, 1.2],
						"0.4444": [1, 1, 1],
						"0.4848": [1, 1.2, 1],
						"0.5253": [1, 1, 1.2],
						"0.6061": [1, 1, 1],
						"0.6869": [1, 1.2, 1],
						"0.7677": [1, 1, 1.2]
					}
				},
				"rueda2": {
					"scale": {
						"0.0": [1, 1, 1.2],
						"0.0808": [1, 1, 1],
						"0.1212": [1, 1.2, 1],
						"0.202": [1, 1, 1.2],
						"0.2828": [1, 1, 1],
						"0.3232": [1, 1.2, 1],
						"0.404": [1, 1, 1.2],
						"0.4444": [1, 1, 1],
						"0.4848": [1, 1.2, 1],
						"0.5253": [1, 1, 1.2],
						"0.6061": [1, 1, 1],
						"0.6869": [1, 1.2, 1],
						"0.7677": [1, 1, 1.2]
					}
				},
				"all": {
					"position": {
						"0.0": [0, -1, 0],
						"0.1616": [0, 0, 0],
						"0.2424": [0, -1, 0],
						"0.404": [0, 0, 0],
						"0.4848": [0, -1, 0],
						"0.6869": [0, 0, 0],
						"0.7677": [0, -1, 0]
					}
				},
				"cuerpo": {
					"position": [0, -500000, 0],
					"scale": 0
				},
				"left_arm": {
					"rotation": {
						"0.0": [-10, 0, 0],
						"0.3636": [17.5, 0, 0],
						"0.7677": [-10, 0, 0]
					}
				},
				"tank": {
					"position": [0, -500000, 0],
					"scale": 0
				},
				"right_arm": {
					"rotation": {
						"0.0": [17.5, 0, 0],
						"0.4444": [-10, 0, 0],
						"0.7677": [17.5, 0, 0]
					}
				},
				"h": {
					"rotation": [0, 0, 0]
				},
				"h2": {
					"rotation": [0, 0, 0]
				}
			}
		}
	}
}