{
 "format_version": "1.14.0",
 "minecraft:entity": {
  "description": {
   "identifier": "pl:anquilosaurio",
   "is_experimental": false,
   "is_spawnable": true,
   "is_summonable": true
  },
  "component_groups": {
   "bebe": {
    "minecraft:group_size": {
     "radius": 20,
     "filters": {
      "all_of": [
       {
        "test": "is_family",
        "value": "diplodoco"
       }
      ]
     }
    },
    "minecraft:is_baby": {},
    "minecraft:ageable": {
     "duration": 1200,
     "feed_items": "apple",
     "grow_up": {
      "event": "minecraft:ageable_grow_up",
      "target": "self"
     }
    },
    "minecraft:scale": {
     "value": 0.5
    },
    "minecraft:sittable": {},
    "minecraft:behavior.panic": {
     "priority": 3,
     "speed_multiplier": 1.25
    },
    "minecraft:behavior.avoid_mob_type": {
     "priority": 3,
     "entity_types": [
      {
       "filters": {
        "any_of": [
         {
          "test": "is_family",
          "subject": "other",
          "value": "player"
         },
         {
          "test": "is_family",
          "subject": "other",
          "value": "rex"
         },
         {
          "test": "is_family",
          "subject": "other",
          "value": "cryolophosaurio"
         },
         {
          "test": "is_family",
          "subject": "other",
          "value": "ichthyovenator"
         },
         {
          "test": "is_family",
          "subject": "other",
          "value": "carnotauro"
         },
         {
          "test": "is_family",
          "subject": "other",
          "value": "allosaurio"
         }
        ]
       },
       "max_dist": 6,
       "walk_speed_multiplier": 1,
       "sprint_speed_multiplier": 1.2
      }
     ]
    },
    "minecraft:movement": {
     "value": {
      "range_max": 0.25,
      "range_min": 0.2
     }
    },
    "minecraft:behavior.follow_parent": {
     "priority": 1,
     "speed_multiplier": 1.1
    }
   },
   "bebe_domable": {
    "minecraft:tameable": {
     "probability": 0.5,
     "tame_items": [
      "pl:alim_dino_herv"
     ],
     "tame_event": {
      "event": "pl:domado",
      "target": "self"
     }
    }
   },
   "domado": {
    "minecraft:is_tamed": {},
    "minecraft:behavior.tempt": {
     "priority": 1,
     "speed_multiplier": 0.9,
     "items": [
      "sweet_berries",
      "pl:alim_dinos_grand_herv"
     ]
    },
    "minecraft:equippable": {
     "slots": [
      {
       "accepted_items": [
        "pl:montura_f"
       ],
       "item": "pl:montura_f",
       "on_equip": {
        "event": "pl:montura"
       },
       "on_unequip": {
        "event": "pl:sin_montura"
       },
       "slot": 0
      }
     ]
    },
    "minecraft:inventory": {
     "inventory_size": 20,
     "container_type": "horse",
     "additional_slots_per_strength": 0
    },
    "minecraft:behavior.beg": {
     "priority": 0,
     "look_distance": 15,
     "look_time": [
      100,
      100
     ],
     "items": [
      "pl:alim_dino_herv"
     ]
    },
    "minecraft:boss": {
     "hud_range": 3,
     "name": "Anquilosaurio Domado",
     "should_darken_sky": false
    }
   },
   "on_cofre": {
    "minecraft:is_chested": {}
   },
   "montable": {
    "minecraft:rideable": {
     "crouching_skip_interact": true,
     "family_types": [
      "player"
     ],
     "interact_text": "Montar",
     "priority": 1,
     "rider_can_interact": true,
     "seat_count": 1,
     "seats": [
      {
       "max_rider_count": 0,
       "min_rider_count": 0,
       "position": [
        0,
        1.3,
        0
       ]
      }
     ]
    }
   },
   "interacciones": {
    "minecraft:interact": {
     "interactions": [
      {
       "on_interact": {
        "filters": {
         "all_of": [
          {
           "test": "has_equipment",
           "subject": "other",
           "domain": "hand",
           "operator": "==",
           "value": "pl:silvato_especial"
          },
          {
           "test": "is_owner",
           "subject": "other",
           "operator": "==",
           "value": true
          },
          {
           "test": "has_component",
           "value": "minecraft:is_tamed"
          },
          {
           "test": "has_component",
           "value": "minecraft:shareables"
          },
          {
           "test": "has_component",
           "subject": "self",
           "operator": "!=",
           "value": "minecraft:is_baby"
          }
         ]
        },
        "event": "pl:no_destruir",
        "target": "self"
       },
       "use_item": false,
       "interact_text": "No Destruir"
      },
      {
       "on_interact": {
        "filters": {
         "all_of": [
          {
           "test": "has_equipment",
           "subject": "other",
           "domain": "hand",
           "operator": "==",
           "value": "pl:silvato_especial"
          },
          {
           "test": "is_owner",
           "subject": "other",
           "operator": "==",
           "value": true
          },
          {
           "test": "has_component",
           "value": "minecraft:is_tamed"
          },
          {
           "test": "has_component",
           "operator": "not",
           "value": "minecraft:shareables"
          },
          {
           "test": "has_component",
           "subject": "self",
           "operator": "!=",
           "value": "minecraft:is_baby"
          }
         ]
        },
        "event": "pl:destruir",
        "target": "self"
       },
       "use_item": false,
       "interact_text": "Destruir",
       "hurt_item": 1
      },
      {
       "on_interact": {
        "filters": {
         "all_of": [
          {
           "test": "has_equipment",
           "subject": "other",
           "domain": "hand",
           "operator": "==",
           "value": "pl:silvato_seguir"
          },
          {
           "test": "is_owner",
           "subject": "other",
           "operator": "==",
           "value": true
          },
          {
           "test": "has_component",
           "value": "minecraft:is_tamed"
          },
          {
           "test": "has_component",
           "value": "minecraft:shareables"
          },
          {
           "test": "has_component",
           "subject": "self",
           "operator": "!=",
           "value": "minecraft:is_baby"
          }
         ]
        },
        "event": "pl:diambular",
        "target": "self"
       },
       "use_item": false,
       "interact_text": "Diambular"
      },
      {
       "on_interact": {
        "filters": {
         "all_of": [
          {
           "test": "has_equipment",
           "subject": "other",
           "domain": "hand",
           "operator": "==",
           "value": "pl:silvato_seguir"
          },
          {
           "test": "is_owner",
           "subject": "other",
           "operator": "==",
           "value": true
          },
          {
           "test": "has_component",
           "value": "minecraft:is_tamed"
          },
          {
           "test": "has_component",
           "operator": "not",
           "value": "minecraft:shareables"
          },
          {
           "test": "has_component",
           "subject": "self",
           "operator": "!=",
           "value": "minecraft:is_baby"
          }
         ]
        },
        "event": "pl:seguirme",
        "target": "self"
       },
       "use_item": false,
       "interact_text": "Seguirme"
      },
      {
       "on_interact": {
        "filters": {
         "all_of": [
          {
           "test": "is_family",
           "subject": "other",
           "value": "player"
          },
          {
           "test": "is_riding",
           "subject": "other",
           "operator": "==",
           "value": false
          },
          {
           "test": "on_ground",
           "subject": "self",
           "operator": "equals",
           "value": true
          },
          {
           "test": "is_mark_variant",
           "value": 1
          },
          {
           "test": "is_owner",
           "subject": "player",
           "operator": "equals",
           "value": true
          },
          {
           "test": "has_equipment",
           "subject": "other",
           "domain": "hand",
           "operator": "==",
           "value": "pl:silvato_ataque"
          }
         ]
        },
        "event": "pl:modo_pasivo"
       },
       "interact_text": "pasivo",
       "swing": true
      },
      {
       "on_interact": {
        "filters": {
         "all_of": [
          {
           "test": "is_family",
           "subject": "other",
           "value": "player"
          },
          {
           "test": "is_riding",
           "subject": "other",
           "operator": "==",
           "value": false
          },
          {
           "test": "on_ground",
           "subject": "self",
           "operator": "equals",
           "value": true
          },
          {
           "test": "is_mark_variant",
           "value": 0
          },
          {
           "test": "is_owner",
           "subject": "player",
           "operator": "equals",
           "value": true
          },
          {
           "test": "has_equipment",
           "subject": "other",
           "domain": "hand",
           "operator": "==",
           "value": "pl:silvato_ataque"
          }
         ]
        },
        "event": "pl:modo_agresivo"
       },
       "interact_text": "agresivo",
       "swing": true
      }
     ]
    },
    "minecraft:breedable": {
     "require_tame": true,
     "breeds_with": [
      {
       "mate_type": "pl:anquilosaurio",
       "baby_type": "pl:anquilosaurio_huevo",
       "breed_event": {
        "event": "pl:fase_1",
        "target": "baby"
       }
      }
     ],
     "breed_items": [
      "apple"
     ]
    }
   },
   "sin_montura": {
    "minecraft:behavior.mount_pathing": {
     "priority": 5,
     "speed_multiplier": 1.25,
     "target_dist": 0,
     "track_target": true
    }
   },
   "montura": {
    "minecraft:behavior.player_ride_tamed": {},
    "minecraft:input_ground_controlled": {},
    "minecraft:is_saddled": {}
   },
   "destruir": {
    "minecraft:shareables": {},
    "minecraft:behavior.move_to_block": {
     "priority": 0,
     "tick_interval": 1,
     "start_chance": 10,
     "search_range": 5,
     "search_height": 10,
     "goal_radius": 0.5,
     "target_blocks": [
      "minecraft:campfire",
      "minecraft:gold_ore"
     ]
    },
    "minecraft:ageable": {
     "duration": 50,
     "grow_up": {
      "event": "pl:no_destruir",
      "target": "self"
     }
    },
    "minecraft:break_blocks": {
     "breakable_blocks": [
      "campfire",
      "gold_ore",
      "gold_block",
      "iron_ore",
      "iron_block",
      "coal_ore",
      "coal_block",
      "redstone_ore",
      "redstone_block",
      "lapislazuli_ore",
      "lapislazuli_block"
     ]
    }
   },
   "seguirme": {
    "minecraft:shareables": {},
    "minecraft:behavior.follow_owner": {
     "priority": 1,
     "speed_multiplier": 1.5,
     "start_distance": 15,
     "stop_distance": 5
    }
   },
   "pasivo": {
    "minecraft:mark_variant": {
     "value": 0
    }
   },
   "agresivo": {
    "minecraft:mark_variant": {
     "value": 1
    },
    "minecraft:behavior.hurt_by_target": {
     "priority": 1
    },
    "minecraft:behavior.delayed_attack": {
     "priority": 0,
     "reach_multiplier": 1.5,
     "attack_duration": 1,
     "hit_delay_pct": 0.55,
     "track_target": true,
     "sound_event": "attack"
    },
    "minecraft:behavior.owner_hurt_target": {
     "priority": 1
    },
    "minecraft:behavior.owner_hurt_by_target": {
     "priority": 1
    },
    "minecraft:behavior.owner_hurt_by_target": {
     "priority": 1
    },
    "minecraft:behavior.summon_entity": {
     "priority": 0,
     "probability": 100,
     "summon_choices": [
      {
       "weight": 1,
       "cooldown_time": 15,
       "cast_duration": 4.04,
       "start_sound_event": "plop",
       "sequence": [
        {
         "shape": "circle",
         "target": "self",
         "base_delay": 0,
         "delay_per_summon": 0,
         "num_entities_spawned": 0,
         "entity_type": "vex",
         "entity_lifespan": 0,
         "size": 10,
         "sound_event": "plop"
        }
       ]
      }
     ]
    },
    "minecraft:attack": {
     "damage": 30,
     "effect_name": "slowness",
     "effect_duration": 10
    }
   },
   "adult": {
    "minecraft:loot": {
     "table": "loot_tables/entities/anquilo.json"
    },
    "minecraft:group_size": {
     "radius": 20,
     "filters": {
      "all_of": [
       {
        "test": "is_family",
        "value": "diplodoco"
       }
      ]
     }
    },
    "minecraft:scale": {
     "value": 2.3
    },
    "minecraft:sittable": {
     "sit_event": {
      "event": "pl:sentado",
      "target": "self"
     },
     "stand_event": {
      "event": "pl:levantado",
      "target": "self"
     }
    },
    "minecraft:experience_reward": {
     "on_bred": "Math.Random(100)",
     "on_death": "query.last_hit_by_player ? Math.Random(300) : 0"
    },
    "minecraft:movement": {
     "value": {
      "range_max": 0.2,
      "range_min": 0.17
     }
    }
   },
   "salvaje": {
    "minecraft:behavior.delayed_attack": {
     "priority": 0,
     "reach_multiplier": 1.5,
     "attack_duration": 1,
     "hit_delay_pct": 0.55,
     "track_target": true,
     "sound_event": "attack"
    },
    "minecraft:behavior.hurt_by_target": {
     "priority": 1
    },
    "minecraft:spawn_entity": [
     {
      "min_wait_time": 5,
      "max_wait_time": 9000,
      "spawn_entity": "pl:anquilosaurio_huevo",
      "spawn_event": "minecraft:from_wandering_trader",
      "single_use": false,
      "num_to_spawn": 1,
      "should_leash": false
     }
    ],
    "minecraft:behavior.summon_entity": {
     "priority": 0,
     "probability": 100,
     "summon_choices": [
      {
       "weight": 1,
       "cooldown_time": 15,
       "cast_duration": 4.04,
       "start_sound_event": "plop",
       "sequence": [
        {
         "shape": "circle",
         "target": "self",
         "base_delay": 0,
         "delay_per_summon": 0,
         "num_entities_spawned": 0,
         "entity_type": "vex",
         "entity_lifespan": 0,
         "size": 10,
         "sound_event": "plop"
        }
       ]
      }
     ]
    },
    "minecraft:attack": {
     "damage": 30,
     "effect_name": "slowness",
     "effect_duration": 10
    }
   },
   "var0": {
    "minecraft:variant": {
     "value": 0
    }
   },
   "var1": {
    "minecraft:variant": {
     "value": 1
    }
   }
  },
  "components": {
   "minecraft:behavior.random_look_around": {
    "priority": 5
   },
   "minecraft:behavior.random_stroll": {
    "priority": 3,
    "speed_multiplier": 1
   },
   "minecraft:breathable": {
    "breathesAir": true,
    "breathesWater": false,
    "suffocateTime": 0,
    "totalSupply": 15
   },
   "minecraft:can_climb": {},
   "minecraft:can_power_jump": {},
   "minecraft:collision_box": {
    "height": 1.5,
    "width": 0.8
   },
   "minecraft:jump.static": {},
   "minecraft:movement.basic": {},
   "minecraft:nameable": {
    "alwaysShow": true
   },
   "minecraft:navigation.walk": {
    "avoid_damage_blocks": true,
    "avoid_water": false,
    "can_path_over_water": true
   },
   "minecraft:physics": {
    "has_gravity": true
   },
   "minecraft:pushable": {
    "is_pushable": true,
    "is_pushable_by_piston": true
   },
   "minecraft:type_family": {
    "family": [
     "anquilosaurio"
    ]
   },
   "minecraft:behavior.stay_while_sitting": {
    "priority": 0
   },
   "minecraft:behavior.breed": {
    "priority": 0,
    "speed_multiplier": 0.7
   },
   "minecraft:behavior.breed": {
    "priority": 2,
    "speed_multiplier": 1
   },
   "minecraft:healable": {
    "items": [
     {
      "heal_amount": 5,
      "item": "sweet_berries"
     },
     {
      "heal_amount": 5,
      "item": "carrot"
     },
     {
      "heal_amount": 5,
      "item": "wheat"
     },
     {
      "heal_amount": 5,
      "item": "potato"
     },
     {
      "heal_amount": 10,
      "item": "pl:alim_dino_herv"
     }
    ]
   },
   "minecraft:health": {
    "value": {
     "range_max": 700,
     "range_min": 500
    }
   },
   "minecraft:follow_range": {
    "value": 50
   },
   "minecraft:knockback_resistance": {
    "max": 1,
    "value": 1
   },
   "minecraft:balloonable": {
    "mass": 0
   },
   "minecraft:behavior.random_look_around_and_sit": {
    "priority": 6,
    "min_look_count": 2,
    "max_look_count": 5,
    "min_look_time": 80,
    "max_look_time": 100,
    "probability": 0.002
   },
   "minecraft:behavior.lay_down": {
    "priority": 7,
    "interval": 400,
    "random_stop_interval": 2000
   },
   "minecraft:behavior.float": {
    "priority": 0
   }
  },
  "events": {
   "minecraft:entity_spawned": {
    "sequence": [
     {
      "randomize": [
       {
        "weight": 36,
        "add": {
         "component_groups": [
          "adult",
          "salvaje"
         ]
        }
       },
       {
        "weight": 5,
        "add": {
         "component_groups": [
          "bebe",
          "bebe_domable"
         ]
        },
        "remove": {
         "component_groups": [
          "montable"
         ]
        }
       }
      ]
     },
     {
      "randomize": [
       {
        "weight": 15,
        "add": {
         "component_groups": [
          "var0"
         ]
        }
       },
       {
        "weight": 15,
        "add": {
         "component_groups": [
          "var1"
         ]
        }
       }
      ]
     }
    ]
   },
   "pl:domado": {
    "sequence": [
     {
      "randomize": [
       {
        "weight": 36,
        "add": {
         "component_groups": [
          "sin_montura",
          "interacciones",
          "seguirme",
          "pasivo",
          "domado"
         ]
        },
        "remove": {
         "component_groups": [
          "salvaje_agresivo",
          "salvaje_pasivo"
         ]
        }
       }
      ]
     }
    ]
   },
   "pl:bebe": {
    "sequence": [
     {
      "randomize": [
       {
        "weight": 5,
        "add": {
         "component_groups": [
          "bebe",
          "bebe_domable"
         ]
        },
        "remove": {
         "component_groups": [
          "montable"
         ]
        }
       }
      ]
     },
     {
      "randomize": [
       {
        "weight": 15,
        "add": {
         "component_groups": [
          "var0"
         ]
        }
       },
       {
        "weight": 15,
        "add": {
         "component_groups": [
          "var1"
         ]
        }
       },
       {
        "weight": 15,
        "add": {
         "component_groups": [
          "var2"
         ]
        }
       },
       {
        "weight": 15,
        "add": {
         "component_groups": [
          "var3"
         ]
        }
       },
       {
        "weight": 15,
        "add": {
         "component_groups": [
          "var4"
         ]
        }
       },
       {
        "weight": 15,
        "add": {
         "component_groups": [
          "var5"
         ]
        }
       }
      ]
     }
    ]
   },
   "pl:sin_montura": {
    "add": {
     "component_groups": [
      "sin_montura"
     ]
    },
    "remove": {
     "component_groups": [
      "montura",
      "on_cofre"
     ]
    }
   },
   "pl:montura": {
    "add": {
     "component_groups": [
      "montura",
      "on_cofre"
     ]
    },
    "remove": {
     "component_groups": [
      "sin_montura"
     ]
    }
   },
   "pl:seguirme": {
    "add": {
     "component_groups": [
      "seguirme"
     ]
    }
   },
   "pl:diambular": {
    "remove": {
     "component_groups": [
      "seguirme"
     ]
    }
   },
   "pl:destruir": {
    "add": {
     "component_groups": [
      "destruir"
     ]
    }
   },
   "pl:no_destruir": {
    "remove": {
     "component_groups": [
      "destruir"
     ]
    }
   },
   "pl:modo_pasivo": {
    "add": {
     "component_groups": [
      "pasivo"
     ]
    },
    "remove": {
     "component_groups": [
      "agresivo"
     ]
    }
   },
   "pl:modo_agresivo": {
    "add": {
     "component_groups": [
      "agresivo"
     ]
    },
    "remove": {
     "component_groups": [
      "pasivo"
     ]
    }
   },
   "pl:levantado": {
    "add": {
     "component_groups": [
      "montable"
     ]
    },
    "remove": {
     "component_groups": [
      "salvaje"
     ]
    }
   },
   "pl:sentado": {
    "remove": {
     "component_groups": [
      "montable",
      "salvaje"
     ]
    },
    "add": {}
   },
   "minecraft:ageable_grow_up": {
    "sequence": [
     {
      "randomize": [
       {
        "weight": 5,
        "remove": {
         "component_groups": [
          "bebe",
          "bebe_domable"
         ]
        },
        "add": {
         "component_groups": [
          "adult",
          "salvaje"
         ]
        }
       }
      ]
     }
    ]
   }
  }
 }
}