{
  "format_version": "1.10.0",
  "minecraft:spawn_rules": {
    "description": {
      "identifier": "frost:tundra_adventurer",
      "population_control": "animal"
    },
    "conditions": [
      {
        "minecraft:spawns_underground": {},
        "minecraft:spawns_on_surface": {},
        "minecraft:brightness_filter": {
          "min": 8,
          "max": 15,
          "adjust_for_weather": false
        },
        "minecraft:weight": {
          "default": 5
        },
        "minecraft:herd": {
          "min_size": 1,
          "max_size": 1
        },
        "minecraft:density_limit": {
          "surface": 8,
          "underground": 8
        },
        "minecraft:biome_filter": [
          {
            "any_of": [
              {
                "test": "has_biome_tag",
                "operator": "==",
                "value": "cold_taiga"
              },
              {
                "test": "has_biome_tag",
                "operator": "==",
                "value": "cold_taiga_hills"
              },
              {
                "test": "has_biome_tag",
                "operator": "==",
                "value": "cold_taiga_mutated"
              },
              {
                "test": "has_biome_tag",
                "operator": "==",
                "value": "ice_plains"
              },
              {
                "test": "has_biome_tag",
                "operator": "==",
                "value": "ice_mountains"
              },
              {
                "test": "has_biome_tag",
                "operator": "==",
                "value": "ice_plains_spikes"
              }
            ]
          }
        ],
        "minecraft:spawns_on_block_filter": "minecraft:grass"
      },
      {
        "minecraft:spawns_underground": {},
        "minecraft:brightness_filter": {
          "min": 8,
          "max": 15,
          "adjust_for_weather": false
        },
        "minecraft:weight": {
          "default": 5
        },
        "minecraft:herd": {
          "min_size": 1,
          "max_size": 1
        },
        "minecraft:density_limit": {
          "surface": 8,
          "underground": 8
        },
        "minecraft:biome_filter": [
          {
            "any_of": [
              {
                "test": "has_biome_tag",
                "operator": "==",
                "value": "cold_taiga"
              },
              {
                "test": "has_biome_tag",
                "operator": "==",
                "value": "cold_taiga_hills"
              },
              {
                "test": "has_biome_tag",
                "operator": "==",
                "value": "cold_taiga_mutated"
              },
              {
                "test": "has_biome_tag",
                "operator": "==",
                "value": "ice_plains"
              },
              {
                "test": "has_biome_tag",
                "operator": "==",
                "value": "ice_mountains"
              },
              {
                "test": "has_biome_tag",
                "operator": "==",
                "value": "ice_plains_spikes"
              }
            ]
          }
        ]
      }
    ]
  }
}