{
  "format_version": "1.8.0",
  "minecraft:entity": {
    "description": {
     // "runtime_identifier": "minecraft:zombie",
      "identifier": "asylum:facehead",

      "is_spawnable": true,
      "is_summonable": true,
      "is_experimental": false

      },
    "components": {
      "minecraft:health": {
        "value": 100
      },
      "minecraft:collision_box": {
        "width": 1.0,
        "height": 1.0
      },
      "minecraft:navigation.walk": {
        "can_float": true,
        "can_pass_doors": true,
        "can_open_doors": true
      },
      "minecraft:movement.basic": {
      },
      "minecraft:jump.static": {
      },
      "minecraft:can_climb": {
      },
        "minecraft:movement": {
          "value": 0.35,
          "max": 0.35
        },
        "minecraft:behavior.break_door": {
          "priority": 1
        },
        "minecraft:attack": {
          "damage": 3,
          "effect_name": "blindness",
          "effect_duration": 2
        },  
        "minecraft:loot": {
          "table": "loot_tables/entities/bossrib.json"
        },
       /* "minecraft:knockback_resistance": {
          "value": 100,
          "max": 100
        },*/
        "minecraft:push_through": {
        "value": 1
        },
        "minecraft:fall_damage": {
          "value": 0.0
      },
      "minecraft:type_family": {
        "family": [ "asylum" , "monster" ]
      },
      "minecraft:behavior.melee_attack": {
        "priority": 3,
        "speed_multiplier": 1,
        "track_target": true
      },
      "minecraft:behavior.move_towards_restriction": {
        "priority": 4,
        "speed_multiplier": 1
      },
      "minecraft:behavior.random_stroll": {
        "priority": 6,
        "speed_multiplier": 1
      },
      "minecraft:behavior.look_at_player": {
        "priority": 7,
        "look_distance": 6,
        "probability": 0.02
      },
      "minecraft:behavior.random_look_around": {
        "priority": 7
      },
      "minecraft:behavior.hurt_by_target": {
        "priority": 1
      },
      "minecraft:behavior.nearest_attackable_target": {
        "priority": 2,
        "within_radius": 25,
        "entity_types": [
          {
            "filters": {
              "any_of": [
                {
                  "test": "is_family",
                  "subject": "other",
                  "value": "player"
                },
                {
                  "test": "is_family",
                  "subject": "other",
                  "value": "snowgolem"
                },
                {
                  "test": "is_family",
                  "subject": "other",
                  "value": "irongolem"
                },
                {
                  "test": "is_family",
                  "subject": "other",
                  "value": "villager"
                }
              ]
            },
            "max_dist": 35
          }
        ],
        "must_see": true
      },
      "minecraft:physics": {
      }
    }
  }
}