{
  "format_version": "1.8.0",
  "minecraft:entity": {
    "description": {
      "identifier": "asylum:oldchair",

      "is_spawnable": true,
      "is_summonable": true,
      "is_experimental": false

      },
    "components": {
      "minecraft:health": {
        "value": 3
      },
      "minecraft:collision_box": {
        "width": 1.0,
        "height": 1.0
      },
        "minecraft:navigation.walk": {
        },
        "minecraft:movement.basic": {
        },
        "minecraft:movement": {
          "value": 0,
          "max": 0
        },
        "minecraft:knockback_resistance": {
          "value": 100,
          "max": 100
        },
        "minecraft:push_through": {
        "value": 1
        },
        "minecraft:is_stackable": {
        },
        "minecraft:input_ground_controlled": {
        },
        "minecraft:behavior.controlled_by_player": {
        "priority": 0
        },
        "minecraft:fall_damage": {
          "value": 0.0
      },
     "minecraft:rideable": {
        "seat_count": 1,
        "interact_text": "action.interact.rotate",
        "family_types": [
          "player"
        ],
        "seats": {
          "position": [0.0, 0.45, 0.0]
        }        
    },
      "minecraft:type_family": {
        "family": [ "asylum", "inanimate" ]
      },
      "minecraft:damage_sensor": [
        {
          "cause": "player",
          "deals_damage": false
        }
      ], 
      "minecraft:physics": {
      }
    }
  }
}