{
	"format_version": "1.10.0",
	"minecraft:client_entity": {
		"description": {
			"identifier": "dcode:fishcat",
			"materials": {
				"default": "entity_alphatest"
			},
			"textures": {
				"default": "textures/entity/fishcat"
			},
			"geometry": {
				"default": "geometry.fishcat"
			},
			"render_controllers": [
				"controller.render.fishcat"
			],
			"animations": {
				"move": "animation.fishcat.move"
			},
			"scripts": {
				"animate": [
					"move"
				]
			},
			"spawn_egg": {
				"base_color": "#000000",
				"overlay_color": "#FFFFFF"
			}
		}
	}
}