{
  "format_version": "1.10.0",
  "render_controllers": {
    "controller.render.glow": {
      "geometry": "geometry.default",
      "materials": [ { "*": "material.default" } ],
      "textures": [ "texture.default" ],
      "uv_anim": {
          "offset": [ "(Math.floor(query.life_time * 20.0) + query.life_time) * 0.01", "(Math.floor(query.life_time * 20.0) + query.life_time) * 0.01" ],
          "scale": [ 1.0, 1.0 ]
      },
      "light_color_multiplier": 6,
      "ignore_lighting": true
    }
  }
}