{
  "format_version": "1.16.100",
  "minecraft:block": {
    "description": {
      "identifier": "vatonage:sieve"
    },
    "components": {
         "minecraft:material_instances": {
            "*": {
               "texture": "block",
               "render_method": "alpha_test"
            }
         },

      "minecraft:destroy_time": 1,
      "minecraft:explosion_resistance": 1,

      "minecraft:block_light_emission": 0,
         "minecraft:block_light_absorption": 0,
        "minecraft:pick_collision": {
            "origin":  [-8.0, 0.0, -8.0],
            "size":   [16.0, 16.0, 16.0]
        },
        "minecraft:on_placed": {
           "event": "vatonage:placed"
        },
         "minecraft:loot": "loot_tables/blocks/dropsieve.json"
     },
     "events": {
         "vatonage:placed": {
            "run_command": {
               "command": "summon vatonage:sieve_entity ~ ~-0.5 ~"
            }
         }
    }
  }
}