{
   "format_version": "1.16.100",
   "minecraft:block": {
      "description": {
         "identifier": "vatonage:wooden_barrel",
         "register_to_creative_menu": true
      },
      "components": {
         "minecraft:material_instances": {
            "*": {
               "texture": "wooden_barrel",
               "render_method": "alpha_test"
            }
         },
         "minecraft:pick_collision": {
             "origin":  [-8, 0, -8],
             "size":    [16, 16, 16]
         },
         "minecraft:geometry": "geometry.wooden_barrel",
         "minecraft:destroy_time": 1,
         "minecraft:loot": "loot_tables/blocks/barrel.json",
         "minecraft:block_light_absorption": 0,
         "minecraft:on_interact": {
            "target": "other",
            "event": "vatonage:fill",
            "condition": "query.get_equipped_item_name == 'leaves'"
         },
         "minecraft:ticking": {
            "looping": true,
            "range": [ 0.2, 0.2 ],
            "on_tick": {
               "event": "vatonage:generate",
               "target": "self"
            }
         }
      },
      "events": {
         "vatonage:fill": {
            "set_block": {
               "block_type": "vatonage:wooden_barrel1"
            },
            "decrement_stack": {
            }
         },
         "vatonage:generate": {
            "run_command": {
               "command": "function wooden_barrel"
            }
         }
      }
   }
}