{
  "format_version": "1.16.100",
  "minecraft:block": {
    "description": {
      "identifier": "vatonage:cobblestone_sapling"
    },
    "components": {
      "minecraft:destroy_time": 0,
      "minecraft:explosion_resistance": 0,

      "minecraft:block_light_emission": 0,
         "minecraft:material_instances": {
            "*": {
               "texture": "cobblestone_sapling",
               "render_method": "alpha_test"
            }
         },
         "minecraft:geometry": "geometry.sapling",
         "minecraft:block_light_absorption": 0,
         "minecraft:pick_collision":{
            "origin":[
               -3.5,
               0,
               -3.5
            ],
            "size":[
               5.5,
               11.5,
               5.5
            ]
         },
         "minecraft:entity_collision":false,
         "minecraft:breakonpush":true,
         "minecraft:on_interact":{
            "target":"other",
            "event":"vatonage:generate",
            "condition":"query.get_equipped_item_name == 'bone_meal'"
         },
            "minecraft:placement_filter": {
                "conditions": [
                    {
                        "allowed_faces": ["up"],
                        "block_filter": ["grass", "dirt"]
                    }
                ]
            },
         "minecraft:ticking":{
            "looping":true,
            "range":[
               120,
               360
            ],
            "on_tick":{
               "event":"vatonage:generate",
               "target":"self"
            }
         }
      },
      "events":{
         "vatonage:generate":{
            "run_command":{
               "command":"function cobblestonetree"
            },
            "decrement_stack": {
            }
         }
      }
   }
}