{
    "format_version": "1.16.0",
    "minecraft:block": {
        "description": {
            "identifier": "furnicraft:foco_modern_on",
            "register_to_creative_menu": false,
            "properties": {
                "timbre:on": [ false, true ],
                "furnicraft:face": [ 1, 2, 3, 4, 5 ]
            }
        },
        "components": {
            "minecraft:material_instances": {
                "*": {
                    "texture": "refrigerador",
                    "render_method": "opaque"
                }
            },
            "minecraft:pick_collision": {
                "origin": [ -5, 13.5, -5 ],
                "size": [ 10, 2.5, 10 ]
            },
            "minecraft:entity_collision": {
                "origin": [ -5, 13.5, -5 ],
                "size": [ 10, 2.5, 10 ]
            },
	        "minecraft:creative_category": {
            "group": "itemGroup.name.monsterStoneEgg",
            "category": "commands"
	        },
            "minecraft:loot": "loot_tables/blocks/foco/foco_modern.json",
            "minecraft:geometry": "geometry.lamp_techo_on",
            "minecraft:on_player_placing": {
                "event": "furnicraft:rotate"
            },
            "minecraft:destroy_time": 1.0,
            "minecraft:friction": 0.6,
            "minecraft:on_interact": {
                "event": "timbre:on",
                "target": "self"
            },
            "minecraft:map_color": "#00ff00",
            "minecraft:flammable": {
                "flame_odds": 0,
                "burn_odds": 0
            },
            "minecraft:block_light_emission": 1.0
        },
        "events": {
            "timbre:on": {
                "set_block_at_pos": {
                    "block_offset": [ 0, 0, 0 ],
                    "block_type": "furnicraft:foco_modern_off"
                }
            },
            "furnicraft:rotate": {
                "set_block_property": {
                    "furnicraft:face": "(query.cardinal_player_facing)"
                }
            }
        },
        "permutations": [
            {
                "condition": "query.block_property('furnicraft:face') == 2",
                "components": {
                    "minecraft:block_light_emission": 0.9
                }
            },
            {
                "condition": "query.block_property('furnicraft:face') == 3",
                "components": {
                    "minecraft:rotation": [ 0, 180, 0 ]
                }
            },
            {
                "condition": "query.block_property('furnicraft:face') == 4",
                "components": {
                    "minecraft:rotation": [ 0, 90, 0 ]
                }
            },
            {
                "condition": "query.block_property('furnicraft:face') == 5",
                "components": {
                    "minecraft:rotation": [ 0, 270, 0 ]
                }
            }
        ]
    }
}
