{
    "format_version": "1.16.0",
    "minecraft:block": {
        "description": {
            "identifier": "furnicraft:foco_off",
            "register_to_creative_menu": true,
            "properties": {
                "timbre:on": [ false, true ],
                "furnicraft:face": [ 1, 2, 3, 4, 5 ]
            }
        },
        "components": {
		    "minecraft:creative_category": {
            "group": "itemGroup.name.furnicraft_foco",
            "category": "items"
		    },
            "minecraft:material_instances": {
                "*": {
                    "texture": "refrigerador",
                    "render_method": "alpha_test"
                }
            },
            "minecraft:pick_collision": {
                "origin": [ -4, 5, -4 ],
                "size": [ 8, 11, 8 ]
            },
            "minecraft:entity_collision": {
                "origin": [ -4, 5, -4 ],
                "size": [ 8, 11, 8 ]
            },
            "minecraft:loot": "loot_tables/blocks/foco/foco.json",
            "minecraft:geometry": "geometry.foco_off",
            "minecraft:on_player_placing": {
                "event": "furnicraft:rotate"
            },
            "minecraft:destroy_time": 1.0,
            "minecraft:friction": 0.6,
            "minecraft:on_interact": {
                "event": "timbre:on",
                "target": "self"
            },
            "minecraft:map_color": "#00ff00",
            "minecraft:flammable": {
                "flame_odds": 0,
                "burn_odds": 0
            },
            "minecraft:block_light_absorption": 0.5,
            "minecraft:block_light_emission": 0.0
        },
        "events": {
            "timbre:on": {
                "set_block_at_pos": {
                    "block_offset": [ 0, 0, 0 ],
                    "block_type": "furnicraft:foco_on"
                }
            },
            "furnicraft:rotate": {
                "set_block_property": {
                    "furnicraft:face": "(query.cardinal_player_facing)"
                }
            }
        },
        "permutations": [
            {
                "condition": "query.block_property('furnicraft:face') == 2",
                "components": {
                    "minecraft:block_light_emission": 0.0
                }
            },
            {
                "condition": "query.block_property('furnicraft:face') == 3",
                "components": {
                    "minecraft:rotation": [ 0, 180, 0 ]
                }
            },
            {
                "condition": "query.block_property('furnicraft:face') == 4",
                "components": {
                    "minecraft:rotation": [ 0, 90, 0 ]
                }
            },
            {
                "condition": "query.block_property('furnicraft:face') == 5",
                "components": {
                    "minecraft:rotation": [ 0, 270, 0 ]
                }
            }
        ]
    }
}
