{
  "format_version": "1.12",
  "minecraft:recipe_shaped": {
    "description": {
      "identifier": "info_update"
    },
    "tags": [
      "crafting_table"
    ],
    "pattern": [
      " A ",
      "ABC",
      " C "
    ],
    "key": {
      "A": {
        "item": "minecraft:dye",
        "data": 2
      },
      "B": {
        "item": "minecraft:dirt",
        "data": 0
      },
      "C": {
        "item": "minecraft:dye",
        "data": 10
      }
    },
    "result": {
      "item": "minecraft:info_update",
      "count": 1
    }
  }
}
