{
  "format_version": "1.12",
  "minecraft:recipe_shaped": {
    "description": {
      "identifier": "netherreactor"
    },
    "tags": [
      "crafting_table"
    ],
    "pattern": [
      "ABA",
      "ABA",
      "ABA"
    ],
    "key": {
      "A": {
        "item": "minecraft:iron_ingot",
        "data": 0
      },
      "B": {
        "item": "minecraft:diamond",
        "data": 0
      }
    },
    "result": {
      "item": "minecraft:netherreactor",
      "count": 1
    }
  }
}
