{
  "format_version": "1.12",
  "minecraft:recipe_shapeless": {
    "description": {
      "identifier": "stonecutter"
    },
    "tags": [
      "crafting_table"
    ],
    "ingredients": [
      {
        "item": "minecraft:cobblestone",
        "data": 0
      },
      {
        "item": "minecraft:cobblestone",
        "data": 0
      },
      {
        "item": "minecraft:cobblestone",
        "data": 0
      },
      {
        "item": "minecraft:cobblestone",
        "data": 0
      }
    ],
    "result": {
      "item": "minecraft:stonecutter",
      "count": 1
    }
  }
}
