{
  "format_version": "1.8.0",
  "minecraft:spawn_rules": {
    "description": {
      "identifier": "serp:block_deleter",
      "population_control": "monster"
    },
    "conditions": [
      {
        "minecraft:spawns_on_surface": {},
        "minecraft:spawns_underground": {},
        "minecraft:spawns_on_block_filter":
        ["serp:poke_ore_block","serp:key_ore_block","serp:wish_ore_block"],
        "minecraft:weight": {
          "default": 80
        },
        "minecraft:biome_filter": [
{"test":"has_biome_tag","operator":"==","value":"monster"}
        ]
      }
    ]
  }
}