{
 "format_version": "1.13.0",
 "minecraft:entity": {
  "description": {
   "identifier": "pl:ichthyovenator",
   "is_experimental": false,
   "is_spawnable": true,
   "is_summonable": true
  },
  "component_groups": {
   "sagresivo": {
    "minecraft:behavior.nearest_attackable_target": {
     "priority": 7,
     "within_radius": 16,
     "persist_time": 2,
     "entity_types": [
      {
       "filters": {
        "any_of": [
         {
          "test": "is_family",
          "subject": "other",
          "value": "chicken"
         },
         {
          "test": "is_family",
          "subject": "other",
          "value": "sheep"
         },
         {
          "test": "is_family",
          "subject": "other",
          "value": "cow"
         },
         {
          "test": "is_family",
          "subject": "other",
          "value": "rabbit"
         },
         {
          "test": "is_family",
          "subject": "other",
          "value": "fox"
         },
         {
          "test": "is_family",
          "subject": "other",
          "value": "ravager"
         },
         {
          "test": "is_family",
          "subject": "other",
          "value": "illager"
         },
         {
          "test": "is_family",
          "subject": "other",
          "value": "vindicator"
         },
         {
          "test": "is_family",
          "subject": "other",
          "value": "evocator"
         },
         {
          "test": "is_family",
          "subject": "other",
          "value": "vex"
         },
         {
          "test": "is_family",
          "subject": "other",
          "value": "diplodoco"
         },
         {
          "test": "is_family",
          "subject": "other",
          "value": "apatosaurio"
         },
         {
          "test": "is_family",
          "subject": "other",
          "value": "bajadasaurio"
         },
         {
          "test": "is_family",
          "subject": "other",
          "value": "shunosaurio"
         },
         {
          "test": "is_family",
          "subject": "other",
          "value": "parasaurio"
         },
         {
          "test": "is_family",
          "subject": "other",
          "value": "estegosaurio"
         },
         {
          "test": "is_family",
          "subject": "other",
          "value": "player"
         }
        ]
       },
       "max_dist": 30
      },
      {
       "filters": {
        "all_of": [
         {
          "test": "is_family",
          "subject": "other",
          "value": "player"
         },
         {
          "test": "has_equipment",
          "subject": "other",
          "domain": "head",
          "operator": "!=",
          "value": "pl:casco_cf"
         },
         {
          "test": "has_equipment",
          "subject": "other",
          "domain": "torso",
          "operator": "!=",
          "value": "pl:pechera_cf"
         },
         {
          "test": "has_equipment",
          "subject": "other",
          "domain": "leg",
          "operator": "!=",
          "value": "pl:pantalones_cf"
         },
         {
          "test": "has_equipment",
          "subject": "other",
          "domain": "feet",
          "operator": "!=",
          "value": "pl:botas_cf"
         }
        ]
       },
       "max_dist": "30"
      },
      {
       "filters": {
        "any_of": [
         {
          "test": "has_container_open",
          "subject": "other",
          "operator": "==",
          "value": true
         }
        ]
       },
       "max_dist": 30
      }
     ],
     "must_see": true
    }
   },
   "com": {
    "minecraft:timer": {
     "time": [
      10,
      20
     ],
     "looping": true,
     "time_down_event": {
      "event": "pl:cm",
      "target": "self"
     }
    }
   },
   "spasivo": {
    "minecraft:behavior.nearest_attackable_target": {
     "priority": 7,
     "within_radius": 16,
     "persist_time": 2,
     "entity_types": [
      {
       "filters": {
        "any_of": [
         {
          "test": "is_family",
          "subject": "other",
          "value": "espinosaurio"
         },
         {
          "test": "is_family",
          "subject": "other",
          "value": "carnotauro"
         },
         {
          "test": "is_family",
          "subject": "other",
          "value": "cryolophosaurio"
         },
         {
          "test": "is_family",
          "subject": "other",
          "value": "rex"
         },
         {
          "test": "is_family",
          "subject": "other",
          "value": "player"
         }
        ]
       },
       "max_dist": 30
      },
      {
       "filters": {
        "all_of": [
         {
          "test": "is_family",
          "subject": "other",
          "value": "player"
         },
         {
          "test": "has_equipment",
          "subject": "other",
          "domain": "head",
          "operator": "!=",
          "value": "pl:casco_cf"
         },
         {
          "test": "has_equipment",
          "subject": "other",
          "domain": "torso",
          "operator": "!=",
          "value": "pl:pechera_cf"
         },
         {
          "test": "has_equipment",
          "subject": "other",
          "domain": "leg",
          "operator": "!=",
          "value": "pl:pantalones_cf"
         },
         {
          "test": "has_equipment",
          "subject": "other",
          "domain": "feet",
          "operator": "!=",
          "value": "pl:botas_cf"
         }
        ]
       },
       "max_dist": "30"
      },
      {
       "filters": {
        "any_of": [
         {
          "test": "has_container_open",
          "subject": "other",
          "operator": "==",
          "value": true
         }
        ]
       },
       "max_dist": 30
      }
     ],
     "must_see": true
    }
   },
   "adulto": {
    "minecraft:sittable": {
     "sit_event": {
      "event": "pl:sentado",
      "target": "self"
     },
     "stand_event": {
      "event": "pl:levantado",
      "target": "self"
     }
    },
    "minecraft:loot": {
     "table": "loot_tables/entities/dino_mediano.json"
    }
   },
   "adult": {
    "minecraft:ageable": {
     "duration": 1,
     "grow_up": {
      "event": "pl:tipo",
      "target": "self"
     }
    }
   },
   "tip1": {
    "minecraft:scale": {
     "value": 1.8
    },
    "minecraft:movement": {
     "value": {
      "range_max": 0.33,
      "range_min": 0.3
     }
    },
    "minecraft:attack": {
     "damage": {
      "range_max": 18,
      "range_min": 12
     }
    },
    "minecraft:health": {
     "value": {
      "range_max": 400,
      "range_min": 300
     }
    }
   },
   "tip2": {
    "minecraft:scale": {
     "value": 1.9
    },
    "minecraft:movement": {
     "value": {
      "range_max": 0.33,
      "range_min": 0.3
     }
    },
    "minecraft:attack": {
     "damage": {
      "range_max": 18,
      "range_min": 13
     }
    },
    "minecraft:health": {
     "value": {
      "range_max": 415,
      "range_min": 315
     }
    }
   },
   "tip3": {
    "minecraft:scale": {
     "value": 2
    },
    "minecraft:movement": {
     "value": {
      "range_max": 0.33,
      "range_min": 0.3
     }
    },
    "minecraft:attack": {
     "damage": {
      "range_max": 18,
      "range_min": 14
     }
    },
    "minecraft:health": {
     "value": {
      "range_max": 430,
      "range_min": 330
     }
    }
   },
   "tip4": {
    "minecraft:scale": {
     "value": 2.1
    },
    "minecraft:movement": {
     "value": {
      "range_max": 0.33,
      "range_min": 0.3
     }
    },
    "minecraft:attack": {
     "damage": {
      "range_max": 18,
      "range_min": 15
     }
    },
    "minecraft:health": {
     "value": {
      "range_max": 445,
      "range_min": 345
     }
    }
   },
   "tip5": {
    "minecraft:scale": {
     "value": 2.2
    },
    "minecraft:movement": {
     "value": {
      "range_max": 0.33,
      "range_min": 0.3
     }
    },
    "minecraft:attack": {
     "damage": {
      "range_max": 18,
      "range_min": 16
     }
    },
    "minecraft:health": {
     "value": {
      "range_max": 460,
      "range_min": 360
     }
    }
   },
   "tip6": {
    "minecraft:scale": {
     "value": 2.3
    },
    "minecraft:movement": {
     "value": {
      "range_max": 0.33,
      "range_min": 0.3
     }
    },
    "minecraft:attack": {
     "damage": {
      "range_max": 18,
      "range_min": 17
     }
    },
    "minecraft:health": {
     "value": {
      "range_max": 475,
      "range_min": 375
     }
    }
   },
   "tip7": {
    "minecraft:scale": {
     "value": 2.4
    },
    "minecraft:movement": {
     "value": {
      "range_max": 0.33,
      "range_min": 0.3
     }
    },
    "minecraft:attack": {
     "damage": {
      "range_max": 20,
      "range_min": 18
     }
    },
    "minecraft:health": {
     "value": {
      "range_max": 490,
      "range_min": 390
     }
    }
   },
   "tip8": {
    "minecraft:scale": {
     "value": 2.5
    },
    "minecraft:movement": {
     "value": {
      "range_max": 0.33,
      "range_min": 0.3
     }
    },
    "minecraft:attack": {
     "damage": {
      "range_max": 20,
      "range_min": 19
     }
    },
    "minecraft:health": {
     "value": {
      "range_max": 505,
      "range_min": 405
     }
    }
   },
   "tip9": {
    "minecraft:scale": {
     "value": 2.6
    },
    "minecraft:movement": {
     "value": {
      "range_max": 0.33,
      "range_min": 0.3
     }
    },
    "minecraft:attack": {
     "damage": {
      "range_max": 25,
      "range_min": 20
     }
    },
    "minecraft:health": {
     "value": {
      "range_max": 520,
      "range_min": 420
     }
    }
   },
   "tip10": {
    "minecraft:scale": {
     "value": 2.7
    },
    "minecraft:movement": {
     "value": {
      "range_max": 0.33,
      "range_min": 0.3
     }
    },
    "minecraft:attack": {
     "damage": {
      "range_max": 25,
      "range_min": 25
     }
    },
    "minecraft:health": {
     "value": {
      "range_max": 535,
      "range_min": 435
     }
    }
   },
   "bebe_domable": {
    "minecraft:tameable": {
     "probability": 0.5,
     "tame_items": [
      "pl:alim_dino_acuatic_carn"
     ],
     "tame_event": {
      "event": "pl:domado",
      "target": "self"
     }
    }
   },
   "bebe": {
    "minecraft:behavior.follow_parent": {
     "priority": 1,
     "speed_multiplier": 1.1
    },
    "minecraft:is_baby": {},
    "minecraft:ageable": {
     "duration": 1200,
     "feed_items": "salmon",
     "grow_up": {
      "event": "minecraft:ageable_grow_up",
      "target": "self"
     }
    },
    "minecraft:scale": {
     "value": 0.5
    },
    "minecraft:sittable": {},
    "minecraft:behavior.panic": {
     "priority": 3,
     "speed_multiplier": 1.25
    },
    "minecraft:behavior.avoid_mob_type": {
     "priority": 3,
     "entity_types": [
      {
       "filters": {
        "any_of": [
         {
          "test": "is_family",
          "subject": "other",
          "value": "player"
         },
         {
          "test": "is_family",
          "subject": "other",
          "value": "rex"
         },
         {
          "test": "is_family",
          "subject": "other",
          "value": "espinosaurio"
         },
         {
          "test": "is_family",
          "subject": "other",
          "value": "cryolophosaurio"
         },
         {
          "test": "is_family",
          "subject": "other",
          "value": "allosaurio"
         }
        ]
       },
       "max_dist": 6,
       "walk_speed_multiplier": 1,
       "sprint_speed_multiplier": 1.2
      }
     ]
    },
    "minecraft:movement": {
     "value": {
      "range_max": 0.25,
      "range_min": 0.2
     }
    }
   },
   "salvaje": {
    "minecraft:spawn_entity": [
     {
      "min_wait_time": 5,
      "max_wait_time": 7000,
      "spawn_entity": "pl:ichthyovenator_huevo",
      "spawn_event": "minecraft:from_wandering_trader",
      "single_use": false,
      "num_to_spawn": 1,
      "should_leash": false
     }
    ],
    "minecraft:behavior.hurt_by_target": {
     "priority": 1
    },
    "minecraft:behavior.delayed_attack": {
     "priority": 1,
     "reach_multiplier": 1.5,
     "attack_duration": 1,
     "hit_delay_pct": 0.55,
     "track_target": true,
     "sound_event": "attack"
    },
    "minecraft:behavior.summon_entity": {
     "priority": 0,
     "probability": 100,
     "summon_choices": [
      {
       "weight": 1,
       "cooldown_time": 15,
       "cast_duration": 4.04,
       "start_sound_event": "plop",
       "sequence": [
        {
         "shape": "circle",
         "target": "self",
         "base_delay": 0,
         "delay_per_summon": 0,
         "num_entities_spawned": 0,
         "entity_type": "vex",
         "entity_lifespan": 0,
         "size": 10,
         "sound_event": "plop"
        }
       ]
      }
     ]
    }
   },
   "domado": {
    "minecraft:is_tamed": {},
    "minecraft:behavior.tempt": {
     "priority": 1,
     "speed_multiplier": 0.9,
     "items": [
      "beef"
     ]
    },
    "minecraft:equippable": {
     "slots": [
      {
       "accepted_items": [
        "pl:montura_c"
       ],
       "item": "pl:montura_c",
       "on_equip": {
        "event": "pl:montura"
       },
       "on_unequip": {
        "event": "pl:sin_montura"
       },
       "slot": 0
      }
     ]
    },
    "minecraft:behavior.beg": {
     "priority": 0,
     "look_distance": 15,
     "look_time": [
      100,
      100
     ],
     "items": [
      "pl:alim_dino_acuatic_carn"
     ]
    },
    "minecraft:behavior.summon_entity": {
     "priority": 0,
     "probability": 100,
     "summon_choices": [
      {
       "weight": 1,
       "cooldown_time": 15,
       "cast_duration": 4.04,
       "start_sound_event": "plop",
       "sequence": [
        {
         "shape": "circle",
         "target": "self",
         "base_delay": 0,
         "delay_per_summon": 0,
         "num_entities_spawned": 0,
         "entity_type": "vex",
         "entity_lifespan": 0,
         "size": 10,
         "sound_event": "plop"
        }
       ]
      }
     ]
    },
    "minecraft:inventory": {
     "additional_slots_per_strength": 0,
     "container_type": "horse",
     "inventory_size": 15
    },
    "minecraft:boss": {
     "hud_range": 3,
     "name": "Ictiovenator Domado",
     "should_darken_sky": false
    }
   },
   "interac": {
    "minecraft:breedable": {
     "breeds_with": [
      {
       "baby_type": "pl:ichthyovenator_huevo",
       "breed_event": {
        "event": "pl:fase_1",
        "target": "baby"
       },
       "mate_type": "pl:ichthyovenator"
      }
     ],
     "require_tame": true,
     "breed_items": [
      "salmon"
     ]
    },
    "minecraft:interact": {
     "interactions": [
      {
       "interact_text": "Olfatear Zombies",
       "on_interact": {
        "event": "pl:cz",
        "filters": {
         "all_of": [
          {
           "domain": "hand",
           "operator": "==",
           "subject": "other",
           "test": "has_equipment",
           "value": "rotten_flesh"
          },
          {
           "test": "has_component",
           "value": "minecraft:is_tamed"
          },
          {
           "test": "has_component",
           "value": "minecraft:shareables"
          },
          {
           "operator": "!=",
           "subject": "self",
           "test": "has_component",
           "value": "minecraft:is_baby"
          }
         ]
        },
        "target": "self"
       },
       "use_item": false
      },
      {
       "interact_text": "Olfatear Esqueletos",
       "on_interact": {
        "event": "pl:ce",
        "filters": {
         "all_of": [
          {
           "domain": "hand",
           "operator": "==",
           "subject": "other",
           "test": "has_equipment",
           "value": "bone"
          },
          {
           "test": "has_component",
           "value": "minecraft:is_tamed"
          },
          {
           "test": "has_component",
           "value": "minecraft:shareables"
          },
          {
           "operator": "!=",
           "subject": "self",
           "test": "has_component",
           "value": "minecraft:is_baby"
          }
         ]
        },
        "target": "self"
       },
       "use_item": false
      },
      {
       "interact_text": "Olfatear Creepers",
       "on_interact": {
        "event": "pl:cc",
        "filters": {
         "all_of": [
          {
           "domain": "hand",
           "operator": "==",
           "subject": "other",
           "test": "has_equipment",
           "value": "gunpowder"
          },
          {
           "test": "has_component",
           "value": "minecraft:is_tamed"
          },
          {
           "test": "has_component",
           "value": "minecraft:shareables"
          },
          {
           "operator": "!=",
           "subject": "self",
           "test": "has_component",
           "value": "minecraft:is_baby"
          }
         ]
        },
        "target": "self"
       },
       "use_item": false
      },
      {
       "interact_text": "Olfatear Arañas",
       "on_interact": {
        "event": "pl:ca",
        "filters": {
         "all_of": [
          {
           "domain": "hand",
           "operator": "==",
           "subject": "other",
           "test": "has_equipment",
           "value": "spider_eye"
          },
          {
           "test": "has_component",
           "value": "minecraft:is_tamed"
          },
          {
           "test": "has_component",
           "value": "minecraft:shareables"
          },
          {
           "operator": "!=",
           "subject": "self",
           "test": "has_component",
           "value": "minecraft:is_baby"
          }
         ]
        },
        "target": "self"
       },
       "use_item": false
      },
      {
       "interact_text": "Olfatear Saqueadores",
       "on_interact": {
        "event": "pl:cs",
        "filters": {
         "all_of": [
          {
           "domain": "hand",
           "operator": "==",
           "subject": "other",
           "test": "has_equipment",
           "value": "crossbow"
          },
          {
           "test": "has_component",
           "value": "minecraft:is_tamed"
          },
          {
           "test": "has_component",
           "value": "minecraft:shareables"
          },
          {
           "operator": "!=",
           "subject": "self",
           "test": "has_component",
           "value": "minecraft:is_baby"
          }
         ]
        },
        "target": "self"
       },
       "use_item": false
      },
      {
       "interact_text": "Olfatear Enderman",
       "on_interact": {
        "event": "pl:cend",
        "filters": {
         "all_of": [
          {
           "domain": "hand",
           "operator": "==",
           "subject": "other",
           "test": "has_equipment",
           "value": "ender_pearl"
          },
          {
           "test": "has_component",
           "value": "minecraft:is_tamed"
          },
          {
           "test": "has_component",
           "value": "minecraft:shareables"
          },
          {
           "operator": "!=",
           "subject": "self",
           "test": "has_component",
           "value": "minecraft:is_baby"
          }
         ]
        },
        "target": "self"
       },
       "use_item": false
      },
      {
       "interact_text": "Seguirme",
       "on_interact": {
        "event": "pl:seguirme",
        "filters": {
         "all_of": [
          {
           "domain": "hand",
           "operator": "==",
           "subject": "other",
           "test": "has_equipment",
           "value": "pl:silvato_seguir"
          },
          {
           "operator": "==",
           "subject": "other",
           "test": "is_owner",
           "value": true
          },
          {
           "test": "has_component",
           "value": "minecraft:is_tamed"
          },
          {
           "operator": "not",
           "test": "has_component",
           "value": "minecraft:shareables"
          },
          {
           "operator": "!=",
           "subject": "self",
           "test": "has_component",
           "value": "minecraft:is_baby"
          }
         ]
        },
        "target": "self"
       },
       "use_item": false
      },
      {
       "interact_text": "Diambular",
       "on_interact": {
        "event": "pl:diambular",
        "filters": {
         "all_of": [
          {
           "domain": "hand",
           "operator": "==",
           "subject": "other",
           "test": "has_equipment",
           "value": "pl:silvato_seguir"
          },
          {
           "operator": "==",
           "subject": "other",
           "test": "is_owner",
           "value": true
          },
          {
           "test": "has_component",
           "value": "minecraft:is_tamed"
          },
          {
           "test": "has_component",
           "value": "minecraft:shareables"
          },
          {
           "operator": "!=",
           "subject": "self",
           "test": "has_component",
           "value": "minecraft:is_baby"
          }
         ]
        },
        "target": "self"
       },
       "use_item": false
      },
      {
       "interact_text": "Seguirme",
       "on_interact": {
        "event": "pl:seguirme",
        "filters": {
         "all_of": [
          {
           "domain": "hand",
           "operator": "==",
           "subject": "other",
           "test": "has_equipment",
           "value": "pl:silvato_seguir"
          },
          {
           "operator": "==",
           "subject": "other",
           "test": "is_owner",
           "value": true
          },
          {
           "test": "has_component",
           "value": "minecraft:is_tamed"
          },
          {
           "operator": "not",
           "test": "has_component",
           "value": "minecraft:shareables"
          },
          {
           "operator": "!=",
           "subject": "self",
           "test": "has_component",
           "value": "minecraft:is_baby"
          }
         ]
        },
        "target": "self"
       },
       "use_item": false
      },
      {
       "interact_text": "pasivo",
       "on_interact": {
        "event": "pl:modo_pasivo",
        "filters": {
         "all_of": [
          {
           "subject": "other",
           "test": "is_family",
           "value": "player"
          },
          {
           "operator": "==",
           "subject": "other",
           "test": "is_riding",
           "value": false
          },
          {
           "operator": "equals",
           "subject": "self",
           "test": "on_ground",
           "value": true
          },
          {
           "test": "is_mark_variant",
           "value": 1
          },
          {
           "operator": "equals",
           "subject": "player",
           "test": "is_owner",
           "value": true
          },
          {
           "domain": "hand",
           "operator": "==",
           "subject": "other",
           "test": "has_equipment",
           "value": "pl:silvato_ataque"
          }
         ]
        }
       },
       "swing": true
      },
      {
       "interact_text": "agresivo",
       "on_interact": {
        "event": "pl:modo_agresivo",
        "filters": {
         "all_of": [
          {
           "subject": "other",
           "test": "is_family",
           "value": "player"
          },
          {
           "operator": "==",
           "subject": "other",
           "test": "is_riding",
           "value": false
          },
          {
           "operator": "equals",
           "subject": "self",
           "test": "on_ground",
           "value": true
          },
          {
           "test": "is_mark_variant",
           "value": 0
          },
          {
           "operator": "equals",
           "subject": "player",
           "test": "is_owner",
           "value": true
          },
          {
           "domain": "hand",
           "operator": "==",
           "subject": "other",
           "test": "has_equipment",
           "value": "pl:silvato_ataque"
          }
         ]
        }
       },
       "swing": true
      }
     ]
    }
   },
   "seguirme": {
    "minecraft:shareables": {},
    "minecraft:behavior.follow_owner": {
     "priority": 1,
     "speed_multiplier": 1.3,
     "start_distance": 15,
     "stop_distance": 5
    }
   },
   "pasivo": {
    "minecraft:mark_variant": {
     "value": 0
    },
    "minecraft:behavior.random_look_around_and_sit": {
     "priority": 12,
     "min_look_count": 2,
     "max_look_count": 5,
     "min_look_time": 80,
     "max_look_time": 100,
     "probability": 0.001
    }
   },
   "agresivo": {
    "minecraft:mark_variant": {
     "value": 1
    },
    "minecraft:behavior.hurt_by_target": {
     "priority": 1
    },
    "minecraft:behavior.delayed_attack": {
     "priority": 1,
     "reach_multiplier": 1.5,
     "attack_duration": 1,
     "hit_delay_pct": 0.55,
     "track_target": true,
     "sound_event": "attack"
    },
    "minecraft:behavior.owner_hurt_target": {
     "priority": 2
    },
    "minecraft:behavior.owner_hurt_by_target": {
     "priority": 1
    },
    "minecraft:behavior.summon_entity": {
     "priority": 0,
     "probability": 100,
     "summon_choices": [
      {
       "weight": 1,
       "cooldown_time": 15,
       "cast_duration": 4.04,
       "start_sound_event": "plop",
       "sequence": [
        {
         "shape": "circle",
         "target": "self",
         "base_delay": 0,
         "delay_per_summon": 0,
         "num_entities_spawned": 0,
         "entity_type": "vex",
         "entity_lifespan": 0,
         "size": 10,
         "sound_event": "plop"
        }
       ]
      }
     ]
    }
   },
   "on_cofre": {
    "minecraft:is_chested": {}
   },
   "montable": {
    "minecraft:rideable": {
     "crouching_skip_interact": true,
     "family_types": [
      "player"
     ],
     "interact_text": "Montar",
     "priority": 1,
     "rider_can_interact": true,
     "seat_count": 1,
     "seats": [
      {
       "max_rider_count": 0,
       "min_rider_count": 0,
       "position": [
        0,
        1.6,
        -0.3
       ]
      }
     ]
    }
   },
   "montura": {
    "minecraft:behavior.player_ride_tamed": {},
    "minecraft:input_ground_controlled": {},
    "minecraft:is_saddled": {}
   },
   "sin_montura": {
    "minecraft:behavior.mount_pathing": {
     "priority": 5,
     "speed_multiplier": 1.25,
     "target_dist": 0,
     "track_target": true
    }
   },
   "var0": {
    "minecraft:variant": {
     "value": 0
    }
   },
   "var1": {
    "minecraft:variant": {
     "value": 1
    }
   },
   "ca": {
    "minecraft:behavior.nearest_attackable_target": {
     "entity_types": [
      {
       "filters": {
        "any_of": [
         {
          "subject": "other",
          "test": "is_family",
          "value": "spider"
         },
         {
          "subject": "other",
          "test": "is_family",
          "value": "cave_spider"
         }
        ]
       },
       "max_dist": 50,
       "must_see": true
      }
     ],
     "must_see": true,
     "priority": 1,
     "within_radius": 50
    },
    "minecraft:interact": {
     "interactions": [
      {
       "interact_text": "Tranquilizar",
       "on_interact": {
        "event": "pl:normal",
        "filters": {
         "all_of": [
          {
           "domain": "hand",
           "operator": "==",
           "subject": "other",
           "test": "has_equipment",
           "value": "pl:silvato_seguir"
          },
          {
           "test": "has_component",
           "value": "minecraft:is_tamed"
          },
          {
           "test": "has_component",
           "value": "minecraft:shareables"
          }
         ]
        },
        "target": "self"
       },
       "use_item": false
      }
     ]
    }
   },
   "cc": {
    "minecraft:behavior.nearest_attackable_target": {
     "entity_types": [
      {
       "filters": {
        "any_of": [
         {
          "subject": "other",
          "test": "is_family",
          "value": "creeper"
         }
        ]
       },
       "max_dist": 50,
       "must_see": true
      }
     ],
     "must_see": true,
     "priority": 1,
     "within_radius": 50
    },
    "minecraft:interact": {
     "interactions": [
      {
       "interact_text": "Tranquilizar",
       "on_interact": {
        "event": "pl:normal",
        "filters": {
         "all_of": [
          {
           "domain": "hand",
           "operator": "==",
           "subject": "other",
           "test": "has_equipment",
           "value": "pl:silvato_seguir"
          },
          {
           "test": "has_component",
           "value": "minecraft:is_tamed"
          },
          {
           "test": "has_component",
           "value": "minecraft:shareables"
          }
         ]
        },
        "target": "self"
       },
       "use_item": false
      }
     ]
    }
   },
   "ce": {
    "minecraft:behavior.nearest_attackable_target": {
     "entity_types": [
      {
       "filters": {
        "any_of": [
         {
          "subject": "other",
          "test": "is_family",
          "value": "skeleton"
         },
         {
          "subject": "other",
          "test": "is_family",
          "value": "stray"
         },
         {
          "subject": "other",
          "test": "is_family",
          "value": "whiter_skeleton"
         }
        ]
       },
       "max_dist": 50,
       "must_see": true
      }
     ],
     "must_see": true,
     "priority": 1,
     "within_radius": 50
    },
    "minecraft:interact": {
     "interactions": [
      {
       "interact_text": "Tranquilizar",
       "on_interact": {
        "event": "pl:normal",
        "filters": {
         "all_of": [
          {
           "domain": "hand",
           "operator": "==",
           "subject": "other",
           "test": "has_equipment",
           "value": "pl:silvato_seguir"
          },
          {
           "test": "has_component",
           "value": "minecraft:is_tamed"
          },
          {
           "test": "has_component",
           "value": "minecraft:shareables"
          }
         ]
        },
        "target": "self"
       },
       "use_item": false
      }
     ]
    }
   },
   "cend": {
    "minecraft:behavior.nearest_attackable_target": {
     "entity_types": [
      {
       "filters": {
        "any_of": [
         {
          "subject": "other",
          "test": "is_family",
          "value": "enderman"
         },
         {
          "subject": "other",
          "test": "is_family",
          "value": "ender_dragon"
         },
         {
          "subject": "other",
          "test": "is_family",
          "value": "shulker"
         },
         {
          "subject": "other",
          "test": "is_family",
          "value": "endermite"
         }
        ]
       },
       "max_dist": 50,
       "must_see": true
      }
     ],
     "must_see": true,
     "priority": 1,
     "within_radius": 50
    },
    "minecraft:interact": {
     "interactions": [
      {
       "interact_text": "Tranquilizar",
       "on_interact": {
        "event": "pl:normal",
        "filters": {
         "all_of": [
          {
           "domain": "hand",
           "operator": "==",
           "subject": "other",
           "test": "has_equipment",
           "value": "pl:silvato_seguir"
          },
          {
           "test": "has_component",
           "value": "minecraft:is_tamed"
          },
          {
           "test": "has_component",
           "value": "minecraft:shareables"
          }
         ]
        },
        "target": "self"
       },
       "use_item": false
      }
     ]
    }
   },
   "cs": {
    "minecraft:behavior.nearest_attackable_target": {
     "entity_types": [
      {
       "filters": {
        "any_of": [
         {
          "subject": "other",
          "test": "is_family",
          "value": "pillager"
         },
         {
          "subject": "other",
          "test": "is_family",
          "value": "ravager"
         },
         {
          "subject": "other",
          "test": "is_family",
          "value": "evocation_illager"
         },
         {
          "subject": "other",
          "test": "is_family",
          "value": "vex"
         }
        ]
       },
       "max_dist": 50,
       "must_see": true
      }
     ],
     "must_see": true,
     "priority": 1,
     "within_radius": 50
    },
    "minecraft:interact": {
     "interactions": [
      {
       "interact_text": "Tranquilizar",
       "on_interact": {
        "event": "pl:normal",
        "filters": {
         "all_of": [
          {
           "domain": "hand",
           "operator": "==",
           "subject": "other",
           "test": "has_equipment",
           "value": "pl:silvato_seguir"
          },
          {
           "test": "has_component",
           "value": "minecraft:is_tamed"
          },
          {
           "test": "has_component",
           "value": "minecraft:shareables"
          }
         ]
        },
        "target": "self"
       },
       "use_item": false
      }
     ]
    }
   },
   "cz": {
    "minecraft:behavior.nearest_attackable_target": {
     "entity_types": [
      {
       "filters": {
        "any_of": [
         {
          "subject": "other",
          "test": "is_family",
          "value": "zombie"
         }
        ]
       },
       "max_dist": 50,
       "must_see": true
      }
     ],
     "must_see": true,
     "priority": 1,
     "within_radius": 50
    },
    "minecraft:interact": {
     "interactions": [
      {
       "interact_text": "Tranquilizar",
       "on_interact": {
        "event": "pl:normal",
        "filters": {
         "all_of": [
          {
           "domain": "hand",
           "operator": "==",
           "subject": "other",
           "test": "has_equipment",
           "value": "pl:silvato_seguir"
          },
          {
           "test": "has_component",
           "value": "minecraft:is_tamed"
          },
          {
           "test": "has_component",
           "value": "minecraft:shareables"
          }
         ]
        },
        "target": "self"
       },
       "use_item": false
      }
     ]
    }
   },
   "var2": {
    "minecraft:variant": {
     "value": 2
    }
   }
  },
  "components": {
   "minecraft:nameable": {},
   "minecraft:breathable": {
    "total_supply": 15,
    "suffocate_time": 0
   },
   "minecraft:hurt_on_condition": {
    "damage_conditions": [
     {
      "filters": {
       "test": "in_lava",
       "subject": "self",
       "operator": "==",
       "value": true
      },
      "cause": "lava",
      "damage_per_tick": 4
     }
    ]
   },
   "minecraft:navigation.walk": {
    "can_path_over_water": true,
    "avoid_damage_blocks": true
   },
   "minecraft:movement.basic": {},
   "minecraft:jump.static": {},
   "minecraft:can_climb": {},
   "minecraft:behavior.stay_while_sitting": {
    "priority": 0
   },
   "minecraft:behavior.look_at_player": {
    "priority": 6,
    "target_distance": 6,
    "probability": 0.02
   },
   "minecraft:physics": {},
   "minecraft:pushable": {
    "is_pushable": true,
    "is_pushable_by_piston": true
   },
   "minecraft:collision_box": {
    "height": 1,
    "width": 1
   },
   "minecraft:knockback_resistance": {
    "value": 1
   },
   "minecraft:pushable": {
    "is_pushable": true,
    "is_pushable_by_piston": true
   },
   "minecraft:type_family": {
    "family": [
     "ichthyovenator"
    ]
   },
   "minecraft:behavior.breed": {
    "priority": 2,
    "speed_multiplier": 1
   },
   "minecraft:behavior.random_stroll": {
    "priority": 2,
    "speed_multiplier": 1.2
   },
   "minecraft:follow_range": {
    "value": 50
   },
   "minecraft:balloonable": {
    "mass": 0.15
   },
   "minecraft:healable": {
    "items": [
     {
      "heal_amount": 1,
      "item": "fish"
     },
     {
      "heal_amount": 5,
      "item": "salmon"
     },
     {
      "heal_amount": 5,
      "item": "clownfish"
     },
     {
      "heal_amount": 5,
      "item": "pufferfish"
     },
     {
      "heal_amount": 5,
      "item": "beef"
     },
     {
      "heal_amount": 5,
      "item": "chicken"
     },
     {
      "heal_amount": 5,
      "item": "muttonRaw"
     },
     {
      "heal_amount": 5,
      "item": "porkchop"
     },
     {
      "heal_amount": 10,
      "item": "pl:alim_dino_acuatic_carn"
     }
    ]
   },
   "minecraft:behavior.random_look_around_and_sit": {
    "priority": 6,
    "min_look_count": 2,
    "max_look_count": 5,
    "min_look_time": 80,
    "max_look_time": 100,
    "probability": 0.002
   },
   "minecraft:behavior.lay_down": {
    "priority": 7,
    "interval": 400,
    "random_stop_interval": 2000
   },
   "minecraft:behavior.float": {
    "priority": 0
   }
  },
  "events": {
   "minecraft:entity_spawned": {
    "sequence": [
     {
      "randomize": [
       {
        "weight": 35,
        "add": {
         "component_groups": [
          "tip1",
          "adulto",
          "salvaje",
          "com"
         ]
        }
       },
       {
        "weight": 34,
        "add": {
         "component_groups": [
          "adulto",
          "salvaje",
          "com",
          "tip2"
         ]
        }
       },
       {
        "weight": 33,
        "add": {
         "component_groups": [
          "adulto",
          "salvaje",
          "com",
          "tip3"
         ]
        }
       },
       {
        "weight": 32,
        "add": {
         "component_groups": [
          "adulto",
          "salvaje",
          "com",
          "tip4"
         ]
        }
       },
       {
        "weight": 31,
        "add": {
         "component_groups": [
          "adulto",
          "salvaje",
          "com",
          "tip5"
         ]
        }
       },
       {
        "weight": 30,
        "add": {
         "component_groups": [
          "adulto",
          "salvaje",
          "com",
          "tip6"
         ]
        }
       },
       {
        "weight": 29,
        "add": {
         "component_groups": [
          "adulto",
          "salvaje",
          "com",
          "tip7"
         ]
        }
       },
       {
        "weight": 28,
        "add": {
         "component_groups": [
          "adulto",
          "salvaje",
          "com",
          "tip8"
         ]
        }
       },
       {
        "weight": 27,
        "add": {
         "component_groups": [
          "adulto",
          "salvaje",
          "com",
          "tip9"
         ]
        }
       },
       {
        "weight": 26,
        "add": {
         "component_groups": [
          "adulto",
          "salvaje",
          "com",
          "tip10"
         ]
        }
       },
       {
        "weight": 15,
        "add": {
         "component_groups": [
          "bebe",
          "bebe_domable"
         ]
        }
       }
      ]
     },
     {
      "randomize": [
       {
        "weight": 15,
        "add": {
         "component_groups": [
          "var0"
         ]
        }
       },
       {
        "weight": 15,
        "add": {
         "component_groups": [
          "var1"
         ]
        }
       }
      ]
     }
    ]
   },
   "pl:cm": {
    "randomize": [
     {
      "weight": 100,
      "remove": {
       "component_groups": [
        "sagresivo"
       ]
      },
      "add": {
       "component_groups": [
        "spasivo"
       ]
      }
     },
     {
      "weight": 100,
      "remove": {
       "component_groups": [
        "spasivo"
       ]
      },
      "add": {
       "component_groups": [
        "sagresivo"
       ]
      }
     }
    ]
   },
   "pl:domado": {
    "sequence": [
     {
      "randomize": [
       {
        "weight": 36,
        "add": {
         "component_groups": [
          "sin_montura",
          "interac",
          "seguirme",
          "pasivo",
          "domado"
         ]
        },
        "remove": {
         "component_groups": [
          "salvaje",
          "sagresivo",
          "spasivo"
         ]
        }
       }
      ]
     }
    ]
   },
   "pl:bebe": {
    "sequence": [
     {
      "randomize": [
       {
        "weight": 5,
        "add": {
         "component_groups": [
          "bebe",
          "bebe_domable"
         ]
        },
        "remove": {
         "component_groups": [
          "montable"
         ]
        }
       }
      ]
     },
     {
      "randomize": [
       {
        "weight": 15,
        "add": {
         "component_groups": [
          "var0"
         ]
        }
       },
       {
        "weight": 15,
        "add": {
         "component_groups": [
          "var1"
         ]
        }
       },
       {
        "weight": 15,
        "add": {
         "component_groups": [
          "var2"
         ]
        }
       }
      ]
     }
    ]
   },
   "pl:sin_montura": {
    "add": {
     "component_groups": [
      "sin_montura"
     ]
    },
    "remove": {
     "component_groups": [
      "montura",
      "on_cofre"
     ]
    }
   },
   "pl:montura": {
    "add": {
     "component_groups": [
      "montura",
      "on_cofre"
     ]
    },
    "remove": {
     "component_groups": [
      "sin_montura"
     ]
    }
   },
   "pl:seguirme": {
    "add": {
     "component_groups": [
      "seguirme"
     ]
    }
   },
   "pl:diambular": {
    "remove": {
     "component_groups": [
      "seguirme"
     ]
    }
   },
   "pl:modo_pasivo": {
    "add": {
     "component_groups": [
      "pasivo"
     ]
    },
    "remove": {
     "component_groups": [
      "agresivo"
     ]
    }
   },
   "pl:modo_agresivo": {
    "add": {
     "component_groups": [
      "agresivo"
     ]
    },
    "remove": {
     "component_groups": [
      "pasivo"
     ]
    }
   },
   "pl:levantado": {
    "add": {
     "component_groups": [
      "montable"
     ]
    },
    "remove": {
     "component_groups": [
      "ccm",
      "sagresivo",
      "spasivo"
     ]
    }
   },
   "pl:sentado": {
    "add": {},
    "remove": {
     "component_groups": [
      "ccm",
      "sagresivo",
      "spasivo",
      "montable"
     ]
    }
   },
   "minecraft:ageable_grow_up": {
    "sequence": [
     {
      "randomize": [
       {
        "weight": 35,
        "add": {
         "component_groups": [
          "tip1",
          "adult",
          "salvaje",
          "com"
         ]
        },
        "remove": {
         "component_groups": [
          "bebe_domable",
          "bebe"
         ]
        }
       },
       {
        "weight": 34,
        "add": {
         "component_groups": [
          "adult",
          "salvaje",
          "com",
          "tip2"
         ]
        },
        "remove": {
         "component_groups": [
          "bebe_domable",
          "bebe"
         ]
        }
       },
       {
        "weight": 33,
        "add": {
         "component_groups": [
          "adult",
          "salvaje",
          "com",
          "tip3"
         ]
        },
        "remove": {
         "component_groups": [
          "bebe_domable",
          "bebe"
         ]
        }
       },
       {
        "weight": 32,
        "add": {
         "component_groups": [
          "adult",
          "salvaje",
          "com",
          "tip4"
         ]
        },
        "remove": {
         "component_groups": [
          "bebe_domable",
          "bebe"
         ]
        }
       },
       {
        "weight": 31,
        "add": {
         "component_groups": [
          "adult",
          "salvaje",
          "com",
          "tip5"
         ]
        },
        "remove": {
         "component_groups": [
          "bebe_domable",
          "bebe"
         ]
        }
       },
       {
        "weight": 30,
        "add": {
         "component_groups": [
          "adult",
          "salvaje",
          "com",
          "tip6"
         ]
        },
        "remove": {
         "component_groups": [
          "bebe_domable",
          "bebe"
         ]
        }
       },
       {
        "weight": 29,
        "add": {
         "component_groups": [
          "adult",
          "salvaje",
          "com",
          "tip7"
         ]
        },
        "remove": {
         "component_groups": [
          "bebe_domable",
          "bebe"
         ]
        }
       },
       {
        "weight": 28,
        "add": {
         "component_groups": [
          "adult",
          "salvaje",
          "com",
          "tip8"
         ]
        },
        "remove": {
         "component_groups": [
          "bebe_domable",
          "bebe"
         ]
        }
       },
       {
        "weight": 27,
        "add": {
         "component_groups": [
          "adult",
          "salvaje",
          "com",
          "tip9"
         ]
        },
        "remove": {
         "component_groups": [
          "bebe_domable",
          "bebe"
         ]
        }
       },
       {
        "weight": 26,
        "add": {
         "component_groups": [
          "adult",
          "salvaje",
          "com",
          "tip10"
         ]
        },
        "remove": {
         "component_groups": [
          "bebe_domable",
          "bebe"
         ]
        }
       }
      ]
     }
    ]
   },
   "pl:ca": {
    "add": {
     "component_groups": [
      "ca",
      "agresivo"
     ]
    },
    "remove": {
     "component_groups": [
      "interac"
     ]
    }
   },
   "pl:cc": {
    "add": {
     "component_groups": [
      "cc",
      "agresivo"
     ]
    },
    "remove": {
     "component_groups": [
      "interac"
     ]
    }
   },
   "pl:ce": {
    "add": {
     "component_groups": [
      "ce",
      "agresivo"
     ]
    },
    "remove": {
     "component_groups": [
      "interac"
     ]
    }
   },
   "pl:cend": {
    "add": {
     "component_groups": [
      "cend",
      "agresivo"
     ]
    },
    "remove": {
     "component_groups": [
      "interac"
     ]
    }
   },
   "pl:cs": {
    "add": {
     "component_groups": [
      "cs",
      "agresivo"
     ]
    },
    "remove": {
     "component_groups": [
      "interac"
     ]
    }
   },
   "pl:cz": {
    "add": {
     "component_groups": [
      "cz",
      "agresivo"
     ]
    },
    "remove": {
     "component_groups": [
      "interac"
     ]
    }
   },
   "pl:normal": {
    "add": {
     "component_groups": [
      "interac",
      "pasivo",
      "seguir"
     ]
    },
    "remove": {
     "component_groups": [
      "cz",
      "ce",
      "cc",
      "ca",
      "ci"
     ]
    }
   }
  }
 }
}