{
	"format_version": "1.10.0",
	"geometry.olosirdaniel": {
		"texturewidth": 128,
		"textureheight": 128,
		"visible_bounds_width": 3,
		"visible_bounds_height": 2,
		"visible_bounds_offset": [0, 1, 0],
		"bones": [
			{
				"name": "body",
				"pivot": [0, 6, -3],
				"cubes": [
					{"origin": [-9, 11, -1], "size": [17, 16, 2], "uv": [0, 37]},
					{"origin": [-9, 11, 1], "size": [17, 16, 11], "uv": [0, 0]},
					{"origin": [-10, 15, -3], "size": [11, 15, 6], "uv": [38, 38]},
					{"origin": [-12, 11, -3], "size": [23, 4, 6], "uv": [0, 27]},
					{"origin": [1, 24, -3], "size": [9, 4, 6], "uv": [45, 0]},
					{"origin": [1, 15, -3], "size": [9, 3, 6], "uv": [52, 21]},
					{"origin": [7, 18, -3], "size": [3, 6, 6], "uv": [0, 55]},
					{"origin": [-10, 2, -3], "size": [3, 9, 2], "uv": [0, 0]},
					{"origin": [-5, 4, -3], "size": [3, 7, 2], "uv": [18, 55]},
					{"origin": [0, 6, -3], "size": [3, 5, 2], "uv": [28, 55]},
					{"origin": [5, 7, -3], "size": [3, 4, 2], "uv": [56, 10]}
				]
			},
			{
				"name": "leg0",
				"parent": "body",
				"pivot": [-2, 6, 1]
			},
			{
				"name": "leg1",
				"parent": "body",
				"pivot": [2, 6, 1]
			},
			{
				"name": "leg2",
				"parent": "body",
				"pivot": [-2, 6, -1]
			},
			{
				"name": "leg3",
				"parent": "body",
				"pivot": [2, 6, -1]
			},
			{
				"name": "leg4",
				"parent": "body",
				"pivot": [-2, 6, -3]
			},
			{
				"name": "leg5",
				"parent": "body",
				"pivot": [2, 6, -3]
			},
			{
				"name": "wing0",
				"parent": "body",
				"pivot": [0, 8, -1],
				"rotation": [0, -10, -10]
			},
			{
				"name": "wing1",
				"parent": "body",
				"pivot": [0, 8, -1],
				"rotation": [0, 10, 10]
			},
			{
				"name": "head",
				"parent": "body",
				"pivot": [0, 6, -4],
				"rotation": [10, 0, 0]
			},
			{
				"name": "tail",
				"parent": "body",
				"pivot": [0, 6, 3],
				"rotation": [-20, 0, 0]
			}
		]
	}
}