{
	"format_version": "1.10.0",
	"animation_controllers": {
		"controller.animation.m4a1": {
			"states": {
                                                                                                               
				"default": {
					"transitions": [
						{
							"m4a1_31": "query.mark_variant == 31 && query.variant == 10"
						},
						{
							"m4a1_30": "query.mark_variant == 30 && query.variant == 10 && query.get_equipped_item_name=='m4a1' && query.is_using_item"
						},
						{
							"m4a1_29": "query.mark_variant == 29 && query.variant == 10 && query.get_equipped_item_name=='m4a1' && query.is_using_item"
						},
						{
							"m4a1_28": "query.mark_variant == 28 && query.variant == 10 && query.get_equipped_item_name=='m4a1' && query.is_using_item"
						},
						{
							"m4a1_27": "query.mark_variant == 27 && query.variant == 10 && query.get_equipped_item_name=='m4a1' && query.is_using_item"
						},
						{
							"m4a1_26": "query.mark_variant == 26 && query.variant == 10 && query.get_equipped_item_name=='m4a1' && query.is_using_item"
						},
						{
							"m4a1_25": "query.mark_variant == 25 && query.variant == 10 && query.get_equipped_item_name=='m4a1' && query.is_using_item"
						},
						{
							"m4a1_24": "query.mark_variant == 24 && query.variant == 10 && query.get_equipped_item_name=='m4a1' && query.is_using_item"
						},
						{
							"m4a1_23": "query.mark_variant == 23 && query.variant == 10 && query.get_equipped_item_name=='m4a1' && query.is_using_item"
						},
						{
							"m4a1_22": "query.mark_variant == 22 && query.variant == 10 && query.get_equipped_item_name=='m4a1' && query.is_using_item"
						},
						{
							"m4a1_21": "query.mark_variant == 21 && query.variant == 10 && query.get_equipped_item_name=='m4a1' && query.is_using_item"
						},
						{
							"m4a1_20": "query.mark_variant == 20 && query.variant == 10 && query.get_equipped_item_name=='m4a1' && query.is_using_item"
						},
						{
							"m4a1_19": "query.mark_variant == 19 && query.variant == 10 && query.get_equipped_item_name=='m4a1' && query.is_using_item"
						},
						{
							"m4a1_18": "query.mark_variant == 18 && query.variant == 10 && query.get_equipped_item_name=='m4a1' && query.is_using_item"
						},
						{
							"m4a1_17": "query.mark_variant == 17 && query.variant == 10 && query.get_equipped_item_name=='m4a1' && query.is_using_item"
						},
						{
							"m4a1_16": "query.mark_variant == 16 && query.variant == 10 && query.get_equipped_item_name=='m4a1' && query.is_using_item"
						},
						{
							"m4a1_15": "query.mark_variant == 15 && query.variant == 10 && query.get_equipped_item_name=='m4a1' && query.is_using_item"
						},
						{
							"m4a1_14": "query.mark_variant == 14 && query.variant == 10 && query.get_equipped_item_name=='m4a1' && query.is_using_item"
						},
						{
							"m4a1_13": "query.mark_variant == 13 && query.variant == 10 && query.get_equipped_item_name=='m4a1' && query.is_using_item"
						},
						{
							"m4a1_12": "query.mark_variant == 12 && query.variant == 10 && query.get_equipped_item_name=='m4a1' && query.is_using_item"
						},
						{
							"m4a1_11": "query.mark_variant == 11 && query.variant == 10 && query.get_equipped_item_name=='m4a1' && query.is_using_item"
						},
						{
							"m4a1_10": "query.mark_variant == 10 && query.variant == 10 && query.get_equipped_item_name=='m4a1' && query.is_using_item"
						},
						{
							"m4a1_9": "query.mark_variant == 9 && query.variant == 10 && query.get_equipped_item_name=='m4a1' && query.is_using_item"
						},
						{
							"m4a1_8": "query.mark_variant == 8 && query.variant == 10 && query.get_equipped_item_name=='m4a1' && query.is_using_item"
						},
						{
							"m4a1_7": "query.mark_variant == 7 && query.variant == 10 && query.get_equipped_item_name=='m4a1' && query.is_using_item"
						},
						{
							"m4a1_6": "query.mark_variant == 6 && query.variant == 10 && query.get_equipped_item_name=='m4a1' && query.is_using_item"
						},
						{
							"m4a1_5": "query.mark_variant == 5 && query.variant == 10 && query.get_equipped_item_name=='m4a1' && query.is_using_item"
						},
						{
							"m4a1_4": "query.mark_variant == 4 && query.variant == 10 && query.get_equipped_item_name=='m4a1' && query.is_using_item"
						},
						{
							"m4a1_3": "query.mark_variant == 3 && query.variant == 10 && query.get_equipped_item_name=='m4a1' && query.is_using_item"
						},
						{
							"m4a1_2": "query.mark_variant == 2 && query.variant == 10 && query.get_equipped_item_name=='m4a1' && query.is_using_item"
						},
						{
							"m4a1_1": "query.mark_variant == 1 && query.variant == 10 && query.get_equipped_item_name=='m4a1' && query.is_using_item"
						}
					],
					"on_entry": [
						"@s __"
					]
				},
				"m4a1_31": {
					"transitions": [
						{
							"default": "(1.0)"
						}
					],
					"on_entry": [
	"@s m4a1:shoot",
	"/replaceitem entity @s slot.weapon.mainhand 0 gun:m4a1 1 30"
					]
				},
				"m4a1_30": {
					"transitions": [
						{
							"default": "(1.0)"
						}
					],
					"on_entry": [
	"@s m4a1:shoot",
	"/replaceitem entity @s slot.weapon.mainhand 0 gun:m4a1 1 29"
					]
				},
				"m4a1_29": {
					"transitions": [
						{
							"default": "(1.0)"
						}
					],
					"on_entry": [
	"@s m4a1:shoot",
	"/replaceitem entity @s slot.weapon.mainhand 0 gun:m4a1 1 28"
					]
				},
				"m4a1_28": {
					"transitions": [
						{
							"default": "(1.0)"
						}
					],
					"on_entry": [
	"@s m4a1:shoot",
	"/replaceitem entity @s slot.weapon.mainhand 0 gun:m4a1 1 27"
					]
                },
				"m4a1_27": {
					"transitions": [
						{
							"default": "(1.0)"
						}
					],
					"on_entry": [
	"@s m4a1:shoot",
	"/replaceitem entity @s slot.weapon.mainhand 0 gun:m4a1 1 26"
					]
                },
				"m4a1_26": {
					"transitions": [
						{
							"default": "(1.0)"
						}
					],
					"on_entry": [
	"@s m4a1:shoot",
	"/replaceitem entity @s slot.weapon.mainhand 0 gun:m4a1 1 25"
					]
				},
				"m4a1_25": {
					"transitions": [
						{
							"default": "(1.0)"
						}
					],
					"on_entry": [
	"@s m4a1:shoot",
	"/replaceitem entity @s slot.weapon.mainhand 0 gun:m4a1 1 24"
					]
				},
				"m4a1_24": {
					"transitions": [
						{
							"default": "(1.0)"
						}
					],
					"on_entry": [
	"@s m4a1:shoot",
	"/replaceitem entity @s slot.weapon.mainhand 0 gun:m4a1 1 23"
					]
				},
				"m4a1_23": {
					"transitions": [
						{
							"default": "(1.0)"
						}
					],
					"on_entry": [
	"@s m4a1:shoot",
	"/replaceitem entity @s slot.weapon.mainhand 0 gun:m4a1 1 22"
					]
				},
				"m4a1_22": {
					"transitions": [
						{
							"default": "(1.0)"
						}
					],
					"on_entry": [
	"@s m4a1:shoot",
	"/replaceitem entity @s slot.weapon.mainhand 0 gun:m4a1 1 21"
					]
				},
				"m4a1_21": {
					"transitions": [
						{
							"default": "(1.0)"
						}
					],
					"on_entry": [
	"@s m4a1:shoot",
	"/replaceitem entity @s slot.weapon.mainhand 0 gun:m4a1 1 20"
					]
				},
				"m4a1_20": {
					"transitions": [
						{
							"default": "(1.0)"
						}
					],
					"on_entry": [
	"@s m4a1:shoot",
	"/replaceitem entity @s slot.weapon.mainhand 0 gun:m4a1 1 19"
					]
				},
				"m4a1_19": {
					"transitions": [
						{
							"default": "(1.0)"
						}
					],
					"on_entry": [
	"@s m4a1:shoot",
	"/replaceitem entity @s slot.weapon.mainhand 0 gun:m4a1 1 18"
					]
				},
				"m4a1_18": {
					"transitions": [
						{
							"default": "(1.0)"
						}
					],
					"on_entry": [
	"@s m4a1:shoot",
	"/replaceitem entity @s slot.weapon.mainhand 0 gun:m4a1 1 17"
					]
				},
				"m4a1_17": {
					"transitions": [
						{
							"default": "(1.0)"
						}
					],
					"on_entry": [
	"@s m4a1:shoot",
	"/replaceitem entity @s slot.weapon.mainhand 0 gun:m4a1 1 16"
					]
				},
				"m4a1_16": {
					"transitions": [
						{
							"default": "(1.0)"
						}
					],
					"on_entry": [
	"@s m4a1:shoot",
	"/replaceitem entity @s slot.weapon.mainhand 0 gun:m4a1 1 15"
					]
				},
				"m4a1_15": {
					"transitions": [
						{
							"default": "(1.0)"
						}
					],
					"on_entry": [
	"@s m4a1:shoot",
	"/replaceitem entity @s slot.weapon.mainhand 0 gun:m4a1 1 14"
					]
				},
				"m4a1_14": {
					"transitions": [
						{
							"default": "(1.0)"
						}
					],
					"on_entry": [
	"@s m4a1:shoot",
	"/replaceitem entity @s slot.weapon.mainhand 0 gun:m4a1 1 13"
					]
				},
				"m4a1_13": {
					"transitions": [
						{
							"default": "(1.0)"
						}
					],
					"on_entry": [
	"@s m4a1:shoot",
	"/replaceitem entity @s slot.weapon.mainhand 0 gun:m4a1 1 12"
					]
				},
				"m4a1_12": {
					"transitions": [
						{
							"default": "(1.0)"
						}
					],
					"on_entry": [
	"@s m4a1:shoot",
	"/replaceitem entity @s slot.weapon.mainhand 0 gun:m4a1 1 11"
					]
				},
				"m4a1_11": {
					"transitions": [
						{
							"default": "(1.0)"
						}
					],
					"on_entry": [
	"@s m4a1:shoot",
	"/replaceitem entity @s slot.weapon.mainhand 0 gun:m4a1 1 10"
					]
				},
				"m4a1_10": {
					"transitions": [
						{
							"default": "(1.0)"
						}
					],
					"on_entry": [
	"@s m4a1:shoot",
	"/replaceitem entity @s slot.weapon.mainhand 0 gun:m4a1 1 9"
					]
				},
				"m4a1_9": {
					"transitions": [
						{
							"default": "(1.0)"
						}
					],
					"on_entry": [
	"@s m4a1:shoot",
	"/replaceitem entity @s slot.weapon.mainhand 0 gun:m4a1 1 8"
					]
				},
				"m4a1_8": {
					"transitions": [
						{
							"default": "(1.0)"
						}
					],
					"on_entry": [
	"@s m4a1:shoot",
	"/replaceitem entity @s slot.weapon.mainhand 0 gun:m4a1 1 7"
					]
				},
				"m4a1_7": {
					"transitions": [
						{
							"default": "(1.0)"
						}
					],
					"on_entry": [
	"@s m4a1:shoot",
	"/replaceitem entity @s slot.weapon.mainhand 0 gun:m4a1 1 6"
					]
				},
				"m4a1_6": {
					"transitions": [
						{
							"default": "(1.0)"
						}
					],
					"on_entry": [
	"@s m4a1:shoot",
	"/replaceitem entity @s slot.weapon.mainhand 0 gun:m4a1 1 5"
					]
				},
				"m4a1_5": {
					"transitions": [
						{
							"default": "(1.0)"
						}
					],
					"on_entry": [
	"@s m4a1:shoot",
	"/replaceitem entity @s slot.weapon.mainhand 0 gun:m4a1 1 4"
					]
				},
				"m4a1_4": {
					"transitions": [
						{
							"default": "(1.0)"
						}
					],
					"on_entry": [
	"@s m4a1:shoot",
	"/replaceitem entity @s slot.weapon.mainhand 0 gun:m4a1 1 3"
					]
				},
				"m4a1_3": {
					"transitions": [
						{
							"default": "(1.0)"
						}
					],
					"on_entry": [
	"@s m4a1:shoot",
	"/replaceitem entity @s slot.weapon.mainhand 0 gun:m4a1 1 2"
					]
				},
				"m4a1_2": {
					"transitions": [
						{
							"default": "(1.0)"
						}
					],
					"on_entry": [
	"@s m4a1:shoot",
	"/replaceitem entity @s slot.weapon.mainhand 0 gun:m4a1 1 1"
					]
				},
				"m4a1_1": {
					"transitions": [
						{
							"default": "(1.0)"
						}
					],
					"on_entry": [
	"@s m4a1:shoot",
    "/replaceitem entity @s slot.weapon.mainhand 0 gun:m4a1_noammo 1 0"
					]
				}
			}
		}
	}
}