{
	"format_version": "1.13.0",
	"minecraft:feature_rules": {
		"description": {
			"identifier": "minecraft:pokecenter_feature_rule",
			"places_feature": "minecraft:pokecenter_mcstructure"
		},
		"conditions": {
			"placement_pass": "surface_pass",
      "minecraft:biome_filter": [
    {"any_of": [
{"test":"has_biome_tag","operator":"==","value":"overworld"},
{"test":"has_biome_tag","operator":"==","value":"overworld_generation"}
          ]
        }
      ]
		},
    "distribution": {
      "iterations": 1,
      "scatter_chance": {
        "numerator": 1,
        "denominator": 5
      },
      "x": {
        "distribution": "uniform",
        "extent": [ 0, 64 ]
      },
      "y": "query.heightmap(variable.worldx, variable.worldz)",
      "z": {
        "distribution": "uniform",
        "extent": [ 0, 64 ]
      }
    }
  }
}