{
	"format_version": "1.8.0",
	"animations": {
		"animation.brute.move": {
			"loop": true,
			"anim_time_update": "query.modified_distance_moved * 0.15",
			"bones": {
				"waist": {
					"rotation": ["math.cos(query.anim_time * 240) * -5", "math.sin(query.anim_time * 240) * -5", "math.sin(query.anim_time * 240) * 5"]
				},
				"rightArm": {
					"rotation": ["math.cos(query.anim_time * 240) * -20", "math.sin(query.anim_time * 240) * -5", 7.5]
				},
				"leftArm": {
					"rotation": ["math.cos(query.anim_time * 240) * 25", "math.sin(query.anim_time * 240) * 5", -10]
				},
				"rightLeg": {
					"rotation": ["math.cos(query.anim_time * 240) * 25", "math.sin(query.anim_time * 240) * 5", 0],
					"position": [0, "1+math.sin(query.anim_time * 240) * 1", "math.cos(query.anim_time * 240) * 0.5"]
				},
				"leftLeg": {
					"rotation": ["math.cos(query.anim_time * 240) * -20", "math.sin(query.anim_time * 240) * -5", 0],
					"position": [0, "1+math.sin(query.anim_time * 240) * -1", "math.cos(query.anim_time * 240) * 1"]
				}
			}
		}
	}
}