{
	"format_version": "1.8.0",
	"animations": {
		"animation.zombie.mining_begin": {
			"loop": "hold_on_last_frame",
			"animation_length": 0.84,
			"bones": {
				"waist": {
					"rotation": {
						"0.0": {
							"post": [0, 0, 0],
							"lerp_mode": "catmullrom"
						},
						"0.08": {
							"post": [-5, 0, 0],
							"lerp_mode": "catmullrom"
						},
						"0.16": {
							"post": [-5, 0, 0],
							"lerp_mode": "catmullrom"
						},
						"0.32": {
							"post": [7.5, 0, 0],
							"lerp_mode": "catmullrom"
						},
						"0.52": {
							"post": [15, 0, 0],
							"lerp_mode": "catmullrom"
						},
						"0.84": [0, 0, 0]
					},
					"position": {
						"0.0": {
							"post": [0, 0, 0],
							"lerp_mode": "catmullrom"
						},
						"0.08": {
							"post": [0, 0, 0],
							"lerp_mode": "catmullrom"
						},
						"0.16": {
							"post": [0, 0, 0],
							"lerp_mode": "catmullrom"
						},
						"0.32": {
							"post": [0, -21, 0],
							"lerp_mode": "catmullrom"
						},
						"0.52": {
							"post": [0, -35, 0],
							"lerp_mode": "catmullrom"
						},
						"0.84": [0, -35, 0]
					},
					"scale": {
						"0.32": [1, 1, 1],
						"0.52": [0, 0, 0],
						"0.84": [0, 0, 0]
					}
				},
				"body": {
					"rotation": {
						"0.0": {
							"post": [0, 0, 0],
							"lerp_mode": "catmullrom"
						},
						"0.16": {
							"post": [-5, 5, 0],
							"lerp_mode": "catmullrom"
						},
						"0.32": {
							"post": [35, 5, 0],
							"lerp_mode": "catmullrom"
						},
						"0.84": [0, 0, 0]
					}
				},
				"rightArm": {
					"rotation": {
						"0.0": {
							"post": [0, 0, 0],
							"lerp_mode": "catmullrom"
						},
						"0.16": {
							"post": [-105, -10, -30],
							"lerp_mode": "catmullrom"
						},
						"0.32": {
							"post": [20, 27.5, 0],
							"lerp_mode": "catmullrom"
						},
						"0.84": [0, 0, 0]
					}
				},
				"rightItem": {
					"rotation": {
						"0.0": {
							"post": [0, 0, 0],
							"lerp_mode": "catmullrom"
						},
						"0.16": {
							"post": [90, 0, 0],
							"lerp_mode": "catmullrom"
						},
						"0.28": {
							"post": [90, 0, 0],
							"lerp_mode": "catmullrom"
						},
						"0.84": [0, 0, 0]
					}
				},
				"rightLeg": {
					"rotation": {
						"0.0": {
							"post": [0, 0, 0],
							"lerp_mode": "catmullrom"
						},
						"0.16": {
							"post": [-14.29, 0, 0],
							"lerp_mode": "catmullrom"
						},
						"0.32": {
							"post": [-25, 0, 0],
							"lerp_mode": "catmullrom"
						},
						"0.84": [0, 0, 0]
					}
				},
				"leftLeg": {
					"rotation": {
						"0.0": {
							"post": [0, 0, 0],
							"lerp_mode": "catmullrom"
						},
						"0.16": {
							"post": [10, -5, 0],
							"lerp_mode": "catmullrom"
						},
						"0.32": {
							"post": [-42.5, -5, 0],
							"lerp_mode": "catmullrom"
						},
						"0.84": [0, 0, 0]
					}
				}
			},
			"particle_effects": {
				"0.4": {
					"effect": "miner_dirt"
				}
			}
		},
		"animation.zombie.mining_loop": {
			"loop": true,
			"animation_length": 1,
			"bones": {
				"waist": {
					"rotation": [0, 0, 0],
					"position": [0, -35, 0],
					"scale": 0
				},
				"body": {
					"rotation": [0, 0, 0]
				},
				"rightArm": {
					"rotation": [0, 0, 0]
				},
				"rightItem": {
					"rotation": [0, 0, 0]
				},
				"rightLeg": {
					"rotation": [0, 0, 0]
				},
				"leftLeg": {
					"rotation": [0, 0, 0]
				}
			},
			"particle_effects": {
				"0.0": {
					"effect": "miner_dirt"
				}
			}
		},
		"animation.zombie.mining_out": {
			"animation_length": 1.04,
			"bones": {
				"waist": {
					"rotation": [0, 0, 0],
					"position": {
						"0.0": {
							"post": [0, -37, 0],
							"lerp_mode": "catmullrom"
						},
						"0.24": {
							"post": [0, 2, 0],
							"lerp_mode": "catmullrom"
						},
						"0.52": [0, 0, 0]
					},
					"scale": 1
				},
				"body": {
					"rotation": {
						"0.0": {
							"post": [0, 0, 0],
							"lerp_mode": "catmullrom"
						},
						"0.24": {
							"post": [-5, 0, 0],
							"lerp_mode": "catmullrom"
						},
						"0.52": [0, 0, 0]
					}
				},
				"rightArm": {
					"rotation": [0, 0, 0]
				},
				"rightItem": {
					"rotation": [0, 0, 0]
				},
				"rightLeg": {
					"rotation": {
						"0.0": {
							"post": [0, 0, 0],
							"lerp_mode": "catmullrom"
						},
						"0.24": {
							"post": [20, 0, 0],
							"lerp_mode": "catmullrom"
						},
						"0.52": [0, 0, 0]
					}
				},
				"leftLeg": {
					"rotation": {
						"0.0": {
							"post": [0, 0, 0],
							"lerp_mode": "catmullrom"
						},
						"0.24": {
							"post": [-17.5, 0, 0],
							"lerp_mode": "catmullrom"
						},
						"0.52": [0, 0, 0]
					}
				}
			}
		},
		"animation.zombie.attack_bare_hand": {
			"loop": true,
			"bones": {
				"leftArm": {
					"rotation": ["-90.0 - ((math.sin(variable.attack_time * 180.0) * 57.3) * 1.2 - (math.sin((1.0 - (1.0 - variable.attack_time) * (1.0 - variable.attack_time)) * 180.0) * 57.3) * 0.4) - (math.sin(query.life_time * 76.776372) * 2.865) - this", "5.73 - ((math.sin(variable.attack_time * 180.0) * 57.3) * 0.6) - this", "math.cos(query.life_time * 103.13244) * -2.865 - 2.865 - this"]
				},
				"rightArm": {
					"rotation": ["90.0 * (variable.is_brandishing_spear - 1.0) - ((math.sin(variable.attack_time * 180.0) * 57.3) * 1.2 - (math.sin((1.0 - (1.0 - variable.attack_time) * (1.0 - variable.attack_time)) * 180.0) * 57.3) * 0.4) + (math.sin(query.life_time * 76.776372) * 2.865) - this", "(math.sin(variable.attack_time * 180.0) * 57.3) * 0.6 - 5.73 - this", "math.cos(query.life_time * 103.13244) * 2.865 + 2.865 - this"]
				}
			}
		},
		"animation.zombie.attack_bare_hand2": {
			"loop": true,
			"bones": {
				"leftArm": {
					"rotation": ["-90.0 - ((math.sin(variable.attack_time * 180.0) * 57.3) * 1.2 - (math.sin((1.0 - (1.0 - variable.attack_time) * (1.0 - variable.attack_time)) * 180.0) * 57.3) * 0.4) - (math.sin(query.life_time * 76.776372) * 2.865) - this", "5.73 - ((math.sin(variable.attack_time * 180.0) * 57.3) * 0.6) - this", "math.cos(query.life_time * 103.13244) * -2.865 - 2.865 - this"]
				}
			}
		},
		"animation.zombie.attack_bare_hand3": {
			"loop": true,
			"bones": {
				"leftArm": {
					"rotation": ["90+90.0 * (variable.is_brandishing_spear - 1.0) - ((math.sin(variable.attack_time * 100.0) * 137.3) * 1.2 - (math.sin((1.0 - (1.0 - variable.attack_time) * (1.0 - variable.attack_time)) * 180.0) * 137.3) * 0.4) + (math.sin(query.life_time * 76.776372) * 2.865) - this", "12.5+(math.sin(variable.attack_time * 180.0) * 57.3) * 0.6 - 5.73 - this", "-10+math.cos(query.life_time * 103.13244) * 2.865 + 2.865 - this"]
				},
				"rightArm": {
					"rotation": ["90.0 * (variable.is_brandishing_spear - 1.0) - ((math.sin(variable.attack_time * 100.0) * 87.3) * 1.2 - (math.sin((1.0 - (1.0 - variable.attack_time) * (1.0 - variable.attack_time)) * 180.0) * 87.3) * 0.4) + (math.sin(query.life_time * 76.776372) * 2.865) - this", "10+(math.sin(variable.attack_time * 180.0) * 57.3) * 0.6 - 5.73 - this", "math.cos(query.life_time * 103.13244) * 2.865 + 2.865 - this"]
				},
				"waist": {
					"rotation": ["math.cos(query.anim_time * 80) * 2", "math.sin(query.anim_time * 80) * 2", 0]
				}
			}
		},
		"animation.zombie.attack_bare_hand4": {
			"loop": true,
			"bones": {
				"leftArm": {
					"rotation": ["57.5+variable.tcos0 * 1.3", "5 - 5.73 - this", "-15+math.cos(query.life_time * 103.13244) * 2.865 + 2.865 - this"]
				},
				"rightArm": {
					"rotation": ["-25+90.0 * (variable.is_brandishing_spear - 1.0) - ((math.sin(variable.attack_time * 180.0) * 57.3) * 1.2 - (math.sin((1.0 - (1.0 - variable.attack_time) * (1.0 - variable.attack_time)) * 180.0) * 57.3) * 0.4) + (math.sin(query.life_time * 76.776372) * 2.865) - this", "5+(math.sin(variable.attack_time * 180.0) * 57.3) * 0.6 - 5.73 - this", "-15+math.cos(query.life_time * 103.13244) * 2.865 + 2.865 - this"]
				},
				"hook": {
					"rotation": [-2.5, 0, 0]
				}
			}
		},
		"animation.zombie.attack_bare_hand5": {
			"loop": true,
			"bones": {
				"leftarm": {
					"rotation": ["-90.0 - ((math.sin(variable.attack_time * 180.0) * 57.3) * 1.2 - (math.sin((1.0 - (1.0 - variable.attack_time) * (1.0 - variable.attack_time)) * 180.0) * 57.3) * 0.4) - (math.sin(query.life_time * 76.776372) * 2.865) - this", "5.73 - ((math.sin(variable.attack_time * 180.0) * 57.3) * 0.6) - this", "math.cos(query.life_time * 103.13244) * -2.865 - 2.865 - this"]
				},
				"rightarm": {
					"rotation": ["90.0 * (variable.is_brandishing_spear - 1.0) - ((math.sin(variable.attack_time * 180.0) * 57.3) * 1.2 - (math.sin((1.0 - (1.0 - variable.attack_time) * (1.0 - variable.attack_time)) * 180.0) * 57.3) * 0.4) + (math.sin(query.life_time * 76.776372) * 2.865) - this", "(math.sin(variable.attack_time * 180.0) * 57.3) * 0.6 - 5.73 - this", "math.cos(query.life_time * 103.13244) * 2.865 + 2.865 - this"]
				},
				"witherer": {
					"rotation": [7.5, 0, 0],
					"position": [0, "1+math.sin(query.anim_time * 80) * 1", 0]
				},
				"body": {
					"rotation": [-5, 0, 0]
				},
				"lowerbody": {
					"rotation": ["variable.tcos0 * -0.4", 0, 0]
				}
			}
		},
		"animation.zombie.swimming": {
			"loop": true,
			"bones": {
				"body": {
					"rotation": ["variable.swim_amount * (90.0 + query.target_x_rotation)", 0, 0],
					"position": [0, "variable.swim_amount * -10.0 - this", "variable.swim_amount * 9.0 - this"]
				},
				"leftArm": {
					"rotation": ["math.lerp(this, -180.0, variable.swim_amount) - (variable.swim_amount * ((math.sin(variable.attack_time * 180.0) * 57.3) * 1.2 - (math.sin((1.0 - (1.0 - variable.attack_time) * (1.0 - variable.attack_time)) * 180.0) * 57.3) * 0.4)) - (variable.swim_amount * (math.sin(query.life_time * 76.776372) * 2.865)) - this", "math.lerp(this, 14.325, variable.swim_amount) - this", "math.lerp(this, 14.325, variable.swim_amount) - (variable.swim_amount * (math.cos(query.life_time * 103.13244) * 2.865 + 2.865)) - this"]
				},
				"leftLeg": {
					"rotation": ["math.lerp(this, math.cos(query.life_time * 390.0 + 180.0) * 0.3, variable.swim_amount)", 0, 0]
				},
				"rightArm": {
					"rotation": ["math.lerp(this, -180.0, variable.swim_amount) - (variable.swim_amount * ((math.sin(variable.attack_time * 180.0) * 57.3) * 1.2 - (math.sin((1.0 - (1.0 - variable.attack_time) * (1.0 - variable.attack_time)) * 180.0) * 57.3) * 0.4)) + (variable.swim_amount * (math.sin(query.life_time * 76.776372) * 2.865)) - this", "math.lerp(this, 14.325, variable.swim_amount) - this", "math.lerp(this, -14.325, variable.swim_amount) + (variable.swim_amount * (math.cos(query.life_time * 103.13244) * 2.865 + 2.865)) - this"]
				},
				"rightLeg": {
					"rotation": ["math.lerp(this, math.cos(query.life_time * 390.0) * 0.3, variable.swim_amount)", 0, 0]
				}
			}
		},
		"animation.zombie.walk": {
			"loop": true,
			"animation_length": 1.92,
			"bones": {
				"root": {
					"rotation": {
						"0.0": [0, 0, -2.5],
						"0.24": [0, 0, 2.5],
						"0.48": [0, 0, 0],
						"0.96": [0, 2.5, -2.5]
					},
					"position": {
						"0.0": [0, 0, 0],
						"0.24": [0, 0, 0]
					}
				},
				"waist": {
					"rotation": [0, 0, 0],
					"position": [0, 0, 0]
				},
				"rightLeg": {
					"rotation": {
						"0.0": [17.5, 0, 5],
						"0.24": [-20, -10, 10],
						"0.48": [-5, 0, 2.5],
						"0.72": [2.5, 0, 7.5],
						"0.96": [17.5, 0, 5],
						"1.64": [22.6, 0, 5],
						"1.92": [17.5, 0, 5]
					},
					"position": {
						"0.0": [0, -0.1, 0.4],
						"0.24": [0, 0.5, -1],
						"0.48": [-0.3, -0.3, -1.7],
						"0.72": [0, -0.3, -0.2],
						"0.96": [0, -0.1, 0.4],
						"1.92": [0, -0.1, 0.4]
					}
				},
				"leftLeg": {
					"rotation": {
						"0.0": [0, 0, 0],
						"0.96": [0, 0, 0],
						"1.2": [-20, -10, 0],
						"1.44": [-5, 2.5, 0],
						"1.68": [2.5, 0, 0],
						"1.92": [0, 0, 0]
					},
					"position": {
						"0.0": [0, 0, 0],
						"0.96": [0, 0, 0],
						"1.2": [0, 0.5, -1],
						"1.44": [-0.3, -0.3, -1.7],
						"1.68": [0, -0.3, -0.2],
						"1.92": [0, 0, 0]
					}
				}
			}
		},
		"animation.zombie.shield_spawn": {
			"loop": "hold_on_last_frame",
			"animation_length": 0.84,
			"bones": {
				"waist": {
					"rotation": {
						"0.0": {
							"post": [0, 0, 0],
							"lerp_mode": "catmullrom"
						},
						"0.16": {
							"post": [7.5, 5, 0],
							"lerp_mode": "catmullrom"
						},
						"0.36": {
							"post": [-10, 5, 0],
							"lerp_mode": "catmullrom"
						},
						"0.52": {
							"post": [-12, 6, 0],
							"lerp_mode": "catmullrom"
						},
						"0.6": {
							"post": [0, 0, 0],
							"lerp_mode": "catmullrom"
						},
						"0.76": [0, 0, 0]
					},
					"position": {
						"0.0": {
							"post": [0, 0, 0],
							"lerp_mode": "catmullrom"
						}
					}
				},
				"head": {
					"rotation": {
						"0.0": {
							"post": [0, 0, 0],
							"lerp_mode": "catmullrom"
						},
						"0.16": {
							"post": [0, 10, 0],
							"lerp_mode": "catmullrom"
						},
						"0.36": {
							"post": [-2.5, 0, 0],
							"lerp_mode": "catmullrom"
						},
						"0.52": {
							"post": [-2.5, 0, 0],
							"lerp_mode": "catmullrom"
						},
						"0.64": {
							"post": [0, 0, 0],
							"lerp_mode": "catmullrom"
						},
						"0.76": [-2.5, 0, 0]
					}
				},
				"rightArm": {
					"rotation": {
						"0.0": {
							"post": [0, 0, 0],
							"lerp_mode": "catmullrom"
						},
						"0.16": {
							"post": [7.5, 0, 12.5],
							"lerp_mode": "catmullrom"
						},
						"0.36": {
							"post": [-137.5, 20, -15],
							"lerp_mode": "catmullrom"
						},
						"0.52": {
							"post": [-140.5, 22, -15],
							"lerp_mode": "catmullrom"
						},
						"0.64": {
							"post": [-37.5, -37.5, 0],
							"lerp_mode": "catmullrom"
						},
						"0.76": [-45, -37.5, 0]
					}
				},
				"shield": {
					"rotation": [47.5, 30, 32.5],
					"position": {
						"0.0": [-1, -4, -3],
						"0.76": [-3, -3.4, -0.5]
					},
					"scale": {
						"0.0": [0, 0, 0],
						"0.64": [0, 0, 0],
						"0.68": [1.3, 1.4, 1],
						"0.76": [1.475, 1.525, 1],
						"0.84": [1.3, 1.4, 1]
					}
				}
			}
		},
		"animation.zombie.charged": {
			"loop": true,
			"bones": {
				"waist": {
					"position": [0, -0.15, 0],
					"scale": 1.01
				}
			}
		},
		"animation.humanoid.move2": {
			"loop": true,
			"bones": {
				"leftLeg": {
					"rotation": ["variable.tcos0 * -1.4", 0, 0]
				},
				"rightLeg": {
					"rotation": ["variable.tcos0 * 1.4", 0, 0]
				}
			}
		},
		"animation.zombie.shoot": {
			"loop": true,
			"animation_length": 0.76,
			"bones": {
				"pistol2": {
					"rotation": {
						"0.04": {
							"post": [0, 5, 0],
							"lerp_mode": "catmullrom"
						},
						"0.08": {
							"post": [-10, 5, 0],
							"lerp_mode": "catmullrom"
						},
						"0.16": {
							"post": [-10, 5, 0],
							"lerp_mode": "catmullrom"
						},
						"0.24": [0, 5, 0]
					},
					"position": {
						"0.04": {
							"post": [0, 0, 0],
							"lerp_mode": "catmullrom"
						},
						"0.08": {
							"post": [0, 0.7, -0.4],
							"lerp_mode": "catmullrom"
						},
						"0.16": {
							"post": [0, 0.6, 0],
							"lerp_mode": "catmullrom"
						},
						"0.24": [0, 0, 0]
					}
				},
				"rightArm": {
					"rotation": {
						"0.04": {
							"post": [0, 0, 0],
							"lerp_mode": "catmullrom"
						},
						"0.08": {
							"post": [-2.5, 0, 0],
							"lerp_mode": "catmullrom"
						},
						"0.16": {
							"post": [-5.5, 0, 0],
							"lerp_mode": "catmullrom"
						},
						"0.24": [0, 0, 0]
					}
				}
			}
		},
		"animation.zombie.pistol_setup": {
			"loop": true,
			"bones": {
				"pistol2": {
					"position": [0, -1, 0],
					"scale": 0.5
				}
			}
		},
		"animation.half_zombie.move": {
			"loop": true,
			"anim_time_update": "query.modified_distance_moved * 0.3",
			"bones": {
				"waist": {
					"rotation": ["math.sin(query.anim_time * 80) * 1", 0, 0]
				},
				"body": {
					"rotation": ["math.sin(query.anim_time * 80) * 1", 0, "math.sin(query.anim_time * 80) * 5"]
				},
				"head": {
					"rotation": ["math.sin(query.anim_time * 80) * 5", "math.cos(query.anim_time * 80) * -5", 0]
				},
				"rightArm": {
					"rotation": ["math.cos(query.anim_time * 80) * -15", "37.5+math.sin(query.anim_time * 80) * -25", "12.5+math.sin(query.anim_time * 80) * 42"],
					"position": [0, "math.sin(query.anim_time * 80) * -1", "math.cos(query.anim_time * 80) * 1"]
				},
				"leftArm": {
					"rotation": ["math.cos(query.anim_time * 80) * 15", "-37.5+math.sin(query.anim_time * 80) * -25", "12.5+math.sin(query.anim_time * 80) * 42"],
					"position": [0, "math.sin(query.anim_time * 80) * 1", "math.cos(query.anim_time * 80) * -1"]
				}
			}
		},
		"animation.half_zombie.attack": {
			"animation_length": 0.4,
			"bones": {
				"waist": {
					"rotation": {
						"0.0": {
							"post": [-2.5, 0, 0],
							"lerp_mode": "catmullrom"
						},
						"0.12": {
							"post": [-12.5, 0, 0],
							"lerp_mode": "catmullrom"
						},
						"0.24": {
							"post": [15, 0, 0],
							"lerp_mode": "catmullrom"
						},
						"0.4": [0, 0, 0]
					},
					"position": {
						"0.0": {
							"post": [0, 0, 0],
							"lerp_mode": "catmullrom"
						},
						"0.12": {
							"post": [0, -0.7, 0],
							"lerp_mode": "catmullrom"
						},
						"0.4": [0, 0, 0]
					}
				},
				"head": {
					"rotation": {
						"0.0": {
							"post": [0, 0, 0],
							"lerp_mode": "catmullrom"
						},
						"0.12": {
							"post": [-17.5, 0, 0],
							"lerp_mode": "catmullrom"
						},
						"0.24": {
							"post": [2.5, 0, 0],
							"lerp_mode": "catmullrom"
						},
						"0.4": [0, 0, 0]
					}
				},
				"rightArm": {
					"rotation": {
						"0.0": {
							"post": [0, 0, 0],
							"lerp_mode": "catmullrom"
						},
						"0.12": {
							"post": [-37.5, 0, 0],
							"lerp_mode": "catmullrom"
						},
						"0.4": [0, 0, 0]
					}
				},
				"leftArm": {
					"rotation": {
						"0.0": {
							"post": [0, 0, 0],
							"lerp_mode": "catmullrom"
						},
						"0.12": {
							"post": [-35, 0, 0],
							"lerp_mode": "catmullrom"
						},
						"0.4": [0, 0, 0]
					}
				}
			}
		},
		"animation.half_zombie.look_at_target": {
			"loop": true,
			"bones": {
				"head": {
					"relative_to": {
						"rotation": "entity"
					},
					"rotation": ["query.target_x_rotation - this", "query.target_y_rotation - this", 0]
				}
			}
		},
		"animation.zombie.swelling": {
			"loop": true,
			"bones": {
				"waist": {
					"scale": ["(Math.pow(Math.clamp(query.anim_time , 0.0, 1), 2.0) * 0.1 + 1) * (Math.sin(query.anim_time  * 5730) * query.anim_time * 0.1 + 1.0)", "(Math.pow(Math.clamp(query.anim_time , 0.0, 1), 2.0) * 0.1 + 1) / (Math.sin(query.anim_time  * 5730) * query.anim_time * 0.1 + 1.0)", "(Math.pow(Math.clamp(query.anim_time , 0.0, 1), 2.0) * 0.1 + 1) * (Math.sin(query.anim_time  * 5730) * query.anim_time * 0.1 + 1.0)"]
				}
			}
		},
		"animation.zombie.charged_zombie_death": {
			"loop": "hold_on_last_frame",
			"animation_length": 3,
			"bones": {
				"waist": {
					"rotation": ["0+math.sin(query.anim_time * 5000) * 1", 0, 0],
					"position": [0, -0.3, 1.6]
				},
				"body": {
					"rotation": [-12.5, 0, 0]
				},
				"head": {
					"rotation": ["-15+math.sin(query.anim_time * 5000) * 3", "math.cos(query.anim_time * 5000) * -3", 0]
				},
				"rightArm": {
					"rotation": ["-180+math.sin(query.anim_time * 5000) * 3", "math.cos(query.anim_time * 5000) * 3", -45]
				},
				"leftArm": {
					"rotation": ["-180+math.sin(query.anim_time * 5000) * 3", "math.cos(query.anim_time * 5000) * 3", 45]
				},
				"rightLeg": {
					"rotation": [7.5, 0, 0]
				},
				"leftLeg": {
					"rotation": [20, 0, 0]
				}
			},
			"particle_effects": {
				"0.0": {
					"effect": "charged_zombie_death"
				}
			}
		},
		"animation.zombie.falling": {
			"loop": "hold_on_last_frame",
			"animation_length": 0.6,
			"bones": {
				"waist": {
					"rotation": {
						"0.0": {
							"post": [0, 0, 0],
							"lerp_mode": "catmullrom"
						},
						"0.48": {
							"post": [-55, 320, -10],
							"lerp_mode": "catmullrom"
						},
						"0.6": [-59.66, 362.82, -10.64]
					},
					"position": {
						"0.0": {
							"post": [0, 0, 0],
							"lerp_mode": "catmullrom"
						}
					}
				},
				"body": {
					"rotation": {
						"0.0": [0, 0, 0],
						"0.36": [-7.5, 0, 0]
					}
				},
				"rightArm": {
					"rotation": {
						"0.0": [0, 0, 0],
						"0.36": [-177.5, 40, -25]
					}
				},
				"leftArm": {
					"rotation": {
						"0.0": [0, 0, 0],
						"0.36": [-102.5, -72.5, -7.5]
					}
				},
				"rightLeg": {
					"rotation": {
						"0.0": [0, 0, 0],
						"0.36": [-32.5, 0, 25]
					}
				},
				"leftLeg": {
					"rotation": {
						"0.0": [0, 0, 0],
						"0.36": [-25, 0, -35]
					}
				}
			}
		},
		"animation.zombie.falling2": {
			"loop": true,
			"animation_length": 0.84,
			"bones": {
				"waist": {
					"rotation": {
						"0.0": [-59.66, 362.82, -10.64],
						"0.84": [-59.66, 725.32, -10.64]
					}
				},
				"body": {
					"rotation": {
						"0.0": {
							"post": [-7.5, 0, 0],
							"lerp_mode": "catmullrom"
						},
						"0.4": {
							"post": [-6.5, 0, 0],
							"lerp_mode": "catmullrom"
						},
						"0.84": [-7.5, 0, 0]
					}
				},
				"rightArm": {
					"rotation": {
						"0.0": {
							"post": [-177.5, 40, -25],
							"lerp_mode": "catmullrom"
						},
						"0.32": {
							"post": [-222.5, 40, -90],
							"lerp_mode": "catmullrom"
						},
						"0.68": {
							"post": [-122.5, 40, -25],
							"lerp_mode": "catmullrom"
						},
						"0.84": [-177.5, 40, -25]
					}
				},
				"leftArm": {
					"rotation": {
						"0.0": {
							"post": [-102.5, -72.5, -7.5],
							"lerp_mode": "catmullrom"
						},
						"0.32": {
							"post": [-102.5, -35, -7.5],
							"lerp_mode": "catmullrom"
						},
						"0.68": {
							"post": [-102.5, -160, -7.5],
							"lerp_mode": "catmullrom"
						},
						"0.84": [-102.5, -72.5, -7.5]
					}
				},
				"rightLeg": {
					"rotation": {
						"0.0": {
							"post": [-32.5, 0, 25],
							"lerp_mode": "catmullrom"
						},
						"0.32": {
							"post": [12.67, 31.62, 25],
							"lerp_mode": "catmullrom"
						},
						"0.68": {
							"post": [-77.5, 40, 25],
							"lerp_mode": "catmullrom"
						},
						"0.84": [-32.5, 0, 25]
					}
				},
				"leftLeg": {
					"rotation": {
						"0.0": {
							"post": [-25, 0, -35],
							"lerp_mode": "catmullrom"
						},
						"0.32": {
							"post": [-70.47, -38.57, -36.36],
							"lerp_mode": "catmullrom"
						},
						"0.68": {
							"post": [40, -35, -40],
							"lerp_mode": "catmullrom"
						},
						"0.84": [-25, 0, -35]
					}
				}
			}
		},
		"animation.zombie.getup": {
			"animation_length": 1.12,
			"bones": {
				"waist": {
					"rotation": {
						"0.0": {
							"post": [-59.66, 0, -10.64],
							"lerp_mode": "catmullrom"
						},
						"0.12": {
							"post": [97.5, 0, 0],
							"lerp_mode": "catmullrom"
						},
						"0.2": {
							"post": [92.5, 0, 0],
							"lerp_mode": "catmullrom"
						},
						"0.28": {
							"post": [97.5, 0, 0],
							"lerp_mode": "catmullrom"
						},
						"0.48": {
							"post": [97.5, 0, 0],
							"lerp_mode": "catmullrom"
						},
						"0.56": {
							"post": [97.5, 0, 0],
							"lerp_mode": "catmullrom"
						},
						"0.76": {
							"post": [57.5, 0, 0],
							"lerp_mode": "catmullrom"
						},
						"1.12": [0, 0, 0]
					},
					"position": {
						"0.0": {
							"post": [0, 0, 0],
							"lerp_mode": "catmullrom"
						},
						"0.12": {
							"post": [0, -10, 0],
							"lerp_mode": "catmullrom"
						},
						"0.2": {
							"post": [0, -8.5, 0],
							"lerp_mode": "catmullrom"
						},
						"0.28": {
							"post": [0, -10, 0],
							"lerp_mode": "catmullrom"
						},
						"0.48": {
							"post": [0, -10, 0],
							"lerp_mode": "catmullrom"
						},
						"0.56": {
							"post": [0, -10, 0],
							"lerp_mode": "catmullrom"
						},
						"0.76": {
							"post": [0, -7, 0],
							"lerp_mode": "catmullrom"
						},
						"1.12": [0, 0, 0]
					}
				},
				"body": {
					"rotation": {
						"0.0": {
							"post": [-7.5, 0, 0],
							"lerp_mode": "catmullrom"
						},
						"0.32": {
							"post": [-2.5, 0, 0],
							"lerp_mode": "catmullrom"
						},
						"0.48": {
							"post": [-2.5, 0, 0],
							"lerp_mode": "catmullrom"
						},
						"0.56": {
							"post": [-2.5, 0, 0],
							"lerp_mode": "catmullrom"
						},
						"1.12": [0, 0, 0]
					}
				},
				"head": {
					"rotation": {
						"0.0": {
							"post": [-10, 0, 0],
							"lerp_mode": "catmullrom"
						},
						"0.44": {
							"post": [-2.5, 0, 0],
							"lerp_mode": "catmullrom"
						},
						"0.52": {
							"post": [-2.5, 0, 0],
							"lerp_mode": "catmullrom"
						},
						"0.84": {
							"post": [-17.5, 0, 0],
							"lerp_mode": "catmullrom"
						},
						"1.12": [0, 0, 0]
					}
				},
				"rightArm": {
					"rotation": {
						"0.0": {
							"post": [-177.5, 40, -25],
							"lerp_mode": "catmullrom"
						},
						"0.2": {
							"post": [-44.81, 139.81, -17.5],
							"lerp_mode": "catmullrom"
						},
						"0.44": {
							"post": [-52.5, 85, -17.5],
							"lerp_mode": "catmullrom"
						},
						"0.52": {
							"post": [-52.5, 85, -17.5],
							"lerp_mode": "catmullrom"
						},
						"0.76": {
							"post": [-55, 20, 2.5],
							"lerp_mode": "catmullrom"
						},
						"1.12": [-90, 0, -10]
					}
				},
				"leftArm": {
					"rotation": {
						"0.0": {
							"post": [-102.5, -72.5, -7.5],
							"lerp_mode": "catmullrom"
						},
						"0.2": {
							"post": [-38.44, -132.5, -10],
							"lerp_mode": "catmullrom"
						},
						"0.44": {
							"post": [-10, -72.5, -5],
							"lerp_mode": "catmullrom"
						},
						"0.52": {
							"post": [-10, -72.5, -5],
							"lerp_mode": "catmullrom"
						},
						"0.76": {
							"post": [-54.45063, 2.98503, -7.39214],
							"lerp_mode": "catmullrom"
						},
						"1.12": [-90, 0, 2.5]
					}
				},
				"rightLeg": {
					"rotation": {
						"0.0": {
							"post": [-32.5, 0, 25],
							"lerp_mode": "catmullrom"
						},
						"0.16": {
							"post": [47.5, 0, 25],
							"lerp_mode": "catmullrom"
						},
						"0.32": {
							"post": [55, 0, 25],
							"lerp_mode": "catmullrom"
						},
						"0.44": {
							"post": [-5, 0, 25],
							"lerp_mode": "catmullrom"
						},
						"0.52": {
							"post": [-5, 0, 25],
							"lerp_mode": "catmullrom"
						},
						"0.76": {
							"post": [17.5, 0, 25],
							"lerp_mode": "catmullrom"
						},
						"0.92": {
							"post": [16.45048, -0.41195, 13.90296],
							"lerp_mode": "catmullrom"
						},
						"1.12": [0, 0, 0]
					}
				},
				"leftLeg": {
					"rotation": {
						"0.0": {
							"post": [-25, 0, -35],
							"lerp_mode": "catmullrom"
						},
						"0.16": {
							"post": [30, 0, -35],
							"lerp_mode": "catmullrom"
						},
						"0.32": {
							"post": [60, 0, -35],
							"lerp_mode": "catmullrom"
						},
						"0.44": {
							"post": [0, 0, -35],
							"lerp_mode": "catmullrom"
						},
						"0.52": {
							"post": [0, 0, -35],
							"lerp_mode": "catmullrom"
						},
						"0.76": {
							"post": [20, 0, -35],
							"lerp_mode": "catmullrom"
						},
						"0.92": {
							"post": [-39.74, 0, -7.42],
							"lerp_mode": "catmullrom"
						},
						"1.12": [0, 0, 0]
					},
					"position": {
						"0.76": [0, 0, 0],
						"0.92": [0, 3, 1],
						"1.08": [0, 0, 0]
					}
				}
			}
		},
		"animation.zombie.spawn": {
			"loop": "hold_on_last_frame",
			"animation_length": 1.2,
			"bones": {
				"waist": {
					"position": {
						"0.0": {
							"post": [0, -44, 0],
							"lerp_mode": "catmullrom"
						},
						"0.84": {
							"post": [0, -2.7, 0],
							"lerp_mode": "catmullrom"
						},
						"1.2": [0, 0, 0]
					}
				}
			},
			"particle_effects": {
				"0.0": {
					"effect": "dirt"
				}
			}
		}
	}
}