{
  "format_version": "1.8.0",
  "minecraft:client_entity": {
    "description": {
      "identifier": "hn:neis",
      "materials": {
	    "default": "npc"
	  },
      "textures": {
        "default": "textures/entity/skeleton/skeleton"
      },
      "geometry": {
        "default": "geometry.neis"
      },
      "spawn_egg": {
        "base_color": "#FF694243",
        "overlay_color": "#F85E66A"
      },
      "render_controllers": [ "controller.render.skeleton" ]
    }
  }
}