{
  "format_version": "1.8.0",
  "minecraft:client_entity": {
    "description": {
      "identifier": "hn:tv",
      "materials": {
	    "default": "npc"
	  },
      "textures": {
        "default": "textures/entity/furniture/tv"
      },
      "geometry": {
        "default": "geometry.tv"
      },
      "spawn_egg": {
        "base_color": "#FF694243",
        "overlay_color": "#F85E66A"
      },
      "render_controllers": [ "controller.render.translucence" ]
    }
  }
}