{
	"file_path": "C:\\Users\\Freddy\\AppData\\Local\\Packages\\Microsoft.MinecraftUWP_8wekyb3d8bbwe\\LocalState\\games\\com.mojang\\development_behavior_packs\\Spry Conquest Overhaul\\items\\drake_bone\\drake_bone_chestplate.json",
	"file_type": "item",
	"format_version": 1,
	"file_uuid": "6b7c1423_b9d1_46b2_8917_c4039d0d25ef",
	"file_version": 41,
	"cache_content": {
		"children": [
			{
				"data": "1.16.100",
				"key": "format_version"
			},
			{
				"open": {
					"format_version": "1.16.100",
					"minecraft:item": {
						"description": {
							"identifier": "sc:drake_bone_chestplate",
							"category": "equipment"
						},
						"components": {
							"minecraft:icon": {
								"texture": "drake_bone_chestplate"
							},
							"minecraft:max_stack_size": 1,
							"minecraft:wearable": {
								"dispensable": true,
								"slot": "slot.armor.chest"
							},
							"minecraft:creative_category": {
								"parent": "itemGroup.name.chestplate"
							},
							"minecraft:durability": {
								"max_damage": 576,
								"damage_chance": {
									"min": 60,
									"max": 100
								},
								"max_durability": 576
							},
							"minecraft:armor": {
								"protection": 8
							},
							"minecraft:display_name": {
								"value": "Drake Bone Chestplate"
							},
							"minecraft:enchantable": {
								"value": 15,
								"slot": "armor_torso"
							}
						},
						"events": {}
					}
				},
				"key": "minecraft:item",
				"children": [
					{
						"open": {
							"description": {
								"identifier": "sc:drake_bone_chestplate",
								"category": "equipment"
							},
							"components": {
								"minecraft:icon": {
									"texture": "drake_bone_chestplate"
								},
								"minecraft:max_stack_size": 1,
								"minecraft:wearable": {
									"dispensable": true,
									"slot": "slot.armor.chest"
								},
								"minecraft:creative_category": {
									"parent": "itemGroup.name.chestplate"
								},
								"minecraft:durability": {
									"max_damage": 576,
									"damage_chance": {
										"min": 60,
										"max": 100
									},
									"max_durability": 576
								},
								"minecraft:armor": {
									"protection": 8
								},
								"minecraft:display_name": {
									"value": "Drake Bone Chestplate"
								},
								"minecraft:enchantable": {
									"value": 15,
									"slot": "armor_torso"
								}
							},
							"events": {}
						},
						"key": "description",
						"is_minified": true,
						"children": {
							"identifier": "sc:drake_bone_chestplate",
							"category": "equipment"
						}
					},
					{
						"open": {
							"description": {
								"identifier": "sc:drake_bone_chestplate",
								"category": "equipment"
							},
							"components": {
								"minecraft:icon": {
									"texture": "drake_bone_chestplate"
								},
								"minecraft:max_stack_size": 1,
								"minecraft:wearable": {
									"dispensable": true,
									"slot": "slot.armor.chest"
								},
								"minecraft:creative_category": {
									"parent": "itemGroup.name.chestplate"
								},
								"minecraft:durability": {
									"max_damage": 576,
									"damage_chance": {
										"min": 60,
										"max": 100
									},
									"max_durability": 576
								},
								"minecraft:armor": {
									"protection": 8
								},
								"minecraft:display_name": {
									"value": "Drake Bone Chestplate"
								},
								"minecraft:enchantable": {
									"value": 15,
									"slot": "armor_torso"
								}
							},
							"events": {}
						},
						"key": "components",
						"children": [
							{
								"open": {
									"minecraft:icon": {
										"texture": "drake_bone_chestplate"
									},
									"minecraft:max_stack_size": 1,
									"minecraft:wearable": {
										"dispensable": true,
										"slot": "slot.armor.chest"
									},
									"minecraft:creative_category": {
										"parent": "itemGroup.name.chestplate"
									},
									"minecraft:durability": {
										"max_damage": 576,
										"damage_chance": {
											"min": 60,
											"max": 100
										},
										"max_durability": 576
									},
									"minecraft:armor": {
										"protection": 8
									},
									"minecraft:display_name": {
										"value": "Drake Bone Chestplate"
									},
									"minecraft:enchantable": {
										"value": 15,
										"slot": "armor_torso"
									}
								},
								"key": "minecraft:icon",
								"is_minified": true,
								"children": {
									"texture": "drake_bone_chestplate"
								}
							},
							{
								"data": "1",
								"key": "minecraft:max_stack_size"
							},
							{
								"key": "minecraft:wearable",
								"is_minified": true,
								"children": {
									"dispensable": true,
									"slot": "slot.armor.chest"
								}
							},
							{
								"key": "minecraft:creative_category",
								"is_minified": true,
								"children": {
									"parent": "itemGroup.name.chestplate"
								}
							},
							{
								"open": {
									"minecraft:icon": {
										"texture": "drake_bone_chestplate"
									},
									"minecraft:max_stack_size": 1,
									"minecraft:wearable": {
										"dispensable": true,
										"slot": "slot.armor.chest"
									},
									"minecraft:creative_category": {
										"parent": "itemGroup.name.chestplate"
									},
									"minecraft:durability": {
										"max_damage": 576,
										"damage_chance": {
											"min": 60,
											"max": 100
										},
										"max_durability": 576
									},
									"minecraft:armor": {
										"protection": 8
									},
									"minecraft:display_name": {
										"value": "Drake Bone Chestplate"
									},
									"minecraft:enchantable": {
										"value": 15,
										"slot": "armor_torso"
									}
								},
								"key": "minecraft:durability",
								"is_minified": true,
								"children": {
									"max_damage": 576,
									"damage_chance": {
										"min": 60,
										"max": 100
									},
									"max_durability": 576
								}
							},
							{
								"key": "minecraft:armor",
								"is_minified": true,
								"children": {
									"protection": 8
								}
							},
							{
								"open": {
									"minecraft:icon": {
										"texture": "drake_bone_chestplate"
									},
									"minecraft:max_stack_size": 1,
									"minecraft:wearable": {
										"dispensable": true,
										"slot": "slot.armor.chest"
									},
									"minecraft:creative_category": {
										"parent": "itemGroup.name.chestplate"
									},
									"minecraft:durability": {
										"max_damage": 576,
										"damage_chance": {
											"min": 60,
											"max": 100
										},
										"max_durability": 576
									},
									"minecraft:armor": {
										"protection": 8
									},
									"minecraft:display_name": {
										"value": "Drake Bone Chestplate"
									},
									"minecraft:enchantable": {
										"value": 15,
										"slot": "armor_torso"
									}
								},
								"key": "minecraft:display_name",
								"is_minified": true,
								"children": {
									"value": "Drake Bone Chestplate"
								}
							},
							{
								"key": "minecraft:enchantable",
								"is_minified": true,
								"children": {
									"value": 15,
									"slot": "armor_torso"
								}
							}
						]
					},
					{
						"key": "events",
						"is_minified": true,
						"children": {}
					}
				]
			}
		]
	}
}