{
  "format_version": "1.12",
  "minecraft:recipe_shaped": {
    "description": {
      "identifier": "vendor:ice_cream_1"
    },
    "tags": [
      "crafting_table"
    ],
    "pattern": [
      " BB",
      "ICC",
      " II"
    ],
    "key": {
      "B": {
        "item": "minecraft:packed_ice"
      },
      "I": {
        "item": "minecraft:iron_ingot"
      },
      "C": {
        "item": "minecraft:chest"
      }
    },
    "result": {
      "item": "vendor:ice_cream_1_spawn_egg",
      "count": 1
    }
  }
}