{
  "format_version": "1.10.0",
  "animation_controllers": {
    "controller.animation.gum_spawn": {
      "states": {
        "default": {
          "transitions": [
            {"burrow": "(1.0)"}
               ],
          "on_entry": [
            "/function gum"
          ]
        },
        "burrow": {
          "transitions": [
            {
              "default": "(1.0)"
            }
          ],
          "on_entry": [
            "/function gum"
          ]
        }
      }
    }
  }
}