{
  "format_version": "1.10.0",
  "animation_controllers": {
    "controller.animation.smart_horn_menu_lights": {
      "states": {
        "default": {
          "transitions": [
            {"burrow": "(1.0)"}
               ],
          "on_entry": [
            "/dialogue open @e[family=furnicraft2,r=1] @a[r=5] smart_horn_menu_lights"
          ]
        },
        "burrow": {
          "transitions": [
            {
              "default": "(1.0)"
            }
          ],
          "on_entry": [
            "/dialogue open @e[family=furnicraft2,r=1] @a[r=5] smart_horn_menu_lights"
          ]
        }
      }
    }
  }
}