{
	"format_version": "1.12.0",
	"minecraft:geometry": [
		{
			"description": {
				"identifier": "geometry.gambang",
				"texture_width": 128,
				"texture_height": 128,
				"visible_bounds_width": 4,
				"visible_bounds_height": 2.5,
				"visible_bounds_offset": [0, 0.75, 0]
			},
			"bones": [
				{
					"name": "bone",
					"pivot": [-21, 0, 0],
					"cubes": [
						{"origin": [-10, 9, -5], "size": [2, 1, 10], "uv": [30, 30]},
						{"origin": [-16, 9, -5], "size": [2, 1, 10], "uv": [30, 30]},
						{"origin": [-13, 9, -5], "size": [2, 1, 10], "uv": [30, 30]},
						{"origin": [-7, 9, -5], "size": [2, 1, 10], "uv": [30, 30]}
					]
				},
				{
					"name": "bone2",
					"pivot": [0, 0, 0],
					"cubes": [
						{"origin": [-16, 0, -4], "size": [2, 15, 8], "pivot": [-15, 0, 0], "rotation": [0, 0, -12.5], "uv": [20, 17]},
						{"origin": [-16, 0, -4], "size": [32, 9, 8], "uv": [0, 0]},
						{"origin": [14, 0, -4], "size": [2, 15, 8], "pivot": [15, 0, 0], "rotation": [0, 0, 12.5], "uv": [0, 17]}
					]
				},
				{
					"name": "bone3",
					"pivot": [0, 0, 0],
					"cubes": [
						{"origin": [-1, 9, -5], "size": [2, 1, 10], "uv": [30, 30]},
						{"origin": [-4, 9, -5], "size": [2, 1, 10], "uv": [30, 30]},
						{"origin": [11, 9, -5], "size": [2, 1, 10], "uv": [30, 30]},
						{"origin": [5, 9, -5], "size": [2, 1, 10], "uv": [30, 30]},
						{"origin": [8, 9, -5], "size": [2, 1, 10], "uv": [30, 30]},
						{"origin": [2, 9, -5], "size": [2, 1, 10], "uv": [30, 30]},
						{"origin": [14, 9, -5], "size": [2, 1, 10], "uv": [30, 30]}
					]
				}
			]
		}
	]
}