{
	"format_version": "1.12.0",
	"minecraft:geometry": [
		{
			"description": {
				"identifier": "geometry.gong",
				"texture_width": 16,
				"texture_height": 16,
				"visible_bounds_width": 3,
				"visible_bounds_height": 2.5,
				"visible_bounds_offset": [0, 0.75, 0]
			},
			"bones": [
				{
					"name": "bb_main",
					"pivot": [0, 0, 0],
					"cubes": [
						{"origin": [-11, 1, 0], "size": [2, 22, 2], "uv": [0, 0]},
						{"origin": [-13, 23, 0], "size": [26, 1, 2], "uv": [0, 0]},
						{"origin": [9, 1, 0], "size": [2, 22, 2], "uv": [0, 0]},
						{"origin": [9, 0, -4], "size": [2, 1, 10], "uv": [0, 0]},
						{"origin": [-11, 0, -4], "size": [2, 1, 10], "uv": [0, 0]}
					]
				},
				{
					"name": "A",
					"pivot": [8, 11, -7],
					"rotation": [-90, 0, 0],
					"cubes": [
						{"origin": [-1.5913, 18.5, -16], "size": [3.1826, 1, 16], "pivot": [0, 19, -8], "rotation": [0, 45, 0], "uv": [0, 0]},
						{"origin": [-1.5913, 18.5, -16], "size": [3.1826, 1, 16], "pivot": [0, 19, -8], "rotation": [0, 22.5, 0], "uv": [0, 0]},
						{"origin": [-1.5913, 18.5, -16], "size": [3.1826, 1, 16], "uv": [0, 0]},
						{"origin": [-1.5913, 18.5, -16], "size": [3.1826, 1, 16], "pivot": [0, 19, -8], "rotation": [0, -22.5, 0], "uv": [0, 0]},
						{"origin": [-1.5913, 18.5, -16], "size": [3.1826, 1, 16], "pivot": [0, 19, -8], "rotation": [0, -45, 0], "uv": [0, 0]},
						{"origin": [-8, 18.5, -9.5913], "size": [16, 1, 3.1826], "pivot": [0, 19, -8], "rotation": [0, 22.5, 0], "uv": [0, 0]},
						{"origin": [-8, 18.5, -9.5913], "size": [16, 1, 3.1826], "uv": [0, 0]},
						{"origin": [-8, 18.5, -9.5913], "size": [16, 1, 3.1826], "pivot": [0, 19, -8], "rotation": [0, -22.5, 0], "uv": [0, 0]}
					]
				},
				{
					"name": "hexadecagon",
					"pivot": [8, 20, -6],
					"rotation": [-90, 0, 0],
					"cubes": [
						{"origin": [-1.5913, 27.5, -6], "size": [3.1826, 2, 1], "pivot": [0, 28, 2], "rotation": [0, 45, 0], "uv": [0, 0]},
						{"origin": [-1.5913, 27.5, -6], "size": [3.1826, 2, 1], "pivot": [0, 28, 2], "rotation": [0, 22.5, 0], "uv": [0, 0]},
						{"origin": [4.4087, 27.5, -8], "size": [1.1826, 1, 5], "pivot": [0, 28, 2], "rotation": [0, 22.5, 0], "uv": [0, 0]},
						{"origin": [-1.5913, 27.5, -6], "size": [3.1826, 2, 1], "uv": [0, 0]},
						{"origin": [-1.5913, 27.5, -6], "size": [3.1826, 2, 1], "pivot": [0, 28, 2], "rotation": [0, -22.5, 0], "uv": [0, 0]},
						{"origin": [-5.4087, 27.5, -8], "size": [1, 1, 5], "pivot": [0, 28, 2], "rotation": [0, -22.5, 0], "uv": [0, 0]},
						{"origin": [-1.5913, 27.5, -6], "size": [3.1826, 2, 1], "pivot": [0, 28, 2], "rotation": [0, -45, 0], "uv": [0, 0]},
						{"origin": [-1.5913, 27.5, 9], "size": [3.1826, 2, 1], "pivot": [0, 28, 2], "rotation": [0, 45, 0], "uv": [0, 0]},
						{"origin": [-1.5913, 27.5, 9], "size": [3.1826, 2, 1], "pivot": [0, 28, 2], "rotation": [0, 22.5, 0], "uv": [0, 0]},
						{"origin": [-1.5913, 27.5, 9], "size": [3.1826, 2, 1], "uv": [0, 0]},
						{"origin": [-1.5913, 27.5, 9], "size": [3.1826, 2, 1], "pivot": [0, 28, 2], "rotation": [0, -22.5, 0], "uv": [0, 0]},
						{"origin": [-1.5913, 27.5, 9], "size": [3.1826, 2, 1], "pivot": [0, 28, 2], "rotation": [0, -45, 0], "uv": [0, 0]},
						{"origin": [7, 27.5, 0.4087], "size": [1, 2, 3.1826], "pivot": [0, 28, 2], "rotation": [0, 22.5, 0], "uv": [0, 0]},
						{"origin": [7, 27.5, 0.4087], "size": [1, 2, 3.1826], "uv": [0, 0]},
						{"origin": [7, 27.5, 0.4087], "size": [1, 2, 3.1826], "pivot": [0, 28, 2], "rotation": [0, -22.5, 0], "uv": [0, 0]},
						{"origin": [-8, 27.5, 0.4087], "size": [1, 2, 3.1826], "pivot": [0, 28, 2], "rotation": [0, 22.5, 0], "uv": [0, 0]},
						{"origin": [-8, 27.5, 0.4087], "size": [1, 2, 3.1826], "uv": [0, 0]},
						{"origin": [-8, 27.5, 0.4087], "size": [1, 2, 3.1826], "pivot": [0, 28, 2], "rotation": [0, -22.5, 0], "uv": [0, 0]},
						{"origin": [-1, 26, 1], "size": [2, 1, 2], "uv": [0, 0]}
					]
				}
			]
		}
	]
}