{
	"format_version": "1.8.0",
	"animations": {
		"animation.caravan.spawn": {
			"animation_length": 2,
			"bones": {
				"body": {
					"rotation": {
						"0.0": [0, 180, 0],
						"1.0": [0, 0, 0]
					},
					"position": {
						"0.0": [0, -3.15, 0],
						"1.0": [0, 0, 0]
					},
					"scale": {
						"0.0": [0.2, 0.2, 0.2],
						"1.0": [1, 1, 1]
					}
				}
			}
		},
		"animation.caravan.normal": {
			"loop": true,
			"animation_length": 126000
		},
		"animation.caravan.move": {
			"loop": true,
			"animation_length": 0.3167,
			"bones": {
				"A": {
					"rotation": {
						"0.0": [0, 0, 0],
						"0.1667": [179, 0, 0],
						"0.3167": [364.9, 0, 0]
					}
				},
				"B": {
					"rotation": {
						"0.0": [0, 0, 0],
						"0.1667": [179, 0, 0],
						"0.3167": [364.9, 0, 0]
					}
				},
				"C": {
					"rotation": {
						"0.0": [0, 0, 0],
						"0.1667": [179, 0, 0],
						"0.3167": [364.9, 0, 0]
					}
				}
			}
		},
		"animation.caravan.turn": {
			"loop": true,
			"bones": {
				"A": {
					"rotation": [0, "Math.max(-12, Math.min(12,query.yaw_speed))", 0]
				},
				"C": {
					"rotation": [0, "Math.max(-12, Math.min(12,query.yaw_speed))", 0]
				}
			}
		},
		"animation.caravan.lock": {
			"animation_length": 126000,
			"bones": {
				"windows": {
					"position": {
						"0.0": [0, 0, 0],
						"0.8": [0, 13, 0]
					}
				},
				"botton": {
					"rotation": [-180, 0, 0],
					"position": [0, -1.25, 0]
				},
				"light_off": {
					"position": [0, 0, 0],
					"scale": [0, 1, 1]
				},
				"light_on": {
					"position": [7, 0, 0],
					"scale": [4, 1, 1]
				},
				"door": {
					"rotation": {
						"0.0": [0, 0, 0],
						"0.3167": [0, -55, 0],
						"0.4333": [0, -90, 0],
						"0.5167": [0, -115, 0]
					}
				},
				"A": {
					"position": [0, -0.5, 0]
				},
				"bone3": {
					"position": [0, 0.5, 0]
				},
				"C": {
					"position": [0, -0.5, 0]
				},
				"bone12": {
					"position": [0, 0.5, 0]
				},
				"front_window_right": {
					"position": {
						"0.0": [0, 0, 0],
						"0.7667": [-8.6, 0, 0]
					}
				},
				"front_window_rleft": {
					"position": {
						"0.0": [0, 0, 0],
						"0.7667": [8.6, 0, 0]
					}
				},
				"back_light_off": {
					"position": [0, 0, 0.2]
				},
				"back_light_on": {
					"position": [0, 0, -0.2]
				}
			}
		}
	}
}