{
	"file_path": "C:\\Users\\Freddy\\AppData\\Local\\Packages\\Microsoft.MinecraftUWP_8wekyb3d8bbwe\\LocalState\\games\\com.mojang\\development_behavior_packs\\Spry Conquest Overhaul\\loot_tables\\blocks\\glacis_spikes.json",
	"file_type": "loot_table",
	"format_version": 1,
	"file_uuid": "020d51ae_7f13_4f16_a4b6_5dd0cf8ce724",
	"file_version": 11,
	"cache_content": {
		"children": [
			{
				"open": {
					"pools": [
						{
							"rolls": 1,
							"entries": [
								{
									"type": "item",
									"weight": 1,
									"name": "sc:glacis_shard",
									"functions": [
										{
											"function": "set_count",
											"count": {
												"min": 1,
												"max": 2
											}
										}
									]
								},
								{
									"type": "empty",
									"weight": 3
								}
							]
						}
					]
				},
				"key": "pools",
				"children": [
					{
						"open": [
							{
								"rolls": 1,
								"entries": [
									{
										"type": "item",
										"weight": 1,
										"name": "sc:glacis_shard",
										"functions": [
											{
												"function": "set_count",
												"count": {
													"min": 1,
													"max": 2
												}
											}
										]
									},
									{
										"type": "empty",
										"weight": 3
									}
								]
							}
						],
						"children": [
							{
								"data": "1",
								"key": "rolls"
							},
							{
								"open": {
									"rolls": 1,
									"entries": [
										{
											"type": "item",
											"weight": 1,
											"name": "sc:glacis_shard",
											"functions": [
												{
													"function": "set_count",
													"count": {
														"min": 1,
														"max": 2
													}
												}
											]
										},
										{
											"type": "empty",
											"weight": 3
										}
									]
								},
								"key": "entries",
								"children": [
									{
										"open": [
											{
												"type": "item",
												"weight": 1,
												"name": "sc:glacis_shard",
												"functions": [
													{
														"function": "set_count",
														"count": {
															"min": 1,
															"max": 2
														}
													}
												]
											},
											{
												"type": "empty",
												"weight": 3
											}
										],
										"children": [
											{
												"data": "item",
												"key": "type"
											},
											{
												"data": "1",
												"key": "weight"
											},
											{
												"open": {
													"type": "item",
													"weight": 1,
													"name": "sc:glacis_shard",
													"functions": [
														{
															"function": "set_count",
															"count": {
																"min": 1,
																"max": 2
															}
														}
													]
												},
												"data": "sc:glacis_shard",
												"key": "name"
											},
											{
												"open": {
													"type": "item",
													"weight": 1,
													"name": "sc:glacis_shard",
													"functions": [
														{
															"function": "set_count",
															"count": {
																"min": 1,
																"max": 2
															}
														}
													]
												},
												"key": "functions",
												"children": [
													{
														"open": [
															{
																"function": "set_count",
																"count": {
																	"min": 1,
																	"max": 2
																}
															}
														],
														"children": [
															{
																"data": "set_count",
																"key": "function"
															},
															{
																"open": {
																	"function": "set_count",
																	"count": {
																		"min": 1,
																		"max": 2
																	}
																},
																"key": "count",
																"is_minified": true,
																"children": {
																	"min": 1,
																	"max": 2
																}
															}
														]
													}
												]
											}
										]
									},
									{
										"open": [
											{
												"type": "item",
												"weight": 1,
												"name": "sc:glacis_shard",
												"functions": [
													{
														"function": "set_count",
														"count": {
															"min": 1,
															"max": 2
														}
													}
												]
											},
											{
												"type": "empty",
												"weight": 3
											}
										],
										"is_minified": true,
										"children": {
											"type": "empty",
											"weight": 3
										}
									}
								]
							}
						]
					}
				]
			}
		]
	}
}