{
  "format_version": "1.8.0",
  "minecraft:entity": {
	"description": {
      "identifier": "hn:plush",
      "is_spawnable": true,
      "is_summonable": true,
      "is_experimental": false
    },
	
    "components": {
      "minecraft:fire_immune": true,
      "minecraft:type_family": {
        "family": [ "inanimate", "fur" ]
      },
      "minecraft:is_stackable": {
      },
      "minecraft:loot": {
        "table": ""
      },
      "minecraft:push_through": {
        "value": 1
      },
      "minecraft:knockback_resistance": {
        "value": 1.0
      },
      "minecraft:collision_box": {
        "width": 0.4,
        "height": 0.4
      },
	  "minecraft:health": {
	    "value": 1
	  },
	  "minecraft:physics": {
      }
    }
  }
}