{
  "resource_pack_name": "vanilla",
  "texture_name": "atlas.terrain",
  "padding": 8,
  "num_mip_levels": 4,
  "texture_data": {
    "grass_side": {
      "textures": [
        {
          "path": "textures/blocks/grass_side",
          "overlay_color": "#79c05a"
        },
        {
          "path": "textures/blocks/grass_side",
          "overlay_color": "#8ab689"
        },
        {
          "path": "textures/blocks/grass_side",
          "overlay_color": "#bfb755"
        },
        {
          "path": "textures/blocks/grass_side",
          "overlay_color": "#59c93c"
        },
        {
          "path": "textures/blocks/grass_side",
          "overlay_color": "#55c93f"
        },
        {
          "path": "textures/blocks/grass_side",
          "overlay_color": "#88bb66"
        },
        {
          "path": "textures/blocks/grass_side",
          "overlay_color": "#86b87f"
        },
        {
          "path": "textures/blocks/grass_side",
          "overlay_color": "#64c73f"
        },
        {
          "path": "textures/blocks/grass_side",
          "overlay_color": "#86b783"
        },
        {
          "path": "textures/blocks/grass_side",
          "overlay_color": "#83b593"
        },
        {
          "path": "textures/blocks/grass_side",
          "overlay_color": "#80b497"
        },
        {
          "path": "textures/blocks/grass_side",
          "overlay_color": "#91bd59"
        },
        {
          "path": "textures/blocks/grass_side",
          "overlay_color": "#90814d"
        },
        {
          "path": "textures/blocks/grass_side",
          "overlay_color": "#8eb971"
        },
        {
          "path": "textures/blocks/grass_side",
          "overlay_color": "#6a7039"
        },
        {
          "path": "textures/blocks/grass_side",
          "overlay_color": "#507a32"
        },
        "textures/blocks/grass_side_snowed"
      ]
    },
    "grass_top": {
      "textures": [
        "textures/blocks/grass_top",
        "textures/blocks/grass_top",
        "textures/blocks/grass_top",
        "textures/blocks/grass_top",
        "textures/blocks/grass_top",
        "textures/blocks/grass_top",
        "textures/blocks/grass_top",
        "textures/blocks/grass_top",
        "textures/blocks/grass_top",
        "textures/blocks/grass_top",
        "textures/blocks/grass_top",
        "textures/blocks/grass_top",
        "textures/blocks/grass_top",
        "textures/blocks/grass_top",
        "textures/blocks/grass_top",
        "textures/blocks/grass_top",
        "textures/blocks/grass_top"
      ]
    },
    "grass_bottom": {
      "textures": [
        "textures/blocks/dirt",
        "textures/blocks/dirt",
        "textures/blocks/dirt",
        "textures/blocks/dirt",
        "textures/blocks/dirt",
        "textures/blocks/dirt",
        "textures/blocks/dirt",
        "textures/blocks/dirt",
        "textures/blocks/dirt",
        "textures/blocks/dirt",
        "textures/blocks/dirt",
        "textures/blocks/dirt",
        "textures/blocks/dirt",
        "textures/blocks/dirt",
        "textures/blocks/dirt",
        "textures/blocks/dirt",
        "textures/blocks/dirt"
      ]
    },
    "grass_carried_top": {
      "textures": "textures/blocks/grass_carried"
    },
    "grass_carried_bottom": {
      "textures": "textures/blocks/dirt"
    },
    "grass_carried": {
      "textures": {
        "path": "textures/blocks/grass_side",
        "overlay_color": "#79c05a"
      }
    },
    "stone": {
      "textures": [
        "textures/blocks/stone",
        "textures/blocks/stone_granite",
        "textures/blocks/stone_granite_smooth",
        "textures/blocks/stone_diorite",
        "textures/blocks/stone_diorite_smooth",
        "textures/blocks/stone_andesite",
        "textures/blocks/stone_andesite_smooth"
      ]
    },
    "cobblestone": {
      "textures": "textures/blocks/cobblestone"
    },
    "cobblestone_mossy": {
      "textures": "textures/blocks/cobblestone_mossy"
    },
    "cobblestone_wall": {
      "textures": [
        "textures/blocks/cobblestone",
        "textures/blocks/cobblestone_mossy"
      ]
    },
    "stonebrick": {
      "textures": [
        "textures/blocks/stonebrick",
        "textures/blocks/stonebrick_mossy",
        "textures/blocks/stonebrick_cracked",
        "textures/blocks/stonebrick_carved"
      ]
    },
    "monster_egg": {
      "textures": [
        "textures/blocks/cobblestone",
        "textures/blocks/stonebrick",
        "textures/blocks/stonebrick_mossy",
        "textures/blocks/stonebrick_cracked",
        "textures/blocks/stonebrick_carved",
        "textures/blocks/stone"
      ]
    },
    "bedrock": {
      "textures": "textures/blocks/bedrock"
    },
    "obsidian": {
      "textures": "textures/blocks/obsidian"
    },
    "clay": {
      "textures": "textures/blocks/clay"
    },
    "sand": {
      "textures": [
        "textures/blocks/sand",
        "textures/blocks/red_sand"
      ]
    },
    "sandstone_top": {
      "textures": [
        "textures/blocks/sandstone_top",
        "textures/blocks/sandstone_top",
        "textures/blocks/sandstone_top"
      ]
    },
    "sandstone_bottom": {
      "textures": [
        "textures/blocks/sandstone_bottom",
        "textures/blocks/sandstone_bottom",
        "textures/blocks/sandstone_bottom"
      ]
    },
    "sandstone_side": {
      "textures": [
        "textures/blocks/sandstone_normal",
        "textures/blocks/sandstone_carved",
        "textures/blocks/sandstone_smooth"
      ]
    },
    "redsandstone_top": {
      "textures": [
        "textures/blocks/red_sandstone_top",
        "textures/blocks/red_sandstone_top",
        "textures/blocks/red_sandstone_top"
      ]
    },
    "redsandstone_bottom": {
      "textures": [
        "textures/blocks/red_sandstone_bottom",
        "textures/blocks/red_sandstone_bottom",
        "textures/blocks/red_sandstone_bottom"
      ]
    },
    "redsandstone_side": {
      "textures": [
        "textures/blocks/red_sandstone_normal",
        "textures/blocks/red_sandstone_carved",
        "textures/blocks/red_sandstone_smooth"
      ]
    },
    "redsandstone": {
      "textures": "textures/blocks/red_sandstone_normal"
    },
    "gravel": {
      "textures": "textures/blocks/gravel"
    },
    "dirt": {
      "textures": [
        "textures/blocks/dirt"
      ]
    },
    "dirt_podzol_top": {
      "textures": "textures/blocks/dirt_podzol_top"
    },
    "dirt_podzol_bottom": {
      "textures": "textures/blocks/dirt"
    },
    "dirt_podzol_side": {
      "textures": "textures/blocks/dirt_podzol_side"
    },
    "planks": {
      "textures": [
        "textures/blocks/planks_oak",
        "textures/blocks/planks_spruce",
        "textures/blocks/planks_birch",
        "textures/blocks/planks_jungle",
        "textures/blocks/planks_acacia",
        "textures/blocks/planks_big_oak"
      ]
    },
    "sign": {
      "textures": "textures/blocks/planks_oak"
    },
    "wood_oak": {
      "textures": "textures/blocks/planks_oak"
    },
    "wood_spruce": {
      "textures": "textures/blocks/planks_spruce"
    },
    "wood_birch": {
      "textures": "textures/blocks/planks_birch"
    },
    "wood_jungle": {
      "textures": "textures/blocks/planks_jungle"
    },
    "wood_acacia": {
      "textures": "textures/blocks/planks_acacia"
    },
    "wood_big_oak": {
      "textures": "textures/blocks/planks_big_oak"
    },
    "stone_slab_top": {
      "textures": [
        "textures/blocks/stone_slab_top",
        "textures/blocks/sandstone_top",
        "textures/blocks/planks_oak",
        "textures/blocks/cobblestone",
        "textures/blocks/brick",
        "textures/blocks/stonebrick",
        "textures/blocks/quartz_block_bottom",
        "textures/blocks/nether_brick"
      ]
    },
    "stone_slab_bottom": {
      "textures": [
        "textures/blocks/stone_slab_top",
        "textures/blocks/sandstone_top",
        "textures/blocks/planks_oak",
        "textures/blocks/cobblestone",
        "textures/blocks/brick",
        "textures/blocks/stonebrick",
        "textures/blocks/quartz_block_bottom",
        "textures/blocks/nether_brick"
      ]
    },
    "stone_slab_side": {
      "textures": [
        "textures/blocks/stone_slab_side",
        "textures/blocks/sandstone_normal",
        "textures/blocks/planks_oak",
        "textures/blocks/cobblestone",
        "textures/blocks/brick",
        "textures/blocks/stonebrick",
        "textures/blocks/quartz_block_bottom",
        "textures/blocks/nether_brick"
      ]
    },
    "chorus_plant": { 
      "textures": "textures/blocks/chorus_plant" 
    }, 
    "chorus_flower": { 
      "textures": [ 
        "textures/blocks/chorus_flower", 
        "textures/blocks/chorus_flower_dead" 
      ] 
    }, 
    "stone_slab_top_2": {
      "textures": [
        "textures/blocks/red_sandstone_top",
        "textures/blocks/purpur_block"
      ]
    },
    "stone_slab_bottom_2": {
      "textures": [
        "textures/blocks/red_sandstone_top",
        "textures/blocks/purpur_block"
      ]
    },
    "stone_slab_side_2": {
      "textures": [
        "textures/blocks/red_sandstone_normal",
        "textures/blocks/purpur_block"
      ]
    },
    "stone_slab": {
      "textures": [
        "textures/blocks/stone_slab_top",
        "textures/blocks/stone_slab_side"
      ]
    },
    "brick": {
      "textures": "textures/blocks/brick"
    },
    "tnt_top": {
      "textures": "textures/blocks/tnt_top"
    },
    "tnt_bottom": {
      "textures": "textures/blocks/tnt_bottom"
    },
    "tnt_side": {
      "textures": "textures/blocks/tnt_side"
    },
    "bookshelf_top": {
      "textures": "textures/blocks/planks_oak"
    },
    "bookshelf": {
      "textures": "textures/blocks/bookshelf"
    },
    "web": {
      "textures": "textures/blocks/web"
    },
    "flower_dandelion": {
      "textures": "textures/blocks/flower_dandelion"
    },
    "flower_rose": {
      "textures": [
        "textures/blocks/flower_rose"
      ]
    },
	"flower_blue_orchid": {
      "textures": [
        "textures/blocks/flower_blue_orchid"
      ]
    },
	"flower_allium": {
      "textures": [
        "textures/blocks/flower_allium"
      ]
    },
	"flower_houstonia": {
      "textures": [
        "textures/blocks/flower_houstonia"
      ]
    },
	"flower_tulip_red": {
      "textures": [
        "textures/blocks/flower_tulip_red"
      ]
    },
	"flower_tulip_orange": {
      "textures": [
        "textures/blocks/flower_tulip_orange"
      ]
    },
	"flower_tulip_white": {
      "textures": [
        "textures/blocks/flower_tulip_white"
      ]
    },
	"flower_tulip_pink": {
      "textures": [
        "textures/blocks/flower_tulip_pink"
      ]
    },
	"flower_oxeye_daisy": {
      "textures": [
        "textures/blocks/flower_oxeye_daisy"
      ]
    },
    "double_plant_grass_bottom": {
      "textures": [
        "textures/blocks/double_plant_grass_bottom"
      ]
    },
	"double_plant_sunflower_bottom": {
      "textures": [
        "textures/blocks/double_plant_sunflower_bottom"
      ]
    },
	"double_plant_syringa_bottom": {
      "textures": [
        "textures/blocks/double_plant_syringa_bottom"
      ]
    },
	"double_plant_fern_bottom": {
      "textures": [
        "textures/blocks/double_plant_fern_bottom"
      ]
    },
	"double_plant_rose_bottom": {
      "textures": [
        "textures/blocks/double_plant_rose_bottom"
      ]
    },
	"double_plant_paeonia_bottom": {
      "textures": [
        "textures/blocks/double_plant_paeonia_bottom"
      ]
    },
    "double_plant_sunflower_top": {
      "textures": [
        "textures/blocks/double_plant_sunflower_top"
      ]
    },
	"double_plant_syringa_top": {
      "textures": [
        "textures/blocks/double_plant_syringa_top"
      ]
    },
	"double_plant_grass_top": {
      "textures": [
        "textures/blocks/double_plant_grass_top"
      ]
    },
	"double_plant_fern_top": {
      "textures": [
        "textures/blocks/double_plant_fern_top"
      ]
    },
	"double_plant_rose_top": {
      "textures": [
        "textures/blocks/double_plant_rose_top"
      ]
    },
	"double_plant_paeonia_top": {
      "textures": [
        "textures/blocks/double_plant_paeonia_top"
      ]
    },
    "double_plant_carried": {
      "textures": [
        "textures/blocks/double_plant_sunflower_front",
        "textures/blocks/double_plant_syringa_top",
        "textures/blocks/double_plant_grass_carried",
        "textures/blocks/double_plant_fern_carried",
        "textures/blocks/double_plant_rose_top",
        "textures/blocks/double_plant_paeonia_top"
      ]
    },
    "sunflower_additional": {
      "textures": [
        "textures/blocks/double_plant_sunflower_front",
        "textures/blocks/double_plant_sunflower_back"
      ]
    },
    "sapling": {
      "textures": [
        "textures/blocks/sapling_oak",
        "textures/blocks/sapling_spruce",
        "textures/blocks/sapling_birch",
        "textures/blocks/sapling_jungle",
        "textures/blocks/sapling_acacia",
        "textures/blocks/sapling_roofed_oak"
      ]
    },
    "log_top": {
      "textures": [
        "textures/blocks/log_oak_top",
        "textures/blocks/log_spruce_top",
        "textures/blocks/log_birch_top",
        "textures/blocks/log_jungle_top"
      ]
    },
    "log_side": {
      "textures": [
        "textures/blocks/log_oak",
        "textures/blocks/log_spruce",
        "textures/blocks/log_birch",
        "textures/blocks/log_jungle"
      ]
    },
    "log2": {
      "textures": [
        "textures/blocks/log_acacia",
        "textures/blocks/log_acacia_top",
        "textures/blocks/log_big_oak",
        "textures/blocks/log_big_oak_top"
      ]
    },
    "log_top2": {
      "textures": [
        "textures/blocks/log_acacia_top",
        "textures/blocks/log_big_oak_top"
      ]
    },
    "log_side2": {
      "textures": [
        "textures/blocks/log_acacia",
        "textures/blocks/log_big_oak"
      ]
    },
    "iron_block": {
      "textures": "textures/blocks/iron_block"
    },
    "gold_block": {
      "textures": "textures/blocks/gold_block"
    },
    "diamond_block": {
      "textures": "textures/blocks/diamond_block"
    },
    "coal_block": {
      "textures": "textures/blocks/coal_block"
    },
    "lapis_block": {
      "textures": "textures/blocks/lapis_block"
    },
    "emerald_block": {
      "textures": "textures/blocks/emerald_block"
    },
    "redstone_block": {
      "textures": "textures/blocks/redstone_block"
    },
    "quartz_block_top": {
      "textures": [
        "textures/blocks/quartz_block_top",
        "textures/blocks/quartz_block_chiseled_top",
        "textures/blocks/quartz_block_lines_top"
      ]
    },
    "quartz_block_bottom": {
      "textures": [
        "textures/blocks/quartz_block_bottom",
        "textures/blocks/quartz_block_bottom",
        "textures/blocks/quartz_block_bottom"
      ]
    },
    "quartz_block_side": {
      "textures": [
        "textures/blocks/quartz_block_side",
        "textures/blocks/quartz_block_chiseled",
        "textures/blocks/quartz_block_lines"
      ]
    },
    "stair_quartz_block_top": {
      "textures": "textures/blocks/quartz_block_top"
    },
    "stair_quartz_block_bottom": {
      "textures": "textures/blocks/quartz_block_bottom"
    },
    "stair_quartz_block_side": {
      "textures": "textures/blocks/quartz_block_side"
    },
    "purpur_block_top": { 
      "textures": [ 
        "textures/blocks/purpur_block", 
        "textures/blocks/purpur_block", 
        "textures/blocks/purpur_pillar_top" 
      ] 
    }, 
    "purpur_block_bottom": { 
      "textures": [ 
        "textures/blocks/purpur_block", 
        "textures/blocks/purpur_block", 
        "textures/blocks/purpur_pillar_top" 
      ] 
    }, 
    "purpur_block_side": { 
      "textures": [ 
        "textures/blocks/purpur_block", 
        "textures/blocks/purpur_block", 
        "textures/blocks/purpur_pillar" 
      ] 
    }, 
    "stair_purpur_block": { 
      "textures": "textures/blocks/purpur_block" 
    }, 
    "structure_block": { 
      "textures": [ 
        "textures/blocks/structure_block", 
        "textures/blocks/structure_block_data", 
        "textures/blocks/structure_block_save", 
        "textures/blocks/structure_block_load", 
        "textures/blocks/structure_block_corner" 
      ] 
    }, 
    "structure_void": { 
      "textures": [ 
        "textures/blocks/structure_void", 
        "textures/blocks/structure_air" 
      ] 
    }, 
    "mushroom_red": {
      "textures": "textures/blocks/mushroom_red"
    },
    "mushroom_brown": {
      "textures": "textures/blocks/mushroom_brown"
    },
    "gold_ore": {
      "textures": "textures/blocks/gold_ore"
    },
    "iron_ore": {
      "textures": "textures/blocks/iron_ore"
    },
    "coal_ore": {
      "textures": "textures/blocks/coal_ore"
    },
    "lapis_ore": {
      "textures": "textures/blocks/lapis_ore"
    },
    "diamond_ore": {
      "textures": "textures/blocks/diamond_ore"
    },
    "redstone_ore": {
      "textures": "textures/blocks/redstone_ore"
    },
    "emerald_ore": {
      "textures": "textures/blocks/emerald_ore"
    },
    "quartz_ore": {
      "textures": "textures/blocks/quartz_ore"
    },
    "tallgrass": {
      "textures": [
        "textures/blocks/tallgrass"
      ]
    },
	"fern": {
      "textures": [
        "textures/blocks/fern"
      ]
    },
    "fern_carried": {
      "textures": [
        "textures/blocks/fern_carried"
      ]
    },
	"tallgrass_carried": {
      "textures": [
        "textures/blocks/tallgrass_carried"
      ]
    },
    "deadbush": {
      "textures": "textures/blocks/deadbush"
    },
    "crafting_table_top": {
      "textures": "textures/blocks/crafting_table_top"
    },
    "crafting_table_bottom": {
      "textures": "textures/blocks/planks_oak"
    },
    "crafting_table_side": {
      "textures": "textures/blocks/crafting_table_side"
    },
    "crafting_table_front": {
      "textures": "textures/blocks/crafting_table_front"
    },
    "furnace": {
      "textures": [
        "textures/blocks/furnace_front_off",
        "textures/blocks/furnace_front_on",
        "textures/blocks/furnace_side",
        "textures/blocks/furnace_top"
      ]
    },
    "furnace_front": {
      "textures": [
        "textures/blocks/furnace_front_off",
        "textures/blocks/furnace_front_on"
      ]
    },
    "furnace_front_off": {
      "textures": "textures/blocks/furnace_front_off"
    },
    "furnace_front_on": {
      "textures": "textures/blocks/furnace_front_on"
    },
    "furnace_top": {
      "textures": [
        "textures/blocks/furnace_top",
        "textures/blocks/furnace_top"
      ]
    },
    "furnace_side": {
      "textures": [
        "textures/blocks/furnace_side",
        "textures/blocks/furnace_side"
      ]
    },
    "stonecutter_top": {
      "textures": [
        "textures/blocks/stonecutter_top"
      ]
    },
    "stonecutter_bottom": {
      "textures": [
        "textures/blocks/stonecutter_bottom"
      ]
    },
    "stonecutter_side": {
      "textures": [
        "textures/blocks/stonecutter_side"
      ]
    },
    "stonecutter_other_side": {
      "textures": [
        "textures/blocks/stonecutter_other_side"
      ]
    },
    "sponge": {
      "textures": [
        "textures/blocks/sponge",
        "textures/blocks/sponge_wet"
      ]
    },
    "glass": {
      "textures": "textures/blocks/glass"
    },
    "glass_pane_top": {
      "textures": "textures/blocks/glass_pane_top"
    },
    "leaves_oak": {
      "textures": [
        "textures/blocks/leaves_oak"
      ]
    },
	"leaves_spruce": {
      "textures": [
        "textures/blocks/leaves_spruce"
      ]
    },
	"leaves_birch": {
      "textures": [
        "textures/blocks/leaves_birch"
      ]
    },
	"leaves_jungle": {
      "textures": [
        "textures/blocks/leaves_jungle"
      ]
    },
	"leaves_opaque": {
      "textures": [
        "textures/blocks/leaves_oak_opaque",
        "textures/blocks/leaves_spruce_opaque",
        "textures/blocks/leaves_birch_opaque",
        "textures/blocks/leaves_acacia_opaque",
        "textures/blocks/leaves_big_oak_opaque",
        "textures/blocks/leaves_jungle_opaque"
      ]
    },
    "leaves_carried": {
      "textures": [
        "textures/blocks/leaves_oak_carried",
        "textures/blocks/leaves_spruce_carried",
        "textures/blocks/leaves_birch_carried",
        "textures/blocks/leaves_jungle_carried",
        "textures/blocks/leaves_acacia_carried",
        "textures/blocks/leaves_big_oak_carried"
      ]
    },
	"leaves_acacia": {
      "textures": [
        "textures/blocks/leaves_acacia"
      ]
    },
	"leaves_big_oak": {
      "textures": [
        "textures/blocks/leaves_big_oak"
      ]
    },
    "mob_spawner": {
      "textures": "textures/blocks/mob_spawner"
    },
    "snow": {
      "textures": "textures/blocks/snow"
    },
    "ice": {
      "textures": "textures/blocks/ice"
    },
    "ice_packed": {
      "textures": "textures/blocks/ice_packed"
    },
    "cactus_top": {
      "textures": "textures/blocks/cactus_top"
    },
    "cactus_side": {
      "textures": "textures/blocks/cactus_side"
    },
    "cactus_bottom": {
      "textures": "textures/blocks/cactus_bottom"
    },
    "reeds": {
      "textures": "textures/blocks/reeds"
    },
    "jukebox_side": {
      "textures": "textures/blocks/jukebox_side"
    },
    "jukebox_top": {
      "textures": "textures/blocks/jukebox_top"
    },
    "waterlily": {
      "textures": "textures/blocks/waterlily"
    },
    "waterlily_carried": {
      "textures": "textures/blocks/carried_waterlily"
    },
    "mycelium_top": {
      "textures": [
        "textures/blocks/mycelium_top",
        "textures/blocks/mycelium_top"
      ]
    },
    "mycelium_bottom": {
      "textures": [
        "textures/blocks/dirt",
        "textures/blocks/dirt"
      ]
    },
    "mycelium_side": {
      "textures": [
        "textures/blocks/mycelium_side",
        "textures/blocks/grass_side_snowed"
      ]
    },
    "torch_on": {
      "textures": "textures/blocks/torch_on"
    },
    "redstone_torch_on": {
      "textures": "textures/blocks/redstone_torch_on"
    },
    "redstone_torch_off": {
      "textures": "textures/blocks/redstone_torch_off"
    },
    "door_lower": {
      "textures": [
        "textures/blocks/door_wood_lower",
        "textures/blocks/door_spruce_lower",
        "textures/blocks/door_birch_lower",
        "textures/blocks/door_jungle_lower",
        "textures/blocks/door_acacia_lower",
        "textures/blocks/door_dark_oak_lower",
        "textures/blocks/door_iron_lower"
      ]
    },
    "door_upper": {
      "textures": [
        "textures/blocks/door_wood_upper",
        "textures/blocks/door_spruce_upper",
        "textures/blocks/door_birch_upper",
        "textures/blocks/door_jungle_upper",
        "textures/blocks/door_acacia_upper",
        "textures/blocks/door_dark_oak_upper",
        "textures/blocks/door_iron_upper"
      ]
    },
    "ladder": {
      "textures": "textures/blocks/ladder"
    },
    "trapdoor": {
      "textures": "textures/blocks/trapdoor"
    },
    "iron_trapdoor": {
      "textures": "textures/blocks/iron_trapdoor"
    },
    "iron_bars": {
      "textures": "textures/blocks/iron_bars"
    },
    "iron_bars_edge": {
      "textures": "textures/blocks/iron_bars"
    },
    "farmland": {
      "textures": [
        "textures/blocks/farmland_wet",
        "textures/blocks/farmland_dry"
      ]
    },
    "wheat_stage_0": {
      "textures": [
        "textures/blocks/wheat_stage_0"
      ]
    },
	"wheat_stage_1": {
      "textures": [
        "textures/blocks/wheat_stage_1"
      ]
    },
	"wheat_stage_2": {
      "textures": [
        "textures/blocks/wheat_stage_2"
      ]
    },
	"wheat_stage_3": {
      "textures": [
        "textures/blocks/wheat_stage_3"
      ]
    },
	"wheat_stage_4": {
      "textures": [
        "textures/blocks/wheat_stage_4"
      ]
    },
	"wheat_stage_5": {
      "textures": [
        "textures/blocks/wheat_stage_5"
      ]
    },
	"wheat_stage_6": {
      "textures": [
        "textures/blocks/wheat_stage_6"
      ]
    },
	"wheat_stage_7": {
      "textures": [
        "textures/blocks/wheat_stage_7"
      ]
    },
    "grass_path_top": {
      "textures": [
        "textures/blocks/grass_path_top"
      ]
    },
    "grass_path_side": {
      "textures": [
        "textures/blocks/grass_path_side"
      ]
    },
    "lever": {
      "textures": "textures/blocks/lever"
    },
    "lever_particle": {
      "textures": "textures/blocks/cobblestone"
    },
    "pumpkin_top": {
      "textures": [
        "textures/blocks/pumpkin_top",
        "textures/blocks/pumpkin_top"
      ]
    },
    "pumpkin_side": {
      "textures": [
        "textures/blocks/pumpkin_side",
        "textures/blocks/pumpkin_side"
      ]
    },
    "pumpkin_face": {
      "textures": [
        "textures/blocks/pumpkin_face_off",
        "textures/blocks/pumpkin_face_on"
      ]
    },
    "netherrack": {
      "textures": "textures/blocks/netherrack"
    },
    "nether_brick": {
      "textures": "textures/blocks/nether_brick"
    },
    "nether_wart_stage_0": {
      "textures": [
        "textures/blocks/nether_wart_stage_0"
      ]
    },
	"nether_wart_stage_1": {
      "textures": [
        "textures/blocks/nether_wart_stage_1"
      ]
    },
	"nether_wart_stage_2": {
      "textures": [
        "textures/blocks/nether_wart_stage_2"
      ]
    },
    "soul_sand": {
      "textures": "textures/blocks/soul_sand"
    },
    "skull": {
      "textures": "textures/blocks/soul_sand"
    },
    "glowstone": {
      "textures": "textures/blocks/glowstone"
    },
    "piston_top": {
      "textures": [
        "textures/blocks/piston_inner"
      ]
    },
    "piston_top_sticky": {
      "textures": [
        "textures/blocks/piston_top_sticky"
      ]
    },
    "piston_top_normal": {
      "textures": [
        "textures/blocks/piston_top_normal"
      ]
    },
    "piston_side": {
      "textures": [
        "textures/blocks/piston_side"
      ]
    },
    "piston_bottom": {
      "textures": [
        "textures/blocks/piston_bottom"
      ]
    },
    "observer_north": {
      "textures": [
        "textures/blocks/observer_front"
      ]
    },
    "observer_south": {
      "textures": [
        "textures/blocks/observer_back"
      ]
    },
    "observer_east": {
      "textures": [
        "textures/blocks/observer_side"
      ]
    },
    "observer_west": {
      "textures": [
        "textures/blocks/observer_side"
      ]
    },
    "observer_top": {
      "textures": [
        "textures/blocks/observer_top"
      ]
    },
    "observer_bottom": {
      "textures": [
        "textures/blocks/observer_top"
      ]
    },
    "melon_top": {
      "textures": "textures/blocks/melon_top"
    },
    "melon_side": {
      "textures": "textures/blocks/melon_side"
    },
    "melon_stem": {
      "textures": [
        "textures/blocks/melon_stem_disconnected",
        "textures/blocks/melon_stem_connected"
      ]
    },
    "pumpkin_stem": {
      "textures": [
        "textures/blocks/pumpkin_stem_disconnected",
        "textures/blocks/pumpkin_stem_connected"
      ]
    },
    "rail_normal": {
      "textures": "textures/blocks/rail_normal"
    },
    "rail_normal_turned": {
      "textures": "textures/blocks/rail_normal_turned"
    },
    "rail_golden": {
      "textures": "textures/blocks/rail_golden"
    },
    "rail_golden_powered": {
      "textures": "textures/blocks/rail_golden_powered"
    },
    "rail_detector": {
      "textures": "textures/blocks/rail_detector"
    },
    "rail_detector_powered": {
      "textures": "textures/blocks/rail_detector_powered"
    },
    "rail_activator": {
      "textures": "textures/blocks/rail_activator"
    },
    "rail_activator_powered": {
      "textures": "textures/blocks/rail_activator_powered"
    },
    "bed_top": {
      "textures": [
        "textures/blocks/bed_feet_top",
        "textures/blocks/bed_head_top"
      ]
    },
    "bed_bottom": {
      "textures": [
        "textures/blocks/planks_oak",
        "textures/blocks/planks_oak"
      ]
    },
    "bed_north": {
      "textures": [
        "textures/blocks/bed_feet_top",
        "textures/blocks/bed_head_end"
      ]
    },
    "bed_south": {
      "textures": [
        "textures/blocks/bed_feet_end",
        "textures/blocks/bed_head_top"
      ]
    },
    "bed_west": {
      "textures": [
        "textures/blocks/bed_feet_side",
        "textures/blocks/bed_head_side"
      ]
    },
    "bed_east": {
      "textures": [
        "textures/blocks/bed_feet_side",
        "textures/blocks/bed_head_side"
      ]
    },
    "cauldron_top": {
      "textures": "textures/blocks/cauldron_top"
    },
    "cauldron_inner": {
      "textures": "textures/blocks/cauldron_inner"
    },
    "cauldron_side": {
      "textures": "textures/blocks/cauldron_side"
    },
    "cauldron_bottom": {
      "textures": "textures/blocks/cauldron_bottom"
    },
    "brewing_stand_base": {
      "textures": "textures/blocks/brewing_stand_base"
    },
    "brewing_stand": {
      "textures": "textures/blocks/brewing_stand"
    },
    "cake_top": {
      "textures": [
        "textures/blocks/cake_top",
        "textures/blocks/cake_top"
      ]
    },
    "cake_bottom": {
      "textures": [
        "textures/blocks/cake_bottom",
        "textures/blocks/cake_bottom"
      ]
    },
    "cake_west": {
      "textures": [
        "textures/blocks/cake_side",
        "textures/blocks/cake_inner"
      ]
    },
    "cake_side": {
      "textures": [
        "textures/blocks/cake_side",
        "textures/blocks/cake_side"
      ]
    },
    "mushroom_block": {
      "textures": [
        "textures/blocks/mushroom_block_skin_brown",
        "textures/blocks/mushroom_block_skin_red",
        "textures/blocks/mushroom_block_inside",
        "textures/blocks/mushroom_block_skin_stem"
      ]
    },
    "mushroom_red_top": {
      "textures": [
        "textures/blocks/mushroom_block_inside",
        "textures/blocks/mushroom_block_skin_red",
        "textures/blocks/mushroom_block_skin_red",
        "textures/blocks/mushroom_block_skin_red",
        "textures/blocks/mushroom_block_skin_red",
        "textures/blocks/mushroom_block_skin_red",
        "textures/blocks/mushroom_block_skin_red",
        "textures/blocks/mushroom_block_skin_red",
        "textures/blocks/mushroom_block_skin_red",
        "textures/blocks/mushroom_block_skin_red",
        "textures/blocks/mushroom_block_inside",
        "textures/blocks/mushroom_block_inside",
        "textures/blocks/mushroom_block_inside",
        "textures/blocks/mushroom_block_inside",
        "textures/blocks/mushroom_block_skin_red",
        "textures/blocks/mushroom_block_skin_stem"
      ]
    },
    "mushroom_red_bottom": {
      "textures": [
        "textures/blocks/mushroom_block_inside",
        "textures/blocks/mushroom_block_inside",
        "textures/blocks/mushroom_block_inside",
        "textures/blocks/mushroom_block_inside",
        "textures/blocks/mushroom_block_inside",
        "textures/blocks/mushroom_block_inside",
        "textures/blocks/mushroom_block_inside",
        "textures/blocks/mushroom_block_inside",
        "textures/blocks/mushroom_block_inside",
        "textures/blocks/mushroom_block_inside",
        "textures/blocks/mushroom_block_inside",
        "textures/blocks/mushroom_block_inside",
        "textures/blocks/mushroom_block_inside",
        "textures/blocks/mushroom_block_inside",
        "textures/blocks/mushroom_block_skin_red",
        "textures/blocks/mushroom_block_skin_stem"
      ]
    },
    "mushroom_red_north": {
      "textures": [
        "textures/blocks/mushroom_block_inside",
        "textures/blocks/mushroom_block_skin_red",
        "textures/blocks/mushroom_block_skin_red",
        "textures/blocks/mushroom_block_skin_red",
        "textures/blocks/mushroom_block_inside",
        "textures/blocks/mushroom_block_inside",
        "textures/blocks/mushroom_block_inside",
        "textures/blocks/mushroom_block_inside",
        "textures/blocks/mushroom_block_inside",
        "textures/blocks/mushroom_block_inside",
        "textures/blocks/mushroom_block_skin_stem",
        "textures/blocks/mushroom_block_inside",
        "textures/blocks/mushroom_block_inside",
        "textures/blocks/mushroom_block_inside",
        "textures/blocks/mushroom_block_skin_red",
        "textures/blocks/mushroom_block_skin_stem"
      ]
    },
    "mushroom_red_south": {
      "textures": [
        "textures/blocks/mushroom_block_inside",
        "textures/blocks/mushroom_block_inside",
        "textures/blocks/mushroom_block_inside",
        "textures/blocks/mushroom_block_inside",
        "textures/blocks/mushroom_block_inside",
        "textures/blocks/mushroom_block_inside",
        "textures/blocks/mushroom_block_inside",
        "textures/blocks/mushroom_block_skin_red",
        "textures/blocks/mushroom_block_skin_red",
        "textures/blocks/mushroom_block_skin_red",
        "textures/blocks/mushroom_block_skin_stem",
        "textures/blocks/mushroom_block_inside",
        "textures/blocks/mushroom_block_inside",
        "textures/blocks/mushroom_block_inside",
        "textures/blocks/mushroom_block_skin_red",
        "textures/blocks/mushroom_block_skin_stem"
      ]
    },
    "mushroom_red_west": {
      "textures": [
        "textures/blocks/mushroom_block_inside",
        "textures/blocks/mushroom_block_skin_red",
        "textures/blocks/mushroom_block_inside",
        "textures/blocks/mushroom_block_inside",
        "textures/blocks/mushroom_block_skin_red",
        "textures/blocks/mushroom_block_inside",
        "textures/blocks/mushroom_block_inside",
        "textures/blocks/mushroom_block_skin_red",
        "textures/blocks/mushroom_block_inside",
        "textures/blocks/mushroom_block_inside",
        "textures/blocks/mushroom_block_skin_stem",
        "textures/blocks/mushroom_block_inside",
        "textures/blocks/mushroom_block_inside",
        "textures/blocks/mushroom_block_inside",
        "textures/blocks/mushroom_block_skin_red",
        "textures/blocks/mushroom_block_skin_stem"
      ]
    },
    "mushroom_red_east": {
      "textures": [
        "textures/blocks/mushroom_block_inside",
        "textures/blocks/mushroom_block_inside",
        "textures/blocks/mushroom_block_inside",
        "textures/blocks/mushroom_block_skin_red",
        "textures/blocks/mushroom_block_inside",
        "textures/blocks/mushroom_block_inside",
        "textures/blocks/mushroom_block_skin_red",
        "textures/blocks/mushroom_block_inside",
        "textures/blocks/mushroom_block_inside",
        "textures/blocks/mushroom_block_skin_red",
        "textures/blocks/mushroom_block_skin_stem",
        "textures/blocks/mushroom_block_inside",
        "textures/blocks/mushroom_block_inside",
        "textures/blocks/mushroom_block_inside",
        "textures/blocks/mushroom_block_skin_red",
        "textures/blocks/mushroom_block_skin_stem"
      ]
    },
    "mushroom_brown_top": {
      "textures": [
        "textures/blocks/mushroom_block_inside",
        "textures/blocks/mushroom_block_skin_brown",
        "textures/blocks/mushroom_block_skin_brown",
        "textures/blocks/mushroom_block_skin_brown",
        "textures/blocks/mushroom_block_skin_brown",
        "textures/blocks/mushroom_block_skin_brown",
        "textures/blocks/mushroom_block_skin_brown",
        "textures/blocks/mushroom_block_skin_brown",
        "textures/blocks/mushroom_block_skin_brown",
        "textures/blocks/mushroom_block_skin_brown",
        "textures/blocks/mushroom_block_inside",
        "textures/blocks/mushroom_block_inside",
        "textures/blocks/mushroom_block_inside",
        "textures/blocks/mushroom_block_inside",
        "textures/blocks/mushroom_block_skin_brown",
        "textures/blocks/mushroom_block_skin_stem"
      ]
    },
    "mushroom_brown_bottom": {
      "textures": [
        "textures/blocks/mushroom_block_inside",
        "textures/blocks/mushroom_block_inside",
        "textures/blocks/mushroom_block_inside",
        "textures/blocks/mushroom_block_inside",
        "textures/blocks/mushroom_block_inside",
        "textures/blocks/mushroom_block_inside",
        "textures/blocks/mushroom_block_inside",
        "textures/blocks/mushroom_block_inside",
        "textures/blocks/mushroom_block_inside",
        "textures/blocks/mushroom_block_inside",
        "textures/blocks/mushroom_block_inside",
        "textures/blocks/mushroom_block_inside",
        "textures/blocks/mushroom_block_inside",
        "textures/blocks/mushroom_block_inside",
        "textures/blocks/mushroom_block_skin_brown",
        "textures/blocks/mushroom_block_skin_stem"
      ]
    },
    "mushroom_brown_north": {
      "textures": [
        "textures/blocks/mushroom_block_inside",
        "textures/blocks/mushroom_block_skin_brown",
        "textures/blocks/mushroom_block_skin_brown",
        "textures/blocks/mushroom_block_skin_brown",
        "textures/blocks/mushroom_block_inside",
        "textures/blocks/mushroom_block_inside",
        "textures/blocks/mushroom_block_inside",
        "textures/blocks/mushroom_block_inside",
        "textures/blocks/mushroom_block_inside",
        "textures/blocks/mushroom_block_inside",
        "textures/blocks/mushroom_block_skin_stem",
        "textures/blocks/mushroom_block_inside",
        "textures/blocks/mushroom_block_inside",
        "textures/blocks/mushroom_block_inside",
        "textures/blocks/mushroom_block_skin_brown",
        "textures/blocks/mushroom_block_skin_stem"
      ]
    },
    "mushroom_brown_south": {
      "textures": [
        "textures/blocks/mushroom_block_inside",
        "textures/blocks/mushroom_block_inside",
        "textures/blocks/mushroom_block_inside",
        "textures/blocks/mushroom_block_inside",
        "textures/blocks/mushroom_block_inside",
        "textures/blocks/mushroom_block_inside",
        "textures/blocks/mushroom_block_inside",
        "textures/blocks/mushroom_block_skin_brown",
        "textures/blocks/mushroom_block_skin_brown",
        "textures/blocks/mushroom_block_skin_brown",
        "textures/blocks/mushroom_block_skin_stem",
        "textures/blocks/mushroom_block_inside",
        "textures/blocks/mushroom_block_inside",
        "textures/blocks/mushroom_block_inside",
        "textures/blocks/mushroom_block_skin_brown",
        "textures/blocks/mushroom_block_skin_stem"
      ]
    },
    "mushroom_brown_west": {
      "textures": [
        "textures/blocks/mushroom_block_inside",
        "textures/blocks/mushroom_block_skin_brown",
        "textures/blocks/mushroom_block_inside",
        "textures/blocks/mushroom_block_inside",
        "textures/blocks/mushroom_block_skin_brown",
        "textures/blocks/mushroom_block_inside",
        "textures/blocks/mushroom_block_inside",
        "textures/blocks/mushroom_block_skin_brown",
        "textures/blocks/mushroom_block_inside",
        "textures/blocks/mushroom_block_inside",
        "textures/blocks/mushroom_block_skin_stem",
        "textures/blocks/mushroom_block_inside",
        "textures/blocks/mushroom_block_inside",
        "textures/blocks/mushroom_block_inside",
        "textures/blocks/mushroom_block_skin_brown",
        "textures/blocks/mushroom_block_skin_stem"
      ]
    },
    "mushroom_brown_east": {
      "textures": [
        "textures/blocks/mushroom_block_inside",
        "textures/blocks/mushroom_block_inside",
        "textures/blocks/mushroom_block_inside",
        "textures/blocks/mushroom_block_skin_brown",
        "textures/blocks/mushroom_block_inside",
        "textures/blocks/mushroom_block_inside",
        "textures/blocks/mushroom_block_skin_brown",
        "textures/blocks/mushroom_block_inside",
        "textures/blocks/mushroom_block_inside",
        "textures/blocks/mushroom_block_skin_brown",
        "textures/blocks/mushroom_block_skin_stem",
        "textures/blocks/mushroom_block_inside",
        "textures/blocks/mushroom_block_inside",
        "textures/blocks/mushroom_block_inside",
        "textures/blocks/mushroom_block_skin_brown",
        "textures/blocks/mushroom_block_skin_stem"
      ]
    },
    "vine": {
      "textures": "textures/blocks/vine"
    },
    "vine_carried": {
      "textures": "textures/blocks/vine_carried"
    },
    "repeater_torch": {
      "textures": [
        "textures/blocks/redstone_torch_off",
        "textures/blocks/redstone_torch_on"
      ]
    },
    "repeater_up": {
      "textures": [
        "textures/blocks/repeater_off",
        "textures/blocks/repeater_on"
      ]
    },
    "repeater_floor": {
      "textures": [
        "textures/blocks/stone_slab_top",
        "textures/blocks/stone_slab_top"
      ]
    },
    "end_bricks": { 
      "textures": "textures/blocks/end_bricks" 
    }, 
    "end_stone": {
      "textures": "textures/blocks/end_stone"
    },
    "end_rod": { 
      "blockshape": "end_rod", 
      "textures": "textures/blocks/end_rod" 
    },     
    "endframe_top": {
      "textures": "textures/blocks/endframe_top"
    },
    "endframe_bottom": {
      "textures": "textures/blocks/end_stone"
    },
    "endframe_side": {
      "textures": "textures/blocks/endframe_side"
    },
    "endframe_eye": {
      "textures": "textures/blocks/endframe_eye"
    },
    "redstone_dust_cross": {
      "textures": "textures/blocks/redstone_dust_cross"
    },
    "redstone_dust_line": {
      "textures": "textures/blocks/redstone_dust_line"
    },
    "redstone_lamp_off": {
      "textures": "textures/blocks/redstone_lamp_off"
    },
    "redstone_lamp_on": {
      "textures": "textures/blocks/redstone_lamp_on"
    },
    "enchanting_table_bottom": {
      "textures": "textures/blocks/enchanting_table_bottom"
    },
    "enchanting_table_side": {
      "textures": "textures/blocks/enchanting_table_side"
    },
    "enchanting_table_top": {
      "textures": "textures/blocks/enchanting_table_top"
    },
    "dragon_egg": {
      "textures": "textures/blocks/dragon_egg"
    },
    "hayblock_top": {
      "textures": "textures/blocks/hay_block_top"
    },
    "hayblock_side": {
      "textures": "textures/blocks/hay_block_side"
    },
    "cocoa": {
      "textures": [
        "textures/blocks/cocoa_stage_0",
        "textures/blocks/cocoa_stage_1",
        "textures/blocks/cocoa_stage_2"
      ]
    },
    "trip_wire": {
      "textures": "textures/blocks/trip_wire"
    },
    "trip_wire_source": {
      "textures": "textures/blocks/trip_wire_source"
    },
    "trip_wire_base": {
      "textures": "textures/blocks/planks_oak"
    },
    "command_block": {
      "textures": "textures/blocks/command_block"
    },
    "itemframe_background": {
      "textures": "textures/blocks/itemframe_background"
    },
    "flower_pot": {
      "textures": "textures/blocks/flower_pot"
    },
    "carrots_stage_0": {
      "textures": [
        "textures/blocks/carrots_stage_0"
      ]
    },
	"carrots_stage_1": {
      "textures": [
        "textures/blocks/carrots_stage_1"
      ]
    },
	"carrots_stage_2": {
      "textures": [
        "textures/blocks/carrots_stage_2"
      ]
    },
	"carrots_stage_3": {
      "textures": [
        "textures/blocks/carrots_stage_3"
      ]
    },
    "potatoes_stage_0": {
      "textures": [
        "textures/blocks/potatoes_stage_0"
      ]
    },
	"potatoes_stage_1": {
      "textures": [
        "textures/blocks/potatoes_stage_1"
      ]
    },
	"potatoes_stage_2": {
      "textures": [
        "textures/blocks/potatoes_stage_2"
      ]
    },
	"potatoes_stage_3": {
      "textures": [
        "textures/blocks/potatoes_stage_3"
      ]
    },
    "beetroot": {
      "textures": [
        "textures/blocks/beetroots_stage_0",
        "textures/blocks/beetroots_stage_1",
        "textures/blocks/beetroots_stage_2",
        "textures/blocks/beetroots_stage_3"
      ]
    },
    "anvil_base": {
      "textures": [
        "textures/blocks/anvil_base",
        "textures/blocks/anvil_base",
        "textures/blocks/anvil_base",
        "textures/blocks/anvil_base"
      ]
    },
    "anvil_top_damaged_x": {
      "textures": [
        "textures/blocks/anvil_top_damaged_0",
        "textures/blocks/anvil_top_damaged_1",
        "textures/blocks/anvil_top_damaged_2",
        "textures/blocks/anvil_base"
      ]
    },
    "reactor_core": {
      "textures": [
        "textures/blocks/reactor_core_stage_0",
        "textures/blocks/reactor_core_stage_1",
        "textures/blocks/reactor_core_stage_2"
      ]
    },
    "glowing_obsidian": {
      "textures": "textures/blocks/glowing_obsidian"
    },
    "destroy": {
      "textures": [
        "textures/environment/destroy_stage_0",
        "textures/environment/destroy_stage_1",
        "textures/environment/destroy_stage_2",
        "textures/environment/destroy_stage_3",
        "textures/environment/destroy_stage_4",
        "textures/environment/destroy_stage_5",
        "textures/environment/destroy_stage_6",
        "textures/environment/destroy_stage_7",
        "textures/environment/destroy_stage_8",
        "textures/environment/destroy_stage_9"
      ]
    },
    "chest_inventory": {
      "textures": [
        "textures/blocks/chest_top",
        "textures/blocks/chest_side",
        "textures/blocks/chest_front"
      ]
    },
    "chest_inventory_top": {
      "textures": [
        "textures/blocks/chest_top"
      ]
    },
    "chest_inventory_side": {
      "textures": [
        "textures/blocks/chest_side"
      ]
    },
    "chest_inventory_front": {
      "textures": [
        "textures/blocks/chest_front"
      ]
    },
    "trapped_chest_inventory_front": {
      "textures": [
        "textures/blocks/trapped_chest_front"
      ]
    },
    "ender_chest_inventory_top": {
      "textures": [
        "textures/blocks/ender_chest_top"
      ]
    },
    "ender_chest_inventory_side": {
      "textures": [
        "textures/blocks/ender_chest_side"
      ]
    },
    "ender_chest_inventory_front": {
      "textures": [
        "textures/blocks/ender_chest_front"
      ]
    },	
    "missing_tile": {
      "textures": "textures/blocks/missing_tile"
    },
    "flowing_water": {
      "quad": 1,
      "textures": "textures/blocks/water_flow"
    },
    "flowing_lava": {
      "quad": 1,
      "textures": "textures/blocks/lava_flow"
    },
    "wool": {
      "textures": [
        "textures/blocks/wool_colored_white",
        "textures/blocks/wool_colored_orange",
        "textures/blocks/wool_colored_magenta",
        "textures/blocks/wool_colored_light_blue",
        "textures/blocks/wool_colored_yellow",
        "textures/blocks/wool_colored_lime",
        "textures/blocks/wool_colored_pink",
        "textures/blocks/wool_colored_gray",
        "textures/blocks/wool_colored_silver",
        "textures/blocks/wool_colored_cyan",
        "textures/blocks/wool_colored_purple",
        "textures/blocks/wool_colored_blue",
        "textures/blocks/wool_colored_brown",
        "textures/blocks/wool_colored_green",
        "textures/blocks/wool_colored_red",
        "textures/blocks/wool_colored_black"
      ]
    },
    "hardened_clay": {
      "textures": "textures/blocks/hardened_clay"
    },
    "stained_clay": {
      "textures": [
        "textures/blocks/hardened_clay_stained_white",
        "textures/blocks/hardened_clay_stained_orange",
        "textures/blocks/hardened_clay_stained_magenta",
        "textures/blocks/hardened_clay_stained_light_blue",
        "textures/blocks/hardened_clay_stained_yellow",
        "textures/blocks/hardened_clay_stained_lime",
        "textures/blocks/hardened_clay_stained_pink",
        "textures/blocks/hardened_clay_stained_gray",
        "textures/blocks/hardened_clay_stained_silver",
        "textures/blocks/hardened_clay_stained_cyan",
        "textures/blocks/hardened_clay_stained_purple",
        "textures/blocks/hardened_clay_stained_blue",
        "textures/blocks/hardened_clay_stained_brown",
        "textures/blocks/hardened_clay_stained_green",
        "textures/blocks/hardened_clay_stained_red",
        "textures/blocks/hardened_clay_stained_black"
      ]
    },
    "fire_0": {
      "textures": "textures/blocks/fire_0"
    },
    "fire_1": {
      "textures": "textures/blocks/fire_1"
    },
    "still_water": {
      "textures": "textures/blocks/water_still"
    },
    "still_lava": {
      "textures": "textures/blocks/lava_still"
    },
    "cauldron_water": {
      "textures": "textures/blocks/cauldron_water"
    },
    "portal": {
      "textures": "textures/blocks/portal"
    },
    "daylight_detector_side": {
      "textures": [
        "textures/blocks/daylight_detector_side",
        "textures/blocks/daylight_detector_side"
      ]
    },
    "daylight_detector_top": {
      "textures": [
        "textures/blocks/daylight_detector_top",
        "textures/blocks/daylight_detector_inverted_top"
      ]
    },
    "noteblock": {
      "textures": "textures/blocks/noteblock"
    },
    "comparator_off": {
      "textures": [
        "textures/blocks/comparator_off"
      ]
    },
	"comparator_on": {
      "textures": [
        "textures/blocks/comparator_on"
      ]
    },
    "comparator_torch": {
      "textures": [
        "textures/blocks/redstone_torch_off",
        "textures/blocks/redstone_torch_on"
      ]
    },
    "comparator_stone_slab": {
      "textures": "textures/blocks/stone_slab_top"
    },
    "dispenser_front_horizontal": {
      "textures": "textures/blocks/dispenser_front_horizontal"
    },
    "dispenser_front_vertical": {
      "textures": "textures/blocks/dispenser_front_vertical"
    },
    "dispenser_top": {
      "textures": "textures/blocks/furnace_top"
    },
    "dispenser_side": {
      "textures": "textures/blocks/furnace_side"
    },
    "dropper_front_horizontal": {
      "textures": "textures/blocks/dropper_front_horizontal"
    },
    "dropper_front_vertical": {
      "textures": "textures/blocks/dropper_front_vertical"
    },
    "dropper_top": {
      "textures": "textures/blocks/furnace_top"
    },
    "dropper_side": {
      "textures": "textures/blocks/furnace_side"
    },
    "hopper_inside": {
      "textures": "textures/blocks/hopper_inside"
    },
    "hopper_outside": {
      "textures": "textures/blocks/hopper_outside"
    },
    "hopper_top": {
      "textures": "textures/blocks/hopper_top"
    },
    "slime_block": {
      "textures": "textures/blocks/slime"
    },
    "camera_top": {
      "textures": "textures/blocks/camera_top"
    },
    "camera_side": {
      "textures": "textures/blocks/camera_side"
    },
    "camera_front": {
      "textures": "textures/blocks/camera_front"
    },
    "camera_back": {
      "textures": "textures/blocks/camera_back"
    },
    "border_block": {
      "textures": "textures/blocks/border"
    },
    "build_allow": {
      "textures": "textures/blocks/build_allow"
    },
    "build_deny": {
      "textures": "textures/blocks/build_deny"
    },
    "prismarine": {
      "textures": [
        "textures/blocks/prismarine_rough",
        "textures/blocks/prismarine_dark",
        "textures/blocks/prismarine_bricks"
      ]
    },
    "sea_lantern": {
      "textures": "textures/blocks/sea_lantern"
    },
    "beacon": {
      "textures": "textures/blocks/beacon"
    },
    "stained_glass": {
      "textures": [
        "textures/blocks/glass",
        "textures/blocks/glass",
        "textures/blocks/glass",
        "textures/blocks/glass",
        "textures/blocks/glass",
        "textures/blocks/glass",
        "textures/blocks/glass",
        "textures/blocks/glass",
        "textures/blocks/glass",
        "textures/blocks/glass",
        "textures/blocks/glass",
        "textures/blocks/glass",
        "textures/blocks/glass",
        "textures/blocks/glass",
        "textures/blocks/glass",
        "textures/blocks/glass"
      ]
    },
    "stained_glass_pane_top": {
      "textures": [
        "textures/blocks/glass_pane_top",
        "textures/blocks/glass_pane_top",
        "textures/blocks/glass_pane_top",
        "textures/blocks/glass_pane_top",
        "textures/blocks/glass_pane_top",
        "textures/blocks/glass_pane_top",
        "textures/blocks/glass_pane_top",
        "textures/blocks/glass_pane_top",
        "textures/blocks/glass_pane_top",
        "textures/blocks/glass_pane_top",
        "textures/blocks/glass_pane_top",
        "textures/blocks/glass_pane_top",
        "textures/blocks/glass_pane_top",
        "textures/blocks/glass_pane_top",
        "textures/blocks/glass_pane_top",
        "textures/blocks/glass_pane_top"
      ]
    }
  }
}