{
	"file_path": "C:\\Users\\Freddy\\AppData\\Local\\Packages\\Microsoft.MinecraftUWP_8wekyb3d8bbwe\\LocalState\\games\\com.mojang\\development_behavior_packs\\Spry Conquest Overhaul\\features\\ash_feature.json",
	"file_type": "feature",
	"format_version": 1,
	"file_uuid": "40aecf4b_838e_4ad3_9034_35e8c7569e74",
	"file_version": 30,
	"cache_content": {
		"children": [
			{
				"data": "1.13.0",
				"key": "format_version"
			},
			{
				"open": {
					"format_version": "1.13.0",
					"minecraft:ore_feature": {
						"description": {
							"identifier": "sc:ash_feature"
						},
						"count": 70,
						"replace_rules": [
							{
								"may_replace": [
									"minecraft:grass",
									"minecraft:podzol",
									"minecraft:dirt",
									"minecraft:water"
								],
								"places_block": "sc:ash"
							}
						]
					}
				},
				"key": "minecraft:ore_feature",
				"children": [
					{
						"open": {
							"description": {
								"identifier": "sc:ash_feature"
							},
							"count": 70,
							"replace_rules": [
								{
									"may_replace": [
										"minecraft:grass",
										"minecraft:podzol",
										"minecraft:dirt",
										"minecraft:water"
									],
									"places_block": "sc:ash"
								}
							]
						},
						"key": "description",
						"is_minified": true,
						"children": {
							"identifier": "sc:ash_feature"
						}
					},
					{
						"open": {
							"description": {
								"identifier": "sc:ash_feature"
							},
							"count": 70,
							"replace_rules": [
								{
									"may_replace": [
										"minecraft:grass",
										"minecraft:podzol",
										"minecraft:dirt",
										"minecraft:water"
									],
									"places_block": "sc:ash"
								}
							]
						},
						"data": "70",
						"key": "count"
					},
					{
						"open": {
							"description": {
								"identifier": "sc:ash_feature"
							},
							"count": 70,
							"replace_rules": [
								{
									"may_replace": [
										"minecraft:grass",
										"minecraft:podzol",
										"minecraft:dirt",
										"minecraft:water"
									],
									"places_block": "sc:ash"
								}
							]
						},
						"key": "replace_rules",
						"children": [
							{
								"open": [
									{
										"may_replace": [
											"minecraft:grass",
											"minecraft:podzol",
											"minecraft:dirt",
											"minecraft:water"
										],
										"places_block": "sc:ash"
									}
								],
								"children": [
									{
										"open": {
											"may_replace": [
												"minecraft:grass",
												"minecraft:podzol",
												"minecraft:dirt",
												"minecraft:water"
											],
											"places_block": "sc:ash"
										},
										"key": "may_replace",
										"is_minified": true,
										"children": [
											"minecraft:grass",
											"minecraft:podzol",
											"minecraft:dirt",
											"minecraft:water"
										]
									},
									{
										"data": "sc:ash",
										"key": "places_block"
									}
								]
							}
						]
					}
				]
			}
		]
	}
}