{
	"file_path": "C:\\Users\\Freddy\\AppData\\Local\\Packages\\Microsoft.MinecraftUWP_8wekyb3d8bbwe\\LocalState\\games\\com.mojang\\development_behavior_packs\\Spry Conquest Overhaul\\features\\blaststone_feature.json",
	"file_type": "feature",
	"format_version": 1,
	"file_uuid": "b25276c3_0f9b_400e_9b85_9e23902df527",
	"file_version": 0,
	"cache_content": {
		"children": [
			{
				"data": "1.13.0",
				"key": "format_version"
			},
			{
				"open": {
					"format_version": "1.13.0",
					"minecraft:ore_feature": {
						"description": {
							"identifier": "yana:blaststone_feature"
						},
						"count": 35,
						"replace_rules": [
							{
								"places_block": "yana:blaststone",
								"may_replace": [
									{
										"name": "minecraft:gravel"
									},
									{
										"name": "minecraft:stone",
										"states": {
											"stone_type": "andesite"
										}
									},
									{
										"name": "minecraft:stone",
										"states": {
											"stone_type": "andesite_smooth"
										}
									},
									{
										"name": "minecraft:stone",
										"states": {
											"stone_type": "diorite"
										}
									},
									{
										"name": "minecraft:stone",
										"states": {
											"stone_type": "diorite_smooth"
										}
									},
									{
										"name": "minecraft:stone",
										"states": {
											"stone_type": "granite"
										}
									},
									{
										"name": "minecraft:stone",
										"states": {
											"stone_type": "granite_smooth"
										}
									},
									{
										"name": "minecraft:stone",
										"states": {
											"stone_type": "stone"
										}
									},
									{
										"name": "sc:charred_stone"
									}
								]
							}
						]
					}
				},
				"key": "minecraft:ore_feature",
				"children": [
					{
						"key": "description",
						"is_minified": true,
						"children": {
							"identifier": "yana:blaststone_feature"
						}
					},
					{
						"data": "35",
						"key": "count"
					},
					{
						"open": {
							"description": {
								"identifier": "yana:blaststone_feature"
							},
							"count": 35,
							"replace_rules": [
								{
									"places_block": "yana:blaststone",
									"may_replace": [
										{
											"name": "minecraft:gravel"
										},
										{
											"name": "minecraft:stone",
											"states": {
												"stone_type": "andesite"
											}
										},
										{
											"name": "minecraft:stone",
											"states": {
												"stone_type": "andesite_smooth"
											}
										},
										{
											"name": "minecraft:stone",
											"states": {
												"stone_type": "diorite"
											}
										},
										{
											"name": "minecraft:stone",
											"states": {
												"stone_type": "diorite_smooth"
											}
										},
										{
											"name": "minecraft:stone",
											"states": {
												"stone_type": "granite"
											}
										},
										{
											"name": "minecraft:stone",
											"states": {
												"stone_type": "granite_smooth"
											}
										},
										{
											"name": "minecraft:stone",
											"states": {
												"stone_type": "stone"
											}
										},
										{
											"name": "sc:charred_stone"
										}
									]
								}
							]
						},
						"key": "replace_rules",
						"children": [
							{
								"open": [
									{
										"places_block": "yana:blaststone",
										"may_replace": [
											{
												"name": "minecraft:gravel"
											},
											{
												"name": "minecraft:stone",
												"states": {
													"stone_type": "andesite"
												}
											},
											{
												"name": "minecraft:stone",
												"states": {
													"stone_type": "andesite_smooth"
												}
											},
											{
												"name": "minecraft:stone",
												"states": {
													"stone_type": "diorite"
												}
											},
											{
												"name": "minecraft:stone",
												"states": {
													"stone_type": "diorite_smooth"
												}
											},
											{
												"name": "minecraft:stone",
												"states": {
													"stone_type": "granite"
												}
											},
											{
												"name": "minecraft:stone",
												"states": {
													"stone_type": "granite_smooth"
												}
											},
											{
												"name": "minecraft:stone",
												"states": {
													"stone_type": "stone"
												}
											},
											{
												"name": "sc:charred_stone"
											}
										]
									}
								],
								"children": [
									{
										"data": "yana:blaststone",
										"key": "places_block"
									},
									{
										"open": {
											"places_block": "yana:blaststone",
											"may_replace": [
												{
													"name": "minecraft:gravel"
												},
												{
													"name": "minecraft:stone",
													"states": {
														"stone_type": "andesite"
													}
												},
												{
													"name": "minecraft:stone",
													"states": {
														"stone_type": "andesite_smooth"
													}
												},
												{
													"name": "minecraft:stone",
													"states": {
														"stone_type": "diorite"
													}
												},
												{
													"name": "minecraft:stone",
													"states": {
														"stone_type": "diorite_smooth"
													}
												},
												{
													"name": "minecraft:stone",
													"states": {
														"stone_type": "granite"
													}
												},
												{
													"name": "minecraft:stone",
													"states": {
														"stone_type": "granite_smooth"
													}
												},
												{
													"name": "minecraft:stone",
													"states": {
														"stone_type": "stone"
													}
												},
												{
													"name": "sc:charred_stone"
												}
											]
										},
										"key": "may_replace",
										"children": [
											{
												"is_minified": true,
												"children": {
													"name": "minecraft:gravel"
												}
											},
											{
												"is_minified": true,
												"children": {
													"name": "minecraft:stone",
													"states": {
														"stone_type": "andesite"
													}
												}
											},
											{
												"is_minified": true,
												"children": {
													"name": "minecraft:stone",
													"states": {
														"stone_type": "andesite_smooth"
													}
												}
											},
											{
												"is_minified": true,
												"children": {
													"name": "minecraft:stone",
													"states": {
														"stone_type": "diorite"
													}
												}
											},
											{
												"is_minified": true,
												"children": {
													"name": "minecraft:stone",
													"states": {
														"stone_type": "diorite_smooth"
													}
												}
											},
											{
												"is_minified": true,
												"children": {
													"name": "minecraft:stone",
													"states": {
														"stone_type": "granite"
													}
												}
											},
											{
												"is_minified": true,
												"children": {
													"name": "minecraft:stone",
													"states": {
														"stone_type": "granite_smooth"
													}
												}
											},
											{
												"is_minified": true,
												"children": {
													"name": "minecraft:stone",
													"states": {
														"stone_type": "stone"
													}
												}
											},
											{
												"open": [
													{
														"name": "minecraft:gravel"
													},
													{
														"name": "minecraft:stone",
														"states": {
															"stone_type": "andesite"
														}
													},
													{
														"name": "minecraft:stone",
														"states": {
															"stone_type": "andesite_smooth"
														}
													},
													{
														"name": "minecraft:stone",
														"states": {
															"stone_type": "diorite"
														}
													},
													{
														"name": "minecraft:stone",
														"states": {
															"stone_type": "diorite_smooth"
														}
													},
													{
														"name": "minecraft:stone",
														"states": {
															"stone_type": "granite"
														}
													},
													{
														"name": "minecraft:stone",
														"states": {
															"stone_type": "granite_smooth"
														}
													},
													{
														"name": "minecraft:stone",
														"states": {
															"stone_type": "stone"
														}
													},
													{
														"name": "sc:charred_stone"
													}
												],
												"is_minified": true,
												"children": {
													"name": "sc:charred_stone"
												}
											}
										]
									}
								]
							}
						]
					}
				]
			}
		]
	}
}