{
	"file_path": "C:\\Users\\Freddy\\AppData\\Local\\Packages\\Microsoft.MinecraftUWP_8wekyb3d8bbwe\\LocalState\\games\\com.mojang\\development_behavior_packs\\Spry Conquest Overhaul\\features\\charred_stone_scatter.json",
	"file_type": "feature",
	"format_version": 1,
	"file_uuid": "a9609410_0762_4543_b64f_2cf11934df29",
	"file_version": 45,
	"cache_content": {
		"children": [
			{
				"data": "1.13.0",
				"key": "format_version"
			},
			{
				"open": {
					"format_version": "1.13.0",
					"minecraft:scatter_feature": {
						"description": {
							"identifier": "sc:charred_stone_scatter"
						},
						"iterations": 512,
						"coordinate_eval_order": "zyx",
						"x": {
							"extent": [
								-16,
								16
							],
							"distribution": "gaussian"
						},
						"y": {
							"extent": [
								-16,
								16
							],
							"distribution": "gaussian"
						},
						"z": {
							"extent": [
								-16,
								16
							],
							"distribution": "gaussian"
						},
						"places_feature": "sc:charred_stone_feature"
					}
				},
				"key": "minecraft:scatter_feature",
				"children": [
					{
						"open": {
							"description": {
								"identifier": "sc:charred_stone_scatter"
							},
							"iterations": 512,
							"coordinate_eval_order": "zyx",
							"x": {
								"extent": [
									-16,
									16
								],
								"distribution": "gaussian"
							},
							"y": {
								"extent": [
									-16,
									16
								],
								"distribution": "gaussian"
							},
							"z": {
								"extent": [
									-16,
									16
								],
								"distribution": "gaussian"
							},
							"places_feature": "sc:charred_stone_feature"
						},
						"key": "description",
						"is_minified": true,
						"children": {
							"identifier": "sc:charred_stone_scatter"
						}
					},
					{
						"open": {
							"description": {
								"identifier": "sc:charred_stone_scatter"
							},
							"iterations": 512,
							"coordinate_eval_order": "zyx",
							"x": {
								"extent": [
									-16,
									16
								],
								"distribution": "gaussian"
							},
							"y": {
								"extent": [
									-16,
									16
								],
								"distribution": "gaussian"
							},
							"z": {
								"extent": [
									-16,
									16
								],
								"distribution": "gaussian"
							},
							"places_feature": "sc:charred_stone_feature"
						},
						"data": "512",
						"key": "iterations"
					},
					{
						"data": "zyx",
						"key": "coordinate_eval_order"
					},
					{
						"open": {
							"description": {
								"identifier": "sc:charred_stone_scatter"
							},
							"iterations": 512,
							"coordinate_eval_order": "zyx",
							"x": {
								"extent": [
									-16,
									16
								],
								"distribution": "gaussian"
							},
							"y": {
								"extent": [
									-16,
									16
								],
								"distribution": "gaussian"
							},
							"z": {
								"extent": [
									-16,
									16
								],
								"distribution": "gaussian"
							},
							"places_feature": "sc:charred_stone_feature"
						},
						"key": "x",
						"children": [
							{
								"open": {
									"extent": [
										-16,
										16
									],
									"distribution": "gaussian"
								},
								"key": "extent",
								"is_minified": true,
								"children": [
									-16,
									16
								]
							},
							{
								"open": {
									"extent": [
										-16,
										16
									],
									"distribution": "gaussian"
								},
								"data": "gaussian",
								"key": "distribution"
							}
						]
					},
					{
						"open": {
							"description": {
								"identifier": "sc:charred_stone_scatter"
							},
							"iterations": 512,
							"coordinate_eval_order": "zyx",
							"x": {
								"extent": [
									-16,
									16
								],
								"distribution": "gaussian"
							},
							"y": {
								"extent": [
									-16,
									16
								],
								"distribution": "gaussian"
							},
							"z": {
								"extent": [
									-16,
									16
								],
								"distribution": "gaussian"
							},
							"places_feature": "sc:charred_stone_feature"
						},
						"key": "y",
						"is_minified": true,
						"children": {
							"extent": [
								-16,
								16
							],
							"distribution": "gaussian"
						}
					},
					{
						"open": {
							"description": {
								"identifier": "sc:charred_stone_scatter"
							},
							"iterations": 512,
							"coordinate_eval_order": "zyx",
							"x": {
								"extent": [
									-16,
									16
								],
								"distribution": "gaussian"
							},
							"y": {
								"extent": [
									-16,
									16
								],
								"distribution": "gaussian"
							},
							"z": {
								"extent": [
									-16,
									16
								],
								"distribution": "gaussian"
							},
							"places_feature": "sc:charred_stone_feature"
						},
						"key": "z",
						"children": [
							{
								"open": {
									"extent": [
										-16,
										16
									],
									"distribution": "gaussian"
								},
								"key": "extent",
								"is_minified": true,
								"children": [
									-16,
									16
								]
							},
							{
								"data": "gaussian",
								"key": "distribution"
							}
						]
					},
					{
						"open": {
							"description": {
								"identifier": "sc:charred_stone_scatter"
							},
							"iterations": 512,
							"coordinate_eval_order": "zyx",
							"x": {
								"extent": [
									-16,
									16
								],
								"distribution": "gaussian"
							},
							"y": {
								"extent": [
									-16,
									16
								],
								"distribution": "gaussian"
							},
							"z": {
								"extent": [
									-16,
									16
								],
								"distribution": "gaussian"
							},
							"places_feature": "sc:charred_stone_feature"
						},
						"data": "sc:charred_stone_feature",
						"key": "places_feature"
					}
				]
			}
		]
	}
}