{
	"file_path": "C:\\Users\\Freddy\\AppData\\Local\\Packages\\Microsoft.MinecraftUWP_8wekyb3d8bbwe\\LocalState\\games\\com.mojang\\development_behavior_packs\\Spry Conquest Overhaul\\features\\coarse_dirt_feature.json",
	"file_type": "feature",
	"format_version": 1,
	"file_uuid": "6706c45e_dd85_4358_b619_19cc311b1e95",
	"file_version": 31,
	"cache_content": {
		"children": [
			{
				"data": "1.13.0",
				"key": "format_version"
			},
			{
				"open": {
					"format_version": "1.13.0",
					"minecraft:ore_feature": {
						"description": {
							"identifier": "sc:coarse_dirt_feature"
						},
						"count": 4,
						"replace_rules": [
							{
								"places_block": {
									"name": "minecraft:dirt",
									"states": {
										"dirt_type": "coarse"
									}
								},
								"may_replace": [
									"minecraft:grass",
									"minecraft:podzol",
									"minecraft:dirt"
								]
							}
						]
					}
				},
				"key": "minecraft:ore_feature",
				"children": [
					{
						"open": {
							"description": {
								"identifier": "sc:coarse_dirt_feature"
							},
							"count": 4,
							"replace_rules": [
								{
									"places_block": {
										"name": "minecraft:dirt",
										"states": {
											"dirt_type": "coarse"
										}
									},
									"may_replace": [
										"minecraft:grass",
										"minecraft:podzol",
										"minecraft:dirt"
									]
								}
							]
						},
						"key": "description",
						"is_minified": true,
						"children": {
							"identifier": "sc:coarse_dirt_feature"
						}
					},
					{
						"open": {
							"description": {
								"identifier": "sc:coarse_dirt_feature"
							},
							"count": 4,
							"replace_rules": [
								{
									"places_block": {
										"name": "minecraft:dirt",
										"states": {
											"dirt_type": "coarse"
										}
									},
									"may_replace": [
										"minecraft:grass",
										"minecraft:podzol",
										"minecraft:dirt"
									]
								}
							]
						},
						"data": "4",
						"key": "count"
					},
					{
						"open": {
							"description": {
								"identifier": "sc:coarse_dirt_feature"
							},
							"count": 4,
							"replace_rules": [
								{
									"places_block": {
										"name": "minecraft:dirt",
										"states": {
											"dirt_type": "coarse"
										}
									},
									"may_replace": [
										"minecraft:grass",
										"minecraft:podzol",
										"minecraft:dirt"
									]
								}
							]
						},
						"key": "replace_rules",
						"children": [
							{
								"open": [
									{
										"places_block": {
											"name": "minecraft:dirt",
											"states": {
												"dirt_type": "coarse"
											}
										},
										"may_replace": [
											"minecraft:grass",
											"minecraft:podzol",
											"minecraft:dirt"
										]
									}
								],
								"is_minified": true,
								"children": {
									"places_block": {
										"name": "minecraft:dirt",
										"states": {
											"dirt_type": "coarse"
										}
									},
									"may_replace": [
										"minecraft:grass",
										"minecraft:podzol",
										"minecraft:dirt"
									]
								}
							}
						]
					}
				]
			}
		]
	}
}