{
	"file_path": "C:\\Users\\Freddy\\AppData\\Local\\Packages\\Microsoft.MinecraftUWP_8wekyb3d8bbwe\\LocalState\\games\\com.mojang\\development_behavior_packs\\Spry Conquest Overhaul\\features\\field_bush_pines_feature.json",
	"file_type": "feature",
	"format_version": 1,
	"file_uuid": "80885bdd_f758_4f14_8149_a8605fa7a36d",
	"file_version": 6,
	"cache_content": {
		"children": [
			{
				"data": "1.13.0",
				"key": "format_version"
			},
			{
				"open": {
					"format_version": "1.13.0",
					"minecraft:tree_feature": {
						"description": {
							"identifier": "sc:field_bush_pines_feature"
						},
						"trunk": {
							"trunk_height": 1,
							"trunk_block": {
								"name": "minecraft:log",
								"states": {
									"old_log_type": "spruce"
								}
							},
							"can_be_submerged": {
								"max_depth": 1
							}
						},
						"canopy": {
							"canopy_offset": {
								"min": -1,
								"max": 1
							},
							"leaf_block": {
								"name": "minecraft:leaves",
								"states": {
									"old_leaf_type": "spruce"
								}
							},
							"min_width": 0,
							"canopy_slope": {
								"rise": 1,
								"run": 1
							},
							"variation_chance": {
								"numerator": 1,
								"denominator": 2
							}
						},
						"base_block": [
							"minecraft:grass",
							"minecraft:dirt"
						],
						"may_grow_on": [
							"minecraft:grass",
							"minecraft:dirt"
						],
						"may_replace": [
							"minecraft:air",
							{
								"name": "minecraft:leaves",
								"states": {
									"old_leaf_type": "oak"
								}
							},
							{
								"name": "minecraft:leaves",
								"states": {
									"old_leaf_type": "spruce"
								}
							},
							{
								"name": "minecraft:leaves",
								"states": {
									"old_leaf_type": "birch"
								}
							},
							{
								"name": "minecraft:leaves",
								"states": {
									"old_leaf_type": "jungle"
								}
							},
							{
								"name": "minecraft:leaves2",
								"states": {
									"new_leaf_type": "acacia"
								}
							},
							{
								"name": "minecraft:leaves2",
								"states": {
									"new_leaf_type": "dark_oak"
								}
							}
						],
						"may_grow_through": [
							"minecraft:dirt",
							"minecraft:grass",
							{
								"name": "minecraft:dirt",
								"states": {
									"dirt_type": "coarse"
								}
							}
						]
					}
				},
				"key": "minecraft:tree_feature",
				"children": [
					{
						"open": {
							"description": {
								"identifier": "sc:field_bush_pines_feature"
							},
							"trunk": {
								"trunk_height": 1,
								"trunk_block": {
									"name": "minecraft:log",
									"states": {
										"old_log_type": "spruce"
									}
								},
								"can_be_submerged": {
									"max_depth": 1
								}
							},
							"canopy": {
								"canopy_offset": {
									"min": -1,
									"max": 1
								},
								"leaf_block": {
									"name": "minecraft:leaves",
									"states": {
										"old_leaf_type": "spruce"
									}
								},
								"min_width": 0,
								"canopy_slope": {
									"rise": 1,
									"run": 1
								},
								"variation_chance": {
									"numerator": 1,
									"denominator": 2
								}
							},
							"base_block": [
								"minecraft:grass",
								"minecraft:dirt"
							],
							"may_grow_on": [
								"minecraft:grass",
								"minecraft:dirt"
							],
							"may_replace": [
								"minecraft:air",
								{
									"name": "minecraft:leaves",
									"states": {
										"old_leaf_type": "oak"
									}
								},
								{
									"name": "minecraft:leaves",
									"states": {
										"old_leaf_type": "spruce"
									}
								},
								{
									"name": "minecraft:leaves",
									"states": {
										"old_leaf_type": "birch"
									}
								},
								{
									"name": "minecraft:leaves",
									"states": {
										"old_leaf_type": "jungle"
									}
								},
								{
									"name": "minecraft:leaves2",
									"states": {
										"new_leaf_type": "acacia"
									}
								},
								{
									"name": "minecraft:leaves2",
									"states": {
										"new_leaf_type": "dark_oak"
									}
								}
							],
							"may_grow_through": [
								"minecraft:dirt",
								"minecraft:grass",
								{
									"name": "minecraft:dirt",
									"states": {
										"dirt_type": "coarse"
									}
								}
							]
						},
						"key": "description",
						"is_minified": true,
						"children": {
							"identifier": "sc:field_bush_pines_feature"
						}
					},
					{
						"open": {
							"description": {
								"identifier": "sc:field_bush_pines_feature"
							},
							"trunk": {
								"trunk_height": 1,
								"trunk_block": {
									"name": "minecraft:log",
									"states": {
										"old_log_type": "spruce"
									}
								},
								"can_be_submerged": {
									"max_depth": 1
								}
							},
							"canopy": {
								"canopy_offset": {
									"min": -1,
									"max": 1
								},
								"leaf_block": {
									"name": "minecraft:leaves",
									"states": {
										"old_leaf_type": "spruce"
									}
								},
								"min_width": 0,
								"canopy_slope": {
									"rise": 1,
									"run": 1
								},
								"variation_chance": {
									"numerator": 1,
									"denominator": 2
								}
							},
							"base_block": [
								"minecraft:grass",
								"minecraft:dirt"
							],
							"may_grow_on": [
								"minecraft:grass",
								"minecraft:dirt"
							],
							"may_replace": [
								"minecraft:air",
								{
									"name": "minecraft:leaves",
									"states": {
										"old_leaf_type": "oak"
									}
								},
								{
									"name": "minecraft:leaves",
									"states": {
										"old_leaf_type": "spruce"
									}
								},
								{
									"name": "minecraft:leaves",
									"states": {
										"old_leaf_type": "birch"
									}
								},
								{
									"name": "minecraft:leaves",
									"states": {
										"old_leaf_type": "jungle"
									}
								},
								{
									"name": "minecraft:leaves2",
									"states": {
										"new_leaf_type": "acacia"
									}
								},
								{
									"name": "minecraft:leaves2",
									"states": {
										"new_leaf_type": "dark_oak"
									}
								}
							],
							"may_grow_through": [
								"minecraft:dirt",
								"minecraft:grass",
								{
									"name": "minecraft:dirt",
									"states": {
										"dirt_type": "coarse"
									}
								}
							]
						},
						"key": "trunk",
						"children": [
							{
								"data": "1",
								"key": "trunk_height"
							},
							{
								"open": {
									"trunk_height": 1,
									"trunk_block": {
										"name": "minecraft:log",
										"states": {
											"old_log_type": "spruce"
										}
									},
									"can_be_submerged": {
										"max_depth": 1
									}
								},
								"key": "trunk_block",
								"children": [
									{
										"open": {
											"name": "minecraft:log",
											"states": {
												"old_log_type": "spruce"
											}
										},
										"data": "minecraft:log",
										"key": "name"
									},
									{
										"open": {
											"name": "minecraft:log",
											"states": {
												"old_log_type": "spruce"
											}
										},
										"key": "states",
										"is_minified": true,
										"children": {
											"old_log_type": "spruce"
										}
									}
								]
							},
							{
								"open": {
									"trunk_height": 1,
									"trunk_block": {
										"name": "minecraft:log",
										"states": {
											"old_log_type": "spruce"
										}
									},
									"can_be_submerged": {
										"max_depth": 1
									}
								},
								"key": "can_be_submerged",
								"is_minified": true,
								"children": {
									"max_depth": 1
								}
							}
						]
					},
					{
						"open": {
							"description": {
								"identifier": "sc:field_bush_pines_feature"
							},
							"trunk": {
								"trunk_height": 1,
								"trunk_block": {
									"name": "minecraft:log",
									"states": {
										"old_log_type": "spruce"
									}
								},
								"can_be_submerged": {
									"max_depth": 1
								}
							},
							"canopy": {
								"canopy_offset": {
									"min": -1,
									"max": 1
								},
								"leaf_block": {
									"name": "minecraft:leaves",
									"states": {
										"old_leaf_type": "spruce"
									}
								},
								"min_width": 0,
								"canopy_slope": {
									"rise": 1,
									"run": 1
								},
								"variation_chance": {
									"numerator": 1,
									"denominator": 2
								}
							},
							"base_block": [
								"minecraft:grass",
								"minecraft:dirt"
							],
							"may_grow_on": [
								"minecraft:grass",
								"minecraft:dirt"
							],
							"may_replace": [
								"minecraft:air",
								{
									"name": "minecraft:leaves",
									"states": {
										"old_leaf_type": "oak"
									}
								},
								{
									"name": "minecraft:leaves",
									"states": {
										"old_leaf_type": "spruce"
									}
								},
								{
									"name": "minecraft:leaves",
									"states": {
										"old_leaf_type": "birch"
									}
								},
								{
									"name": "minecraft:leaves",
									"states": {
										"old_leaf_type": "jungle"
									}
								},
								{
									"name": "minecraft:leaves2",
									"states": {
										"new_leaf_type": "acacia"
									}
								},
								{
									"name": "minecraft:leaves2",
									"states": {
										"new_leaf_type": "dark_oak"
									}
								}
							],
							"may_grow_through": [
								"minecraft:dirt",
								"minecraft:grass",
								{
									"name": "minecraft:dirt",
									"states": {
										"dirt_type": "coarse"
									}
								}
							]
						},
						"key": "canopy",
						"children": [
							{
								"key": "canopy_offset",
								"is_minified": true,
								"children": {
									"min": -1,
									"max": 1
								}
							},
							{
								"open": {
									"canopy_offset": {
										"min": -1,
										"max": 1
									},
									"leaf_block": {
										"name": "minecraft:leaves",
										"states": {
											"old_leaf_type": "spruce"
										}
									},
									"min_width": 0,
									"canopy_slope": {
										"rise": 1,
										"run": 1
									},
									"variation_chance": {
										"numerator": 1,
										"denominator": 2
									}
								},
								"key": "leaf_block",
								"children": [
									{
										"data": "minecraft:leaves",
										"key": "name"
									},
									{
										"open": {
											"name": "minecraft:leaves",
											"states": {
												"old_leaf_type": "spruce"
											}
										},
										"key": "states",
										"is_minified": true,
										"children": {
											"old_leaf_type": "spruce"
										}
									}
								]
							},
							{
								"data": "0",
								"key": "min_width"
							},
							{
								"key": "canopy_slope",
								"is_minified": true,
								"children": {
									"rise": 1,
									"run": 1
								}
							},
							{
								"open": {
									"canopy_offset": {
										"min": -1,
										"max": 1
									},
									"leaf_block": {
										"name": "minecraft:leaves",
										"states": {
											"old_leaf_type": "spruce"
										}
									},
									"min_width": 0,
									"canopy_slope": {
										"rise": 1,
										"run": 1
									},
									"variation_chance": {
										"numerator": 1,
										"denominator": 2
									}
								},
								"key": "variation_chance",
								"is_minified": true,
								"children": {
									"numerator": 1,
									"denominator": 2
								}
							}
						]
					},
					{
						"key": "base_block",
						"is_minified": true,
						"children": [
							"minecraft:grass",
							"minecraft:dirt"
						]
					},
					{
						"key": "may_grow_on",
						"is_minified": true,
						"children": [
							"minecraft:grass",
							"minecraft:dirt"
						]
					},
					{
						"key": "may_replace",
						"is_minified": true,
						"children": [
							"minecraft:air",
							{
								"name": "minecraft:leaves",
								"states": {
									"old_leaf_type": "oak"
								}
							},
							{
								"name": "minecraft:leaves",
								"states": {
									"old_leaf_type": "spruce"
								}
							},
							{
								"name": "minecraft:leaves",
								"states": {
									"old_leaf_type": "birch"
								}
							},
							{
								"name": "minecraft:leaves",
								"states": {
									"old_leaf_type": "jungle"
								}
							},
							{
								"name": "minecraft:leaves2",
								"states": {
									"new_leaf_type": "acacia"
								}
							},
							{
								"name": "minecraft:leaves2",
								"states": {
									"new_leaf_type": "dark_oak"
								}
							}
						]
					},
					{
						"key": "may_grow_through",
						"is_minified": true,
						"children": [
							"minecraft:dirt",
							"minecraft:grass",
							{
								"name": "minecraft:dirt",
								"states": {
									"dirt_type": "coarse"
								}
							}
						]
					}
				]
			}
		]
	}
}