{
	"file_path": "C:\\Users\\Freddy\\AppData\\Local\\Packages\\Microsoft.MinecraftUWP_8wekyb3d8bbwe\\LocalState\\games\\com.mojang\\development_behavior_packs\\Spry Conquest Overhaul\\features\\fire_drake_feature.json",
	"file_type": "feature",
	"format_version": 1,
	"file_uuid": "972f9906_3afb_474b_ae8c_63e070b78bb0",
	"file_version": 17,
	"cache_content": {
		"children": [
			{
				"data": "1.16.0",
				"key": "format_version"
			},
			{
				"open": {
					"format_version": "1.16.0",
					"minecraft:structure_template_feature": {
						"description": {
							"identifier": "sc:fire_drake_feature"
						},
						"structure_name": "mystructure:fire_drake",
						"adjustment_radius": 1,
						"facing_direction": "random",
						"constraints": {
							"grounded": {}
						}
					}
				},
				"key": "minecraft:structure_template_feature",
				"children": [
					{
						"open": {
							"description": {
								"identifier": "sc:fire_drake_feature"
							},
							"structure_name": "mystructure:fire_drake",
							"adjustment_radius": 1,
							"facing_direction": "random",
							"constraints": {
								"grounded": {}
							}
						},
						"key": "description",
						"is_minified": true,
						"children": {
							"identifier": "sc:fire_drake_feature"
						}
					},
					{
						"open": {
							"description": {
								"identifier": "sc:fire_drake_feature"
							},
							"structure_name": "mystructure:fire_drake",
							"adjustment_radius": 1,
							"facing_direction": "random",
							"constraints": {
								"grounded": {}
							}
						},
						"data": "mystructure:fire_drake",
						"key": "structure_name"
					},
					{
						"data": "1",
						"key": "adjustment_radius"
					},
					{
						"data": "random",
						"key": "facing_direction"
					},
					{
						"open": {
							"description": {
								"identifier": "sc:fire_drake_feature"
							},
							"structure_name": "mystructure:fire_drake",
							"adjustment_radius": 1,
							"facing_direction": "random",
							"constraints": {
								"grounded": {}
							}
						},
						"key": "constraints",
						"is_minified": true,
						"children": {
							"grounded": {}
						}
					}
				]
			}
		]
	}
}