{
	"file_path": "C:\\Users\\Freddy\\AppData\\Local\\Packages\\Microsoft.MinecraftUWP_8wekyb3d8bbwe\\LocalState\\games\\com.mojang\\development_behavior_packs\\Spry Conquest Overhaul\\features\\glacis_spikes_down_feature.json",
	"file_type": "feature",
	"format_version": 1,
	"file_uuid": "018867b7_12fe_4449_bad9_0ff7620fc500",
	"file_version": 15,
	"cache_content": {
		"children": [
			{
				"data": "1.13.0",
				"key": "format_version"
			},
			{
				"open": {
					"format_version": "1.13.0",
					"minecraft:single_block_feature": {
						"description": {
							"identifier": "sc:glacis_spikes_down_feature"
						},
						"places_block": {
							"name": "sc:glacis_spikes_down"
						},
						"enforce_survivability_rules": true,
						"enforce_placement_rules": true,
						"may_attach_to": {
							"top": [
								"sc:glacis_ice"
							]
						},
						"may_replace": [
							{
								"name": "minecraft:air"
							}
						]
					}
				},
				"key": "minecraft:single_block_feature",
				"children": [
					{
						"open": {
							"description": {
								"identifier": "sc:glacis_spikes_down_feature"
							},
							"places_block": {
								"name": "sc:glacis_spikes_down"
							},
							"enforce_survivability_rules": true,
							"enforce_placement_rules": true,
							"may_attach_to": {
								"top": [
									"sc:glacis_ice"
								]
							},
							"may_replace": [
								{
									"name": "minecraft:air"
								}
							]
						},
						"key": "description",
						"is_minified": true,
						"children": {
							"identifier": "sc:glacis_spikes_down_feature"
						}
					},
					{
						"open": {
							"description": {
								"identifier": "sc:glacis_spikes_down_feature"
							},
							"places_block": {
								"name": "sc:glacis_spikes_down"
							},
							"enforce_survivability_rules": true,
							"enforce_placement_rules": true,
							"may_attach_to": {
								"top": [
									"sc:glacis_ice"
								]
							},
							"may_replace": [
								{
									"name": "minecraft:air"
								}
							]
						},
						"key": "places_block",
						"is_minified": true,
						"children": {
							"name": "sc:glacis_spikes_down"
						}
					},
					{
						"data": "true",
						"key": "enforce_survivability_rules"
					},
					{
						"data": "true",
						"key": "enforce_placement_rules"
					},
					{
						"open": {
							"description": {
								"identifier": "sc:glacis_spikes_down_feature"
							},
							"places_block": {
								"name": "sc:glacis_spikes_down"
							},
							"enforce_survivability_rules": true,
							"enforce_placement_rules": true,
							"may_attach_to": {
								"top": [
									"sc:glacis_ice"
								]
							},
							"may_replace": [
								{
									"name": "minecraft:air"
								}
							]
						},
						"key": "may_attach_to",
						"children": [
							{
								"open": {
									"top": [
										"sc:glacis_ice"
									]
								},
								"key": "top",
								"is_minified": true,
								"children": [
									"sc:glacis_ice"
								]
							}
						]
					},
					{
						"open": {
							"description": {
								"identifier": "sc:glacis_spikes_down_feature"
							},
							"places_block": {
								"name": "sc:glacis_spikes_down"
							},
							"enforce_survivability_rules": true,
							"enforce_placement_rules": true,
							"may_attach_to": {
								"top": [
									"sc:glacis_ice"
								]
							},
							"may_replace": [
								{
									"name": "minecraft:air"
								}
							]
						},
						"key": "may_replace",
						"children": [
							{
								"open": [
									{
										"name": "minecraft:air"
									}
								],
								"is_minified": true,
								"children": {
									"name": "minecraft:air"
								}
							}
						]
					}
				]
			}
		]
	}
}