{
	"file_path": "C:\\Users\\Freddy\\AppData\\Local\\Packages\\Microsoft.MinecraftUWP_8wekyb3d8bbwe\\LocalState\\games\\com.mojang\\development_behavior_packs\\Spry Conquest Overhaul\\features\\glacis_spikes_down_scatter.json",
	"file_type": "feature",
	"format_version": 1,
	"file_uuid": "f7ad8c13_5f7d_4e49_bfb8_eead6fc01200",
	"file_version": 7,
	"cache_content": {
		"children": [
			{
				"open": {
					"format_version": "1.13.0",
					"minecraft:scatter_feature": {
						"description": {
							"identifier": "sc:glacis_spikes_down_scatter"
						},
						"iterations": 64,
						"coordinate_eval_order": "zyx",
						"x": {
							"extent": [
								-8,
								8
							],
							"distribution": "gaussian"
						},
						"z": {
							"extent": [
								-8,
								8
							],
							"distribution": "gaussian"
						},
						"y": {
							"extent": [
								-4,
								4
							],
							"distribution": "gaussian"
						},
						"places_feature": "sc:glacis_spikes_down_feature"
					}
				},
				"data": "1.13.0",
				"key": "format_version"
			},
			{
				"open": {
					"format_version": "1.13.0",
					"minecraft:scatter_feature": {
						"description": {
							"identifier": "sc:glacis_spikes_down_scatter"
						},
						"iterations": 64,
						"coordinate_eval_order": "zyx",
						"x": {
							"extent": [
								-8,
								8
							],
							"distribution": "gaussian"
						},
						"z": {
							"extent": [
								-8,
								8
							],
							"distribution": "gaussian"
						},
						"y": {
							"extent": [
								-4,
								4
							],
							"distribution": "gaussian"
						},
						"places_feature": "sc:glacis_spikes_down_feature"
					}
				},
				"key": "minecraft:scatter_feature",
				"children": [
					{
						"open": {
							"description": {
								"identifier": "sc:glacis_spikes_down_scatter"
							},
							"iterations": 64,
							"coordinate_eval_order": "zyx",
							"x": {
								"extent": [
									-8,
									8
								],
								"distribution": "gaussian"
							},
							"z": {
								"extent": [
									-8,
									8
								],
								"distribution": "gaussian"
							},
							"y": {
								"extent": [
									-4,
									4
								],
								"distribution": "gaussian"
							},
							"places_feature": "sc:glacis_spikes_down_feature"
						},
						"key": "description",
						"is_minified": true,
						"children": {
							"identifier": "sc:glacis_spikes_down_scatter"
						}
					},
					{
						"open": {
							"description": {
								"identifier": "sc:glacis_spikes_down_scatter"
							},
							"iterations": 64,
							"coordinate_eval_order": "zyx",
							"x": {
								"extent": [
									-8,
									8
								],
								"distribution": "gaussian"
							},
							"z": {
								"extent": [
									-8,
									8
								],
								"distribution": "gaussian"
							},
							"y": {
								"extent": [
									-4,
									4
								],
								"distribution": "gaussian"
							},
							"places_feature": "sc:glacis_spikes_down_feature"
						},
						"data": "64",
						"key": "iterations"
					},
					{
						"data": "zyx",
						"key": "coordinate_eval_order"
					},
					{
						"open": {
							"description": {
								"identifier": "sc:glacis_spikes_down_scatter"
							},
							"iterations": 64,
							"coordinate_eval_order": "zyx",
							"x": {
								"extent": [
									-8,
									8
								],
								"distribution": "gaussian"
							},
							"z": {
								"extent": [
									-8,
									8
								],
								"distribution": "gaussian"
							},
							"y": {
								"extent": [
									-4,
									4
								],
								"distribution": "gaussian"
							},
							"places_feature": "sc:glacis_spikes_down_feature"
						},
						"key": "x",
						"children": [
							{
								"open": {
									"extent": [
										-8,
										8
									],
									"distribution": "gaussian"
								},
								"key": "extent",
								"is_minified": true,
								"children": [
									-8,
									8
								]
							},
							{
								"data": "gaussian",
								"key": "distribution"
							}
						]
					},
					{
						"open": {
							"description": {
								"identifier": "sc:glacis_spikes_down_scatter"
							},
							"iterations": 64,
							"coordinate_eval_order": "zyx",
							"x": {
								"extent": [
									-8,
									8
								],
								"distribution": "gaussian"
							},
							"z": {
								"extent": [
									-8,
									8
								],
								"distribution": "gaussian"
							},
							"y": {
								"extent": [
									-4,
									4
								],
								"distribution": "gaussian"
							},
							"places_feature": "sc:glacis_spikes_down_feature"
						},
						"key": "z",
						"is_minified": true,
						"children": {
							"extent": [
								-8,
								8
							],
							"distribution": "gaussian"
						}
					},
					{
						"key": "y",
						"is_minified": true,
						"children": {
							"extent": [
								-4,
								4
							],
							"distribution": "gaussian"
						}
					},
					{
						"open": {
							"description": {
								"identifier": "sc:glacis_spikes_down_scatter"
							},
							"iterations": 64,
							"coordinate_eval_order": "zyx",
							"x": {
								"extent": [
									-8,
									8
								],
								"distribution": "gaussian"
							},
							"z": {
								"extent": [
									-8,
									8
								],
								"distribution": "gaussian"
							},
							"y": {
								"extent": [
									-4,
									4
								],
								"distribution": "gaussian"
							},
							"places_feature": "sc:glacis_spikes_down_feature"
						},
						"data": "sc:glacis_spikes_down_feature",
						"key": "places_feature"
					}
				]
			}
		]
	}
}