{
	"file_path": "C:\\Users\\Freddy\\AppData\\Local\\Packages\\Microsoft.MinecraftUWP_8wekyb3d8bbwe\\LocalState\\games\\com.mojang\\development_behavior_packs\\Spry Conquest Overhaul\\features\\glacis_stone_feature.json",
	"file_type": "feature",
	"format_version": 1,
	"file_uuid": "bd4e6a2e_0bff_421e_bb6e_96c4ebee728f",
	"file_version": 12,
	"cache_content": {
		"children": [
			{
				"data": "1.13.0",
				"key": "format_version"
			},
			{
				"open": {
					"format_version": "1.13.0",
					"minecraft:single_block_feature": {
						"description": {
							"identifier": "sc:glacis_stone_feature"
						},
						"places_block": {
							"name": "sc:glacis_stone"
						},
						"enforce_placement_rules": false,
						"enforce_survivability_rules": false,
						"may_replace": [
							{
								"name": "minecraft:stone",
								"states": {
									"stone_type": "andesite"
								}
							},
							{
								"name": "minecraft:stone",
								"states": {
									"stone_type": "granite"
								}
							},
							{
								"name": "minecraft:stone",
								"states": {
									"stone_type": "diorite"
								}
							},
							{
								"name": "minecraft:stone",
								"states": {
									"stone_type": "stone"
								}
							},
							{
								"name": "minecraft:cobblestone"
							},
							{
								"name": "minecraft:dirt"
							},
							{
								"name": "minecraft:dirt",
								"states": {
									"dirt_type": "coarse"
								}
							},
							{
								"name": "sc:sefril"
							},
							{
								"name": "minecraft:gravel"
							},
							{
								"name": "minecraft:tuff"
							}
						]
					}
				},
				"key": "minecraft:single_block_feature",
				"children": [
					{
						"open": {
							"description": {
								"identifier": "sc:glacis_stone_feature"
							},
							"places_block": {
								"name": "sc:glacis_stone"
							},
							"enforce_placement_rules": false,
							"enforce_survivability_rules": false,
							"may_replace": [
								{
									"name": "minecraft:stone",
									"states": {
										"stone_type": "andesite"
									}
								},
								{
									"name": "minecraft:stone",
									"states": {
										"stone_type": "granite"
									}
								},
								{
									"name": "minecraft:stone",
									"states": {
										"stone_type": "diorite"
									}
								},
								{
									"name": "minecraft:stone",
									"states": {
										"stone_type": "stone"
									}
								},
								{
									"name": "minecraft:cobblestone"
								},
								{
									"name": "minecraft:dirt"
								},
								{
									"name": "minecraft:dirt",
									"states": {
										"dirt_type": "coarse"
									}
								},
								{
									"name": "sc:sefril"
								},
								{
									"name": "minecraft:gravel"
								},
								{
									"name": "minecraft:tuff"
								}
							]
						},
						"key": "description",
						"is_minified": true,
						"children": {
							"identifier": "sc:glacis_stone_feature"
						}
					},
					{
						"open": {
							"description": {
								"identifier": "sc:glacis_stone_feature"
							},
							"places_block": {
								"name": "sc:glacis_stone"
							},
							"enforce_placement_rules": false,
							"enforce_survivability_rules": false,
							"may_replace": [
								{
									"name": "minecraft:stone",
									"states": {
										"stone_type": "andesite"
									}
								},
								{
									"name": "minecraft:stone",
									"states": {
										"stone_type": "granite"
									}
								},
								{
									"name": "minecraft:stone",
									"states": {
										"stone_type": "diorite"
									}
								},
								{
									"name": "minecraft:stone",
									"states": {
										"stone_type": "stone"
									}
								},
								{
									"name": "minecraft:cobblestone"
								},
								{
									"name": "minecraft:dirt"
								},
								{
									"name": "minecraft:dirt",
									"states": {
										"dirt_type": "coarse"
									}
								},
								{
									"name": "sc:sefril"
								},
								{
									"name": "minecraft:gravel"
								},
								{
									"name": "minecraft:tuff"
								}
							]
						},
						"key": "places_block",
						"is_minified": true,
						"children": {
							"name": "sc:glacis_stone"
						}
					},
					{
						"data": "false",
						"key": "enforce_placement_rules"
					},
					{
						"data": "false",
						"key": "enforce_survivability_rules"
					},
					{
						"open": {
							"description": {
								"identifier": "sc:glacis_stone_feature"
							},
							"places_block": {
								"name": "sc:glacis_stone"
							},
							"enforce_placement_rules": false,
							"enforce_survivability_rules": false,
							"may_replace": [
								{
									"name": "minecraft:stone",
									"states": {
										"stone_type": "andesite"
									}
								},
								{
									"name": "minecraft:stone",
									"states": {
										"stone_type": "granite"
									}
								},
								{
									"name": "minecraft:stone",
									"states": {
										"stone_type": "diorite"
									}
								},
								{
									"name": "minecraft:stone",
									"states": {
										"stone_type": "stone"
									}
								},
								{
									"name": "minecraft:cobblestone"
								},
								{
									"name": "minecraft:dirt"
								},
								{
									"name": "minecraft:dirt",
									"states": {
										"dirt_type": "coarse"
									}
								},
								{
									"name": "sc:sefril"
								},
								{
									"name": "minecraft:gravel"
								},
								{
									"name": "minecraft:tuff"
								}
							]
						},
						"key": "may_replace",
						"is_minified": true,
						"children": [
							{
								"name": "minecraft:stone",
								"states": {
									"stone_type": "andesite"
								}
							},
							{
								"name": "minecraft:stone",
								"states": {
									"stone_type": "granite"
								}
							},
							{
								"name": "minecraft:stone",
								"states": {
									"stone_type": "diorite"
								}
							},
							{
								"name": "minecraft:stone",
								"states": {
									"stone_type": "stone"
								}
							},
							{
								"name": "minecraft:cobblestone"
							},
							{
								"name": "minecraft:dirt"
							},
							{
								"name": "minecraft:dirt",
								"states": {
									"dirt_type": "coarse"
								}
							},
							{
								"name": "sc:sefril"
							},
							{
								"name": "minecraft:gravel"
							},
							{
								"name": "minecraft:tuff"
							}
						]
					}
				]
			}
		]
	}
}