{
	"file_path": "C:\\Users\\Freddy\\AppData\\Local\\Packages\\Microsoft.MinecraftUWP_8wekyb3d8bbwe\\LocalState\\games\\com.mojang\\development_behavior_packs\\Spry Conquest Overhaul\\features\\glacis_snow_feature.json",
	"file_type": "feature",
	"format_version": 1,
	"file_uuid": "f844f706_dc12_42e4_a056_e24c9f77e3ed",
	"file_version": 17,
	"cache_content": {
		"children": [
			{
				"data": "1.13.0",
				"key": "format_version"
			},
			{
				"open": {
					"format_version": "1.13.0",
					"minecraft:single_block_feature": {
						"description": {
							"identifier": "sc:glacis_snow_feature"
						},
						"places_block": {
							"name": "minecraft:snow"
						},
						"enforce_placement_rules": false,
						"enforce_survivability_rules": false,
						"may_replace": [
							{
								"name": "minecraft:stone",
								"states": {
									"stone_type": "andesite"
								}
							},
							{
								"name": "minecraft:stone",
								"states": {
									"stone_type": "granite"
								}
							},
							{
								"name": "minecraft:stone",
								"states": {
									"stone_type": "diorite"
								}
							},
							{
								"name": "minecraft:stone",
								"states": {
									"stone_type": "stone"
								}
							},
							{
								"name": "minecraft:cobblestone"
							},
							{
								"name": "minecraft:dirt"
							},
							{
								"name": "minecraft:dirt",
								"states": {
									"dirt_type": "coarse"
								}
							},
							{
								"name": "sc:sefril"
							},
							{
								"name": "minecraft:gravel"
							},
							{
								"name": "minecraft:tuff"
							},
							"minecraft:grass",
							"minecraft:podzol"
						],
						"may_attach_to": {
							"top": [
								"minecraft:air"
							],
							"min_sides_must_attach": 1
						}
					}
				},
				"key": "minecraft:single_block_feature",
				"children": [
					{
						"open": {
							"description": {
								"identifier": "sc:glacis_snow_feature"
							},
							"places_block": {
								"name": "minecraft:snow"
							},
							"enforce_placement_rules": false,
							"enforce_survivability_rules": false,
							"may_replace": [
								{
									"name": "minecraft:stone",
									"states": {
										"stone_type": "andesite"
									}
								},
								{
									"name": "minecraft:stone",
									"states": {
										"stone_type": "granite"
									}
								},
								{
									"name": "minecraft:stone",
									"states": {
										"stone_type": "diorite"
									}
								},
								{
									"name": "minecraft:stone",
									"states": {
										"stone_type": "stone"
									}
								},
								{
									"name": "minecraft:cobblestone"
								},
								{
									"name": "minecraft:dirt"
								},
								{
									"name": "minecraft:dirt",
									"states": {
										"dirt_type": "coarse"
									}
								},
								{
									"name": "sc:sefril"
								},
								{
									"name": "minecraft:gravel"
								},
								{
									"name": "minecraft:tuff"
								},
								"minecraft:grass",
								"minecraft:podzol"
							],
							"may_attach_to": {
								"top": [
									"minecraft:air"
								],
								"min_sides_must_attach": 1
							}
						},
						"key": "description",
						"is_minified": true,
						"children": {
							"identifier": "sc:glacis_snow_feature"
						}
					},
					{
						"open": {
							"description": {
								"identifier": "sc:glacis_snow_feature"
							},
							"places_block": {
								"name": "minecraft:snow"
							},
							"enforce_placement_rules": false,
							"enforce_survivability_rules": false,
							"may_replace": [
								{
									"name": "minecraft:stone",
									"states": {
										"stone_type": "andesite"
									}
								},
								{
									"name": "minecraft:stone",
									"states": {
										"stone_type": "granite"
									}
								},
								{
									"name": "minecraft:stone",
									"states": {
										"stone_type": "diorite"
									}
								},
								{
									"name": "minecraft:stone",
									"states": {
										"stone_type": "stone"
									}
								},
								{
									"name": "minecraft:cobblestone"
								},
								{
									"name": "minecraft:dirt"
								},
								{
									"name": "minecraft:dirt",
									"states": {
										"dirt_type": "coarse"
									}
								},
								{
									"name": "sc:sefril"
								},
								{
									"name": "minecraft:gravel"
								},
								{
									"name": "minecraft:tuff"
								},
								"minecraft:grass",
								"minecraft:podzol"
							],
							"may_attach_to": {
								"top": [
									"minecraft:air"
								],
								"min_sides_must_attach": 1
							}
						},
						"key": "places_block",
						"is_minified": true,
						"children": {
							"name": "minecraft:snow"
						}
					},
					{
						"data": "false",
						"key": "enforce_placement_rules"
					},
					{
						"data": "false",
						"key": "enforce_survivability_rules"
					},
					{
						"open": {
							"description": {
								"identifier": "sc:glacis_snow_feature"
							},
							"places_block": {
								"name": "minecraft:snow"
							},
							"enforce_placement_rules": false,
							"enforce_survivability_rules": false,
							"may_replace": [
								{
									"name": "minecraft:stone",
									"states": {
										"stone_type": "andesite"
									}
								},
								{
									"name": "minecraft:stone",
									"states": {
										"stone_type": "granite"
									}
								},
								{
									"name": "minecraft:stone",
									"states": {
										"stone_type": "diorite"
									}
								},
								{
									"name": "minecraft:stone",
									"states": {
										"stone_type": "stone"
									}
								},
								{
									"name": "minecraft:cobblestone"
								},
								{
									"name": "minecraft:dirt"
								},
								{
									"name": "minecraft:dirt",
									"states": {
										"dirt_type": "coarse"
									}
								},
								{
									"name": "sc:sefril"
								},
								{
									"name": "minecraft:gravel"
								},
								{
									"name": "minecraft:tuff"
								},
								"minecraft:grass",
								"minecraft:podzol"
							],
							"may_attach_to": {
								"top": [
									"minecraft:air"
								],
								"min_sides_must_attach": 1
							}
						},
						"key": "may_replace",
						"children": [
							{
								"open": [
									{
										"name": "minecraft:stone",
										"states": {
											"stone_type": "andesite"
										}
									},
									{
										"name": "minecraft:stone",
										"states": {
											"stone_type": "granite"
										}
									},
									{
										"name": "minecraft:stone",
										"states": {
											"stone_type": "diorite"
										}
									},
									{
										"name": "minecraft:stone",
										"states": {
											"stone_type": "stone"
										}
									},
									{
										"name": "minecraft:cobblestone"
									},
									{
										"name": "minecraft:dirt"
									},
									{
										"name": "minecraft:dirt",
										"states": {
											"dirt_type": "coarse"
										}
									},
									{
										"name": "sc:sefril"
									},
									{
										"name": "minecraft:gravel"
									},
									{
										"name": "minecraft:tuff"
									},
									"minecraft:grass",
									"minecraft:podzol"
								],
								"is_minified": true,
								"children": {
									"name": "minecraft:stone",
									"states": {
										"stone_type": "andesite"
									}
								}
							},
							{
								"is_minified": true,
								"children": {
									"name": "minecraft:stone",
									"states": {
										"stone_type": "granite"
									}
								}
							},
							{
								"is_minified": true,
								"children": {
									"name": "minecraft:stone",
									"states": {
										"stone_type": "diorite"
									}
								}
							},
							{
								"is_minified": true,
								"children": {
									"name": "minecraft:stone",
									"states": {
										"stone_type": "stone"
									}
								}
							},
							{
								"is_minified": true,
								"children": {
									"name": "minecraft:cobblestone"
								}
							},
							{
								"is_minified": true,
								"children": {
									"name": "minecraft:dirt"
								}
							},
							{
								"is_minified": true,
								"children": {
									"name": "minecraft:dirt",
									"states": {
										"dirt_type": "coarse"
									}
								}
							},
							{
								"is_minified": true,
								"children": {
									"name": "sc:sefril"
								}
							},
							{
								"is_minified": true,
								"children": {
									"name": "minecraft:gravel"
								}
							},
							{
								"is_minified": true,
								"children": {
									"name": "minecraft:tuff"
								}
							},
							{
								"data": "minecraft:grass"
							},
							{
								"data": "minecraft:podzol"
							}
						]
					},
					{
						"open": {
							"description": {
								"identifier": "sc:glacis_snow_feature"
							},
							"places_block": {
								"name": "minecraft:snow"
							},
							"enforce_placement_rules": false,
							"enforce_survivability_rules": false,
							"may_replace": [
								{
									"name": "minecraft:stone",
									"states": {
										"stone_type": "andesite"
									}
								},
								{
									"name": "minecraft:stone",
									"states": {
										"stone_type": "granite"
									}
								},
								{
									"name": "minecraft:stone",
									"states": {
										"stone_type": "diorite"
									}
								},
								{
									"name": "minecraft:stone",
									"states": {
										"stone_type": "stone"
									}
								},
								{
									"name": "minecraft:cobblestone"
								},
								{
									"name": "minecraft:dirt"
								},
								{
									"name": "minecraft:dirt",
									"states": {
										"dirt_type": "coarse"
									}
								},
								{
									"name": "sc:sefril"
								},
								{
									"name": "minecraft:gravel"
								},
								{
									"name": "minecraft:tuff"
								},
								"minecraft:grass",
								"minecraft:podzol"
							],
							"may_attach_to": {
								"top": [
									"minecraft:air"
								],
								"min_sides_must_attach": 1
							}
						},
						"key": "may_attach_to",
						"children": [
							{
								"open": {
									"top": [
										"minecraft:air"
									],
									"min_sides_must_attach": 1
								},
								"key": "top",
								"is_minified": true,
								"children": [
									"minecraft:air"
								]
							},
							{
								"data": "1",
								"key": "min_sides_must_attach"
							}
						]
					}
				]
			}
		]
	}
}