{
	"file_path": "C:\\Users\\Freddy\\AppData\\Local\\Packages\\Microsoft.MinecraftUWP_8wekyb3d8bbwe\\LocalState\\games\\com.mojang\\development_behavior_packs\\Spry Conquest Overhaul\\features\\mimic_chest_feature.json",
	"file_type": "feature",
	"format_version": 1,
	"file_uuid": "88695264_7a52_4547_a199_821749173547",
	"file_version": 11,
	"cache_content": {
		"children": [
			{
				"data": "1.13.0",
				"key": "format_version"
			},
			{
				"open": {
					"format_version": "1.13.0",
					"minecraft:single_block_feature": {
						"description": {
							"identifier": "sc:mimic_chest_feature"
						},
						"places_block": {
							"name": "sc:mimic_chest"
						},
						"enforce_placement_rules": false,
						"enforce_survivability_rules": false,
						"may_replace": [
							{
								"name": "minecraft:chest"
							}
						]
					}
				},
				"key": "minecraft:single_block_feature",
				"children": [
					{
						"open": {
							"description": {
								"identifier": "sc:mimic_chest_feature"
							},
							"places_block": {
								"name": "sc:mimic_chest"
							},
							"enforce_placement_rules": false,
							"enforce_survivability_rules": false,
							"may_replace": [
								{
									"name": "minecraft:chest"
								}
							]
						},
						"key": "description",
						"is_minified": true,
						"children": {
							"identifier": "sc:mimic_chest_feature"
						}
					},
					{
						"open": {
							"description": {
								"identifier": "sc:mimic_chest_feature"
							},
							"places_block": {
								"name": "sc:mimic_chest"
							},
							"enforce_placement_rules": false,
							"enforce_survivability_rules": false,
							"may_replace": [
								{
									"name": "minecraft:chest"
								}
							]
						},
						"key": "places_block",
						"is_minified": true,
						"children": {
							"name": "sc:mimic_chest"
						}
					},
					{
						"data": "false",
						"key": "enforce_placement_rules"
					},
					{
						"data": "false",
						"key": "enforce_survivability_rules"
					},
					{
						"open": {
							"description": {
								"identifier": "sc:mimic_chest_feature"
							},
							"places_block": {
								"name": "sc:mimic_chest"
							},
							"enforce_placement_rules": false,
							"enforce_survivability_rules": false,
							"may_replace": [
								{
									"name": "minecraft:chest"
								}
							]
						},
						"key": "may_replace",
						"children": [
							{
								"open": [
									{
										"name": "minecraft:chest"
									}
								],
								"is_minified": true,
								"children": {
									"name": "minecraft:chest"
								}
							}
						]
					}
				]
			}
		]
	}
}