{
	"file_path": "C:\\Users\\Freddy\\AppData\\Local\\Packages\\Microsoft.MinecraftUWP_8wekyb3d8bbwe\\LocalState\\games\\com.mojang\\development_behavior_packs\\Spry Conquest Overhaul\\features\\packed_ice_feature.json",
	"file_type": "feature",
	"format_version": 1,
	"file_uuid": "ae133985_994c_4192_8b81_82ae8f4b00dc",
	"file_version": 45,
	"cache_content": {
		"children": [
			{
				"data": "1.13.0",
				"key": "format_version"
			},
			{
				"open": {
					"format_version": "1.13.0",
					"minecraft:ore_feature": {
						"description": {
							"identifier": "sc:packed_ice_feature"
						},
						"count": 25,
						"replace_rules": [
							{
								"places_block": {
									"name": "sc:glacis_ice"
								},
								"may_replace": [
									"sc:glacis_stone"
								]
							}
						]
					}
				},
				"key": "minecraft:ore_feature",
				"children": [
					{
						"open": {
							"description": {
								"identifier": "sc:packed_ice_feature"
							},
							"count": 25,
							"replace_rules": [
								{
									"places_block": {
										"name": "sc:glacis_ice"
									},
									"may_replace": [
										"sc:glacis_stone"
									]
								}
							]
						},
						"key": "description",
						"is_minified": true,
						"children": {
							"identifier": "sc:packed_ice_feature"
						}
					},
					{
						"open": {
							"description": {
								"identifier": "sc:packed_ice_feature"
							},
							"count": 25,
							"replace_rules": [
								{
									"places_block": {
										"name": "sc:glacis_ice"
									},
									"may_replace": [
										"sc:glacis_stone"
									]
								}
							]
						},
						"data": "25",
						"key": "count"
					},
					{
						"open": {
							"description": {
								"identifier": "sc:packed_ice_feature"
							},
							"count": 25,
							"replace_rules": [
								{
									"places_block": {
										"name": "sc:glacis_ice"
									},
									"may_replace": [
										"sc:glacis_stone"
									]
								}
							]
						},
						"key": "replace_rules",
						"children": [
							{
								"open": [
									{
										"places_block": {
											"name": "sc:glacis_ice"
										},
										"may_replace": [
											"sc:glacis_stone"
										]
									}
								],
								"children": [
									{
										"open": {
											"places_block": {
												"name": "sc:glacis_ice"
											},
											"may_replace": [
												"sc:glacis_stone"
											]
										},
										"key": "places_block",
										"is_minified": true,
										"children": {
											"name": "sc:glacis_ice"
										}
									},
									{
										"open": {
											"places_block": {
												"name": "sc:glacis_ice"
											},
											"may_replace": [
												"sc:glacis_stone"
											]
										},
										"key": "may_replace",
										"is_minified": true,
										"children": [
											"sc:glacis_stone"
										]
									}
								]
							}
						]
					}
				]
			}
		]
	}
}