{
	"file_path": "C:\\Users\\Freddy\\AppData\\Local\\Packages\\Microsoft.MinecraftUWP_8wekyb3d8bbwe\\LocalState\\games\\com.mojang\\development_behavior_packs\\Spry Conquest Overhaul\\features\\rock_feature.json",
	"file_type": "feature",
	"format_version": 1,
	"file_uuid": "55324ed6_83e6_40a3_bd49_ad8f577b9fcb",
	"file_version": 24,
	"cache_content": {
		"children": [
			{
				"data": "1.16.0",
				"key": "format_version"
			},
			{
				"open": {
					"format_version": "1.16.0",
					"minecraft:structure_template_feature": {
						"description": {
							"identifier": "sc:rock_feature"
						},
						"structure_name": "mystructure:rock",
						"adjustment_radius": 1,
						"facing_direction": "random",
						"constraints": {
							"grounded": {},
							"block_intersection": {
								"block_whitelist": [
									{
										"name": "minecraft:grass"
									},
									{
										"name": "minecraft:air"
									},
									{
										"name": "minecraft:dirt"
									},
									{
										"name": "minecraft:dirt",
										"states": {
											"dirt_type": "coarse"
										}
									}
								]
							}
						}
					}
				},
				"key": "minecraft:structure_template_feature",
				"children": [
					{
						"open": {
							"description": {
								"identifier": "sc:rock_feature"
							},
							"structure_name": "mystructure:rock",
							"adjustment_radius": 1,
							"facing_direction": "random",
							"constraints": {
								"grounded": {},
								"block_intersection": {
									"block_whitelist": [
										{
											"name": "minecraft:grass"
										},
										{
											"name": "minecraft:air"
										},
										{
											"name": "minecraft:dirt"
										},
										{
											"name": "minecraft:dirt",
											"states": {
												"dirt_type": "coarse"
											}
										}
									]
								}
							}
						},
						"key": "description",
						"is_minified": true,
						"children": {
							"identifier": "sc:rock_feature"
						}
					},
					{
						"open": {
							"description": {
								"identifier": "sc:rock_feature"
							},
							"structure_name": "mystructure:rock",
							"adjustment_radius": 1,
							"facing_direction": "random",
							"constraints": {
								"grounded": {},
								"block_intersection": {
									"block_whitelist": [
										{
											"name": "minecraft:grass"
										},
										{
											"name": "minecraft:air"
										},
										{
											"name": "minecraft:dirt"
										},
										{
											"name": "minecraft:dirt",
											"states": {
												"dirt_type": "coarse"
											}
										}
									]
								}
							}
						},
						"data": "mystructure:rock",
						"key": "structure_name"
					},
					{
						"data": "1",
						"key": "adjustment_radius"
					},
					{
						"data": "random",
						"key": "facing_direction"
					},
					{
						"open": {
							"description": {
								"identifier": "sc:rock_feature"
							},
							"structure_name": "mystructure:rock",
							"adjustment_radius": 1,
							"facing_direction": "random",
							"constraints": {
								"grounded": {},
								"block_intersection": {
									"block_whitelist": [
										{
											"name": "minecraft:grass"
										},
										{
											"name": "minecraft:air"
										},
										{
											"name": "minecraft:dirt"
										},
										{
											"name": "minecraft:dirt",
											"states": {
												"dirt_type": "coarse"
											}
										}
									]
								}
							}
						},
						"key": "constraints",
						"children": [
							{
								"key": "grounded",
								"is_minified": true,
								"children": {}
							},
							{
								"open": {
									"grounded": {},
									"block_intersection": {
										"block_whitelist": [
											{
												"name": "minecraft:grass"
											},
											{
												"name": "minecraft:air"
											},
											{
												"name": "minecraft:dirt"
											},
											{
												"name": "minecraft:dirt",
												"states": {
													"dirt_type": "coarse"
												}
											}
										]
									}
								},
								"key": "block_intersection",
								"children": [
									{
										"open": {
											"block_whitelist": [
												{
													"name": "minecraft:grass"
												},
												{
													"name": "minecraft:air"
												},
												{
													"name": "minecraft:dirt"
												},
												{
													"name": "minecraft:dirt",
													"states": {
														"dirt_type": "coarse"
													}
												}
											]
										},
										"key": "block_whitelist",
										"children": [
											{
												"is_minified": true,
												"children": {
													"name": "minecraft:grass"
												}
											},
											{
												"is_minified": true,
												"children": {
													"name": "minecraft:air"
												}
											},
											{
												"open": [
													{
														"name": "minecraft:grass"
													},
													{
														"name": "minecraft:air"
													},
													{
														"name": "minecraft:dirt"
													},
													{
														"name": "minecraft:dirt",
														"states": {
															"dirt_type": "coarse"
														}
													}
												],
												"is_minified": true,
												"children": {
													"name": "minecraft:dirt"
												}
											},
											{
												"open": [
													{
														"name": "minecraft:grass"
													},
													{
														"name": "minecraft:air"
													},
													{
														"name": "minecraft:dirt"
													},
													{
														"name": "minecraft:dirt",
														"states": {
															"dirt_type": "coarse"
														}
													}
												],
												"children": [
													{
														"data": "minecraft:dirt",
														"key": "name"
													},
													{
														"open": {
															"name": "minecraft:dirt",
															"states": {
																"dirt_type": "coarse"
															}
														},
														"key": "states",
														"is_minified": true,
														"children": {
															"dirt_type": "coarse"
														}
													}
												]
											}
										]
									}
								]
							}
						]
					}
				]
			}
		]
	}
}