{
	"file_path": "C:\\Users\\Freddy\\AppData\\Local\\Packages\\Microsoft.MinecraftUWP_8wekyb3d8bbwe\\LocalState\\games\\com.mojang\\development_behavior_packs\\Spry Conquest Overhaul\\features\\spruce1_feature.json",
	"file_type": "feature",
	"format_version": 1,
	"file_uuid": "39a56b42_845c_4456_866f_865fa2917f02",
	"file_version": 14,
	"cache_content": {
		"children": [
			{
				"data": "1.16.0",
				"key": "format_version"
			},
			{
				"open": {
					"format_version": "1.16.0",
					"minecraft:structure_template_feature": {
						"description": {
							"identifier": "sc:spruce1_feature"
						},
						"structure_name": "mystructure:spruce1",
						"adjustment_radius": 8,
						"facing_direction": "random",
						"constraints": {
							"grounded": {},
							"block_intersection": {
								"block_whitelist": [
									{
										"name": "minecraft:grass"
									},
									{
										"name": "minecraft:air"
									},
									{
										"name": "minecraft:dirt"
									}
								]
							}
						}
					}
				},
				"key": "minecraft:structure_template_feature",
				"children": [
					{
						"key": "description",
						"is_minified": true,
						"children": {
							"identifier": "sc:spruce1_feature"
						}
					},
					{
						"open": {
							"description": {
								"identifier": "sc:spruce1_feature"
							},
							"structure_name": "mystructure:spruce1",
							"adjustment_radius": 8,
							"facing_direction": "random",
							"constraints": {
								"grounded": {},
								"block_intersection": {
									"block_whitelist": [
										{
											"name": "minecraft:grass"
										},
										{
											"name": "minecraft:air"
										},
										{
											"name": "minecraft:dirt"
										}
									]
								}
							}
						},
						"data": "mystructure:spruce1",
						"key": "structure_name"
					},
					{
						"open": {
							"description": {
								"identifier": "sc:spruce1_feature"
							},
							"structure_name": "mystructure:spruce1",
							"adjustment_radius": 8,
							"facing_direction": "random",
							"constraints": {
								"grounded": {},
								"block_intersection": {
									"block_whitelist": [
										{
											"name": "minecraft:grass"
										},
										{
											"name": "minecraft:air"
										},
										{
											"name": "minecraft:dirt"
										}
									]
								}
							}
						},
						"data": "8",
						"key": "adjustment_radius"
					},
					{
						"data": "random",
						"key": "facing_direction"
					},
					{
						"open": {
							"description": {
								"identifier": "sc:spruce1_feature"
							},
							"structure_name": "mystructure:spruce1",
							"adjustment_radius": 8,
							"facing_direction": "random",
							"constraints": {
								"grounded": {},
								"block_intersection": {
									"block_whitelist": [
										{
											"name": "minecraft:grass"
										},
										{
											"name": "minecraft:air"
										},
										{
											"name": "minecraft:dirt"
										}
									]
								}
							}
						},
						"key": "constraints",
						"is_minified": true,
						"children": {
							"grounded": {},
							"block_intersection": {
								"block_whitelist": [
									{
										"name": "minecraft:grass"
									},
									{
										"name": "minecraft:air"
									},
									{
										"name": "minecraft:dirt"
									}
								]
							}
						}
					}
				]
			}
		]
	}
}