{
	"file_path": "C:\\Users\\Freddy\\AppData\\Local\\Packages\\Microsoft.MinecraftUWP_8wekyb3d8bbwe\\LocalState\\games\\com.mojang\\development_behavior_packs\\Spry Conquest Overhaul\\features\\tuff_feature.json",
	"file_type": "feature",
	"format_version": 1,
	"file_uuid": "c47d59b5_d368_4306_82c8_946ad370c71e",
	"file_version": 37,
	"cache_content": {
		"children": [
			{
				"data": "1.13.0",
				"key": "format_version"
			},
			{
				"open": {
					"format_version": "1.13.0",
					"minecraft:ore_feature": {
						"description": {
							"identifier": "sc:tuff_feature"
						},
						"count": 4,
						"replace_rules": [
							{
								"places_block": {
									"name": "minecraft:tuff"
								},
								"may_replace": [
									"minecraft:stone"
								]
							}
						]
					}
				},
				"key": "minecraft:ore_feature",
				"children": [
					{
						"open": {
							"description": {
								"identifier": "sc:tuff_feature"
							},
							"count": 4,
							"replace_rules": [
								{
									"places_block": {
										"name": "minecraft:tuff"
									},
									"may_replace": [
										"minecraft:stone"
									]
								}
							]
						},
						"key": "description",
						"is_minified": true,
						"children": {
							"identifier": "sc:tuff_feature"
						}
					},
					{
						"open": {
							"description": {
								"identifier": "sc:tuff_feature"
							},
							"count": 4,
							"replace_rules": [
								{
									"places_block": {
										"name": "minecraft:tuff"
									},
									"may_replace": [
										"minecraft:stone"
									]
								}
							]
						},
						"data": "4",
						"key": "count"
					},
					{
						"open": {
							"description": {
								"identifier": "sc:tuff_feature"
							},
							"count": 4,
							"replace_rules": [
								{
									"places_block": {
										"name": "minecraft:tuff"
									},
									"may_replace": [
										"minecraft:stone"
									]
								}
							]
						},
						"key": "replace_rules",
						"children": [
							{
								"open": [
									{
										"places_block": {
											"name": "minecraft:tuff"
										},
										"may_replace": [
											"minecraft:stone"
										]
									}
								],
								"children": [
									{
										"open": {
											"places_block": {
												"name": "minecraft:tuff"
											},
											"may_replace": [
												"minecraft:stone"
											]
										},
										"key": "places_block",
										"is_minified": true,
										"children": {
											"name": "minecraft:tuff"
										}
									},
									{
										"open": {
											"places_block": {
												"name": "minecraft:tuff"
											},
											"may_replace": [
												"minecraft:stone"
											]
										},
										"key": "may_replace",
										"is_minified": true,
										"children": [
											"minecraft:stone"
										]
									}
								]
							}
						]
					}
				]
			}
		]
	}
}