{
	"file_path": "C:\\Users\\Freddy\\AppData\\Local\\Packages\\Microsoft.MinecraftUWP_8wekyb3d8bbwe\\LocalState\\games\\com.mojang\\development_behavior_packs\\Spry Conquest Overhaul\\features\\watermelon_feature.json",
	"file_type": "feature",
	"format_version": 1,
	"file_uuid": "0da5629b_60da_4ab2_9309_8293cfe9e6fa",
	"file_version": 31,
	"cache_content": {
		"children": [
			{
				"data": "1.16.0",
				"key": "format_version"
			},
			{
				"open": {
					"format_version": "1.16.0",
					"minecraft:structure_template_feature": {
						"description": {
							"identifier": "sc:watermelon_feature"
						},
						"structure_name": "mystructure:melon",
						"adjustment_radius": 1,
						"facing_direction": "random",
						"constraints": {
							"grounded": {},
							"block_intersection": {
								"block_whitelist": [
									{
										"name": "minecraft:air"
									}
								]
							}
						}
					}
				},
				"key": "minecraft:structure_template_feature",
				"children": [
					{
						"open": {
							"description": {
								"identifier": "sc:watermelon_feature"
							},
							"structure_name": "mystructure:melon",
							"adjustment_radius": 1,
							"facing_direction": "random",
							"constraints": {
								"grounded": {},
								"block_intersection": {
									"block_whitelist": [
										{
											"name": "minecraft:air"
										}
									]
								}
							}
						},
						"key": "description",
						"is_minified": true,
						"children": {
							"identifier": "sc:watermelon_feature"
						}
					},
					{
						"open": {
							"description": {
								"identifier": "sc:watermelon_feature"
							},
							"structure_name": "mystructure:melon",
							"adjustment_radius": 1,
							"facing_direction": "random",
							"constraints": {
								"grounded": {},
								"block_intersection": {
									"block_whitelist": [
										{
											"name": "minecraft:air"
										}
									]
								}
							}
						},
						"data": "mystructure:melon",
						"key": "structure_name"
					},
					{
						"data": "1",
						"key": "adjustment_radius"
					},
					{
						"data": "random",
						"key": "facing_direction"
					},
					{
						"open": {
							"description": {
								"identifier": "sc:watermelon_feature"
							},
							"structure_name": "mystructure:melon",
							"adjustment_radius": 1,
							"facing_direction": "random",
							"constraints": {
								"grounded": {},
								"block_intersection": {
									"block_whitelist": [
										{
											"name": "minecraft:air"
										}
									]
								}
							}
						},
						"key": "constraints",
						"children": [
							{
								"key": "grounded",
								"is_minified": true,
								"children": {}
							},
							{
								"open": {
									"grounded": {},
									"block_intersection": {
										"block_whitelist": [
											{
												"name": "minecraft:air"
											}
										]
									}
								},
								"key": "block_intersection",
								"children": [
									{
										"open": {
											"block_whitelist": [
												{
													"name": "minecraft:air"
												}
											]
										},
										"key": "block_whitelist",
										"children": [
											{
												"open": [
													{
														"name": "minecraft:air"
													}
												],
												"is_minified": true,
												"children": {
													"name": "minecraft:air"
												}
											}
										]
									}
								]
							}
						]
					}
				]
			}
		]
	}
}