{
	"file_path": "C:\\Users\\Freddy\\AppData\\Local\\Packages\\Microsoft.MinecraftUWP_8wekyb3d8bbwe\\LocalState\\games\\com.mojang\\development_behavior_packs\\Spry Conquest Overhaul\\features\\web_feature.json",
	"file_type": "feature",
	"format_version": 1,
	"file_uuid": "f5f85c75_0afc_406d_8fe6_7deaba5c8446",
	"file_version": 14,
	"cache_content": {
		"children": [
			{
				"data": "1.13.0",
				"key": "format_version"
			},
			{
				"open": {
					"format_version": "1.13.0",
					"minecraft:single_block_feature": {
						"description": {
							"identifier": "sc:web_feature"
						},
						"places_block": {
							"name": "minecraft:web"
						},
						"enforce_survivability_rules": true,
						"enforce_placement_rules": true,
						"may_replace": [
							{
								"name": "minecraft:air"
							}
						]
					}
				},
				"key": "minecraft:single_block_feature",
				"children": [
					{
						"open": {
							"description": {
								"identifier": "sc:web_feature"
							},
							"places_block": {
								"name": "minecraft:web"
							},
							"enforce_survivability_rules": true,
							"enforce_placement_rules": true,
							"may_replace": [
								{
									"name": "minecraft:air"
								}
							]
						},
						"key": "description",
						"is_minified": true,
						"children": {
							"identifier": "sc:web_feature"
						}
					},
					{
						"open": {
							"description": {
								"identifier": "sc:web_feature"
							},
							"places_block": {
								"name": "minecraft:web"
							},
							"enforce_survivability_rules": true,
							"enforce_placement_rules": true,
							"may_replace": [
								{
									"name": "minecraft:air"
								}
							]
						},
						"key": "places_block",
						"is_minified": true,
						"children": {
							"name": "minecraft:web"
						}
					},
					{
						"data": "true",
						"key": "enforce_survivability_rules"
					},
					{
						"data": "true",
						"key": "enforce_placement_rules"
					},
					{
						"open": {
							"description": {
								"identifier": "sc:web_feature"
							},
							"places_block": {
								"name": "minecraft:web"
							},
							"enforce_survivability_rules": true,
							"enforce_placement_rules": true,
							"may_replace": [
								{
									"name": "minecraft:air"
								}
							]
						},
						"key": "may_replace",
						"children": [
							{
								"open": [
									{
										"name": "minecraft:air"
									}
								],
								"is_minified": true,
								"children": {
									"name": "minecraft:air"
								}
							}
						]
					}
				]
			}
		]
	}
}