{
	"file_path": "C:\\Users\\Freddy\\AppData\\Local\\Packages\\Microsoft.MinecraftUWP_8wekyb3d8bbwe\\LocalState\\games\\com.mojang\\development_behavior_packs\\Spry Conquest Overhaul\\feature_rules\\terrain\\ore\\argent_ore_rule.json",
	"file_type": "feature_rule",
	"format_version": 1,
	"file_uuid": "50341f67_6e02_4a4e_bd15_be9594dbc1fb",
	"file_version": 6,
	"cache_content": {
		"children": [
			{
				"data": "1.13.0",
				"key": "format_version"
			},
			{
				"open": {
					"format_version": "1.13.0",
					"minecraft:feature_rules": {
						"description": {
							"identifier": "sc:argent_ore_rule",
							"places_feature": "sc:argent_ore_feature"
						},
						"conditions": {
							"placement_pass": "underground_pass",
							"minecraft:biome_filter": [
								{
									"any_of": [
										{
											"test": "has_biome_tag",
											"operator": "==",
											"value": "overworld"
										},
										{
											"test": "has_biome_tag",
											"operator": "==",
											"value": "overworld_generation"
										}
									]
								}
							]
						},
						"distribution": {
							"iterations": 5,
							"coordinate_eval_order": "zyx",
							"x": {
								"distribution": "uniform",
								"extent": [
									0,
									16
								]
							},
							"y": {
								"distribution": "uniform",
								"extent": [
									0,
									35
								]
							},
							"z": {
								"distribution": "uniform",
								"extent": [
									0,
									16
								]
							}
						}
					}
				},
				"key": "minecraft:feature_rules",
				"children": [
					{
						"key": "description",
						"is_minified": true,
						"children": {
							"identifier": "sc:argent_ore_rule",
							"places_feature": "sc:argent_ore_feature"
						}
					},
					{
						"key": "conditions",
						"is_minified": true,
						"children": {
							"placement_pass": "underground_pass",
							"minecraft:biome_filter": [
								{
									"any_of": [
										{
											"test": "has_biome_tag",
											"operator": "==",
											"value": "overworld"
										},
										{
											"test": "has_biome_tag",
											"operator": "==",
											"value": "overworld_generation"
										}
									]
								}
							]
						}
					},
					{
						"open": {
							"description": {
								"identifier": "sc:argent_ore_rule",
								"places_feature": "sc:argent_ore_feature"
							},
							"conditions": {
								"placement_pass": "underground_pass",
								"minecraft:biome_filter": [
									{
										"any_of": [
											{
												"test": "has_biome_tag",
												"operator": "==",
												"value": "overworld"
											},
											{
												"test": "has_biome_tag",
												"operator": "==",
												"value": "overworld_generation"
											}
										]
									}
								]
							},
							"distribution": {
								"iterations": 5,
								"coordinate_eval_order": "zyx",
								"x": {
									"distribution": "uniform",
									"extent": [
										0,
										16
									]
								},
								"y": {
									"distribution": "uniform",
									"extent": [
										0,
										35
									]
								},
								"z": {
									"distribution": "uniform",
									"extent": [
										0,
										16
									]
								}
							}
						},
						"key": "distribution",
						"children": [
							{
								"data": "5",
								"key": "iterations"
							},
							{
								"data": "zyx",
								"key": "coordinate_eval_order"
							},
							{
								"key": "x",
								"is_minified": true,
								"children": {
									"distribution": "uniform",
									"extent": [
										0,
										16
									]
								}
							},
							{
								"open": {
									"iterations": 5,
									"coordinate_eval_order": "zyx",
									"x": {
										"distribution": "uniform",
										"extent": [
											0,
											16
										]
									},
									"y": {
										"distribution": "uniform",
										"extent": [
											0,
											35
										]
									},
									"z": {
										"distribution": "uniform",
										"extent": [
											0,
											16
										]
									}
								},
								"key": "y",
								"children": [
									{
										"data": "uniform",
										"key": "distribution"
									},
									{
										"open": {
											"distribution": "uniform",
											"extent": [
												0,
												35
											]
										},
										"key": "extent",
										"is_minified": true,
										"children": [
											0,
											35
										]
									}
								]
							},
							{
								"key": "z",
								"is_minified": true,
								"children": {
									"distribution": "uniform",
									"extent": [
										0,
										16
									]
								}
							}
						]
					}
				]
			}
		]
	}
}