{
	"file_path": "C:\\Users\\Freddy\\AppData\\Local\\Packages\\Microsoft.MinecraftUWP_8wekyb3d8bbwe\\LocalState\\games\\com.mojang\\development_behavior_packs\\Spry Conquest Overhaul\\feature_rules\\pines_double_plant_fern_rule.json",
	"file_type": "feature_rule",
	"format_version": 1,
	"file_uuid": "6513dfb3_62f8_4702_a0be_193fae6222dc",
	"file_version": 3,
	"cache_content": {
		"children": [
			{
				"data": "1.13.0",
				"key": "format_version"
			},
			{
				"open": {
					"format_version": "1.13.0",
					"minecraft:feature_rules": {
						"description": {
							"identifier": "sc:pines_double_plant_fern_rule",
							"places_feature": "minecraft:fern_double_plant_patch_feature"
						},
						"conditions": {
							"placement_pass": "first_pass",
							"minecraft:biome_filter": [
								{
									"test": "has_biome_tag",
									"operator": "==",
									"value": "pines"
								}
							]
						},
						"distribution": {
							"iterations": 10,
							"x": {
								"distribution": "uniform",
								"extent": [
									0,
									16
								]
							},
							"y": "query.heightmap(variable.worldx, variable.worldz)",
							"z": {
								"distribution": "uniform",
								"extent": [
									0,
									16
								]
							}
						}
					}
				},
				"key": "minecraft:feature_rules",
				"children": [
					{
						"open": {
							"description": {
								"identifier": "sc:pines_double_plant_fern_rule",
								"places_feature": "minecraft:fern_double_plant_patch_feature"
							},
							"conditions": {
								"placement_pass": "first_pass",
								"minecraft:biome_filter": [
									{
										"test": "has_biome_tag",
										"operator": "==",
										"value": "pines"
									}
								]
							},
							"distribution": {
								"iterations": 10,
								"x": {
									"distribution": "uniform",
									"extent": [
										0,
										16
									]
								},
								"y": "query.heightmap(variable.worldx, variable.worldz)",
								"z": {
									"distribution": "uniform",
									"extent": [
										0,
										16
									]
								}
							}
						},
						"key": "description",
						"is_minified": true,
						"children": {
							"identifier": "sc:pines_double_plant_fern_rule",
							"places_feature": "minecraft:fern_double_plant_patch_feature"
						}
					},
					{
						"open": {
							"description": {
								"identifier": "sc:pines_double_plant_fern_rule",
								"places_feature": "minecraft:fern_double_plant_patch_feature"
							},
							"conditions": {
								"placement_pass": "first_pass",
								"minecraft:biome_filter": [
									{
										"test": "has_biome_tag",
										"operator": "==",
										"value": "pines"
									}
								]
							},
							"distribution": {
								"iterations": 10,
								"x": {
									"distribution": "uniform",
									"extent": [
										0,
										16
									]
								},
								"y": "query.heightmap(variable.worldx, variable.worldz)",
								"z": {
									"distribution": "uniform",
									"extent": [
										0,
										16
									]
								}
							}
						},
						"key": "conditions",
						"children": [
							{
								"data": "first_pass",
								"key": "placement_pass"
							},
							{
								"open": {
									"placement_pass": "first_pass",
									"minecraft:biome_filter": [
										{
											"test": "has_biome_tag",
											"operator": "==",
											"value": "pines"
										}
									]
								},
								"key": "minecraft:biome_filter",
								"children": [
									{
										"open": [
											{
												"test": "has_biome_tag",
												"operator": "==",
												"value": "pines"
											}
										],
										"is_minified": true,
										"children": {
											"test": "has_biome_tag",
											"operator": "==",
											"value": "pines"
										}
									}
								]
							}
						]
					},
					{
						"open": {
							"description": {
								"identifier": "sc:pines_double_plant_fern_rule",
								"places_feature": "minecraft:fern_double_plant_patch_feature"
							},
							"conditions": {
								"placement_pass": "first_pass",
								"minecraft:biome_filter": [
									{
										"test": "has_biome_tag",
										"operator": "==",
										"value": "pines"
									}
								]
							},
							"distribution": {
								"iterations": 10,
								"x": {
									"distribution": "uniform",
									"extent": [
										0,
										16
									]
								},
								"y": "query.heightmap(variable.worldx, variable.worldz)",
								"z": {
									"distribution": "uniform",
									"extent": [
										0,
										16
									]
								}
							}
						},
						"key": "distribution",
						"is_minified": true,
						"children": {
							"iterations": 10,
							"x": {
								"distribution": "uniform",
								"extent": [
									0,
									16
								]
							},
							"y": "query.heightmap(variable.worldx, variable.worldz)",
							"z": {
								"distribution": "uniform",
								"extent": [
									0,
									16
								]
							}
						}
					}
				]
			}
		]
	}
}