{
	"file_path": "C:\\Users\\Freddy\\AppData\\Local\\Packages\\Microsoft.MinecraftUWP_8wekyb3d8bbwe\\LocalState\\games\\com.mojang\\development_behavior_packs\\Spry Conquest Overhaul\\feature_rules\\foliage\\spruce1_pines_rule.json",
	"file_type": "feature_rule",
	"format_version": 1,
	"file_uuid": "ce365901_5411_41f6_939b_361a80ab29bd",
	"file_version": 44,
	"cache_content": {
		"children": [
			{
				"data": "1.16.0",
				"key": "format_version"
			},
			{
				"open": {
					"format_version": "1.16.0",
					"minecraft:feature_rules": {
						"description": {
							"identifier": "sc:spruce1_pines_rule",
							"places_feature": "sc:spruce1_feature"
						},
						"conditions": {
							"placement_pass": "surface_pass",
							"minecraft:biome_filter": {
								"any_of": [
									{
										"test": "has_biome_tag",
										"operator": "==",
										"value": "pines"
									},
									{
										"test": "has_biome_tag",
										"operator": "==",
										"value": "taiga"
									}
								]
							}
						},
						"distribution": {
							"iterations": 1,
							"scatter_chance": 90,
							"x": {
								"distribution": "uniform",
								"extent": [
									0,
									16
								]
							},
							"y": "query.heightmap(variable.worldx, variable.worldz) + 0",
							"z": {
								"distribution": "uniform",
								"extent": [
									0,
									16
								]
							}
						}
					}
				},
				"key": "minecraft:feature_rules",
				"children": [
					{
						"open": {
							"description": {
								"identifier": "sc:spruce1_pines_rule",
								"places_feature": "sc:spruce1_feature"
							},
							"conditions": {
								"placement_pass": "surface_pass",
								"minecraft:biome_filter": {
									"any_of": [
										{
											"test": "has_biome_tag",
											"operator": "==",
											"value": "pines"
										},
										{
											"test": "has_biome_tag",
											"operator": "==",
											"value": "taiga"
										}
									]
								}
							},
							"distribution": {
								"iterations": 1,
								"scatter_chance": 90,
								"x": {
									"distribution": "uniform",
									"extent": [
										0,
										16
									]
								},
								"y": "query.heightmap(variable.worldx, variable.worldz) + 0",
								"z": {
									"distribution": "uniform",
									"extent": [
										0,
										16
									]
								}
							}
						},
						"key": "description",
						"is_minified": true,
						"children": {
							"identifier": "sc:spruce1_pines_rule",
							"places_feature": "sc:spruce1_feature"
						}
					},
					{
						"key": "conditions",
						"is_minified": true,
						"children": {
							"placement_pass": "surface_pass",
							"minecraft:biome_filter": {
								"any_of": [
									{
										"test": "has_biome_tag",
										"operator": "==",
										"value": "pines"
									},
									{
										"test": "has_biome_tag",
										"operator": "==",
										"value": "taiga"
									}
								]
							}
						}
					},
					{
						"open": {
							"description": {
								"identifier": "sc:spruce1_pines_rule",
								"places_feature": "sc:spruce1_feature"
							},
							"conditions": {
								"placement_pass": "surface_pass",
								"minecraft:biome_filter": {
									"any_of": [
										{
											"test": "has_biome_tag",
											"operator": "==",
											"value": "pines"
										},
										{
											"test": "has_biome_tag",
											"operator": "==",
											"value": "taiga"
										}
									]
								}
							},
							"distribution": {
								"iterations": 1,
								"scatter_chance": 90,
								"x": {
									"distribution": "uniform",
									"extent": [
										0,
										16
									]
								},
								"y": "query.heightmap(variable.worldx, variable.worldz) + 0",
								"z": {
									"distribution": "uniform",
									"extent": [
										0,
										16
									]
								}
							}
						},
						"key": "distribution",
						"is_minified": true,
						"children": {
							"iterations": 1,
							"scatter_chance": 90,
							"x": {
								"distribution": "uniform",
								"extent": [
									0,
									16
								]
							},
							"y": "query.heightmap(variable.worldx, variable.worldz) + 0",
							"z": {
								"distribution": "uniform",
								"extent": [
									0,
									16
								]
							}
						}
					}
				]
			}
		]
	}
}