{
	"file_path": "C:\\Users\\User\\AppData\\Local\\Packages\\Microsoft.MinecraftUWP_8wekyb3d8bbwe\\LocalState\\games\\com.mojang\\development_behavior_packs\\Project Terracotta\\subpacks\\terrain_generation\\feature_rules\\cattail_in_swamp_scatter_feature_rules.json",
	"file_type": "unknown",
	"format_version": 1,
	"file_uuid": "79ff5c6c_7501_4239_81cf_150362d2769a",
	"file_version": 78,
	"cache_content": {
		"children": [
			{
				"data": "1.13.0",
				"key": "format_version"
			},
			{
				"open": {
					"format_version": "1.13.0",
					"minecraft:feature_rules": {
						"description": {
							"identifier": "ilosemypotato:cattail_in_swamp_scatter_feature_rules",
							"places_feature": "ilosemypotato:cattail_scatter_feature"
						},
						"conditions": {
							"placement_pass": "surface_pass",
							"minecraft:biome_filter": {
								"test": "has_biome_tag",
								"operator": "==",
								"value": "swamp"
							}
						},
						"distribution": {
							"iterations": "math.random(2, 6)",
							"x": {
								"distribution": "uniform",
								"extent": [
									0,
									16
								]
							},
							"y": "query.heightmap(variable.worldx, variable.worldz)",
							"z": {
								"distribution": "uniform",
								"extent": [
									0,
									16
								]
							},
							"scatter_chance": 42
						}
					}
				},
				"key": "minecraft:feature_rules",
				"children": [
					{
						"key": "description",
						"is_minified": true,
						"children": {
							"identifier": "ilosemypotato:cattail_in_swamp_scatter_feature_rules",
							"places_feature": "ilosemypotato:cattail_scatter_feature"
						}
					},
					{
						"key": "conditions",
						"is_minified": true,
						"children": {
							"placement_pass": "surface_pass",
							"minecraft:biome_filter": {
								"test": "has_biome_tag",
								"operator": "==",
								"value": "swamp"
							}
						}
					},
					{
						"open": {
							"description": {
								"identifier": "ilosemypotato:cattail_in_swamp_scatter_feature_rules",
								"places_feature": "ilosemypotato:cattail_scatter_feature"
							},
							"conditions": {
								"placement_pass": "surface_pass",
								"minecraft:biome_filter": {
									"test": "has_biome_tag",
									"operator": "==",
									"value": "swamp"
								}
							},
							"distribution": {
								"iterations": "math.random(2, 6)",
								"x": {
									"distribution": "uniform",
									"extent": [
										0,
										16
									]
								},
								"y": "query.heightmap(variable.worldx, variable.worldz)",
								"z": {
									"distribution": "uniform",
									"extent": [
										0,
										16
									]
								},
								"scatter_chance": 42
							}
						},
						"key": "distribution",
						"children": [
							{
								"open": {
									"iterations": "math.random(2, 6)",
									"x": {
										"distribution": "uniform",
										"extent": [
											0,
											16
										]
									},
									"y": "query.heightmap(variable.worldx, variable.worldz)",
									"z": {
										"distribution": "uniform",
										"extent": [
											0,
											16
										]
									},
									"scatter_chance": 42
								},
								"data": "math.random(2, 6)",
								"key": "iterations"
							},
							{
								"open": {
									"iterations": "math.random(2, 6)",
									"x": {
										"distribution": "uniform",
										"extent": [
											0,
											16
										]
									},
									"y": "query.heightmap(variable.worldx, variable.worldz)",
									"z": {
										"distribution": "uniform",
										"extent": [
											0,
											16
										]
									},
									"scatter_chance": 42
								},
								"key": "x",
								"is_minified": true,
								"children": {
									"distribution": "uniform",
									"extent": [
										0,
										16
									]
								}
							},
							{
								"open": {
									"iterations": "math.random(2, 6)",
									"x": {
										"distribution": "uniform",
										"extent": [
											0,
											16
										]
									},
									"y": "query.heightmap(variable.worldx, variable.worldz)",
									"z": {
										"distribution": "uniform",
										"extent": [
											0,
											16
										]
									},
									"scatter_chance": 42
								},
								"data": "query.heightmap(variable.worldx, variable.worldz)",
								"key": "y"
							},
							{
								"open": {
									"iterations": "math.random(2, 6)",
									"x": {
										"distribution": "uniform",
										"extent": [
											0,
											16
										]
									},
									"y": "query.heightmap(variable.worldx, variable.worldz)",
									"z": {
										"distribution": "uniform",
										"extent": [
											0,
											16
										]
									},
									"scatter_chance": 42
								},
								"key": "z",
								"is_minified": true,
								"children": {
									"distribution": "uniform",
									"extent": [
										0,
										16
									]
								}
							},
							{
								"open": {
									"iterations": "math.random(2, 6)",
									"x": {
										"distribution": "uniform",
										"extent": [
											0,
											16
										]
									},
									"y": "query.heightmap(variable.worldx, variable.worldz)",
									"z": {
										"distribution": "uniform",
										"extent": [
											0,
											16
										]
									},
									"scatter_chance": 42
								},
								"data": "42",
								"key": "scatter_chance"
							}
						]
					}
				]
			}
		]
	}
}