{
	"file_path": "C:\\Users\\User\\AppData\\Local\\Packages\\Microsoft.MinecraftUWP_8wekyb3d8bbwe\\LocalState\\games\\com.mojang\\development_behavior_packs\\Project Terracotta\\subpacks\\terrain_generation\\feature_rules\\swamp_double_tall_grass_feature_rules.json",
	"file_type": "unknown",
	"format_version": 1,
	"file_uuid": "695e419f_1287_42c7_ba11_a79b47d9f77e",
	"file_version": 105,
	"cache_content": {
		"children": [
			{
				"open": {
					"format_version": "1.13.0",
					"minecraft:feature_rules": {
						"description": {
							"identifier": "ilosemypotato:swamp_double_tall_grass_feature_rules",
							"places_feature": "minecraft:grass_double_plant_patch_feature"
						},
						"conditions": {
							"placement_pass": "surface_pass",
							"minecraft:biome_filter": {
								"test": "has_biome_tag",
								"operator": "==",
								"value": "swamp"
							}
						},
						"distribution": {
							"iterations": "math.random(2, 8)",
							"coordinate_eval_order": "zyx",
							"x": {
								"distribution": "uniform",
								"extent": [
									0,
									16
								]
							},
							"y": "query.heightmap(variable.worldx, variable.worldz)",
							"z": {
								"distribution": "uniform",
								"extent": [
									0,
									16
								]
							},
							"scatter_chance": 32
						}
					}
				},
				"data": "1.13.0",
				"key": "format_version"
			},
			{
				"open": {
					"format_version": "1.13.0",
					"minecraft:feature_rules": {
						"description": {
							"identifier": "ilosemypotato:swamp_double_tall_grass_feature_rules",
							"places_feature": "minecraft:grass_double_plant_patch_feature"
						},
						"conditions": {
							"placement_pass": "surface_pass",
							"minecraft:biome_filter": {
								"test": "has_biome_tag",
								"operator": "==",
								"value": "swamp"
							}
						},
						"distribution": {
							"iterations": "math.random(2, 8)",
							"coordinate_eval_order": "zyx",
							"x": {
								"distribution": "uniform",
								"extent": [
									0,
									16
								]
							},
							"y": "query.heightmap(variable.worldx, variable.worldz)",
							"z": {
								"distribution": "uniform",
								"extent": [
									0,
									16
								]
							},
							"scatter_chance": 32
						}
					}
				},
				"key": "minecraft:feature_rules",
				"children": [
					{
						"open": {
							"description": {
								"identifier": "ilosemypotato:swamp_double_tall_grass_feature_rules",
								"places_feature": "minecraft:grass_double_plant_patch_feature"
							},
							"conditions": {
								"placement_pass": "surface_pass",
								"minecraft:biome_filter": {
									"test": "has_biome_tag",
									"operator": "==",
									"value": "swamp"
								}
							},
							"distribution": {
								"iterations": "math.random(2, 8)",
								"coordinate_eval_order": "zyx",
								"x": {
									"distribution": "uniform",
									"extent": [
										0,
										16
									]
								},
								"y": "query.heightmap(variable.worldx, variable.worldz)",
								"z": {
									"distribution": "uniform",
									"extent": [
										0,
										16
									]
								},
								"scatter_chance": 32
							}
						},
						"key": "description",
						"is_minified": true,
						"children": {
							"identifier": "ilosemypotato:swamp_double_tall_grass_feature_rules",
							"places_feature": "minecraft:grass_double_plant_patch_feature"
						}
					},
					{
						"open": {
							"description": {
								"identifier": "ilosemypotato:swamp_double_tall_grass_feature_rules",
								"places_feature": "minecraft:grass_double_plant_patch_feature"
							},
							"conditions": {
								"placement_pass": "surface_pass",
								"minecraft:biome_filter": {
									"test": "has_biome_tag",
									"operator": "==",
									"value": "swamp"
								}
							},
							"distribution": {
								"iterations": "math.random(2, 8)",
								"coordinate_eval_order": "zyx",
								"x": {
									"distribution": "uniform",
									"extent": [
										0,
										16
									]
								},
								"y": "query.heightmap(variable.worldx, variable.worldz)",
								"z": {
									"distribution": "uniform",
									"extent": [
										0,
										16
									]
								},
								"scatter_chance": 32
							}
						},
						"key": "conditions",
						"children": [
							{
								"open": {
									"placement_pass": "surface_pass",
									"minecraft:biome_filter": {
										"test": "has_biome_tag",
										"operator": "==",
										"value": "swamp"
									}
								},
								"data": "surface_pass",
								"key": "placement_pass"
							},
							{
								"open": {
									"placement_pass": "surface_pass",
									"minecraft:biome_filter": {
										"test": "has_biome_tag",
										"operator": "==",
										"value": "swamp"
									}
								},
								"key": "minecraft:biome_filter",
								"is_minified": true,
								"children": {
									"test": "has_biome_tag",
									"operator": "==",
									"value": "swamp"
								}
							}
						]
					},
					{
						"open": {
							"description": {
								"identifier": "ilosemypotato:swamp_double_tall_grass_feature_rules",
								"places_feature": "minecraft:grass_double_plant_patch_feature"
							},
							"conditions": {
								"placement_pass": "surface_pass",
								"minecraft:biome_filter": {
									"test": "has_biome_tag",
									"operator": "==",
									"value": "swamp"
								}
							},
							"distribution": {
								"iterations": "math.random(2, 8)",
								"coordinate_eval_order": "zyx",
								"x": {
									"distribution": "uniform",
									"extent": [
										0,
										16
									]
								},
								"y": "query.heightmap(variable.worldx, variable.worldz)",
								"z": {
									"distribution": "uniform",
									"extent": [
										0,
										16
									]
								},
								"scatter_chance": 32
							}
						},
						"key": "distribution",
						"children": [
							{
								"open": {
									"iterations": "math.random(2, 8)",
									"coordinate_eval_order": "zyx",
									"x": {
										"distribution": "uniform",
										"extent": [
											0,
											16
										]
									},
									"y": "query.heightmap(variable.worldx, variable.worldz)",
									"z": {
										"distribution": "uniform",
										"extent": [
											0,
											16
										]
									},
									"scatter_chance": 32
								},
								"data": "math.random(2, 8)",
								"key": "iterations"
							},
							{
								"open": {
									"iterations": "math.random(2, 8)",
									"coordinate_eval_order": "zyx",
									"x": {
										"distribution": "uniform",
										"extent": [
											0,
											16
										]
									},
									"y": "query.heightmap(variable.worldx, variable.worldz)",
									"z": {
										"distribution": "uniform",
										"extent": [
											0,
											16
										]
									},
									"scatter_chance": 32
								},
								"data": "zyx",
								"key": "coordinate_eval_order"
							},
							{
								"open": {
									"iterations": "math.random(2, 8)",
									"coordinate_eval_order": "zyx",
									"x": {
										"distribution": "uniform",
										"extent": [
											0,
											16
										]
									},
									"y": "query.heightmap(variable.worldx, variable.worldz)",
									"z": {
										"distribution": "uniform",
										"extent": [
											0,
											16
										]
									},
									"scatter_chance": 32
								},
								"key": "x",
								"children": [
									{
										"open": {
											"distribution": "uniform",
											"extent": [
												0,
												16
											]
										},
										"data": "uniform",
										"key": "distribution"
									},
									{
										"open": {
											"distribution": "uniform",
											"extent": [
												0,
												16
											]
										},
										"key": "extent",
										"is_minified": true,
										"children": [
											0,
											16
										]
									}
								]
							},
							{
								"open": {
									"iterations": "math.random(2, 8)",
									"coordinate_eval_order": "zyx",
									"x": {
										"distribution": "uniform",
										"extent": [
											0,
											16
										]
									},
									"y": "query.heightmap(variable.worldx, variable.worldz)",
									"z": {
										"distribution": "uniform",
										"extent": [
											0,
											16
										]
									},
									"scatter_chance": 32
								},
								"data": "query.heightmap(variable.worldx, variable.worldz)",
								"key": "y"
							},
							{
								"open": {
									"iterations": "math.random(2, 8)",
									"coordinate_eval_order": "zyx",
									"x": {
										"distribution": "uniform",
										"extent": [
											0,
											16
										]
									},
									"y": "query.heightmap(variable.worldx, variable.worldz)",
									"z": {
										"distribution": "uniform",
										"extent": [
											0,
											16
										]
									},
									"scatter_chance": 32
								},
								"key": "z",
								"children": [
									{
										"open": {
											"distribution": "uniform",
											"extent": [
												0,
												16
											]
										},
										"data": "uniform",
										"key": "distribution"
									},
									{
										"open": {
											"distribution": "uniform",
											"extent": [
												0,
												16
											]
										},
										"key": "extent",
										"is_minified": true,
										"children": [
											0,
											16
										]
									}
								]
							},
							{
								"open": {
									"iterations": "math.random(2, 8)",
									"coordinate_eval_order": "zyx",
									"x": {
										"distribution": "uniform",
										"extent": [
											0,
											16
										]
									},
									"y": "query.heightmap(variable.worldx, variable.worldz)",
									"z": {
										"distribution": "uniform",
										"extent": [
											0,
											16
										]
									},
									"scatter_chance": 32
								},
								"data": "32",
								"key": "scatter_chance"
							}
						]
					}
				]
			}
		]
	}
}