{
	"file_path": "C:\\Users\\User\\AppData\\Local\\Packages\\Microsoft.MinecraftUWP_8wekyb3d8bbwe\\LocalState\\games\\com.mojang\\development_behavior_packs\\Project Terracotta\\subpacks\\terrain_generation\\feature_rules\\wolffia_scatter_feature_rules.json",
	"file_type": "unknown",
	"format_version": 1,
	"file_uuid": "4eec1524_f515_4ebb_9b16_27242e9ef445",
	"file_version": 101,
	"cache_content": {
		"children": [
			{
				"data": "1.13.0",
				"key": "format_version"
			},
			{
				"open": {
					"format_version": "1.13.0",
					"minecraft:feature_rules": {
						"description": {
							"identifier": "ilosemypotato:wolffia_scatter_feature_rules",
							"places_feature": "ilosemypotato:wolffia_scatter_feature"
						},
						"conditions": {
							"placement_pass": "surface_pass",
							"minecraft:biome_filter": {
								"test": "has_biome_tag",
								"operator": "==",
								"value": "swamp"
							}
						},
						"distribution": {
							"iterations": "math.random(2, 8)",
							"coordinate_eval_order": "zyx",
							"x": {
								"distribution": "uniform",
								"extent": [
									0,
									24
								]
							},
							"y": "query.heightmap(variable.worldx, variable.worldz)",
							"z": {
								"distribution": "uniform",
								"extent": [
									0,
									24
								]
							},
							"scatter_chance": 24
						}
					}
				},
				"key": "minecraft:feature_rules",
				"children": [
					{
						"key": "description",
						"is_minified": true,
						"children": {
							"identifier": "ilosemypotato:wolffia_scatter_feature_rules",
							"places_feature": "ilosemypotato:wolffia_scatter_feature"
						}
					},
					{
						"key": "conditions",
						"is_minified": true,
						"children": {
							"placement_pass": "surface_pass",
							"minecraft:biome_filter": {
								"test": "has_biome_tag",
								"operator": "==",
								"value": "swamp"
							}
						}
					},
					{
						"open": {
							"description": {
								"identifier": "ilosemypotato:wolffia_scatter_feature_rules",
								"places_feature": "ilosemypotato:wolffia_scatter_feature"
							},
							"conditions": {
								"placement_pass": "surface_pass",
								"minecraft:biome_filter": {
									"test": "has_biome_tag",
									"operator": "==",
									"value": "swamp"
								}
							},
							"distribution": {
								"iterations": "math.random(2, 8)",
								"coordinate_eval_order": "zyx",
								"x": {
									"distribution": "uniform",
									"extent": [
										0,
										24
									]
								},
								"y": "query.heightmap(variable.worldx, variable.worldz)",
								"z": {
									"distribution": "uniform",
									"extent": [
										0,
										24
									]
								},
								"scatter_chance": 24
							}
						},
						"key": "distribution",
						"is_minified": true,
						"children": {
							"iterations": "math.random(2, 8)",
							"coordinate_eval_order": "zyx",
							"x": {
								"distribution": "uniform",
								"extent": [
									0,
									24
								]
							},
							"y": "query.heightmap(variable.worldx, variable.worldz)",
							"z": {
								"distribution": "uniform",
								"extent": [
									0,
									24
								]
							},
							"scatter_chance": 24
						}
					}
				]
			}
		]
	}
}