{
	"format_version": "1.8.0",
	"animations": {
		"animation.bossrib.look_at_target": {
			"loop": true,
			"bones": {
				"head": {
					"rotation": ["query.target_x_rotation - this", "query.target_y_rotation - this", 0]
				}
			}
		},
		"animation.bossrib.move": {
			"loop": true,
			"anim_time_update": "query.modified_distance_moved",
			"bones": {
				"rightLeg": {
					"rotation": ["Math.cos(query.anim_time * 38.17) *  15.0", 0, 0]
				},
				"leftLeg": {
					"rotation": ["Math.cos(query.anim_time * 38.17) *  -15.0", 0, 0]
				},
				"head": {
					"rotation": [15, 0, 0],
					"position": [0, -1, 0]
				},
				"body": {
					"rotation": [15, 0, 0],
					"position": [0, 0, -1.7]
				},
				"leftArm": {
					"rotation": [-40, 0, 0]
				},
				"rightArm": {
					"rotation": [-40, 0, 0]
				}
			}
		}
	}
}