{
	"format_version": "1.10.0",
	"particle_effect": {
		"description": {
			"identifier": "js:armour_break",
			"basic_render_parameters": {
				"material": "particles_alpha",
				"texture": "textures/particle/particles"
			}
		},
		"components": {
			"minecraft:emitter_initialization": {
				"creation_expression": "variable.size = Math.random(0.2, 0.4);"
			},
			"minecraft:emitter_rate_instant": {
				"num_particles": 20
			},
			"minecraft:emitter_lifetime_once": {
				"active_time": 1
			},
			"minecraft:emitter_shape_point": {
				"offset": [0, 2, 0]
			},
			"minecraft:particle_lifetime_expression": {
				"max_lifetime": "((variable.particle_random_1 * 2) + 3) / 20"
			},
			"minecraft:particle_initial_speed": -25,
			"minecraft:particle_motion_dynamic": {
				"linear_drag_coefficient": 0.96
			},
			"minecraft:particle_appearance_billboard": {
				"size": ["variable.size", "variable.size"],
				"facing_camera_mode": "lookat_xyz",
				"uv": {
					"texture_width": 128,
					"texture_height": 128,
					"uv": [16, 48],
					"uv_size": [8, 8]
				}
			},
			"minecraft:particle_appearance_tinting": {
				"color": [1, 0.88235, 0.88235, 1]
			}
		}
	}
}