{
	"format_version": "1.10.0",
	"particle_effect": {
		"description": {
			"identifier": "js:fire",
			"basic_render_parameters": {
				"material": "particles_alpha",
				"texture": "textures/flame_atlas"
			}
		},
		"components": {
			"minecraft:emitter_local_space": {
				"position": true,
				"rotation": true,
				"velocity": true
			},
			"minecraft:emitter_rate_instant": {
				"num_particles": 25
			},
			"minecraft:emitter_lifetime_once": {
				"active_time": 0.6
			},
			"minecraft:emitter_shape_point": {
				"offset": [0, 0.4, 0]
			},
			"minecraft:particle_lifetime_expression": {
				"max_lifetime": "Math.random(0.4, 0.7)"
			},
			"minecraft:particle_initial_speed": 1,
			"minecraft:particle_motion_dynamic": {
				"linear_acceleration": ["(variable.particle_random_1-0.9)", 7, "(variable.particle_random_1-0.9)"]
			},
			"minecraft:particle_appearance_billboard": {
				"size": [0.4, 0.4],
				"facing_camera_mode": "lookat_xyz",
				"uv": {
					"texture_width": 16,
					"texture_height": 512,
					"flipbook": {
						"base_UV": [0, 0],
						"size_UV": [16, 16],
						"step_UV": [0, 16],
						"max_frame": 32,
						"stretch_to_lifetime": true
					}
				}
			}
		}
	}
}