{
	"format_version": "1.10.0",
	"particle_effect": {
		"description": {
			"identifier": "js:scp173dy_death",
			"basic_render_parameters": {
				"material": "particles_alpha",
				"texture": "textures/entity/scps/scp173dy"
			}
		},
		"components": {
			"minecraft:emitter_rate_instant": {
				"num_particles": 120
			},
			"minecraft:emitter_lifetime_once": {
				"active_time": 1
			},
			"minecraft:emitter_shape_box": {
				"offset": ["Math.random(-1,1)", "Math.random(0,5)", "Math.random(0, 0.02)"],
				"direction": ["Math.random(-0.5,0.5)", 0.1, "Math.random(-0.5, 0.5)"]
			},
			"minecraft:particle_lifetime_expression": {
				"max_lifetime": "0.2f / (Math.random(0.0, 1.0) * 0.9f + 0.1f)"
			},
			"minecraft:particle_initial_speed": "Math.random(0,4) * 3",
			"minecraft:particle_motion_dynamic": {
				"linear_acceleration": [0, -32, 0],
				"linear_drag_coefficient": 1
			},
			"minecraft:particle_appearance_billboard": {
				"size": ["variable.particle_random_1 * 0.0575 + 0.0575", "variable.particle_random_1 * 0.0575 + 0.0575"],
				"facing_camera_mode": "lookat_xyz",
				"uv": {
					"texture_width": 64,
					"texture_height": 64,
					"uv": [8, 8],
					"uv_size": [8, 8]
				}
			},
			"minecraft:particle_motion_collision": {
				"collision_drag": 5,
				"coefficient_of_restitution": 0.1,
				"collision_radius": 0.1
			},
			"minecraft:particle_appearance_lighting": {},
			"minecraft:particle_appearance_tinting": {
				"color": [0.57647, 0.54118, 0.44314, 1]
			}
		}
	}
}