{
  "format_version": "1.8.0",
  "minecraft:entity": {
    "description": {
      "identifier": "raigen:ward_couch_west",
      "is_spawnable": false,
      "is_summonable": true,
      "is_experimental": false,
	  "runtime_identifier": "minecraft:shulker"
    },
	
	"component_groups": {
	  "minecraft:west": {
	    "minecraft:transformation": {
		  "into": "raigen:ward_couch_west"
		}
	  },
	  "minecraft:white": { "minecraft:variant": { "value": 0 } },
	  "minecraft:orange": { "minecraft:variant": { "value": 1 } },
	  "minecraft:magenta": { "minecraft:variant": { "value": 2 } },
	  "minecraft:light_blue": { "minecraft:variant": { "value": 3 } },
	  "minecraft:yellow": { "minecraft:variant": { "value": 4 } },
	  "minecraft:lime": { "minecraft:variant": { "value": 5 } },
	  "minecraft:pink": { "minecraft:variant": { "value": 6 } },
	  "minecraft:gray": { "minecraft:variant": { "value": 7 } },
	  "minecraft:silver": { "minecraft:variant": { "value": 8 } },
	  "minecraft:cyan": { "minecraft:variant": { "value": 9 } },
	  "minecraft:purple": { "minecraft:variant": { "value": 10 } },
	  "minecraft:blue": { "minecraft:variant": { "value": 11 } },
	  "minecraft:brown": { "minecraft:variant": { "value": 12 } },
	  "minecraft:green": { "minecraft:variant": { "value": 13 } },
	  "minecraft:red": { "minecraft:variant": { "value": 14 } },
	  "minecraft:black": { "minecraft:variant": { "value": 15 } },
	  
	  "minecraft:death": {
	    "minecraft:spell_effects": {
		  "add_effects": [
		    {
			  "effect": "wither",
			  "amplifier": 3,
              "visible": false,
              "ambient": false,
              "duration": 25
			}
		  ]
		},
		"minecraft:damage_sensor": [
	    ]
	  }
	},
	
    "components": {
	  "minecraft:type_family": {
	    "family": [ "inanimate" ]
	  },
	  "minecraft:interact": [
	    {
		  "on_interact": {
		    "filters": {
			  "all_of": [
			    { "test": "is_family", "subject": "other", "value": "player" },
			    { "test": "has_equipment", "subject": "other", "domain": "hand", "value": "raigen:rotator" }
			  ]
			},
			"event": "minecraft:event_north"
		  }
		},
	    {
		  "on_interact": {
		    "filters": {
			  "all_of": [
			    { "test": "is_family", "subject": "other", "value": "player" },
			    { "test": "has_equipment", "subject": "other", "domain": "hand", "value": "barrier" }
			  ]
			},
			"event": "minecraft:event_death"
		  }
		},
		
	    {
		  "on_interact": {
		    "filters": {
			  "all_of": [
			    { "test": "is_family", "subject": "other", "value": "player" },
			    { "test": "has_equipment", "subject": "other", "domain": "hand", "value": "wool:0" }
			  ]
			},
			"event": "minecraft:event_white"
		  }
		},
	    {
		  "on_interact": {
		    "filters": {
			  "all_of": [
			    { "test": "is_family", "subject": "other", "value": "player" },
			    { "test": "has_equipment", "subject": "other", "domain": "hand", "value": "wool:1" }
			  ]
			},
			"event": "minecraft:event_orange"
		  }
		},
	    {
		  "on_interact": {
		    "filters": {
			  "all_of": [
			    { "test": "is_family", "subject": "other", "value": "player" },
			    { "test": "has_equipment", "subject": "other", "domain": "hand", "value": "wool:2" }
			  ]
			},
			"event": "minecraft:event_magenta"
		  }
		},
	    {
		  "on_interact": {
		    "filters": {
			  "all_of": [
			    { "test": "is_family", "subject": "other", "value": "player" },
			    { "test": "has_equipment", "subject": "other", "domain": "hand", "value": "wool:3" }
			  ]
			},
			"event": "minecraft:event_light_blue"
		  }
		},
	    {
		  "on_interact": {
		    "filters": {
			  "all_of": [
			    { "test": "is_family", "subject": "other", "value": "player" },
			    { "test": "has_equipment", "subject": "other", "domain": "hand", "value": "wool:4" }
			  ]
			},
			"event": "minecraft:event_yellow"
		  }
		},
	    {
		  "on_interact": {
		    "filters": {
			  "all_of": [
			    { "test": "is_family", "subject": "other", "value": "player" },
			    { "test": "has_equipment", "subject": "other", "domain": "hand", "value": "wool:5" }
			  ]
			},
			"event": "minecraft:event_lime"
		  }
		},
	    {
		  "on_interact": {
		    "filters": {
			  "all_of": [
			    { "test": "is_family", "subject": "other", "value": "player" },
			    { "test": "has_equipment", "subject": "other", "domain": "hand", "value": "wool:6" }
			  ]
			},
			"event": "minecraft:event_pink"
		  }
		},
	    {
		  "on_interact": {
		    "filters": {
			  "all_of": [
			    { "test": "is_family", "subject": "other", "value": "player" },
			    { "test": "has_equipment", "subject": "other", "domain": "hand", "value": "wool:7" }
			  ]
			},
			"event": "minecraft:event_gray"
		  }
		},
	    {
		  "on_interact": {
		    "filters": {
			  "all_of": [
			    { "test": "is_family", "subject": "other", "value": "player" },
			    { "test": "has_equipment", "subject": "other", "domain": "hand", "value": "wool:8" }
			  ]
			},
			"event": "minecraft:event_silver"
		  }
		},
	    {
		  "on_interact": {
		    "filters": {
			  "all_of": [
			    { "test": "is_family", "subject": "other", "value": "player" },
			    { "test": "has_equipment", "subject": "other", "domain": "hand", "value": "wool:9" }
			  ]
			},
			"event": "minecraft:event_cyan"
		  }
		},
	    {
		  "on_interact": {
		    "filters": {
			  "all_of": [
			    { "test": "is_family", "subject": "other", "value": "player" },
			    { "test": "has_equipment", "subject": "other", "domain": "hand", "value": "wool:10" }
			  ]
			},
			"event": "minecraft:event_purple"
		  }
		},
	    {
		  "on_interact": {
		    "filters": {
			  "all_of": [
			    { "test": "is_family", "subject": "other", "value": "player" },
			    { "test": "has_equipment", "subject": "other", "domain": "hand", "value": "wool:11" }
			  ]
			},
			"event": "minecraft:event_blue"
		  }
		},
	    {
		  "on_interact": {
		    "filters": {
			  "all_of": [
			    { "test": "is_family", "subject": "other", "value": "player" },
			    { "test": "has_equipment", "subject": "other", "domain": "hand", "value": "wool:12" }
			  ]
			},
			"event": "minecraft:event_brown"
		  }
		},
	    {
		  "on_interact": {
		    "filters": {
			  "all_of": [
			    { "test": "is_family", "subject": "other", "value": "player" },
			    { "test": "has_equipment", "subject": "other", "domain": "hand", "value": "wool:13" }
			  ]
			},
			"event": "minecraft:event_green"
		  }
		},
	    {
		  "on_interact": {
		    "filters": {
			  "all_of": [
			    { "test": "is_family", "subject": "other", "value": "player" },
			    { "test": "has_equipment", "subject": "other", "domain": "hand", "value": "wool:14" }
			  ]
			},
			"event": "minecraft:event_red"
		  }
		},
	    {
		  "on_interact": {
		    "filters": {
			  "all_of": [
			    { "test": "is_family", "subject": "other", "value": "player" },
			    { "test": "has_equipment", "subject": "other", "domain": "hand", "value": "wool:15" }
			  ]
			},
			"event": "minecraft:event_black"
		  }
		}
	  ],
	  "minecraft:health": {
	    "value": 1
	  },
      "minecraft:rideable": {
        "seat_count": 1,
        "family_types": [
          "player"
        ],
        "interact_text": "action.interact.sit",
        "seats": [
		  {
            "position": [ 0.0, 0.5, -0.65 ]
		  },
		  {
            "position": [ 0.0, 0.5, 0.65 ]
		  }
        ]
      },
	  "minecraft:damage_sensor": [
		{
		  "cause": "all",
		  "deals_damage": false
		}
	  ],
	  "minecraft:physics": {
	  }
    },
	
	"events": {
	  "minecraft:event_north": {
	    "add": {
		  "component_groups": [
		    "minecraft:north"
		  ]
		}
	  },
	  "minecraft:entity_transformed": {
	    "add": {
		  "component_groups": [
		    "minecraft:white"
		  ]
		}
	  },
	  "minecraft:entity_spawned": {
	    "add": {
		  "component_groups": [
		    "minecraft:white"
		  ]
		}
	  },
	  
	  "minecraft:event_death": {
	    "add": {
		  "component_groups": [
		    "minecraft:death"
		  ]
		}
	  },
	  
	  "minecraft:event_white": {
	    "add": {
		  "component_groups": [
		    "minecraft:white"
		  ]
		}
	  },
	  "minecraft:event_orange": {
	    "add": {
		  "component_groups": [
		    "minecraft:orange"
		  ]
		}
	  },
	  "minecraft:event_magenta": {
	    "add": {
		  "component_groups": [
		    "minecraft:magenta"
		  ]
		}
	  },
	  "minecraft:event_light_blue": {
	    "add": {
		  "component_groups": [
		    "minecraft:light_blue"
		  ]
		}
	  },
	  "minecraft:event_yellow": {
	    "add": {
		  "component_groups": [
		    "minecraft:yellow"
		  ]
		}
	  },
	  "minecraft:event_lime": {
	    "add": {
		  "component_groups": [
		    "minecraft:lime"
		  ]
		}
	  },
	  "minecraft:event_pink": {
	    "add": {
		  "component_groups": [
		    "minecraft:pink"
		  ]
		}
	  },
	  "minecraft:event_gray": {
	    "add": {
		  "component_groups": [
		    "minecraft:gray"
		  ]
		}
	  },
	  "minecraft:event_silver": {
	    "add": {
		  "component_groups": [
		    "minecraft:silver"
		  ]
		}
	  },
	  "minecraft:event_cyan": {
	    "add": {
		  "component_groups": [
		    "minecraft:cyan"
		  ]
		}
	  },
	  "minecraft:event_purple": {
	    "add": {
		  "component_groups": [
		    "minecraft:purple"
		  ]
		}
	  },
	  "minecraft:event_blue": {
	    "add": {
		  "component_groups": [
		    "minecraft:blue"
		  ]
		}
	  },
	  "minecraft:event_brown": {
	    "add": {
		  "component_groups": [
		    "minecraft:brown"
		  ]
		}
	  },
	  "minecraft:event_green": {
	    "add": {
		  "component_groups": [
		    "minecraft:green"
		  ]
		}
	  },
	  "minecraft:event_red": {
	    "add": {
		  "component_groups": [
		    "minecraft:red"
		  ]
		}
	  },
	  "minecraft:event_black": {
	    "add": {
		  "component_groups": [
		    "minecraft:black"
		  ]
		}
	  }
	}
  }
}