{
  "format_version": "1.8.0",
  "minecraft:client_entity": {
    "description": {
      "identifier": "raigen:ward_chair_south",
      "materials": {
	    "default": "translucence"
	  },
      "textures": {
        "white": "textures/decor/amnesiac/ward_seats/white",
        "orange": "textures/decor/amnesiac/ward_seats/orange",
        "magenta": "textures/decor/amnesiac/ward_seats/magenta",
        "light_blue": "textures/decor/amnesiac/ward_seats/light_blue",
        "yellow": "textures/decor/amnesiac/ward_seats/yellow",
        "lime": "textures/decor/amnesiac/ward_seats/lime",
        "pink": "textures/decor/amnesiac/ward_seats/pink",
        "gray": "textures/decor/amnesiac/ward_seats/gray",
        "silver": "textures/decor/amnesiac/ward_seats/silver",
        "cyan": "textures/decor/amnesiac/ward_seats/cyan",
        "purple": "textures/decor/amnesiac/ward_seats/purple",
        "blue": "textures/decor/amnesiac/ward_seats/blue",
        "brown": "textures/decor/amnesiac/ward_seats/brown",
        "green": "textures/decor/amnesiac/ward_seats/green",
        "red": "textures/decor/amnesiac/ward_seats/red",
        "black": "textures/decor/amnesiac/ward_seats/black"
      },
      "geometry": {
        "default": "geometry.ward_chair_south"
      },
      "spawn_egg": {
        "texture": "amnesiac",
        "texture_index": 1
      },
      "render_controllers": [ "controller.render.variant_colorize" ]
    }
  }
}