{
    "format_version": "1.17.0",
    "minecraft:entity":{
        "description": {
            "identifier": "furniture:chair",
            "is_spawnable": true,
            "is_summonable": true,
            "is_experimental": false
        },
        "components": {
            "minecraft:health": {
                "value": 1,
                "max": 1
            },
            "minecraft:physics": {
                "has_gravity": true,
                "has_collision": true
            },
            "minecraft:rideable": {
                "seat_count": 1,
                "crouching_skip_interact": false,
                "controlling_seat": 0,
                "pull_in_entities": false,
                "family_types": ["player"],
                "interact_text": "Sit",
                "seats": [
                    {
                        "position": [0.0, 0.6, 0.0],
                        "min_rider_count": 0
                    }
                ]
            }
        }
    }
}