{
    "format_version": "1.17.0",
    "minecraft:entity":{
        "description": {
            "identifier": "furniture:painting",
            "is_spawnable": true,
            "is_summonable": true,
            "is_experimental": false
        },
        "components": {
            "minecraft:health": {
                "value": 1,
                "max": 1
            },
            "minecraft:physics": {
                "has_gravity": false,
                "has_collision": true
            }
        }
    }
}