{
	"file_path": "C:\\Users\\Freddy\\AppData\\Local\\Packages\\Microsoft.MinecraftUWP_8wekyb3d8bbwe\\LocalState\\games\\com.mojang\\development_behavior_packs\\Spry Conquest Overhaul\\entities\\summon_ashborne.json",
	"file_type": "entity",
	"format_version": 1,
	"file_uuid": "3c0aedf1_b086_47fd_99f6_6e0ad43bd4b6",
	"file_version": 70,
	"cache_content": {
		"children": [
			{
				"data": "1.16.0",
				"key": "format_version"
			},
			{
				"open": {
					"format_version": "1.16.0",
					"minecraft:entity": {
						"description": {
							"identifier": "sc:summon_ashborne",
							"is_spawnable": false,
							"is_summonable": true,
							"is_experimental": false
						},
						"component_groups": {
							"melee": {
								"minecraft:behavior.melee_attack": {
									"priority": 3,
									"speed_multiplier": 1,
									"track_target": true,
									"reach_multiplier": 1,
									"on_attack": {
										"event": "particle"
									}
								}
							},
							"despawn": {
								"minecraft:instant_despawn": {
									"remove_child_entities": true
								}
							}
						},
						"components": {
							"minecraft:type_family": {
								"family": [
									"mob",
									"player"
								]
							},
							"minecraft:attack": {
								"damage": 7
							},
							"minecraft:loot": {
								"table": "loot_tables/entities/blaze.json"
							},
							"minecraft:collision_box": {
								"width": 0.5,
								"height": 1.8
							},
							"minecraft:damage_sensor": {
								"triggers": [
									{
										"cause": "fall",
										"deals_damage": false
									},
									{
										"cause": "lava",
										"deals_damage": false
									},
									{
										"cause": "fire",
										"deals_damage": false
									},
									{
										"cause": "fire_tick",
										"deals_damage": false
									},
									{
										"cause": "magic",
										"deals_damage": false
									}
								]
							},
							"minecraft:movement": {
								"value": 0.3
							},
							"minecraft:movement.basic": {},
							"minecraft:jump.static": {},
							"minecraft:can_climb": {},
							"minecraft:health": {
								"value": 40,
								"max": 40
							},
							"minecraft:hurt_on_condition": {
								"damage_conditions": [
									{
										"filters": {
											"test": "in_water_or_rain",
											"operator": "==",
											"value": true
										},
										"cause": "drowning",
										"damage_per_tick": 1
									}
								]
							},
							"minecraft:follow_range": {
								"value": 16,
								"max": 16
							},
							"minecraft:fire_immune": true,
							"minecraft:behavior.float": {
								"priority": 0
							},
							"minecraft:behavior.random_stroll": {
								"priority": 4,
								"speed_multiplier": 1
							},
							"minecraft:behavior.random_look_around": {
								"priority": 5
							},
							"minecraft:physics": {},
							"minecraft:pushable": {
								"is_pushable": true,
								"is_pushable_by_piston": true
							},
							"minecraft:conditional_bandwidth_optimization": {},
							"minecraft:behavior.rise_to_liquid_level": {
								"priority": 0,
								"liquid_y_offset": 1.25,
								"rise_delta": 0.01,
								"sink_delta": 0.01
							},
							"minecraft:lava_movement": {
								"value": 0.32
							},
							"minecraft:navigation.walk": {
								"can_path_over_lava": true,
								"avoid_water": true,
								"can_sink": false,
								"can_walk_in_lava": true
							},
							"minecraft:floats_in_liquid": {},
							"minecraft:behavior.hurt_by_target": {
								"priority": 1,
								"entity_types": [
									{
										"filters": {
											"test": "is_family",
											"subject": "other",
											"operator": "!=",
											"value": "player"
										},
										"must_see": false
									}
								]
							},
							"minecraft:behavior.nearest_attackable_target": {
								"priority": 2,
								"must_see": true,
								"reselect_targets": true,
								"within_radius": 25,
								"must_see_forget_duration": 17,
								"entity_types": [
									{
										"filters": {
											"any_of": [
												{
													"test": "is_family",
													"subject": "other",
													"value": "monster"
												}
											]
										},
										"max_dist": 35
									}
								]
							},
							"minecraft:timer": {
								"looping": false,
								"time": [
									60,
									60
								],
								"time_down_event": {
									"event": "despawn"
								}
							}
						},
						"events": {
							"minecraft:entity_spawned": {
								"add": {
									"component_groups": [
										"melee"
									]
								}
							},
							"despawn": {
								"add": {
									"component_groups": [
										"despawn"
									]
								}
							},
							"particle": {
								"execute": {
									"commands": [
										"/particle sc:fire_burst_particle ~ ~ ~"
									]
								}
							}
						}
					}
				},
				"key": "minecraft:entity",
				"children": [
					{
						"open": {
							"description": {
								"identifier": "sc:summon_ashborne",
								"is_spawnable": false,
								"is_summonable": true,
								"is_experimental": false
							},
							"component_groups": {
								"melee": {
									"minecraft:behavior.melee_attack": {
										"priority": 3,
										"speed_multiplier": 1,
										"track_target": true,
										"reach_multiplier": 1,
										"on_attack": {
											"event": "particle"
										}
									}
								},
								"despawn": {
									"minecraft:instant_despawn": {
										"remove_child_entities": true
									}
								}
							},
							"components": {
								"minecraft:type_family": {
									"family": [
										"mob",
										"player"
									]
								},
								"minecraft:attack": {
									"damage": 7
								},
								"minecraft:loot": {
									"table": "loot_tables/entities/blaze.json"
								},
								"minecraft:collision_box": {
									"width": 0.5,
									"height": 1.8
								},
								"minecraft:damage_sensor": {
									"triggers": [
										{
											"cause": "fall",
											"deals_damage": false
										},
										{
											"cause": "lava",
											"deals_damage": false
										},
										{
											"cause": "fire",
											"deals_damage": false
										},
										{
											"cause": "fire_tick",
											"deals_damage": false
										},
										{
											"cause": "magic",
											"deals_damage": false
										}
									]
								},
								"minecraft:movement": {
									"value": 0.3
								},
								"minecraft:movement.basic": {},
								"minecraft:jump.static": {},
								"minecraft:can_climb": {},
								"minecraft:health": {
									"value": 40,
									"max": 40
								},
								"minecraft:hurt_on_condition": {
									"damage_conditions": [
										{
											"filters": {
												"test": "in_water_or_rain",
												"operator": "==",
												"value": true
											},
											"cause": "drowning",
											"damage_per_tick": 1
										}
									]
								},
								"minecraft:follow_range": {
									"value": 16,
									"max": 16
								},
								"minecraft:fire_immune": true,
								"minecraft:behavior.float": {
									"priority": 0
								},
								"minecraft:behavior.random_stroll": {
									"priority": 4,
									"speed_multiplier": 1
								},
								"minecraft:behavior.random_look_around": {
									"priority": 5
								},
								"minecraft:physics": {},
								"minecraft:pushable": {
									"is_pushable": true,
									"is_pushable_by_piston": true
								},
								"minecraft:conditional_bandwidth_optimization": {},
								"minecraft:behavior.rise_to_liquid_level": {
									"priority": 0,
									"liquid_y_offset": 1.25,
									"rise_delta": 0.01,
									"sink_delta": 0.01
								},
								"minecraft:lava_movement": {
									"value": 0.32
								},
								"minecraft:navigation.walk": {
									"can_path_over_lava": true,
									"avoid_water": true,
									"can_sink": false,
									"can_walk_in_lava": true
								},
								"minecraft:floats_in_liquid": {},
								"minecraft:behavior.hurt_by_target": {
									"priority": 1,
									"entity_types": [
										{
											"filters": {
												"test": "is_family",
												"subject": "other",
												"operator": "!=",
												"value": "player"
											},
											"must_see": false
										}
									]
								},
								"minecraft:behavior.nearest_attackable_target": {
									"priority": 2,
									"must_see": true,
									"reselect_targets": true,
									"within_radius": 25,
									"must_see_forget_duration": 17,
									"entity_types": [
										{
											"filters": {
												"any_of": [
													{
														"test": "is_family",
														"subject": "other",
														"value": "monster"
													}
												]
											},
											"max_dist": 35
										}
									]
								},
								"minecraft:timer": {
									"looping": false,
									"time": [
										60,
										60
									],
									"time_down_event": {
										"event": "despawn"
									}
								}
							},
							"events": {
								"minecraft:entity_spawned": {
									"add": {
										"component_groups": [
											"melee"
										]
									}
								},
								"despawn": {
									"add": {
										"component_groups": [
											"despawn"
										]
									}
								},
								"particle": {
									"execute": {
										"commands": [
											"/particle sc:fire_burst_particle ~ ~ ~"
										]
									}
								}
							}
						},
						"key": "description",
						"is_minified": true,
						"children": {
							"identifier": "sc:summon_ashborne",
							"is_spawnable": false,
							"is_summonable": true,
							"is_experimental": false
						}
					},
					{
						"open": {
							"description": {
								"identifier": "sc:summon_ashborne",
								"is_spawnable": false,
								"is_summonable": true,
								"is_experimental": false
							},
							"component_groups": {
								"melee": {
									"minecraft:behavior.melee_attack": {
										"priority": 3,
										"speed_multiplier": 1,
										"track_target": true,
										"reach_multiplier": 1,
										"on_attack": {
											"event": "particle"
										}
									}
								},
								"despawn": {
									"minecraft:instant_despawn": {
										"remove_child_entities": true
									}
								}
							},
							"components": {
								"minecraft:type_family": {
									"family": [
										"mob",
										"player"
									]
								},
								"minecraft:attack": {
									"damage": 7
								},
								"minecraft:loot": {
									"table": "loot_tables/entities/blaze.json"
								},
								"minecraft:collision_box": {
									"width": 0.5,
									"height": 1.8
								},
								"minecraft:damage_sensor": {
									"triggers": [
										{
											"cause": "fall",
											"deals_damage": false
										},
										{
											"cause": "lava",
											"deals_damage": false
										},
										{
											"cause": "fire",
											"deals_damage": false
										},
										{
											"cause": "fire_tick",
											"deals_damage": false
										},
										{
											"cause": "magic",
											"deals_damage": false
										}
									]
								},
								"minecraft:movement": {
									"value": 0.3
								},
								"minecraft:movement.basic": {},
								"minecraft:jump.static": {},
								"minecraft:can_climb": {},
								"minecraft:health": {
									"value": 40,
									"max": 40
								},
								"minecraft:hurt_on_condition": {
									"damage_conditions": [
										{
											"filters": {
												"test": "in_water_or_rain",
												"operator": "==",
												"value": true
											},
											"cause": "drowning",
											"damage_per_tick": 1
										}
									]
								},
								"minecraft:follow_range": {
									"value": 16,
									"max": 16
								},
								"minecraft:fire_immune": true,
								"minecraft:behavior.float": {
									"priority": 0
								},
								"minecraft:behavior.random_stroll": {
									"priority": 4,
									"speed_multiplier": 1
								},
								"minecraft:behavior.random_look_around": {
									"priority": 5
								},
								"minecraft:physics": {},
								"minecraft:pushable": {
									"is_pushable": true,
									"is_pushable_by_piston": true
								},
								"minecraft:conditional_bandwidth_optimization": {},
								"minecraft:behavior.rise_to_liquid_level": {
									"priority": 0,
									"liquid_y_offset": 1.25,
									"rise_delta": 0.01,
									"sink_delta": 0.01
								},
								"minecraft:lava_movement": {
									"value": 0.32
								},
								"minecraft:navigation.walk": {
									"can_path_over_lava": true,
									"avoid_water": true,
									"can_sink": false,
									"can_walk_in_lava": true
								},
								"minecraft:floats_in_liquid": {},
								"minecraft:behavior.hurt_by_target": {
									"priority": 1,
									"entity_types": [
										{
											"filters": {
												"test": "is_family",
												"subject": "other",
												"operator": "!=",
												"value": "player"
											},
											"must_see": false
										}
									]
								},
								"minecraft:behavior.nearest_attackable_target": {
									"priority": 2,
									"must_see": true,
									"reselect_targets": true,
									"within_radius": 25,
									"must_see_forget_duration": 17,
									"entity_types": [
										{
											"filters": {
												"any_of": [
													{
														"test": "is_family",
														"subject": "other",
														"value": "monster"
													}
												]
											},
											"max_dist": 35
										}
									]
								},
								"minecraft:timer": {
									"looping": false,
									"time": [
										60,
										60
									],
									"time_down_event": {
										"event": "despawn"
									}
								}
							},
							"events": {
								"minecraft:entity_spawned": {
									"add": {
										"component_groups": [
											"melee"
										]
									}
								},
								"despawn": {
									"add": {
										"component_groups": [
											"despawn"
										]
									}
								},
								"particle": {
									"execute": {
										"commands": [
											"/particle sc:fire_burst_particle ~ ~ ~"
										]
									}
								}
							}
						},
						"key": "component_groups",
						"children": [
							{
								"open": {
									"melee": {
										"minecraft:behavior.melee_attack": {
											"priority": 3,
											"speed_multiplier": 1,
											"track_target": true,
											"reach_multiplier": 1,
											"on_attack": {
												"event": "particle"
											}
										}
									},
									"despawn": {
										"minecraft:instant_despawn": {
											"remove_child_entities": true
										}
									}
								},
								"key": "melee",
								"children": [
									{
										"open": {
											"minecraft:behavior.melee_attack": {
												"priority": 3,
												"speed_multiplier": 1,
												"track_target": true,
												"reach_multiplier": 1,
												"on_attack": {
													"event": "particle"
												}
											}
										},
										"key": "minecraft:behavior.melee_attack",
										"is_minified": true,
										"children": {
											"priority": 3,
											"speed_multiplier": 1,
											"track_target": true,
											"reach_multiplier": 1,
											"on_attack": {
												"event": "particle"
											}
										}
									}
								]
							},
							{
								"key": "despawn",
								"is_minified": true,
								"children": {
									"minecraft:instant_despawn": {
										"remove_child_entities": true
									}
								}
							}
						]
					},
					{
						"open": {
							"description": {
								"identifier": "sc:summon_ashborne",
								"is_spawnable": false,
								"is_summonable": true,
								"is_experimental": false
							},
							"component_groups": {
								"melee": {
									"minecraft:behavior.melee_attack": {
										"priority": 3,
										"speed_multiplier": 1,
										"track_target": true,
										"reach_multiplier": 1,
										"on_attack": {
											"event": "particle"
										}
									}
								},
								"despawn": {
									"minecraft:instant_despawn": {
										"remove_child_entities": true
									}
								}
							},
							"components": {
								"minecraft:type_family": {
									"family": [
										"mob",
										"player"
									]
								},
								"minecraft:attack": {
									"damage": 7
								},
								"minecraft:loot": {
									"table": "loot_tables/entities/blaze.json"
								},
								"minecraft:collision_box": {
									"width": 0.5,
									"height": 1.8
								},
								"minecraft:damage_sensor": {
									"triggers": [
										{
											"cause": "fall",
											"deals_damage": false
										},
										{
											"cause": "lava",
											"deals_damage": false
										},
										{
											"cause": "fire",
											"deals_damage": false
										},
										{
											"cause": "fire_tick",
											"deals_damage": false
										},
										{
											"cause": "magic",
											"deals_damage": false
										}
									]
								},
								"minecraft:movement": {
									"value": 0.3
								},
								"minecraft:movement.basic": {},
								"minecraft:jump.static": {},
								"minecraft:can_climb": {},
								"minecraft:health": {
									"value": 40,
									"max": 40
								},
								"minecraft:hurt_on_condition": {
									"damage_conditions": [
										{
											"filters": {
												"test": "in_water_or_rain",
												"operator": "==",
												"value": true
											},
											"cause": "drowning",
											"damage_per_tick": 1
										}
									]
								},
								"minecraft:follow_range": {
									"value": 16,
									"max": 16
								},
								"minecraft:fire_immune": true,
								"minecraft:behavior.float": {
									"priority": 0
								},
								"minecraft:behavior.random_stroll": {
									"priority": 4,
									"speed_multiplier": 1
								},
								"minecraft:behavior.random_look_around": {
									"priority": 5
								},
								"minecraft:physics": {},
								"minecraft:pushable": {
									"is_pushable": true,
									"is_pushable_by_piston": true
								},
								"minecraft:conditional_bandwidth_optimization": {},
								"minecraft:behavior.rise_to_liquid_level": {
									"priority": 0,
									"liquid_y_offset": 1.25,
									"rise_delta": 0.01,
									"sink_delta": 0.01
								},
								"minecraft:lava_movement": {
									"value": 0.32
								},
								"minecraft:navigation.walk": {
									"can_path_over_lava": true,
									"avoid_water": true,
									"can_sink": false,
									"can_walk_in_lava": true
								},
								"minecraft:floats_in_liquid": {},
								"minecraft:behavior.hurt_by_target": {
									"priority": 1,
									"entity_types": [
										{
											"filters": {
												"test": "is_family",
												"subject": "other",
												"operator": "!=",
												"value": "player"
											},
											"must_see": false
										}
									]
								},
								"minecraft:behavior.nearest_attackable_target": {
									"priority": 2,
									"must_see": true,
									"reselect_targets": true,
									"within_radius": 25,
									"must_see_forget_duration": 17,
									"entity_types": [
										{
											"filters": {
												"any_of": [
													{
														"test": "is_family",
														"subject": "other",
														"value": "monster"
													}
												]
											},
											"max_dist": 35
										}
									]
								},
								"minecraft:timer": {
									"looping": false,
									"time": [
										60,
										60
									],
									"time_down_event": {
										"event": "despawn"
									}
								}
							},
							"events": {
								"minecraft:entity_spawned": {
									"add": {
										"component_groups": [
											"melee"
										]
									}
								},
								"despawn": {
									"add": {
										"component_groups": [
											"despawn"
										]
									}
								},
								"particle": {
									"execute": {
										"commands": [
											"/particle sc:fire_burst_particle ~ ~ ~"
										]
									}
								}
							}
						},
						"key": "components",
						"children": [
							{
								"open": {
									"minecraft:type_family": {
										"family": [
											"mob",
											"player"
										]
									},
									"minecraft:attack": {
										"damage": 7
									},
									"minecraft:loot": {
										"table": "loot_tables/entities/blaze.json"
									},
									"minecraft:collision_box": {
										"width": 0.5,
										"height": 1.8
									},
									"minecraft:damage_sensor": {
										"triggers": [
											{
												"cause": "fall",
												"deals_damage": false
											},
											{
												"cause": "lava",
												"deals_damage": false
											},
											{
												"cause": "fire",
												"deals_damage": false
											},
											{
												"cause": "fire_tick",
												"deals_damage": false
											},
											{
												"cause": "magic",
												"deals_damage": false
											}
										]
									},
									"minecraft:movement": {
										"value": 0.3
									},
									"minecraft:movement.basic": {},
									"minecraft:jump.static": {},
									"minecraft:can_climb": {},
									"minecraft:health": {
										"value": 40,
										"max": 40
									},
									"minecraft:hurt_on_condition": {
										"damage_conditions": [
											{
												"filters": {
													"test": "in_water_or_rain",
													"operator": "==",
													"value": true
												},
												"cause": "drowning",
												"damage_per_tick": 1
											}
										]
									},
									"minecraft:follow_range": {
										"value": 16,
										"max": 16
									},
									"minecraft:fire_immune": true,
									"minecraft:behavior.float": {
										"priority": 0
									},
									"minecraft:behavior.random_stroll": {
										"priority": 4,
										"speed_multiplier": 1
									},
									"minecraft:behavior.random_look_around": {
										"priority": 5
									},
									"minecraft:physics": {},
									"minecraft:pushable": {
										"is_pushable": true,
										"is_pushable_by_piston": true
									},
									"minecraft:conditional_bandwidth_optimization": {},
									"minecraft:behavior.rise_to_liquid_level": {
										"priority": 0,
										"liquid_y_offset": 1.25,
										"rise_delta": 0.01,
										"sink_delta": 0.01
									},
									"minecraft:lava_movement": {
										"value": 0.32
									},
									"minecraft:navigation.walk": {
										"can_path_over_lava": true,
										"avoid_water": true,
										"can_sink": false,
										"can_walk_in_lava": true
									},
									"minecraft:floats_in_liquid": {},
									"minecraft:behavior.hurt_by_target": {
										"priority": 1,
										"entity_types": [
											{
												"filters": {
													"test": "is_family",
													"subject": "other",
													"operator": "!=",
													"value": "player"
												},
												"must_see": false
											}
										]
									},
									"minecraft:behavior.nearest_attackable_target": {
										"priority": 2,
										"must_see": true,
										"reselect_targets": true,
										"within_radius": 25,
										"must_see_forget_duration": 17,
										"entity_types": [
											{
												"filters": {
													"any_of": [
														{
															"test": "is_family",
															"subject": "other",
															"value": "monster"
														}
													]
												},
												"max_dist": 35
											}
										]
									},
									"minecraft:timer": {
										"looping": false,
										"time": [
											60,
											60
										],
										"time_down_event": {
											"event": "despawn"
										}
									}
								},
								"key": "minecraft:type_family",
								"children": [
									{
										"open": {
											"family": [
												"mob",
												"player"
											]
										},
										"key": "family",
										"is_minified": true,
										"children": [
											"mob",
											"player"
										]
									}
								]
							},
							{
								"open": {
									"minecraft:type_family": {
										"family": [
											"mob",
											"player"
										]
									},
									"minecraft:attack": {
										"damage": 7
									},
									"minecraft:loot": {
										"table": "loot_tables/entities/blaze.json"
									},
									"minecraft:collision_box": {
										"width": 0.5,
										"height": 1.8
									},
									"minecraft:damage_sensor": {
										"triggers": [
											{
												"cause": "fall",
												"deals_damage": false
											},
											{
												"cause": "lava",
												"deals_damage": false
											},
											{
												"cause": "fire",
												"deals_damage": false
											},
											{
												"cause": "fire_tick",
												"deals_damage": false
											},
											{
												"cause": "magic",
												"deals_damage": false
											}
										]
									},
									"minecraft:movement": {
										"value": 0.3
									},
									"minecraft:movement.basic": {},
									"minecraft:jump.static": {},
									"minecraft:can_climb": {},
									"minecraft:health": {
										"value": 40,
										"max": 40
									},
									"minecraft:hurt_on_condition": {
										"damage_conditions": [
											{
												"filters": {
													"test": "in_water_or_rain",
													"operator": "==",
													"value": true
												},
												"cause": "drowning",
												"damage_per_tick": 1
											}
										]
									},
									"minecraft:follow_range": {
										"value": 16,
										"max": 16
									},
									"minecraft:fire_immune": true,
									"minecraft:behavior.float": {
										"priority": 0
									},
									"minecraft:behavior.random_stroll": {
										"priority": 4,
										"speed_multiplier": 1
									},
									"minecraft:behavior.random_look_around": {
										"priority": 5
									},
									"minecraft:physics": {},
									"minecraft:pushable": {
										"is_pushable": true,
										"is_pushable_by_piston": true
									},
									"minecraft:conditional_bandwidth_optimization": {},
									"minecraft:behavior.rise_to_liquid_level": {
										"priority": 0,
										"liquid_y_offset": 1.25,
										"rise_delta": 0.01,
										"sink_delta": 0.01
									},
									"minecraft:lava_movement": {
										"value": 0.32
									},
									"minecraft:navigation.walk": {
										"can_path_over_lava": true,
										"avoid_water": true,
										"can_sink": false,
										"can_walk_in_lava": true
									},
									"minecraft:floats_in_liquid": {},
									"minecraft:behavior.hurt_by_target": {
										"priority": 1,
										"entity_types": [
											{
												"filters": {
													"test": "is_family",
													"subject": "other",
													"operator": "!=",
													"value": "player"
												},
												"must_see": false
											}
										]
									},
									"minecraft:behavior.nearest_attackable_target": {
										"priority": 2,
										"must_see": true,
										"reselect_targets": true,
										"within_radius": 25,
										"must_see_forget_duration": 17,
										"entity_types": [
											{
												"filters": {
													"any_of": [
														{
															"test": "is_family",
															"subject": "other",
															"value": "monster"
														}
													]
												},
												"max_dist": 35
											}
										]
									},
									"minecraft:timer": {
										"looping": false,
										"time": [
											60,
											60
										],
										"time_down_event": {
											"event": "despawn"
										}
									}
								},
								"key": "minecraft:attack",
								"is_minified": true,
								"children": {
									"damage": 7
								}
							},
							{
								"key": "minecraft:loot",
								"is_minified": true,
								"children": {
									"table": "loot_tables/entities/blaze.json"
								}
							},
							{
								"open": {
									"minecraft:type_family": {
										"family": [
											"mob",
											"player"
										]
									},
									"minecraft:attack": {
										"damage": 7
									},
									"minecraft:loot": {
										"table": "loot_tables/entities/blaze.json"
									},
									"minecraft:collision_box": {
										"width": 0.5,
										"height": 1.8
									},
									"minecraft:damage_sensor": {
										"triggers": [
											{
												"cause": "fall",
												"deals_damage": false
											},
											{
												"cause": "lava",
												"deals_damage": false
											},
											{
												"cause": "fire",
												"deals_damage": false
											},
											{
												"cause": "fire_tick",
												"deals_damage": false
											},
											{
												"cause": "magic",
												"deals_damage": false
											}
										]
									},
									"minecraft:movement": {
										"value": 0.3
									},
									"minecraft:movement.basic": {},
									"minecraft:jump.static": {},
									"minecraft:can_climb": {},
									"minecraft:health": {
										"value": 40,
										"max": 40
									},
									"minecraft:hurt_on_condition": {
										"damage_conditions": [
											{
												"filters": {
													"test": "in_water_or_rain",
													"operator": "==",
													"value": true
												},
												"cause": "drowning",
												"damage_per_tick": 1
											}
										]
									},
									"minecraft:follow_range": {
										"value": 16,
										"max": 16
									},
									"minecraft:fire_immune": true,
									"minecraft:behavior.float": {
										"priority": 0
									},
									"minecraft:behavior.random_stroll": {
										"priority": 4,
										"speed_multiplier": 1
									},
									"minecraft:behavior.random_look_around": {
										"priority": 5
									},
									"minecraft:physics": {},
									"minecraft:pushable": {
										"is_pushable": true,
										"is_pushable_by_piston": true
									},
									"minecraft:conditional_bandwidth_optimization": {},
									"minecraft:behavior.rise_to_liquid_level": {
										"priority": 0,
										"liquid_y_offset": 1.25,
										"rise_delta": 0.01,
										"sink_delta": 0.01
									},
									"minecraft:lava_movement": {
										"value": 0.32
									},
									"minecraft:navigation.walk": {
										"can_path_over_lava": true,
										"avoid_water": true,
										"can_sink": false,
										"can_walk_in_lava": true
									},
									"minecraft:floats_in_liquid": {},
									"minecraft:behavior.hurt_by_target": {
										"priority": 1,
										"entity_types": [
											{
												"filters": {
													"test": "is_family",
													"subject": "other",
													"operator": "!=",
													"value": "player"
												},
												"must_see": false
											}
										]
									},
									"minecraft:behavior.nearest_attackable_target": {
										"priority": 2,
										"must_see": true,
										"reselect_targets": true,
										"within_radius": 25,
										"must_see_forget_duration": 17,
										"entity_types": [
											{
												"filters": {
													"any_of": [
														{
															"test": "is_family",
															"subject": "other",
															"value": "monster"
														}
													]
												},
												"max_dist": 35
											}
										]
									},
									"minecraft:timer": {
										"looping": false,
										"time": [
											60,
											60
										],
										"time_down_event": {
											"event": "despawn"
										}
									}
								},
								"key": "minecraft:collision_box",
								"is_minified": true,
								"children": {
									"width": 0.5,
									"height": 1.8
								}
							},
							{
								"key": "minecraft:damage_sensor",
								"children": [
									{
										"open": {
											"triggers": [
												{
													"cause": "fall",
													"deals_damage": false
												},
												{
													"cause": "lava",
													"deals_damage": false
												},
												{
													"cause": "fire",
													"deals_damage": false
												},
												{
													"cause": "fire_tick",
													"deals_damage": false
												},
												{
													"cause": "magic",
													"deals_damage": false
												}
											]
										},
										"key": "triggers",
										"children": [
											{
												"open": [
													{
														"cause": "fall",
														"deals_damage": false
													},
													{
														"cause": "lava",
														"deals_damage": false
													},
													{
														"cause": "fire",
														"deals_damage": false
													},
													{
														"cause": "fire_tick",
														"deals_damage": false
													},
													{
														"cause": "magic",
														"deals_damage": false
													}
												],
												"is_minified": true,
												"children": {
													"cause": "fall",
													"deals_damage": false
												}
											},
											{
												"open": [
													{
														"cause": "fall",
														"deals_damage": false
													},
													{
														"cause": "lava",
														"deals_damage": false
													},
													{
														"cause": "fire",
														"deals_damage": false
													},
													{
														"cause": "fire_tick",
														"deals_damage": false
													},
													{
														"cause": "magic",
														"deals_damage": false
													}
												],
												"is_minified": true,
												"children": {
													"cause": "lava",
													"deals_damage": false
												}
											},
											{
												"open": [
													{
														"cause": "fall",
														"deals_damage": false
													},
													{
														"cause": "lava",
														"deals_damage": false
													},
													{
														"cause": "fire",
														"deals_damage": false
													},
													{
														"cause": "fire_tick",
														"deals_damage": false
													},
													{
														"cause": "magic",
														"deals_damage": false
													}
												],
												"is_minified": true,
												"children": {
													"cause": "fire",
													"deals_damage": false
												}
											},
											{
												"open": [
													{
														"cause": "fall",
														"deals_damage": false
													},
													{
														"cause": "lava",
														"deals_damage": false
													},
													{
														"cause": "fire",
														"deals_damage": false
													},
													{
														"cause": "fire_tick",
														"deals_damage": false
													},
													{
														"cause": "magic",
														"deals_damage": false
													}
												],
												"is_minified": true,
												"children": {
													"cause": "fire_tick",
													"deals_damage": false
												}
											},
											{
												"open": [
													{
														"cause": "fall",
														"deals_damage": false
													},
													{
														"cause": "lava",
														"deals_damage": false
													},
													{
														"cause": "fire",
														"deals_damage": false
													},
													{
														"cause": "fire_tick",
														"deals_damage": false
													},
													{
														"cause": "magic",
														"deals_damage": false
													}
												],
												"is_minified": true,
												"children": {
													"cause": "magic",
													"deals_damage": false
												}
											}
										]
									}
								]
							},
							{
								"open": {
									"minecraft:type_family": {
										"family": [
											"mob",
											"player"
										]
									},
									"minecraft:attack": {
										"damage": 7
									},
									"minecraft:loot": {
										"table": "loot_tables/entities/blaze.json"
									},
									"minecraft:collision_box": {
										"width": 0.5,
										"height": 1.8
									},
									"minecraft:damage_sensor": {
										"triggers": [
											{
												"cause": "fall",
												"deals_damage": false
											},
											{
												"cause": "lava",
												"deals_damage": false
											},
											{
												"cause": "fire",
												"deals_damage": false
											},
											{
												"cause": "fire_tick",
												"deals_damage": false
											},
											{
												"cause": "magic",
												"deals_damage": false
											}
										]
									},
									"minecraft:movement": {
										"value": 0.3
									},
									"minecraft:movement.basic": {},
									"minecraft:jump.static": {},
									"minecraft:can_climb": {},
									"minecraft:health": {
										"value": 40,
										"max": 40
									},
									"minecraft:hurt_on_condition": {
										"damage_conditions": [
											{
												"filters": {
													"test": "in_water_or_rain",
													"operator": "==",
													"value": true
												},
												"cause": "drowning",
												"damage_per_tick": 1
											}
										]
									},
									"minecraft:follow_range": {
										"value": 16,
										"max": 16
									},
									"minecraft:fire_immune": true,
									"minecraft:behavior.float": {
										"priority": 0
									},
									"minecraft:behavior.random_stroll": {
										"priority": 4,
										"speed_multiplier": 1
									},
									"minecraft:behavior.random_look_around": {
										"priority": 5
									},
									"minecraft:physics": {},
									"minecraft:pushable": {
										"is_pushable": true,
										"is_pushable_by_piston": true
									},
									"minecraft:conditional_bandwidth_optimization": {},
									"minecraft:behavior.rise_to_liquid_level": {
										"priority": 0,
										"liquid_y_offset": 1.25,
										"rise_delta": 0.01,
										"sink_delta": 0.01
									},
									"minecraft:lava_movement": {
										"value": 0.32
									},
									"minecraft:navigation.walk": {
										"can_path_over_lava": true,
										"avoid_water": true,
										"can_sink": false,
										"can_walk_in_lava": true
									},
									"minecraft:floats_in_liquid": {},
									"minecraft:behavior.hurt_by_target": {
										"priority": 1,
										"entity_types": [
											{
												"filters": {
													"test": "is_family",
													"subject": "other",
													"operator": "!=",
													"value": "player"
												},
												"must_see": false
											}
										]
									},
									"minecraft:behavior.nearest_attackable_target": {
										"priority": 2,
										"must_see": true,
										"reselect_targets": true,
										"within_radius": 25,
										"must_see_forget_duration": 17,
										"entity_types": [
											{
												"filters": {
													"any_of": [
														{
															"test": "is_family",
															"subject": "other",
															"value": "monster"
														}
													]
												},
												"max_dist": 35
											}
										]
									},
									"minecraft:timer": {
										"looping": false,
										"time": [
											60,
											60
										],
										"time_down_event": {
											"event": "despawn"
										}
									}
								},
								"key": "minecraft:movement",
								"is_minified": true,
								"children": {
									"value": 0.3
								}
							},
							{
								"open": {
									"minecraft:type_family": {
										"family": [
											"mob",
											"player"
										]
									},
									"minecraft:attack": {
										"damage": 7
									},
									"minecraft:loot": {
										"table": "loot_tables/entities/blaze.json"
									},
									"minecraft:collision_box": {
										"width": 0.5,
										"height": 1.8
									},
									"minecraft:damage_sensor": {
										"triggers": [
											{
												"cause": "fall",
												"deals_damage": false
											},
											{
												"cause": "lava",
												"deals_damage": false
											},
											{
												"cause": "fire",
												"deals_damage": false
											},
											{
												"cause": "fire_tick",
												"deals_damage": false
											},
											{
												"cause": "magic",
												"deals_damage": false
											}
										]
									},
									"minecraft:movement": {
										"value": 0.3
									},
									"minecraft:movement.basic": {},
									"minecraft:jump.static": {},
									"minecraft:can_climb": {},
									"minecraft:health": {
										"value": 40,
										"max": 40
									},
									"minecraft:hurt_on_condition": {
										"damage_conditions": [
											{
												"filters": {
													"test": "in_water_or_rain",
													"operator": "==",
													"value": true
												},
												"cause": "drowning",
												"damage_per_tick": 1
											}
										]
									},
									"minecraft:follow_range": {
										"value": 16,
										"max": 16
									},
									"minecraft:fire_immune": true,
									"minecraft:behavior.float": {
										"priority": 0
									},
									"minecraft:behavior.random_stroll": {
										"priority": 4,
										"speed_multiplier": 1
									},
									"minecraft:behavior.random_look_around": {
										"priority": 5
									},
									"minecraft:physics": {},
									"minecraft:pushable": {
										"is_pushable": true,
										"is_pushable_by_piston": true
									},
									"minecraft:conditional_bandwidth_optimization": {},
									"minecraft:behavior.rise_to_liquid_level": {
										"priority": 0,
										"liquid_y_offset": 1.25,
										"rise_delta": 0.01,
										"sink_delta": 0.01
									},
									"minecraft:lava_movement": {
										"value": 0.32
									},
									"minecraft:navigation.walk": {
										"can_path_over_lava": true,
										"avoid_water": true,
										"can_sink": false,
										"can_walk_in_lava": true
									},
									"minecraft:floats_in_liquid": {},
									"minecraft:behavior.hurt_by_target": {
										"priority": 1,
										"entity_types": [
											{
												"filters": {
													"test": "is_family",
													"subject": "other",
													"operator": "!=",
													"value": "player"
												},
												"must_see": false
											}
										]
									},
									"minecraft:behavior.nearest_attackable_target": {
										"priority": 2,
										"must_see": true,
										"reselect_targets": true,
										"within_radius": 25,
										"must_see_forget_duration": 17,
										"entity_types": [
											{
												"filters": {
													"any_of": [
														{
															"test": "is_family",
															"subject": "other",
															"value": "monster"
														}
													]
												},
												"max_dist": 35
											}
										]
									},
									"minecraft:timer": {
										"looping": false,
										"time": [
											60,
											60
										],
										"time_down_event": {
											"event": "despawn"
										}
									}
								},
								"key": "minecraft:movement.basic",
								"is_minified": true,
								"children": {}
							},
							{
								"open": {
									"minecraft:type_family": {
										"family": [
											"mob",
											"player"
										]
									},
									"minecraft:attack": {
										"damage": 7
									},
									"minecraft:loot": {
										"table": "loot_tables/entities/blaze.json"
									},
									"minecraft:collision_box": {
										"width": 0.5,
										"height": 1.8
									},
									"minecraft:damage_sensor": {
										"triggers": [
											{
												"cause": "fall",
												"deals_damage": false
											},
											{
												"cause": "lava",
												"deals_damage": false
											},
											{
												"cause": "fire",
												"deals_damage": false
											},
											{
												"cause": "fire_tick",
												"deals_damage": false
											},
											{
												"cause": "magic",
												"deals_damage": false
											}
										]
									},
									"minecraft:movement": {
										"value": 0.3
									},
									"minecraft:movement.basic": {},
									"minecraft:jump.static": {},
									"minecraft:can_climb": {},
									"minecraft:health": {
										"value": 40,
										"max": 40
									},
									"minecraft:hurt_on_condition": {
										"damage_conditions": [
											{
												"filters": {
													"test": "in_water_or_rain",
													"operator": "==",
													"value": true
												},
												"cause": "drowning",
												"damage_per_tick": 1
											}
										]
									},
									"minecraft:follow_range": {
										"value": 16,
										"max": 16
									},
									"minecraft:fire_immune": true,
									"minecraft:behavior.float": {
										"priority": 0
									},
									"minecraft:behavior.random_stroll": {
										"priority": 4,
										"speed_multiplier": 1
									},
									"minecraft:behavior.random_look_around": {
										"priority": 5
									},
									"minecraft:physics": {},
									"minecraft:pushable": {
										"is_pushable": true,
										"is_pushable_by_piston": true
									},
									"minecraft:conditional_bandwidth_optimization": {},
									"minecraft:behavior.rise_to_liquid_level": {
										"priority": 0,
										"liquid_y_offset": 1.25,
										"rise_delta": 0.01,
										"sink_delta": 0.01
									},
									"minecraft:lava_movement": {
										"value": 0.32
									},
									"minecraft:navigation.walk": {
										"can_path_over_lava": true,
										"avoid_water": true,
										"can_sink": false,
										"can_walk_in_lava": true
									},
									"minecraft:floats_in_liquid": {},
									"minecraft:behavior.hurt_by_target": {
										"priority": 1,
										"entity_types": [
											{
												"filters": {
													"test": "is_family",
													"subject": "other",
													"operator": "!=",
													"value": "player"
												},
												"must_see": false
											}
										]
									},
									"minecraft:behavior.nearest_attackable_target": {
										"priority": 2,
										"must_see": true,
										"reselect_targets": true,
										"within_radius": 25,
										"must_see_forget_duration": 17,
										"entity_types": [
											{
												"filters": {
													"any_of": [
														{
															"test": "is_family",
															"subject": "other",
															"value": "monster"
														}
													]
												},
												"max_dist": 35
											}
										]
									},
									"minecraft:timer": {
										"looping": false,
										"time": [
											60,
											60
										],
										"time_down_event": {
											"event": "despawn"
										}
									}
								},
								"key": "minecraft:jump.static",
								"is_minified": true,
								"children": {}
							},
							{
								"open": {
									"minecraft:type_family": {
										"family": [
											"mob",
											"player"
										]
									},
									"minecraft:attack": {
										"damage": 7
									},
									"minecraft:loot": {
										"table": "loot_tables/entities/blaze.json"
									},
									"minecraft:collision_box": {
										"width": 0.5,
										"height": 1.8
									},
									"minecraft:damage_sensor": {
										"triggers": [
											{
												"cause": "fall",
												"deals_damage": false
											},
											{
												"cause": "lava",
												"deals_damage": false
											},
											{
												"cause": "fire",
												"deals_damage": false
											},
											{
												"cause": "fire_tick",
												"deals_damage": false
											},
											{
												"cause": "magic",
												"deals_damage": false
											}
										]
									},
									"minecraft:movement": {
										"value": 0.3
									},
									"minecraft:movement.basic": {},
									"minecraft:jump.static": {},
									"minecraft:can_climb": {},
									"minecraft:health": {
										"value": 40,
										"max": 40
									},
									"minecraft:hurt_on_condition": {
										"damage_conditions": [
											{
												"filters": {
													"test": "in_water_or_rain",
													"operator": "==",
													"value": true
												},
												"cause": "drowning",
												"damage_per_tick": 1
											}
										]
									},
									"minecraft:follow_range": {
										"value": 16,
										"max": 16
									},
									"minecraft:fire_immune": true,
									"minecraft:behavior.float": {
										"priority": 0
									},
									"minecraft:behavior.random_stroll": {
										"priority": 4,
										"speed_multiplier": 1
									},
									"minecraft:behavior.random_look_around": {
										"priority": 5
									},
									"minecraft:physics": {},
									"minecraft:pushable": {
										"is_pushable": true,
										"is_pushable_by_piston": true
									},
									"minecraft:conditional_bandwidth_optimization": {},
									"minecraft:behavior.rise_to_liquid_level": {
										"priority": 0,
										"liquid_y_offset": 1.25,
										"rise_delta": 0.01,
										"sink_delta": 0.01
									},
									"minecraft:lava_movement": {
										"value": 0.32
									},
									"minecraft:navigation.walk": {
										"can_path_over_lava": true,
										"avoid_water": true,
										"can_sink": false,
										"can_walk_in_lava": true
									},
									"minecraft:floats_in_liquid": {},
									"minecraft:behavior.hurt_by_target": {
										"priority": 1,
										"entity_types": [
											{
												"filters": {
													"test": "is_family",
													"subject": "other",
													"operator": "!=",
													"value": "player"
												},
												"must_see": false
											}
										]
									},
									"minecraft:behavior.nearest_attackable_target": {
										"priority": 2,
										"must_see": true,
										"reselect_targets": true,
										"within_radius": 25,
										"must_see_forget_duration": 17,
										"entity_types": [
											{
												"filters": {
													"any_of": [
														{
															"test": "is_family",
															"subject": "other",
															"value": "monster"
														}
													]
												},
												"max_dist": 35
											}
										]
									},
									"minecraft:timer": {
										"looping": false,
										"time": [
											60,
											60
										],
										"time_down_event": {
											"event": "despawn"
										}
									}
								},
								"key": "minecraft:can_climb",
								"is_minified": true,
								"children": {}
							},
							{
								"open": {
									"minecraft:type_family": {
										"family": [
											"mob",
											"player"
										]
									},
									"minecraft:attack": {
										"damage": 7
									},
									"minecraft:loot": {
										"table": "loot_tables/entities/blaze.json"
									},
									"minecraft:collision_box": {
										"width": 0.5,
										"height": 1.8
									},
									"minecraft:damage_sensor": {
										"triggers": [
											{
												"cause": "fall",
												"deals_damage": false
											},
											{
												"cause": "lava",
												"deals_damage": false
											},
											{
												"cause": "fire",
												"deals_damage": false
											},
											{
												"cause": "fire_tick",
												"deals_damage": false
											},
											{
												"cause": "magic",
												"deals_damage": false
											}
										]
									},
									"minecraft:movement": {
										"value": 0.3
									},
									"minecraft:movement.basic": {},
									"minecraft:jump.static": {},
									"minecraft:can_climb": {},
									"minecraft:health": {
										"value": 40,
										"max": 40
									},
									"minecraft:hurt_on_condition": {
										"damage_conditions": [
											{
												"filters": {
													"test": "in_water_or_rain",
													"operator": "==",
													"value": true
												},
												"cause": "drowning",
												"damage_per_tick": 1
											}
										]
									},
									"minecraft:follow_range": {
										"value": 16,
										"max": 16
									},
									"minecraft:fire_immune": true,
									"minecraft:behavior.float": {
										"priority": 0
									},
									"minecraft:behavior.random_stroll": {
										"priority": 4,
										"speed_multiplier": 1
									},
									"minecraft:behavior.random_look_around": {
										"priority": 5
									},
									"minecraft:physics": {},
									"minecraft:pushable": {
										"is_pushable": true,
										"is_pushable_by_piston": true
									},
									"minecraft:conditional_bandwidth_optimization": {},
									"minecraft:behavior.rise_to_liquid_level": {
										"priority": 0,
										"liquid_y_offset": 1.25,
										"rise_delta": 0.01,
										"sink_delta": 0.01
									},
									"minecraft:lava_movement": {
										"value": 0.32
									},
									"minecraft:navigation.walk": {
										"can_path_over_lava": true,
										"avoid_water": true,
										"can_sink": false,
										"can_walk_in_lava": true
									},
									"minecraft:floats_in_liquid": {},
									"minecraft:behavior.hurt_by_target": {
										"priority": 1,
										"entity_types": [
											{
												"filters": {
													"test": "is_family",
													"subject": "other",
													"operator": "!=",
													"value": "player"
												},
												"must_see": false
											}
										]
									},
									"minecraft:behavior.nearest_attackable_target": {
										"priority": 2,
										"must_see": true,
										"reselect_targets": true,
										"within_radius": 25,
										"must_see_forget_duration": 17,
										"entity_types": [
											{
												"filters": {
													"any_of": [
														{
															"test": "is_family",
															"subject": "other",
															"value": "monster"
														}
													]
												},
												"max_dist": 35
											}
										]
									},
									"minecraft:timer": {
										"looping": false,
										"time": [
											60,
											60
										],
										"time_down_event": {
											"event": "despawn"
										}
									}
								},
								"key": "minecraft:health",
								"is_minified": true,
								"children": {
									"value": 40,
									"max": 40
								}
							},
							{
								"key": "minecraft:hurt_on_condition",
								"children": [
									{
										"open": {
											"damage_conditions": [
												{
													"filters": {
														"test": "in_water_or_rain",
														"operator": "==",
														"value": true
													},
													"cause": "drowning",
													"damage_per_tick": 1
												}
											]
										},
										"key": "damage_conditions",
										"children": [
											{
												"open": [
													{
														"filters": {
															"test": "in_water_or_rain",
															"operator": "==",
															"value": true
														},
														"cause": "drowning",
														"damage_per_tick": 1
													}
												],
												"is_minified": true,
												"children": {
													"filters": {
														"test": "in_water_or_rain",
														"operator": "==",
														"value": true
													},
													"cause": "drowning",
													"damage_per_tick": 1
												}
											}
										]
									}
								]
							},
							{
								"key": "minecraft:follow_range",
								"is_minified": true,
								"children": {
									"value": 16,
									"max": 16
								}
							},
							{
								"data": "true",
								"key": "minecraft:fire_immune"
							},
							{
								"key": "minecraft:behavior.float",
								"is_minified": true,
								"children": {
									"priority": 0
								}
							},
							{
								"key": "minecraft:behavior.random_stroll",
								"is_minified": true,
								"children": {
									"priority": 4,
									"speed_multiplier": 1
								}
							},
							{
								"key": "minecraft:behavior.random_look_around",
								"is_minified": true,
								"children": {
									"priority": 5
								}
							},
							{
								"key": "minecraft:physics",
								"is_minified": true,
								"children": {}
							},
							{
								"key": "minecraft:pushable",
								"is_minified": true,
								"children": {
									"is_pushable": true,
									"is_pushable_by_piston": true
								}
							},
							{
								"key": "minecraft:conditional_bandwidth_optimization",
								"is_minified": true,
								"children": {}
							},
							{
								"key": "minecraft:behavior.rise_to_liquid_level",
								"is_minified": true,
								"children": {
									"priority": 0,
									"liquid_y_offset": 1.25,
									"rise_delta": 0.01,
									"sink_delta": 0.01
								}
							},
							{
								"key": "minecraft:lava_movement",
								"is_minified": true,
								"children": {
									"value": 0.32
								}
							},
							{
								"key": "minecraft:navigation.walk",
								"is_minified": true,
								"children": {
									"can_path_over_lava": true,
									"avoid_water": true,
									"can_sink": false,
									"can_walk_in_lava": true
								}
							},
							{
								"key": "minecraft:floats_in_liquid",
								"is_minified": true,
								"children": {}
							},
							{
								"key": "minecraft:behavior.hurt_by_target",
								"children": [
									{
										"data": "1",
										"key": "priority"
									},
									{
										"open": {
											"priority": 1,
											"entity_types": [
												{
													"filters": {
														"test": "is_family",
														"subject": "other",
														"operator": "!=",
														"value": "player"
													},
													"must_see": false
												}
											]
										},
										"key": "entity_types",
										"children": [
											{
												"open": [
													{
														"filters": {
															"test": "is_family",
															"subject": "other",
															"operator": "!=",
															"value": "player"
														},
														"must_see": false
													}
												],
												"children": [
													{
														"open": {
															"filters": {
																"test": "is_family",
																"subject": "other",
																"operator": "!=",
																"value": "player"
															},
															"must_see": false
														},
														"key": "filters",
														"is_minified": true,
														"children": {
															"test": "is_family",
															"subject": "other",
															"operator": "!=",
															"value": "player"
														}
													},
													{
														"data": "false",
														"key": "must_see"
													}
												]
											}
										]
									}
								]
							},
							{
								"key": "minecraft:behavior.nearest_attackable_target",
								"is_minified": true,
								"children": {
									"priority": 2,
									"must_see": true,
									"reselect_targets": true,
									"within_radius": 25,
									"must_see_forget_duration": 17,
									"entity_types": [
										{
											"filters": {
												"any_of": [
													{
														"test": "is_family",
														"subject": "other",
														"value": "monster"
													}
												]
											},
											"max_dist": 35
										}
									]
								}
							},
							{
								"open": {
									"minecraft:type_family": {
										"family": [
											"mob",
											"player"
										]
									},
									"minecraft:attack": {
										"damage": 7
									},
									"minecraft:loot": {
										"table": "loot_tables/entities/blaze.json"
									},
									"minecraft:collision_box": {
										"width": 0.5,
										"height": 1.8
									},
									"minecraft:damage_sensor": {
										"triggers": [
											{
												"cause": "fall",
												"deals_damage": false
											},
											{
												"cause": "lava",
												"deals_damage": false
											},
											{
												"cause": "fire",
												"deals_damage": false
											},
											{
												"cause": "fire_tick",
												"deals_damage": false
											},
											{
												"cause": "magic",
												"deals_damage": false
											}
										]
									},
									"minecraft:movement": {
										"value": 0.3
									},
									"minecraft:movement.basic": {},
									"minecraft:jump.static": {},
									"minecraft:can_climb": {},
									"minecraft:health": {
										"value": 40,
										"max": 40
									},
									"minecraft:hurt_on_condition": {
										"damage_conditions": [
											{
												"filters": {
													"test": "in_water_or_rain",
													"operator": "==",
													"value": true
												},
												"cause": "drowning",
												"damage_per_tick": 1
											}
										]
									},
									"minecraft:follow_range": {
										"value": 16,
										"max": 16
									},
									"minecraft:fire_immune": true,
									"minecraft:behavior.float": {
										"priority": 0
									},
									"minecraft:behavior.random_stroll": {
										"priority": 4,
										"speed_multiplier": 1
									},
									"minecraft:behavior.random_look_around": {
										"priority": 5
									},
									"minecraft:physics": {},
									"minecraft:pushable": {
										"is_pushable": true,
										"is_pushable_by_piston": true
									},
									"minecraft:conditional_bandwidth_optimization": {},
									"minecraft:behavior.rise_to_liquid_level": {
										"priority": 0,
										"liquid_y_offset": 1.25,
										"rise_delta": 0.01,
										"sink_delta": 0.01
									},
									"minecraft:lava_movement": {
										"value": 0.32
									},
									"minecraft:navigation.walk": {
										"can_path_over_lava": true,
										"avoid_water": true,
										"can_sink": false,
										"can_walk_in_lava": true
									},
									"minecraft:floats_in_liquid": {},
									"minecraft:behavior.hurt_by_target": {
										"priority": 1,
										"entity_types": [
											{
												"filters": {
													"test": "is_family",
													"subject": "other",
													"operator": "!=",
													"value": "player"
												},
												"must_see": false
											}
										]
									},
									"minecraft:behavior.nearest_attackable_target": {
										"priority": 2,
										"must_see": true,
										"reselect_targets": true,
										"within_radius": 25,
										"must_see_forget_duration": 17,
										"entity_types": [
											{
												"filters": {
													"any_of": [
														{
															"test": "is_family",
															"subject": "other",
															"value": "monster"
														}
													]
												},
												"max_dist": 35
											}
										]
									},
									"minecraft:timer": {
										"looping": false,
										"time": [
											60,
											60
										],
										"time_down_event": {
											"event": "despawn"
										}
									}
								},
								"key": "minecraft:timer",
								"children": [
									{
										"data": "false",
										"key": "looping"
									},
									{
										"key": "time",
										"is_minified": true,
										"children": [
											60,
											60
										]
									},
									{
										"open": {
											"looping": false,
											"time": [
												60,
												60
											],
											"time_down_event": {
												"event": "despawn"
											}
										},
										"key": "time_down_event",
										"is_minified": true,
										"children": {
											"event": "despawn"
										}
									}
								]
							}
						]
					},
					{
						"open": {
							"description": {
								"identifier": "sc:summon_ashborne",
								"is_spawnable": false,
								"is_summonable": true,
								"is_experimental": false
							},
							"component_groups": {
								"melee": {
									"minecraft:behavior.melee_attack": {
										"priority": 3,
										"speed_multiplier": 1,
										"track_target": true,
										"reach_multiplier": 1,
										"on_attack": {
											"event": "particle"
										}
									}
								},
								"despawn": {
									"minecraft:instant_despawn": {
										"remove_child_entities": true
									}
								}
							},
							"components": {
								"minecraft:type_family": {
									"family": [
										"mob",
										"player"
									]
								},
								"minecraft:attack": {
									"damage": 7
								},
								"minecraft:loot": {
									"table": "loot_tables/entities/blaze.json"
								},
								"minecraft:collision_box": {
									"width": 0.5,
									"height": 1.8
								},
								"minecraft:damage_sensor": {
									"triggers": [
										{
											"cause": "fall",
											"deals_damage": false
										},
										{
											"cause": "lava",
											"deals_damage": false
										},
										{
											"cause": "fire",
											"deals_damage": false
										},
										{
											"cause": "fire_tick",
											"deals_damage": false
										},
										{
											"cause": "magic",
											"deals_damage": false
										}
									]
								},
								"minecraft:movement": {
									"value": 0.3
								},
								"minecraft:movement.basic": {},
								"minecraft:jump.static": {},
								"minecraft:can_climb": {},
								"minecraft:health": {
									"value": 40,
									"max": 40
								},
								"minecraft:hurt_on_condition": {
									"damage_conditions": [
										{
											"filters": {
												"test": "in_water_or_rain",
												"operator": "==",
												"value": true
											},
											"cause": "drowning",
											"damage_per_tick": 1
										}
									]
								},
								"minecraft:follow_range": {
									"value": 16,
									"max": 16
								},
								"minecraft:fire_immune": true,
								"minecraft:behavior.float": {
									"priority": 0
								},
								"minecraft:behavior.random_stroll": {
									"priority": 4,
									"speed_multiplier": 1
								},
								"minecraft:behavior.random_look_around": {
									"priority": 5
								},
								"minecraft:physics": {},
								"minecraft:pushable": {
									"is_pushable": true,
									"is_pushable_by_piston": true
								},
								"minecraft:conditional_bandwidth_optimization": {},
								"minecraft:behavior.rise_to_liquid_level": {
									"priority": 0,
									"liquid_y_offset": 1.25,
									"rise_delta": 0.01,
									"sink_delta": 0.01
								},
								"minecraft:lava_movement": {
									"value": 0.32
								},
								"minecraft:navigation.walk": {
									"can_path_over_lava": true,
									"avoid_water": true,
									"can_sink": false,
									"can_walk_in_lava": true
								},
								"minecraft:floats_in_liquid": {},
								"minecraft:behavior.hurt_by_target": {
									"priority": 1,
									"entity_types": [
										{
											"filters": {
												"test": "is_family",
												"subject": "other",
												"operator": "!=",
												"value": "player"
											},
											"must_see": false
										}
									]
								},
								"minecraft:behavior.nearest_attackable_target": {
									"priority": 2,
									"must_see": true,
									"reselect_targets": true,
									"within_radius": 25,
									"must_see_forget_duration": 17,
									"entity_types": [
										{
											"filters": {
												"any_of": [
													{
														"test": "is_family",
														"subject": "other",
														"value": "monster"
													}
												]
											},
											"max_dist": 35
										}
									]
								},
								"minecraft:timer": {
									"looping": false,
									"time": [
										60,
										60
									],
									"time_down_event": {
										"event": "despawn"
									}
								}
							},
							"events": {
								"minecraft:entity_spawned": {
									"add": {
										"component_groups": [
											"melee"
										]
									}
								},
								"despawn": {
									"add": {
										"component_groups": [
											"despawn"
										]
									}
								},
								"particle": {
									"execute": {
										"commands": [
											"/particle sc:fire_burst_particle ~ ~ ~"
										]
									}
								}
							}
						},
						"key": "events",
						"children": [
							{
								"open": {
									"minecraft:entity_spawned": {
										"add": {
											"component_groups": [
												"melee"
											]
										}
									},
									"despawn": {
										"add": {
											"component_groups": [
												"despawn"
											]
										}
									},
									"particle": {
										"execute": {
											"commands": [
												"/particle sc:fire_burst_particle ~ ~ ~"
											]
										}
									}
								},
								"key": "minecraft:entity_spawned",
								"children": [
									{
										"open": {
											"add": {
												"component_groups": [
													"melee"
												]
											}
										},
										"key": "add",
										"children": [
											{
												"open": {
													"component_groups": [
														"melee"
													]
												},
												"key": "component_groups",
												"is_minified": true,
												"children": [
													"melee"
												]
											}
										]
									}
								]
							},
							{
								"key": "despawn",
								"is_minified": true,
								"children": {
									"add": {
										"component_groups": [
											"despawn"
										]
									}
								}
							},
							{
								"open": {
									"minecraft:entity_spawned": {
										"add": {
											"component_groups": [
												"melee"
											]
										}
									},
									"despawn": {
										"add": {
											"component_groups": [
												"despawn"
											]
										}
									},
									"particle": {
										"execute": {
											"commands": [
												"/particle sc:fire_burst_particle ~ ~ ~"
											]
										}
									}
								},
								"key": "particle",
								"children": [
									{
										"open": {
											"execute": {
												"commands": [
													"/particle sc:fire_burst_particle ~ ~ ~"
												]
											}
										},
										"key": "execute",
										"children": [
											{
												"open": {
													"commands": [
														"/particle sc:fire_burst_particle ~ ~ ~"
													]
												},
												"key": "commands",
												"is_minified": true,
												"children": [
													"/particle sc:fire_burst_particle ~ ~ ~"
												]
											}
										]
									}
								]
							}
						]
					}
				]
			}
		]
	}
}