{
	"file_path": "C:\\Users\\Freddy\\AppData\\Local\\Packages\\Microsoft.MinecraftUWP_8wekyb3d8bbwe\\LocalState\\games\\com.mojang\\development_behavior_packs\\Spry Conquest Overhaul\\entities\\wretch_dummy.json",
	"file_type": "entity",
	"format_version": 1,
	"file_uuid": "34dc93c8_3e99_4f74_a849_3bf2f097f347",
	"file_version": 100,
	"cache_content": {
		"children": [
			{
				"data": "1.16.0",
				"key": "format_version"
			},
			{
				"open": {
					"format_version": "1.16.0",
					"minecraft:entity": {
						"description": {
							"identifier": "sc:wretch_dummy",
							"is_spawnable": false,
							"is_summonable": true,
							"is_experimental": false
						},
						"component_groups": {
							"despawn": {
								"minecraft:instant_despawn": {
									"remove_child_entities": true
								}
							}
						},
						"components": {
							"minecraft:type_family": {
								"family": [
									"inanimate",
									"mob"
								]
							},
							"minecraft:health": {
								"value": 40,
								"max": 40
							},
							"minecraft:physics": {},
							"minecraft:collision_box": {
								"height": 0.1,
								"width": 0.1
							},
							"minecraft:timer": {
								"looping": false,
								"time": [
									0.1,
									0.1
								],
								"time_down_event": {
									"event": "despawn"
								}
							},
							"minecraft:scale": {
								"value": 0.1
							}
						},
						"events": {
							"despawn": {
								"sequence": [
									{
										"filters": {
											"all_of": [
												{
													"test": "weather_at_position",
													"operator": "==",
													"value": "thunderstorm"
												}
											]
										},
										"add": {
											"component_groups": [
												"despawn"
											]
										},
										"execute": {
											"commands": [
												"/summon sc:wretch ~ ~ ~ entity_naturally_spawned"
											]
										}
									},
									{
										"filters": {
											"all_of": [
												{
													"test": "weather_at_position",
													"operator": "!=",
													"value": "thunderstorm"
												}
											]
										},
										"add": {
											"component_groups": [
												"despawn"
											]
										}
									}
								]
							}
						}
					}
				},
				"key": "minecraft:entity",
				"children": [
					{
						"open": {
							"description": {
								"identifier": "sc:wretch_dummy",
								"is_spawnable": false,
								"is_summonable": true,
								"is_experimental": false
							},
							"component_groups": {
								"despawn": {
									"minecraft:instant_despawn": {
										"remove_child_entities": true
									}
								}
							},
							"components": {
								"minecraft:type_family": {
									"family": [
										"inanimate",
										"mob"
									]
								},
								"minecraft:health": {
									"value": 40,
									"max": 40
								},
								"minecraft:physics": {},
								"minecraft:collision_box": {
									"height": 0.1,
									"width": 0.1
								},
								"minecraft:timer": {
									"looping": false,
									"time": [
										0.1,
										0.1
									],
									"time_down_event": {
										"event": "despawn"
									}
								},
								"minecraft:scale": {
									"value": 0.1
								}
							},
							"events": {
								"despawn": {
									"sequence": [
										{
											"filters": {
												"all_of": [
													{
														"test": "weather_at_position",
														"operator": "==",
														"value": "thunderstorm"
													}
												]
											},
											"add": {
												"component_groups": [
													"despawn"
												]
											},
											"execute": {
												"commands": [
													"/summon sc:wretch ~ ~ ~ entity_naturally_spawned"
												]
											}
										},
										{
											"filters": {
												"all_of": [
													{
														"test": "weather_at_position",
														"operator": "!=",
														"value": "thunderstorm"
													}
												]
											},
											"add": {
												"component_groups": [
													"despawn"
												]
											}
										}
									]
								}
							}
						},
						"key": "description",
						"is_minified": true,
						"children": {
							"identifier": "sc:wretch_dummy",
							"is_spawnable": false,
							"is_summonable": true,
							"is_experimental": false
						}
					},
					{
						"open": {
							"description": {
								"identifier": "sc:wretch_dummy",
								"is_spawnable": false,
								"is_summonable": true,
								"is_experimental": false
							},
							"component_groups": {
								"despawn": {
									"minecraft:instant_despawn": {
										"remove_child_entities": true
									}
								}
							},
							"components": {
								"minecraft:type_family": {
									"family": [
										"inanimate",
										"mob"
									]
								},
								"minecraft:health": {
									"value": 40,
									"max": 40
								},
								"minecraft:physics": {},
								"minecraft:collision_box": {
									"height": 0.1,
									"width": 0.1
								},
								"minecraft:timer": {
									"looping": false,
									"time": [
										0.1,
										0.1
									],
									"time_down_event": {
										"event": "despawn"
									}
								},
								"minecraft:scale": {
									"value": 0.1
								}
							},
							"events": {
								"despawn": {
									"sequence": [
										{
											"filters": {
												"all_of": [
													{
														"test": "weather_at_position",
														"operator": "==",
														"value": "thunderstorm"
													}
												]
											},
											"add": {
												"component_groups": [
													"despawn"
												]
											},
											"execute": {
												"commands": [
													"/summon sc:wretch ~ ~ ~ entity_naturally_spawned"
												]
											}
										},
										{
											"filters": {
												"all_of": [
													{
														"test": "weather_at_position",
														"operator": "!=",
														"value": "thunderstorm"
													}
												]
											},
											"add": {
												"component_groups": [
													"despawn"
												]
											}
										}
									]
								}
							}
						},
						"key": "component_groups",
						"children": [
							{
								"open": {
									"despawn": {
										"minecraft:instant_despawn": {
											"remove_child_entities": true
										}
									}
								},
								"key": "despawn",
								"is_minified": true,
								"children": {
									"minecraft:instant_despawn": {
										"remove_child_entities": true
									}
								}
							}
						]
					},
					{
						"open": {
							"description": {
								"identifier": "sc:wretch_dummy",
								"is_spawnable": false,
								"is_summonable": true,
								"is_experimental": false
							},
							"component_groups": {
								"despawn": {
									"minecraft:instant_despawn": {
										"remove_child_entities": true
									}
								}
							},
							"components": {
								"minecraft:type_family": {
									"family": [
										"inanimate",
										"mob"
									]
								},
								"minecraft:health": {
									"value": 40,
									"max": 40
								},
								"minecraft:physics": {},
								"minecraft:collision_box": {
									"height": 0.1,
									"width": 0.1
								},
								"minecraft:timer": {
									"looping": false,
									"time": [
										0.1,
										0.1
									],
									"time_down_event": {
										"event": "despawn"
									}
								},
								"minecraft:scale": {
									"value": 0.1
								}
							},
							"events": {
								"despawn": {
									"sequence": [
										{
											"filters": {
												"all_of": [
													{
														"test": "weather_at_position",
														"operator": "==",
														"value": "thunderstorm"
													}
												]
											},
											"add": {
												"component_groups": [
													"despawn"
												]
											},
											"execute": {
												"commands": [
													"/summon sc:wretch ~ ~ ~ entity_naturally_spawned"
												]
											}
										},
										{
											"filters": {
												"all_of": [
													{
														"test": "weather_at_position",
														"operator": "!=",
														"value": "thunderstorm"
													}
												]
											},
											"add": {
												"component_groups": [
													"despawn"
												]
											}
										}
									]
								}
							}
						},
						"key": "components",
						"children": [
							{
								"key": "minecraft:type_family",
								"children": [
									{
										"open": {
											"family": [
												"inanimate",
												"mob"
											]
										},
										"key": "family",
										"is_minified": true,
										"children": [
											"inanimate",
											"mob"
										]
									}
								]
							},
							{
								"key": "minecraft:health",
								"is_minified": true,
								"children": {
									"value": 40,
									"max": 40
								}
							},
							{
								"key": "minecraft:physics",
								"is_minified": true,
								"children": {}
							},
							{
								"open": {
									"minecraft:type_family": {
										"family": [
											"inanimate",
											"mob"
										]
									},
									"minecraft:health": {
										"value": 40,
										"max": 40
									},
									"minecraft:physics": {},
									"minecraft:collision_box": {
										"height": 0.1,
										"width": 0.1
									},
									"minecraft:timer": {
										"looping": false,
										"time": [
											0.1,
											0.1
										],
										"time_down_event": {
											"event": "despawn"
										}
									},
									"minecraft:scale": {
										"value": 0.1
									}
								},
								"key": "minecraft:collision_box",
								"is_minified": true,
								"children": {
									"height": 0.1,
									"width": 0.1
								}
							},
							{
								"key": "minecraft:timer",
								"children": [
									{
										"data": "false",
										"key": "looping"
									},
									{
										"open": {
											"looping": false,
											"time": [
												0.1,
												0.1
											],
											"time_down_event": {
												"event": "despawn"
											}
										},
										"key": "time",
										"is_minified": true,
										"children": [
											0.1,
											0.1
										]
									},
									{
										"open": {
											"looping": false,
											"time": [
												0.1,
												0.1
											],
											"time_down_event": {
												"event": "despawn"
											}
										},
										"key": "time_down_event",
										"is_minified": true,
										"children": {
											"event": "despawn"
										}
									}
								]
							},
							{
								"key": "minecraft:scale",
								"is_minified": true,
								"children": {
									"value": 0.1
								}
							}
						]
					},
					{
						"open": {
							"description": {
								"identifier": "sc:wretch_dummy",
								"is_spawnable": false,
								"is_summonable": true,
								"is_experimental": false
							},
							"component_groups": {
								"despawn": {
									"minecraft:instant_despawn": {
										"remove_child_entities": true
									}
								}
							},
							"components": {
								"minecraft:type_family": {
									"family": [
										"inanimate",
										"mob"
									]
								},
								"minecraft:health": {
									"value": 40,
									"max": 40
								},
								"minecraft:physics": {},
								"minecraft:collision_box": {
									"height": 0.1,
									"width": 0.1
								},
								"minecraft:timer": {
									"looping": false,
									"time": [
										0.1,
										0.1
									],
									"time_down_event": {
										"event": "despawn"
									}
								},
								"minecraft:scale": {
									"value": 0.1
								}
							},
							"events": {
								"despawn": {
									"sequence": [
										{
											"filters": {
												"all_of": [
													{
														"test": "weather_at_position",
														"operator": "==",
														"value": "thunderstorm"
													}
												]
											},
											"add": {
												"component_groups": [
													"despawn"
												]
											},
											"execute": {
												"commands": [
													"/summon sc:wretch ~ ~ ~ entity_naturally_spawned"
												]
											}
										},
										{
											"filters": {
												"all_of": [
													{
														"test": "weather_at_position",
														"operator": "!=",
														"value": "thunderstorm"
													}
												]
											},
											"add": {
												"component_groups": [
													"despawn"
												]
											}
										}
									]
								}
							}
						},
						"key": "events",
						"children": [
							{
								"open": {
									"despawn": {
										"sequence": [
											{
												"filters": {
													"all_of": [
														{
															"test": "weather_at_position",
															"operator": "==",
															"value": "thunderstorm"
														}
													]
												},
												"add": {
													"component_groups": [
														"despawn"
													]
												},
												"execute": {
													"commands": [
														"/summon sc:wretch ~ ~ ~ entity_naturally_spawned"
													]
												}
											},
											{
												"filters": {
													"all_of": [
														{
															"test": "weather_at_position",
															"operator": "!=",
															"value": "thunderstorm"
														}
													]
												},
												"add": {
													"component_groups": [
														"despawn"
													]
												}
											}
										]
									}
								},
								"key": "despawn",
								"children": [
									{
										"open": {
											"sequence": [
												{
													"filters": {
														"all_of": [
															{
																"test": "weather_at_position",
																"operator": "==",
																"value": "thunderstorm"
															}
														]
													},
													"add": {
														"component_groups": [
															"despawn"
														]
													},
													"execute": {
														"commands": [
															"/summon sc:wretch ~ ~ ~ entity_naturally_spawned"
														]
													}
												},
												{
													"filters": {
														"all_of": [
															{
																"test": "weather_at_position",
																"operator": "!=",
																"value": "thunderstorm"
															}
														]
													},
													"add": {
														"component_groups": [
															"despawn"
														]
													}
												}
											]
										},
										"key": "sequence",
										"children": [
											{
												"open": [
													{
														"filters": {
															"all_of": [
																{
																	"test": "weather_at_position",
																	"operator": "==",
																	"value": "thunderstorm"
																}
															]
														},
														"add": {
															"component_groups": [
																"despawn"
															]
														},
														"execute": {
															"commands": [
																"/summon sc:wretch ~ ~ ~ entity_naturally_spawned"
															]
														}
													},
													{
														"filters": {
															"all_of": [
																{
																	"test": "weather_at_position",
																	"operator": "!=",
																	"value": "thunderstorm"
																}
															]
														},
														"add": {
															"component_groups": [
																"despawn"
															]
														}
													}
												],
												"children": [
													{
														"open": {
															"filters": {
																"all_of": [
																	{
																		"test": "weather_at_position",
																		"operator": "==",
																		"value": "thunderstorm"
																	}
																]
															},
															"add": {
																"component_groups": [
																	"despawn"
																]
															},
															"execute": {
																"commands": [
																	"/summon sc:wretch ~ ~ ~ entity_naturally_spawned"
																]
															}
														},
														"key": "filters",
														"children": [
															{
																"open": {
																	"all_of": [
																		{
																			"test": "weather_at_position",
																			"operator": "==",
																			"value": "thunderstorm"
																		}
																	]
																},
																"key": "all_of",
																"is_minified": true,
																"children": [
																	{
																		"test": "weather_at_position",
																		"operator": "==",
																		"value": "thunderstorm"
																	}
																]
															}
														]
													},
													{
														"open": {
															"filters": {
																"all_of": [
																	{
																		"test": "weather_at_position",
																		"operator": "==",
																		"value": "thunderstorm"
																	}
																]
															},
															"add": {
																"component_groups": [
																	"despawn"
																]
															},
															"execute": {
																"commands": [
																	"/summon sc:wretch ~ ~ ~ entity_naturally_spawned"
																]
															}
														},
														"key": "add",
														"children": [
															{
																"open": {
																	"component_groups": [
																		"despawn"
																	]
																},
																"key": "component_groups",
																"is_minified": true,
																"children": [
																	"despawn"
																]
															}
														]
													},
													{
														"open": {
															"filters": {
																"all_of": [
																	{
																		"test": "weather_at_position",
																		"operator": "==",
																		"value": "thunderstorm"
																	}
																]
															},
															"add": {
																"component_groups": [
																	"despawn"
																]
															},
															"execute": {
																"commands": [
																	"/summon sc:wretch ~ ~ ~ entity_naturally_spawned"
																]
															}
														},
														"key": "execute",
														"children": [
															{
																"open": {
																	"commands": [
																		"/summon sc:wretch ~ ~ ~ entity_naturally_spawned"
																	]
																},
																"key": "commands",
																"is_minified": true,
																"children": [
																	"/summon sc:wretch ~ ~ ~ entity_naturally_spawned"
																]
															}
														]
													}
												]
											},
											{
												"children": [
													{
														"open": {
															"filters": {
																"all_of": [
																	{
																		"test": "weather_at_position",
																		"operator": "!=",
																		"value": "thunderstorm"
																	}
																]
															},
															"add": {
																"component_groups": [
																	"despawn"
																]
															}
														},
														"key": "filters",
														"is_minified": true,
														"children": {
															"all_of": [
																{
																	"test": "weather_at_position",
																	"operator": "!=",
																	"value": "thunderstorm"
																}
															]
														}
													},
													{
														"open": {
															"filters": {
																"all_of": [
																	{
																		"test": "weather_at_position",
																		"operator": "!=",
																		"value": "thunderstorm"
																	}
																]
															},
															"add": {
																"component_groups": [
																	"despawn"
																]
															}
														},
														"key": "add",
														"children": [
															{
																"open": {
																	"component_groups": [
																		"despawn"
																	]
																},
																"key": "component_groups",
																"is_minified": true,
																"children": [
																	"despawn"
																]
															}
														]
													}
												]
											}
										]
									}
								]
							}
						]
					}
				]
			}
		]
	}
}