{
	"file_path": "C:\\Users\\Freddy\\AppData\\Local\\Packages\\Microsoft.MinecraftUWP_8wekyb3d8bbwe\\LocalState\\games\\com.mojang\\development_behavior_packs\\Spry Conquest Overhaul\\entities\\wrought_paladin.json",
	"file_type": "entity",
	"format_version": 1,
	"file_uuid": "2b6812ce_0e28_49b4_8d52_370bbdd4490e",
	"file_version": 247,
	"cache_content": {
		"children": [
			{
				"data": "1.16.0",
				"key": "format_version"
			},
			{
				"open": {
					"format_version": "1.16.0",
					"minecraft:entity": {
						"description": {
							"identifier": "sc:wrought_paladin",
							"is_spawnable": true,
							"is_summonable": true,
							"is_experimental": false,
							"scripts": {
								"animate": [
									"bridge_execute_commands"
								]
							},
							"animations": {
								"bridge_execute_commands": "controller.animation.bridge_wrought_paladin.execute_commands"
							}
						},
						"component_groups": {
							"spawn": {
								"minecraft:environment_sensor": {
									"triggers": {
										"event": "delete_spawner",
										"filters": {
											"test": "in_nether",
											"operator": "!=",
											"value": true
										},
										"target": "self"
									}
								}
							},
							"bridge:execute_command_id_1": {
								"minecraft:skin_id": {
									"value": 1
								}
							},
							"bridge:execute_no_command": {
								"minecraft:skin_id": {
									"value": 0
								}
							},
							"despawn": {
								"minecraft:instant_despawn": {
									"remove_child_entities": true
								}
							}
						},
						"components": {
							"minecraft:attack": {
								"damage": 12
							},
							"minecraft:collision_box": {
								"width": 1,
								"height": 1.7
							},
							"minecraft:behavior.look_at_player": {
								"priority": 7,
								"look_distance": 6,
								"probability": 0.02
							},
							"minecraft:pushable": {
								"is_pushable": true,
								"is_pushable_by_piston": true
							},
							"minecraft:behavior.nearest_attackable_target": {
								"priority": 1,
								"must_see": true,
								"entity_types": [
									{
										"filters": {
											"any_of": [
												{
													"test": "is_family",
													"subject": "other",
													"value": "player"
												},
												{
													"test": "is_family",
													"subject": "other",
													"value": "snowgolem"
												},
												{
													"test": "is_family",
													"subject": "other",
													"value": "irongolem"
												},
												{
													"test": "is_family",
													"subject": "other",
													"value": "villager"
												}
											]
										},
										"max_dist": 32
									}
								]
							},
							"minecraft:experience_reward": {
								"on_death": "query.last_hit_by_player ? 5 : 0"
							},
							"minecraft:type_family": {
								"family": [
									"wrought_sentry",
									"mob",
									"monster"
								]
							},
							"minecraft:breathable": {
								"total_supply": 15,
								"suffocate_time": 0
							},
							"minecraft:health": {
								"value": 45,
								"max": 45
							},
							"minecraft:hurt_on_condition": {
								"damage_conditions": [
									{
										"filters": {
											"test": "in_lava",
											"subject": "self",
											"operator": "==",
											"value": true
										},
										"cause": "lava",
										"damage_per_tick": 4
									},
									{
										"cause": "fire",
										"damage_per_tick": 4
									}
								]
							},
							"minecraft:movement": {
								"value": 0.3
							},
							"minecraft:navigation.walk": {
								"can_path_over_water": true
							},
							"minecraft:movement.basic": {
								"max_turn": 15
							},
							"minecraft:jump.static": {},
							"minecraft:can_climb": {},
							"minecraft:behavior.float": {
								"priority": 1
							},
							"minecraft:behavior.hurt_by_target": {
								"priority": 1
							},
							"minecraft:physics": {},
							"minecraft:conditional_bandwidth_optimization": {},
							"minecraft:damage_sensor": {
								"triggers": [
									{
										"cause": "freezing",
										"deals_damage": false
									},
									{
										"cause": "magic",
										"deals_damage": false
									}
								]
							},
							"minecraft:fire_immune": true,
							"minecraft:loot": {
								"table": "loot_tables/entities/wrought_paladin.json"
							},
							"minecraft:behavior.delayed_attack": {
								"attack_duration": 1.4,
								"speed_multiplier": 1,
								"reach_multiplier": 2.5,
								"track_target": true,
								"require_complete_path": false,
								"priority": 3,
								"hit_delay_pct": 0.5
							}
						},
						"events": {
							"delete_spawner": {
								"remove": {
									"component_groups": [
										"spawn"
									]
								},
								"add": {
									"component_groups": [
										"bridge:execute_command_id_1"
									]
								}
							},
							"bridge:remove_command_id_1": {
								"add": {
									"component_groups": [
										"bridge:execute_no_command"
									]
								},
								"remove": {
									"component_groups": [
										"bridge:execute_command_id_1"
									]
								}
							},
							"despawn": {
								"add": {
									"component_groups": [
										"despawn"
									]
								}
							},
							"minecraft:entity_spawned": {
								"add": {
									"component_groups": [
										"spawn"
									]
								}
							}
						}
					}
				},
				"key": "minecraft:entity",
				"children": [
					{
						"open": {
							"description": {
								"identifier": "sc:wrought_paladin",
								"is_spawnable": true,
								"is_summonable": true,
								"is_experimental": false,
								"scripts": {
									"animate": [
										"bridge_execute_commands"
									]
								},
								"animations": {
									"bridge_execute_commands": "controller.animation.bridge_wrought_paladin.execute_commands"
								}
							},
							"component_groups": {
								"spawn": {
									"minecraft:environment_sensor": {
										"triggers": {
											"event": "delete_spawner",
											"filters": {
												"test": "in_nether",
												"operator": "!=",
												"value": true
											},
											"target": "self"
										}
									}
								},
								"bridge:execute_command_id_1": {
									"minecraft:skin_id": {
										"value": 1
									}
								},
								"bridge:execute_no_command": {
									"minecraft:skin_id": {
										"value": 0
									}
								},
								"despawn": {
									"minecraft:instant_despawn": {
										"remove_child_entities": true
									}
								}
							},
							"components": {
								"minecraft:attack": {
									"damage": 12
								},
								"minecraft:collision_box": {
									"width": 1,
									"height": 1.7
								},
								"minecraft:behavior.look_at_player": {
									"priority": 7,
									"look_distance": 6,
									"probability": 0.02
								},
								"minecraft:pushable": {
									"is_pushable": true,
									"is_pushable_by_piston": true
								},
								"minecraft:behavior.nearest_attackable_target": {
									"priority": 1,
									"must_see": true,
									"entity_types": [
										{
											"filters": {
												"any_of": [
													{
														"test": "is_family",
														"subject": "other",
														"value": "player"
													},
													{
														"test": "is_family",
														"subject": "other",
														"value": "snowgolem"
													},
													{
														"test": "is_family",
														"subject": "other",
														"value": "irongolem"
													},
													{
														"test": "is_family",
														"subject": "other",
														"value": "villager"
													}
												]
											},
											"max_dist": 32
										}
									]
								},
								"minecraft:experience_reward": {
									"on_death": "query.last_hit_by_player ? 5 : 0"
								},
								"minecraft:type_family": {
									"family": [
										"wrought_sentry",
										"mob",
										"monster"
									]
								},
								"minecraft:breathable": {
									"total_supply": 15,
									"suffocate_time": 0
								},
								"minecraft:health": {
									"value": 45,
									"max": 45
								},
								"minecraft:hurt_on_condition": {
									"damage_conditions": [
										{
											"filters": {
												"test": "in_lava",
												"subject": "self",
												"operator": "==",
												"value": true
											},
											"cause": "lava",
											"damage_per_tick": 4
										},
										{
											"cause": "fire",
											"damage_per_tick": 4
										}
									]
								},
								"minecraft:movement": {
									"value": 0.3
								},
								"minecraft:navigation.walk": {
									"can_path_over_water": true
								},
								"minecraft:movement.basic": {
									"max_turn": 15
								},
								"minecraft:jump.static": {},
								"minecraft:can_climb": {},
								"minecraft:behavior.float": {
									"priority": 1
								},
								"minecraft:behavior.hurt_by_target": {
									"priority": 1
								},
								"minecraft:physics": {},
								"minecraft:conditional_bandwidth_optimization": {},
								"minecraft:damage_sensor": {
									"triggers": [
										{
											"cause": "freezing",
											"deals_damage": false
										},
										{
											"cause": "magic",
											"deals_damage": false
										}
									]
								},
								"minecraft:fire_immune": true,
								"minecraft:loot": {
									"table": "loot_tables/entities/wrought_paladin.json"
								},
								"minecraft:behavior.delayed_attack": {
									"attack_duration": 1.4,
									"speed_multiplier": 1,
									"reach_multiplier": 2.5,
									"track_target": true,
									"require_complete_path": false,
									"priority": 3,
									"hit_delay_pct": 0.5
								}
							},
							"events": {
								"delete_spawner": {
									"remove": {
										"component_groups": [
											"spawn"
										]
									},
									"add": {
										"component_groups": [
											"bridge:execute_command_id_1"
										]
									}
								},
								"bridge:remove_command_id_1": {
									"add": {
										"component_groups": [
											"bridge:execute_no_command"
										]
									},
									"remove": {
										"component_groups": [
											"bridge:execute_command_id_1"
										]
									}
								},
								"despawn": {
									"add": {
										"component_groups": [
											"despawn"
										]
									}
								},
								"minecraft:entity_spawned": {
									"add": {
										"component_groups": [
											"spawn"
										]
									}
								}
							}
						},
						"key": "description",
						"children": [
							{
								"data": "sc:wrought_paladin",
								"key": "identifier"
							},
							{
								"data": "true",
								"key": "is_spawnable"
							},
							{
								"data": "true",
								"key": "is_summonable"
							},
							{
								"data": "false",
								"key": "is_experimental"
							},
							{
								"key": "scripts",
								"children": [
									{
										"open": {
											"animate": [
												"bridge_execute_commands"
											]
										},
										"key": "animate",
										"is_minified": true,
										"children": [
											"bridge_execute_commands"
										]
									}
								]
							},
							{
								"key": "animations",
								"is_minified": true,
								"children": {
									"bridge_execute_commands": "controller.animation.bridge_wrought_paladin.execute_commands"
								}
							}
						]
					},
					{
						"open": {
							"description": {
								"identifier": "sc:wrought_paladin",
								"is_spawnable": true,
								"is_summonable": true,
								"is_experimental": false,
								"scripts": {
									"animate": [
										"bridge_execute_commands"
									]
								},
								"animations": {
									"bridge_execute_commands": "controller.animation.bridge_wrought_paladin.execute_commands"
								}
							},
							"component_groups": {
								"spawn": {
									"minecraft:environment_sensor": {
										"triggers": {
											"event": "delete_spawner",
											"filters": {
												"test": "in_nether",
												"operator": "!=",
												"value": true
											},
											"target": "self"
										}
									}
								},
								"bridge:execute_command_id_1": {
									"minecraft:skin_id": {
										"value": 1
									}
								},
								"bridge:execute_no_command": {
									"minecraft:skin_id": {
										"value": 0
									}
								},
								"despawn": {
									"minecraft:instant_despawn": {
										"remove_child_entities": true
									}
								}
							},
							"components": {
								"minecraft:attack": {
									"damage": 12
								},
								"minecraft:collision_box": {
									"width": 1,
									"height": 1.7
								},
								"minecraft:behavior.look_at_player": {
									"priority": 7,
									"look_distance": 6,
									"probability": 0.02
								},
								"minecraft:pushable": {
									"is_pushable": true,
									"is_pushable_by_piston": true
								},
								"minecraft:behavior.nearest_attackable_target": {
									"priority": 1,
									"must_see": true,
									"entity_types": [
										{
											"filters": {
												"any_of": [
													{
														"test": "is_family",
														"subject": "other",
														"value": "player"
													},
													{
														"test": "is_family",
														"subject": "other",
														"value": "snowgolem"
													},
													{
														"test": "is_family",
														"subject": "other",
														"value": "irongolem"
													},
													{
														"test": "is_family",
														"subject": "other",
														"value": "villager"
													}
												]
											},
											"max_dist": 32
										}
									]
								},
								"minecraft:experience_reward": {
									"on_death": "query.last_hit_by_player ? 5 : 0"
								},
								"minecraft:type_family": {
									"family": [
										"wrought_sentry",
										"mob",
										"monster"
									]
								},
								"minecraft:breathable": {
									"total_supply": 15,
									"suffocate_time": 0
								},
								"minecraft:health": {
									"value": 45,
									"max": 45
								},
								"minecraft:hurt_on_condition": {
									"damage_conditions": [
										{
											"filters": {
												"test": "in_lava",
												"subject": "self",
												"operator": "==",
												"value": true
											},
											"cause": "lava",
											"damage_per_tick": 4
										},
										{
											"cause": "fire",
											"damage_per_tick": 4
										}
									]
								},
								"minecraft:movement": {
									"value": 0.3
								},
								"minecraft:navigation.walk": {
									"can_path_over_water": true
								},
								"minecraft:movement.basic": {
									"max_turn": 15
								},
								"minecraft:jump.static": {},
								"minecraft:can_climb": {},
								"minecraft:behavior.float": {
									"priority": 1
								},
								"minecraft:behavior.hurt_by_target": {
									"priority": 1
								},
								"minecraft:physics": {},
								"minecraft:conditional_bandwidth_optimization": {},
								"minecraft:damage_sensor": {
									"triggers": [
										{
											"cause": "freezing",
											"deals_damage": false
										},
										{
											"cause": "magic",
											"deals_damage": false
										}
									]
								},
								"minecraft:fire_immune": true,
								"minecraft:loot": {
									"table": "loot_tables/entities/wrought_paladin.json"
								},
								"minecraft:behavior.delayed_attack": {
									"attack_duration": 1.4,
									"speed_multiplier": 1,
									"reach_multiplier": 2.5,
									"track_target": true,
									"require_complete_path": false,
									"priority": 3,
									"hit_delay_pct": 0.5
								}
							},
							"events": {
								"delete_spawner": {
									"remove": {
										"component_groups": [
											"spawn"
										]
									},
									"add": {
										"component_groups": [
											"bridge:execute_command_id_1"
										]
									}
								},
								"bridge:remove_command_id_1": {
									"add": {
										"component_groups": [
											"bridge:execute_no_command"
										]
									},
									"remove": {
										"component_groups": [
											"bridge:execute_command_id_1"
										]
									}
								},
								"despawn": {
									"add": {
										"component_groups": [
											"despawn"
										]
									}
								},
								"minecraft:entity_spawned": {
									"add": {
										"component_groups": [
											"spawn"
										]
									}
								}
							}
						},
						"key": "component_groups",
						"children": [
							{
								"key": "spawn",
								"children": [
									{
										"open": {
											"minecraft:environment_sensor": {
												"triggers": {
													"event": "delete_spawner",
													"filters": {
														"test": "in_nether",
														"operator": "!=",
														"value": true
													},
													"target": "self"
												}
											}
										},
										"key": "minecraft:environment_sensor",
										"children": [
											{
												"open": {
													"triggers": {
														"event": "delete_spawner",
														"filters": {
															"test": "in_nether",
															"operator": "!=",
															"value": true
														},
														"target": "self"
													}
												},
												"key": "triggers",
												"children": [
													{
														"data": "delete_spawner",
														"key": "event"
													},
													{
														"open": {
															"event": "delete_spawner",
															"filters": {
																"test": "in_nether",
																"operator": "!=",
																"value": true
															},
															"target": "self"
														},
														"key": "filters",
														"is_minified": true,
														"children": {
															"test": "in_nether",
															"operator": "!=",
															"value": true
														}
													},
													{
														"data": "self",
														"key": "target"
													}
												]
											}
										]
									}
								]
							},
							{
								"key": "bridge:execute_command_id_1",
								"children": [
									{
										"open": {
											"minecraft:skin_id": {
												"value": 1
											}
										},
										"key": "minecraft:skin_id",
										"is_minified": true,
										"children": {
											"value": 1
										}
									}
								]
							},
							{
								"key": "bridge:execute_no_command",
								"children": [
									{
										"open": {
											"minecraft:skin_id": {
												"value": 0
											}
										},
										"key": "minecraft:skin_id",
										"is_minified": true,
										"children": {
											"value": 0
										}
									}
								]
							},
							{
								"open": {
									"spawn": {
										"minecraft:environment_sensor": {
											"triggers": {
												"event": "delete_spawner",
												"filters": {
													"test": "in_nether",
													"operator": "!=",
													"value": true
												},
												"target": "self"
											}
										}
									},
									"bridge:execute_command_id_1": {
										"minecraft:skin_id": {
											"value": 1
										}
									},
									"bridge:execute_no_command": {
										"minecraft:skin_id": {
											"value": 0
										}
									},
									"despawn": {
										"minecraft:instant_despawn": {
											"remove_child_entities": true
										}
									}
								},
								"key": "despawn",
								"children": [
									{
										"open": {
											"minecraft:instant_despawn": {
												"remove_child_entities": true
											}
										},
										"key": "minecraft:instant_despawn",
										"is_minified": true,
										"children": {
											"remove_child_entities": true
										}
									}
								]
							}
						]
					},
					{
						"open": {
							"description": {
								"identifier": "sc:wrought_paladin",
								"is_spawnable": true,
								"is_summonable": true,
								"is_experimental": false,
								"scripts": {
									"animate": [
										"bridge_execute_commands"
									]
								},
								"animations": {
									"bridge_execute_commands": "controller.animation.bridge_wrought_paladin.execute_commands"
								}
							},
							"component_groups": {
								"spawn": {
									"minecraft:environment_sensor": {
										"triggers": {
											"event": "delete_spawner",
											"filters": {
												"test": "in_nether",
												"operator": "!=",
												"value": true
											},
											"target": "self"
										}
									}
								},
								"bridge:execute_command_id_1": {
									"minecraft:skin_id": {
										"value": 1
									}
								},
								"bridge:execute_no_command": {
									"minecraft:skin_id": {
										"value": 0
									}
								},
								"despawn": {
									"minecraft:instant_despawn": {
										"remove_child_entities": true
									}
								}
							},
							"components": {
								"minecraft:attack": {
									"damage": 12
								},
								"minecraft:collision_box": {
									"width": 1,
									"height": 1.7
								},
								"minecraft:behavior.look_at_player": {
									"priority": 7,
									"look_distance": 6,
									"probability": 0.02
								},
								"minecraft:pushable": {
									"is_pushable": true,
									"is_pushable_by_piston": true
								},
								"minecraft:behavior.nearest_attackable_target": {
									"priority": 1,
									"must_see": true,
									"entity_types": [
										{
											"filters": {
												"any_of": [
													{
														"test": "is_family",
														"subject": "other",
														"value": "player"
													},
													{
														"test": "is_family",
														"subject": "other",
														"value": "snowgolem"
													},
													{
														"test": "is_family",
														"subject": "other",
														"value": "irongolem"
													},
													{
														"test": "is_family",
														"subject": "other",
														"value": "villager"
													}
												]
											},
											"max_dist": 32
										}
									]
								},
								"minecraft:experience_reward": {
									"on_death": "query.last_hit_by_player ? 5 : 0"
								},
								"minecraft:type_family": {
									"family": [
										"wrought_sentry",
										"mob",
										"monster"
									]
								},
								"minecraft:breathable": {
									"total_supply": 15,
									"suffocate_time": 0
								},
								"minecraft:health": {
									"value": 45,
									"max": 45
								},
								"minecraft:hurt_on_condition": {
									"damage_conditions": [
										{
											"filters": {
												"test": "in_lava",
												"subject": "self",
												"operator": "==",
												"value": true
											},
											"cause": "lava",
											"damage_per_tick": 4
										},
										{
											"cause": "fire",
											"damage_per_tick": 4
										}
									]
								},
								"minecraft:movement": {
									"value": 0.3
								},
								"minecraft:navigation.walk": {
									"can_path_over_water": true
								},
								"minecraft:movement.basic": {
									"max_turn": 15
								},
								"minecraft:jump.static": {},
								"minecraft:can_climb": {},
								"minecraft:behavior.float": {
									"priority": 1
								},
								"minecraft:behavior.hurt_by_target": {
									"priority": 1
								},
								"minecraft:physics": {},
								"minecraft:conditional_bandwidth_optimization": {},
								"minecraft:damage_sensor": {
									"triggers": [
										{
											"cause": "freezing",
											"deals_damage": false
										},
										{
											"cause": "magic",
											"deals_damage": false
										}
									]
								},
								"minecraft:fire_immune": true,
								"minecraft:loot": {
									"table": "loot_tables/entities/wrought_paladin.json"
								},
								"minecraft:behavior.delayed_attack": {
									"attack_duration": 1.4,
									"speed_multiplier": 1,
									"reach_multiplier": 2.5,
									"track_target": true,
									"require_complete_path": false,
									"priority": 3,
									"hit_delay_pct": 0.5
								}
							},
							"events": {
								"delete_spawner": {
									"remove": {
										"component_groups": [
											"spawn"
										]
									},
									"add": {
										"component_groups": [
											"bridge:execute_command_id_1"
										]
									}
								},
								"bridge:remove_command_id_1": {
									"add": {
										"component_groups": [
											"bridge:execute_no_command"
										]
									},
									"remove": {
										"component_groups": [
											"bridge:execute_command_id_1"
										]
									}
								},
								"despawn": {
									"add": {
										"component_groups": [
											"despawn"
										]
									}
								},
								"minecraft:entity_spawned": {
									"add": {
										"component_groups": [
											"spawn"
										]
									}
								}
							}
						},
						"key": "components",
						"children": [
							{
								"key": "minecraft:attack",
								"is_minified": true,
								"children": {
									"damage": 12
								}
							},
							{
								"key": "minecraft:collision_box",
								"is_minified": true,
								"children": {
									"width": 1,
									"height": 1.7
								}
							},
							{
								"key": "minecraft:behavior.look_at_player",
								"is_minified": true,
								"children": {
									"priority": 7,
									"look_distance": 6,
									"probability": 0.02
								}
							},
							{
								"key": "minecraft:pushable",
								"is_minified": true,
								"children": {
									"is_pushable": true,
									"is_pushable_by_piston": true
								}
							},
							{
								"key": "minecraft:behavior.nearest_attackable_target",
								"is_minified": true,
								"children": {
									"priority": 1,
									"must_see": true,
									"entity_types": [
										{
											"filters": {
												"any_of": [
													{
														"test": "is_family",
														"subject": "other",
														"value": "player"
													},
													{
														"test": "is_family",
														"subject": "other",
														"value": "snowgolem"
													},
													{
														"test": "is_family",
														"subject": "other",
														"value": "irongolem"
													},
													{
														"test": "is_family",
														"subject": "other",
														"value": "villager"
													}
												]
											},
											"max_dist": 32
										}
									]
								}
							},
							{
								"key": "minecraft:experience_reward",
								"is_minified": true,
								"children": {
									"on_death": "query.last_hit_by_player ? 5 : 0"
								}
							},
							{
								"key": "minecraft:type_family",
								"is_minified": true,
								"children": {
									"family": [
										"wrought_sentry",
										"mob",
										"monster"
									]
								}
							},
							{
								"key": "minecraft:breathable",
								"is_minified": true,
								"children": {
									"total_supply": 15,
									"suffocate_time": 0
								}
							},
							{
								"open": {
									"minecraft:attack": {
										"damage": 12
									},
									"minecraft:collision_box": {
										"width": 1,
										"height": 1.7
									},
									"minecraft:behavior.look_at_player": {
										"priority": 7,
										"look_distance": 6,
										"probability": 0.02
									},
									"minecraft:pushable": {
										"is_pushable": true,
										"is_pushable_by_piston": true
									},
									"minecraft:behavior.nearest_attackable_target": {
										"priority": 1,
										"must_see": true,
										"entity_types": [
											{
												"filters": {
													"any_of": [
														{
															"test": "is_family",
															"subject": "other",
															"value": "player"
														},
														{
															"test": "is_family",
															"subject": "other",
															"value": "snowgolem"
														},
														{
															"test": "is_family",
															"subject": "other",
															"value": "irongolem"
														},
														{
															"test": "is_family",
															"subject": "other",
															"value": "villager"
														}
													]
												},
												"max_dist": 32
											}
										]
									},
									"minecraft:experience_reward": {
										"on_death": "query.last_hit_by_player ? 5 : 0"
									},
									"minecraft:type_family": {
										"family": [
											"wrought_sentry",
											"mob",
											"monster"
										]
									},
									"minecraft:breathable": {
										"total_supply": 15,
										"suffocate_time": 0
									},
									"minecraft:health": {
										"value": 45,
										"max": 45
									},
									"minecraft:hurt_on_condition": {
										"damage_conditions": [
											{
												"filters": {
													"test": "in_lava",
													"subject": "self",
													"operator": "==",
													"value": true
												},
												"cause": "lava",
												"damage_per_tick": 4
											},
											{
												"cause": "fire",
												"damage_per_tick": 4
											}
										]
									},
									"minecraft:movement": {
										"value": 0.3
									},
									"minecraft:navigation.walk": {
										"can_path_over_water": true
									},
									"minecraft:movement.basic": {
										"max_turn": 15
									},
									"minecraft:jump.static": {},
									"minecraft:can_climb": {},
									"minecraft:behavior.float": {
										"priority": 1
									},
									"minecraft:behavior.hurt_by_target": {
										"priority": 1
									},
									"minecraft:physics": {},
									"minecraft:conditional_bandwidth_optimization": {},
									"minecraft:damage_sensor": {
										"triggers": [
											{
												"cause": "freezing",
												"deals_damage": false
											},
											{
												"cause": "magic",
												"deals_damage": false
											}
										]
									},
									"minecraft:fire_immune": true,
									"minecraft:loot": {
										"table": "loot_tables/entities/wrought_paladin.json"
									},
									"minecraft:behavior.delayed_attack": {
										"attack_duration": 1.4,
										"speed_multiplier": 1,
										"reach_multiplier": 2.5,
										"track_target": true,
										"require_complete_path": false,
										"priority": 3,
										"hit_delay_pct": 0.5
									}
								},
								"key": "minecraft:health",
								"is_minified": true,
								"children": {
									"value": 45,
									"max": 45
								}
							},
							{
								"key": "minecraft:hurt_on_condition",
								"is_minified": true,
								"children": {
									"damage_conditions": [
										{
											"filters": {
												"test": "in_lava",
												"subject": "self",
												"operator": "==",
												"value": true
											},
											"cause": "lava",
											"damage_per_tick": 4
										},
										{
											"cause": "fire",
											"damage_per_tick": 4
										}
									]
								}
							},
							{
								"key": "minecraft:movement",
								"is_minified": true,
								"children": {
									"value": 0.3
								}
							},
							{
								"key": "minecraft:navigation.walk",
								"is_minified": true,
								"children": {
									"can_path_over_water": true
								}
							},
							{
								"key": "minecraft:movement.basic",
								"is_minified": true,
								"children": {
									"max_turn": 15
								}
							},
							{
								"key": "minecraft:jump.static",
								"is_minified": true,
								"children": {}
							},
							{
								"key": "minecraft:can_climb",
								"is_minified": true,
								"children": {}
							},
							{
								"key": "minecraft:behavior.float",
								"is_minified": true,
								"children": {
									"priority": 1
								}
							},
							{
								"key": "minecraft:behavior.hurt_by_target",
								"is_minified": true,
								"children": {
									"priority": 1
								}
							},
							{
								"key": "minecraft:physics",
								"is_minified": true,
								"children": {}
							},
							{
								"key": "minecraft:conditional_bandwidth_optimization",
								"is_minified": true,
								"children": {}
							},
							{
								"key": "minecraft:damage_sensor",
								"is_minified": true,
								"children": {
									"triggers": [
										{
											"cause": "freezing",
											"deals_damage": false
										},
										{
											"cause": "magic",
											"deals_damage": false
										}
									]
								}
							},
							{
								"data": "true",
								"key": "minecraft:fire_immune"
							},
							{
								"key": "minecraft:loot",
								"is_minified": true,
								"children": {
									"table": "loot_tables/entities/wrought_paladin.json"
								}
							},
							{
								"open": {
									"minecraft:attack": {
										"damage": 12
									},
									"minecraft:collision_box": {
										"width": 1,
										"height": 1.7
									},
									"minecraft:behavior.look_at_player": {
										"priority": 7,
										"look_distance": 6,
										"probability": 0.02
									},
									"minecraft:pushable": {
										"is_pushable": true,
										"is_pushable_by_piston": true
									},
									"minecraft:behavior.nearest_attackable_target": {
										"priority": 1,
										"must_see": true,
										"entity_types": [
											{
												"filters": {
													"any_of": [
														{
															"test": "is_family",
															"subject": "other",
															"value": "player"
														},
														{
															"test": "is_family",
															"subject": "other",
															"value": "snowgolem"
														},
														{
															"test": "is_family",
															"subject": "other",
															"value": "irongolem"
														},
														{
															"test": "is_family",
															"subject": "other",
															"value": "villager"
														}
													]
												},
												"max_dist": 32
											}
										]
									},
									"minecraft:experience_reward": {
										"on_death": "query.last_hit_by_player ? 5 : 0"
									},
									"minecraft:type_family": {
										"family": [
											"wrought_sentry",
											"mob",
											"monster"
										]
									},
									"minecraft:breathable": {
										"total_supply": 15,
										"suffocate_time": 0
									},
									"minecraft:health": {
										"value": 45,
										"max": 45
									},
									"minecraft:hurt_on_condition": {
										"damage_conditions": [
											{
												"filters": {
													"test": "in_lava",
													"subject": "self",
													"operator": "==",
													"value": true
												},
												"cause": "lava",
												"damage_per_tick": 4
											},
											{
												"cause": "fire",
												"damage_per_tick": 4
											}
										]
									},
									"minecraft:movement": {
										"value": 0.3
									},
									"minecraft:navigation.walk": {
										"can_path_over_water": true
									},
									"minecraft:movement.basic": {
										"max_turn": 15
									},
									"minecraft:jump.static": {},
									"minecraft:can_climb": {},
									"minecraft:behavior.float": {
										"priority": 1
									},
									"minecraft:behavior.hurt_by_target": {
										"priority": 1
									},
									"minecraft:physics": {},
									"minecraft:conditional_bandwidth_optimization": {},
									"minecraft:damage_sensor": {
										"triggers": [
											{
												"cause": "freezing",
												"deals_damage": false
											},
											{
												"cause": "magic",
												"deals_damage": false
											}
										]
									},
									"minecraft:fire_immune": true,
									"minecraft:loot": {
										"table": "loot_tables/entities/wrought_paladin.json"
									},
									"minecraft:behavior.delayed_attack": {
										"attack_duration": 1.4,
										"speed_multiplier": 1,
										"reach_multiplier": 2.5,
										"track_target": true,
										"require_complete_path": false,
										"priority": 3,
										"hit_delay_pct": 0.5
									}
								},
								"key": "minecraft:behavior.delayed_attack",
								"is_minified": true,
								"children": {
									"attack_duration": 1.4,
									"speed_multiplier": 1,
									"reach_multiplier": 2.5,
									"track_target": true,
									"require_complete_path": false,
									"priority": 3,
									"hit_delay_pct": 0.5
								}
							}
						]
					},
					{
						"open": {
							"description": {
								"identifier": "sc:wrought_paladin",
								"is_spawnable": true,
								"is_summonable": true,
								"is_experimental": false,
								"scripts": {
									"animate": [
										"bridge_execute_commands"
									]
								},
								"animations": {
									"bridge_execute_commands": "controller.animation.bridge_wrought_paladin.execute_commands"
								}
							},
							"component_groups": {
								"spawn": {
									"minecraft:environment_sensor": {
										"triggers": {
											"event": "delete_spawner",
											"filters": {
												"test": "in_nether",
												"operator": "!=",
												"value": true
											},
											"target": "self"
										}
									}
								},
								"bridge:execute_command_id_1": {
									"minecraft:skin_id": {
										"value": 1
									}
								},
								"bridge:execute_no_command": {
									"minecraft:skin_id": {
										"value": 0
									}
								},
								"despawn": {
									"minecraft:instant_despawn": {
										"remove_child_entities": true
									}
								}
							},
							"components": {
								"minecraft:attack": {
									"damage": 12
								},
								"minecraft:collision_box": {
									"width": 1,
									"height": 1.7
								},
								"minecraft:behavior.look_at_player": {
									"priority": 7,
									"look_distance": 6,
									"probability": 0.02
								},
								"minecraft:pushable": {
									"is_pushable": true,
									"is_pushable_by_piston": true
								},
								"minecraft:behavior.nearest_attackable_target": {
									"priority": 1,
									"must_see": true,
									"entity_types": [
										{
											"filters": {
												"any_of": [
													{
														"test": "is_family",
														"subject": "other",
														"value": "player"
													},
													{
														"test": "is_family",
														"subject": "other",
														"value": "snowgolem"
													},
													{
														"test": "is_family",
														"subject": "other",
														"value": "irongolem"
													},
													{
														"test": "is_family",
														"subject": "other",
														"value": "villager"
													}
												]
											},
											"max_dist": 32
										}
									]
								},
								"minecraft:experience_reward": {
									"on_death": "query.last_hit_by_player ? 5 : 0"
								},
								"minecraft:type_family": {
									"family": [
										"wrought_sentry",
										"mob",
										"monster"
									]
								},
								"minecraft:breathable": {
									"total_supply": 15,
									"suffocate_time": 0
								},
								"minecraft:health": {
									"value": 45,
									"max": 45
								},
								"minecraft:hurt_on_condition": {
									"damage_conditions": [
										{
											"filters": {
												"test": "in_lava",
												"subject": "self",
												"operator": "==",
												"value": true
											},
											"cause": "lava",
											"damage_per_tick": 4
										},
										{
											"cause": "fire",
											"damage_per_tick": 4
										}
									]
								},
								"minecraft:movement": {
									"value": 0.3
								},
								"minecraft:navigation.walk": {
									"can_path_over_water": true
								},
								"minecraft:movement.basic": {
									"max_turn": 15
								},
								"minecraft:jump.static": {},
								"minecraft:can_climb": {},
								"minecraft:behavior.float": {
									"priority": 1
								},
								"minecraft:behavior.hurt_by_target": {
									"priority": 1
								},
								"minecraft:physics": {},
								"minecraft:conditional_bandwidth_optimization": {},
								"minecraft:damage_sensor": {
									"triggers": [
										{
											"cause": "freezing",
											"deals_damage": false
										},
										{
											"cause": "magic",
											"deals_damage": false
										}
									]
								},
								"minecraft:fire_immune": true,
								"minecraft:loot": {
									"table": "loot_tables/entities/wrought_paladin.json"
								},
								"minecraft:behavior.delayed_attack": {
									"attack_duration": 1.4,
									"speed_multiplier": 1,
									"reach_multiplier": 2.5,
									"track_target": true,
									"require_complete_path": false,
									"priority": 3,
									"hit_delay_pct": 0.5
								}
							},
							"events": {
								"delete_spawner": {
									"remove": {
										"component_groups": [
											"spawn"
										]
									},
									"add": {
										"component_groups": [
											"bridge:execute_command_id_1"
										]
									}
								},
								"bridge:remove_command_id_1": {
									"add": {
										"component_groups": [
											"bridge:execute_no_command"
										]
									},
									"remove": {
										"component_groups": [
											"bridge:execute_command_id_1"
										]
									}
								},
								"despawn": {
									"add": {
										"component_groups": [
											"despawn"
										]
									}
								},
								"minecraft:entity_spawned": {
									"add": {
										"component_groups": [
											"spawn"
										]
									}
								}
							}
						},
						"key": "events",
						"children": [
							{
								"open": {
									"delete_spawner": {
										"remove": {
											"component_groups": [
												"spawn"
											]
										},
										"add": {
											"component_groups": [
												"bridge:execute_command_id_1"
											]
										}
									},
									"bridge:remove_command_id_1": {
										"add": {
											"component_groups": [
												"bridge:execute_no_command"
											]
										},
										"remove": {
											"component_groups": [
												"bridge:execute_command_id_1"
											]
										}
									},
									"despawn": {
										"add": {
											"component_groups": [
												"despawn"
											]
										}
									},
									"minecraft:entity_spawned": {
										"add": {
											"component_groups": [
												"spawn"
											]
										}
									}
								},
								"key": "delete_spawner",
								"children": [
									{
										"key": "remove",
										"is_minified": true,
										"children": {
											"component_groups": [
												"spawn"
											]
										}
									},
									{
										"open": {
											"remove": {
												"component_groups": [
													"spawn"
												]
											},
											"add": {
												"component_groups": [
													"bridge:execute_command_id_1"
												]
											}
										},
										"key": "add",
										"children": [
											{
												"open": {
													"component_groups": [
														"bridge:execute_command_id_1"
													]
												},
												"key": "component_groups",
												"is_minified": true,
												"children": [
													"bridge:execute_command_id_1"
												]
											}
										]
									}
								]
							},
							{
								"key": "bridge:remove_command_id_1",
								"children": [
									{
										"open": {
											"add": {
												"component_groups": [
													"bridge:execute_no_command"
												]
											},
											"remove": {
												"component_groups": [
													"bridge:execute_command_id_1"
												]
											}
										},
										"key": "add",
										"children": [
											{
												"open": {
													"component_groups": [
														"bridge:execute_no_command"
													]
												},
												"key": "component_groups",
												"is_minified": true,
												"children": [
													"bridge:execute_no_command"
												]
											}
										]
									},
									{
										"open": {
											"add": {
												"component_groups": [
													"bridge:execute_no_command"
												]
											},
											"remove": {
												"component_groups": [
													"bridge:execute_command_id_1"
												]
											}
										},
										"key": "remove",
										"children": [
											{
												"open": {
													"component_groups": [
														"bridge:execute_command_id_1"
													]
												},
												"key": "component_groups",
												"is_minified": true,
												"children": [
													"bridge:execute_command_id_1"
												]
											}
										]
									}
								]
							},
							{
								"open": {
									"delete_spawner": {
										"remove": {
											"component_groups": [
												"spawn"
											]
										},
										"add": {
											"component_groups": [
												"bridge:execute_command_id_1"
											]
										}
									},
									"bridge:remove_command_id_1": {
										"add": {
											"component_groups": [
												"bridge:execute_no_command"
											]
										},
										"remove": {
											"component_groups": [
												"bridge:execute_command_id_1"
											]
										}
									},
									"despawn": {
										"add": {
											"component_groups": [
												"despawn"
											]
										}
									},
									"minecraft:entity_spawned": {
										"add": {
											"component_groups": [
												"spawn"
											]
										}
									}
								},
								"key": "despawn",
								"children": [
									{
										"open": {
											"add": {
												"component_groups": [
													"despawn"
												]
											}
										},
										"key": "add",
										"children": [
											{
												"open": {
													"component_groups": [
														"despawn"
													]
												},
												"key": "component_groups",
												"is_minified": true,
												"children": [
													"despawn"
												]
											}
										]
									}
								]
							},
							{
								"open": {
									"delete_spawner": {
										"remove": {
											"component_groups": [
												"spawn"
											]
										},
										"add": {
											"component_groups": [
												"bridge:execute_command_id_1"
											]
										}
									},
									"bridge:remove_command_id_1": {
										"add": {
											"component_groups": [
												"bridge:execute_no_command"
											]
										},
										"remove": {
											"component_groups": [
												"bridge:execute_command_id_1"
											]
										}
									},
									"despawn": {
										"add": {
											"component_groups": [
												"despawn"
											]
										}
									},
									"minecraft:entity_spawned": {
										"add": {
											"component_groups": [
												"spawn"
											]
										}
									}
								},
								"key": "minecraft:entity_spawned",
								"children": [
									{
										"open": {
											"add": {
												"component_groups": [
													"spawn"
												]
											}
										},
										"key": "add",
										"children": [
											{
												"open": {
													"component_groups": [
														"spawn"
													]
												},
												"key": "component_groups",
												"is_minified": true,
												"children": [
													"spawn"
												]
											}
										]
									}
								]
							}
						]
					}
				]
			}
		]
	}
}