{
  "format_version": "1.13.0",
  "minecraft:feature_rules": {
    "description": {
      "identifier": "river_mata_surface_seagrass_feature",
      "places_feature": "minecraft:seagrass_feature"
    },
    "conditions": {
      "placement_pass": "surface_pass",
      "minecraft:biome_filter": [
        {
          "test": "has_biome_tag",
          "operator": "==",
          "value": "river"
        }
      ]
    },
    "distribution": {
      "iterations": 60,
      "x": {
        "distribution": "uniform",
        "extent": [ 0, 16 ]
      },
      "y": 54,
      "z": {
        "distribution": "uniform",
        "extent": [ 0, 16 ]
      }
    }
  }
}
