{
  "format_version": "1.16.100",
  "minecraft:item": {
    "description": {
      "identifier": "frost:frozen_boots",
      "category": "Equipment"
    },
    "components": {
      "minecraft:icon": {
        "texture": "frost_frozen_boots"
      },
      "minecraft:creative_category": {
        "parent": "itemGroup.name.boots"
      },
      "minecraft:max_stack_size": 1,
      "minecraft:enchantable": {
        "value": 10,
        "slot": "armor_feet"
      },
      "minecraft:damageable": {
        "max_damage": 32,
        "damage_chance": {
          "min": 8.0,
          "max": 16.0
        },
        "repair_items": [
          "minecraft:emerald",
          "frost:frozen_boots"
        ]
      },
      "minecraft:knockback_resistance": {
        "protection": 0
      },
      "minecraft:mining_speed": 5,
      "minecraft:wearable": {
        "slot": "slot.armor.feet"
      },
      "minecraft:render_offsets": "boots",
      "minecraft:repairable": {
        "repair_items": [
          {
            "items": [
              "minecraft:emerald",
              "frost:frozen_boots"
            ],
            "repair_amount": 10
          }
        ]
      },
      "minecraft:armor": {
        "protection": 1
      },
      "minecraft:display_name": {}
    }
  }
}