{
  "format_version": "1.16.100",
  "minecraft:item": {
    "description": {
      "category": "equipment",
      "identifier": "frost:frozen_pickaxe"
    },
    "components": {
      "minecraft:icon": {
        "texture": "frost_frozen_pickaxe"
      },
      "minecraft:creative_category": {
        "parent": "itemGroup.name.pickaxe"
      },
      "minecraft:max_stack_size": 1,
      "minecraft:use_duration": 275,
      "minecraft:hand_equipped": true,
      "minecraft:allow_off_hand": true,
      "minecraft:foil": false,
      "minecraft:damageable": {
        "repair_items": [
          "frost:frozen_pickaxe",
          "minecraft:obsidian"
        ]
      },
      "minecraft:mining_speed": 1,
      "minecraft:damage": 4,
      "minecraft:enchantable": {
        "value": 15,
        "slot": "pickaxe"
      },
      "minecraft:can_destroy_in_creative": false,
      "minecraft:digger": {
        "use_efficiency": true,
        "destroy_speeds": [
          {
            "block": "frost:frozen_stonebrick_stairs",
            "speed": 8
          },
          {
            "block": "frost:frozen_stonebrick_slab",
            "speed": 8
          },
          {
            "block": "frost:frozen_stonebrick",
            "speed": 8
          },
          {
            "block": "frost:frozen_cobblestone_stairs",
            "speed": 8
          },
          {
            "block": "frost:frozen_cobblestone_slab",
            "speed": 8
          },
          {
            "block": "frost:frozen_stone_stairs",
            "speed": 8
          },
          {
            "block": "frost:frozen_stone_slab",
            "speed": 8
          },
          {
            "block": "frost:frozen_ore",
            "speed": 8
          },
          {
            "block": "frost:frozen_cobblestone",
            "speed": 8
          },
          {
            "block": "frost:frozen_stone",
            "speed": 8
          },
          {
            "block": "minecraft:andesite_stairs",
            "speed": 8
          },
          {
            "block": "minecraft:anvil",
            "speed": 8
          },
          {
            "block": "minecraft:basalt",
            "speed": 8
          },
          {
            "block": "minecraft:blackstone",
            "speed": 8
          },
          {
            "block": "minecraft:blackstone_slab",
            "speed": 8
          },
          {
            "block": "minecraft:blackstone_stairs",
            "speed": 8
          },
          {
            "block": "minecraft:blackstone_wall",
            "speed": 8
          },
          {
            "block": "minecraft:blast_furnace",
            "speed": 8
          },
          {
            "block": "minecraft:bone_block",
            "speed": 8
          },
          {
            "block": "minecraft:brewing_stand",
            "speed": 8
          },
          {
            "block": "minecraft:brick_block",
            "speed": 8
          },
          {
            "block": "minecraft:brick_stairs",
            "speed": 8
          },
          {
            "block": "minecraft:cauldron",
            "speed": 8
          },
          {
            "block": "minecraft:coal_block",
            "speed": 8
          },
          {
            "block": "minecraft:coal_ore",
            "speed": 8
          },
          {
            "block": "minecraft:cobblestone",
            "speed": 8
          },
          {
            "block": "minecraft:cobblestone_wall",
            "speed": 8
          },
          {
            "block": "minecraft:concrete",
            "speed": 8
          },
          {
            "block": "minecraft:cracked_nether_bricks",
            "speed": 8
          },
          {
            "block": "minecraft:cracked_polished_blackstone_bricks",
            "speed": 8
          },
          {
            "block": "minecraft:diamond_block",
            "speed": 8
          },
          {
            "block": "minecraft:diamond_ore",
            "speed": 8
          },
          {
            "block": "minecraft:diorite_stairs",
            "speed": 8
          },
          {
            "block": "minecraft:dispenser",
            "speed": 8
          },
          {
            "block": "minecraft:dropper",
            "speed": 8
          },
          {
            "block": "minecraft:emerald_block",
            "speed": 8
          },
          {
            "block": "minecraft:emerald_ore",
            "speed": 8
          },
          {
            "block": "minecraft:end_brick_stairs",
            "speed": 8
          },
          {
            "block": "minecraft:end_bricks",
            "speed": 8
          },
          {
            "block": "minecraft:end_stone",
            "speed": 8
          },
          {
            "block": "minecraft:furnace",
            "speed": 8
          },
          {
            "block": "minecraft:gilded_blackstone",
            "speed": 8
          },
          {
            "block": "minecraft:gold_block",
            "speed": 8
          },
          {
            "block": "minecraft:gold_ore",
            "speed": 8
          },
          {
            "block": "minecraft:hardened_clay",
            "speed": 8
          },
          {
            "block": "minecraft:iron_block",
            "speed": 8
          },
          {
            "block": "minecraft:iron_ore",
            "speed": 8
          },
          {
            "block": "minecraft:lapis_ore",
            "speed": 8
          },
          {
            "block": "minecraft:mob_spawner",
            "speed": 8
          },
          {
            "block": "minecraft:monster_egg",
            "speed": 8
          },
          {
            "block": "minecraft:mossy_cobblestone",
            "speed": 8
          },
          {
            "block": "minecraft:mossy_cobblestone_stairs",
            "speed": 8
          },
          {
            "block": "minecraft:mossy_stone_brick_stairs",
            "speed": 8
          },
          {
            "block": "minecraft:netherite_block",
            "speed": 8
          },
          {
            "block": "minecraft:normal_stone_stairs",
            "speed": 8
          },
          {
            "block": "minecraft:observer",
            "speed": 8
          },
          {
            "block": "minecraft:polished_andesite_stairs",
            "speed": 8
          },
          {
            "block": "minecraft:polished_basalt",
            "speed": 8
          },
          {
            "block": "minecraft:polished_blackstone",
            "speed": 8
          },
          {
            "block": "minecraft:polished_blackstone_brick_slab",
            "speed": 8
          },
          {
            "block": "minecraft:polished_blackstone_brick_stairs",
            "speed": 8
          },
          {
            "block": "minecraft:polished_blackstone_bricks",
            "speed": 8
          },
          {
            "block": "minecraft:polished_blackstone_slab",
            "speed": 8
          },
          {
            "block": "minecraft:polished_blackstone_stairs",
            "speed": 8
          },
          {
            "block": "minecraft:polished_diorite_stairs",
            "speed": 8
          },
          {
            "block": "minecraft:polished_granite_stairs",
            "speed": 8
          },
          {
            "block": "minecraft:quartz_block",
            "speed": 8
          },
          {
            "block": "minecraft:quartz_bricks",
            "speed": 8
          },
          {
            "block": "minecraft:quartz_ore",
            "speed": 8
          },
          {
            "block": "minecraft:quartz_stairs",
            "speed": 8
          },
          {
            "block": "minecraft:red_nether_brick",
            "speed": 8
          },
          {
            "block": "minecraft:red_nether_brick_stairs",
            "speed": 8
          },
          {
            "block": "minecraft:red_sandstone",
            "speed": 8
          },
          {
            "block": "minecraft:redstone_ore",
            "speed": 8
          },
          {
            "block": "minecraft:sandstone",
            "speed": 8
          },
          {
            "block": "minecraft:sandstone_stairs",
            "speed": 8
          },
          {
            "block": "minecraft:shulker_box",
            "speed": 8
          },
          {
            "block": "minecraft:smithing_table",
            "speed": 8
          },
          {
            "block": "minecraft:smoker",
            "speed": 8
          },
          {
            "block": "minecraft:stone",
            "speed": 8
          },
          {
            "block": "minecraft:stone_brick_stairs",
            "speed": 8
          },
          {
            "block": "minecraft:stone_slab",
            "speed": 8
          },
          {
            "block": "minecraft:stone_slab8",
            "speed": 8
          },
          {
            "block": "minecraft:stone_slab3",
            "speed": 8
          },
          {
            "block": "minecraft:stone_slab4",
            "speed": 8
          },
          {
            "block": "minecraft:stone_stairs",
            "speed": 8
          },
          {
            "block": "minecraft:stonebrick",
            "speed": 8
          },
          {
            "block": "minecraft:stonecutter_block",
            "speed": 8
          }
        ]
      },
      "minecraft:weapon": {},
      "minecraft:render_offsets": "tools",
      "tag:minecraft:is_pickaxe": {},
      "minecraft:display_name": {}
    }
  }
}