{
  "format_version": "1.16.100",
  "minecraft:item": {
    "description": {
      "category": "equipment",
      "identifier": "frost:frozen_shovel"
    },
    "components": {
      "minecraft:icon": {
        "texture": "frost_frozen_shovel"
      },
      "minecraft:creative_category": {
        "parent": "itemGroup.name.shovel"
      },
      "minecraft:max_stack_size": 1,
      "minecraft:use_duration": 275,
      "minecraft:hand_equipped": true,
      "minecraft:allow_off_hand": true,
      "minecraft:foil": false,
      "minecraft:damageable": {
        "repair_items": [
          "frost:frozen_shovel",
          "minecraft:obsidian"
        ]
      },
      "minecraft:mining_speed": 1,
      "minecraft:damage": 3,
      "minecraft:enchantable": {
        "value": 15,
        "slot": "shovel"
      },
      "minecraft:can_destroy_in_creative": false,
      "minecraft:digger": {
        "use_efficiency": true,
        "destroy_speeds": [
          {
            "block": "frost:iced_snow",
            "speed": 8
          },
          {
            "block": "minecraft:dirt",
            "speed": 8
          },
          {
            "block": "minecraft:grass",
            "speed": 8
          },
          {
            "block": "minecraft:grass_path",
            "speed": 8
          },
          {
            "block": "minecraft:gravel",
            "speed": 8
          },
          {
            "block": "minecraft:mycelium",
            "speed": 8
          },
          {
            "block": "minecraft:podzol",
            "speed": 8
          },
          {
            "block": "minecraft:sand",
            "speed": 8
          },
          {
            "block": "minecraft:soul_sand",
            "speed": 8
          },
          {
            "block": "minecraft:soul_soil",
            "speed": 8
          }
        ]
      },
      "minecraft:weapon": {},
      "minecraft:render_offsets": "tools",
      "tag:minecraft:is_shovel": {},
      "minecraft:display_name": {}
    }
  }
}