{
	"file_path": "C:\\Users\\User\\AppData\\Local\\Packages\\Microsoft.MinecraftUWP_8wekyb3d8bbwe\\LocalState\\games\\com.mojang\\development_behavior_packs\\Terracotta Expansion BP\\blocks\\leaves_maple_yellow.json",
	"file_type": "block",
	"format_version": 1,
	"file_uuid": "3a86e4a2_08e6_49b2_a005_957ee339b5f4",
	"file_version": 64,
	"cache_content": {
		"children": [
			{
				"open": {
					"format_version": "1.16.100",
					"minecraft:block": {
						"description": {
							"identifier": "ilosemypotato:leaves_maple_yellow"
						},
						"components": {
							"minecraft:block_light_absorption": 12.5,
							"minecraft:destroy_time": 0.2,
							"minecraft:entity_collision": {
								"origin": [
									-8,
									0,
									-8
								],
								"size": [
									16,
									16,
									16
								]
							},
							"minecraft:pick_collision": {
								"origin": [
									-8,
									0,
									-8
								],
								"size": [
									16,
									16,
									16
								]
							},
							"minecraft:unit_cube": {},
							"minecraft:material_instances": {
								"*": {
									"render_method": "blend",
									"texture": "leaves_maple_yellow",
									"ambient_occlusion": true,
									"face_dimming": true
								}
							},
							"minecraft:flammable": {
								"burn_odds": 30,
								"flame_odds": 60
							},
							"minecraft:random_ticking": {
								"on_tick": {
									"event": "ilosemypotato:set_particle",
									"target": "self"
								}
							},
							"minecraft:on_player_destroyed": {
								"event": "ilosemypotato:on_break_with_shear",
								"target": "self",
								"condition": "query.get_equipped_item_name('main_hand') == 'shears'"
							},
							"minecraft:explosion_resistance": 0.2,
							"minecraft:loot": "loot_tables/yellow_maple_leaves_block_loot_chance.json"
						},
						"events": {
							"ilosemypotato:stage_one": {
								"set_block": {
									"block_type": "ilosemypotato:leaves_maple_orange"
								},
								"trigger": {
									"event": {},
									"condition": {}
								}
							},
							"ilosemypotato:set_particle": {
								"randomize": [
									{
										"weight": 1,
										"run_command": {
											"command": [
												"particle ilosemypotato:yellow_maple_falling_leaf ~~~"
											]
										}
									},
									{
										"weight": 2
									}
								]
							},
							"ilosemypotato:on_break_with_shear": {
								"spawn_loot": {
									"table": "loot_tables/yellow_maple_leaves_item_loot.json"
								}
							}
						}
					}
				},
				"data": "1.16.100",
				"key": "format_version"
			},
			{
				"open": {
					"format_version": "1.16.100",
					"minecraft:block": {
						"description": {
							"identifier": "ilosemypotato:leaves_maple_yellow"
						},
						"components": {
							"minecraft:block_light_absorption": 12.5,
							"minecraft:destroy_time": 0.2,
							"minecraft:entity_collision": {
								"origin": [
									-8,
									0,
									-8
								],
								"size": [
									16,
									16,
									16
								]
							},
							"minecraft:pick_collision": {
								"origin": [
									-8,
									0,
									-8
								],
								"size": [
									16,
									16,
									16
								]
							},
							"minecraft:unit_cube": {},
							"minecraft:material_instances": {
								"*": {
									"render_method": "blend",
									"texture": "leaves_maple_yellow",
									"ambient_occlusion": true,
									"face_dimming": true
								}
							},
							"minecraft:flammable": {
								"burn_odds": 30,
								"flame_odds": 60
							},
							"minecraft:random_ticking": {
								"on_tick": {
									"event": "ilosemypotato:set_particle",
									"target": "self"
								}
							},
							"minecraft:on_player_destroyed": {
								"event": "ilosemypotato:on_break_with_shear",
								"target": "self",
								"condition": "query.get_equipped_item_name('main_hand') == 'shears'"
							},
							"minecraft:explosion_resistance": 0.2,
							"minecraft:loot": "loot_tables/yellow_maple_leaves_block_loot_chance.json"
						},
						"events": {
							"ilosemypotato:stage_one": {
								"set_block": {
									"block_type": "ilosemypotato:leaves_maple_orange"
								},
								"trigger": {
									"event": {},
									"condition": {}
								}
							},
							"ilosemypotato:set_particle": {
								"randomize": [
									{
										"weight": 1,
										"run_command": {
											"command": [
												"particle ilosemypotato:yellow_maple_falling_leaf ~~~"
											]
										}
									},
									{
										"weight": 2
									}
								]
							},
							"ilosemypotato:on_break_with_shear": {
								"spawn_loot": {
									"table": "loot_tables/yellow_maple_leaves_item_loot.json"
								}
							}
						}
					}
				},
				"key": "minecraft:block",
				"children": [
					{
						"open": {
							"description": {
								"identifier": "ilosemypotato:leaves_maple_yellow"
							},
							"components": {
								"minecraft:block_light_absorption": 12.5,
								"minecraft:destroy_time": 0.2,
								"minecraft:entity_collision": {
									"origin": [
										-8,
										0,
										-8
									],
									"size": [
										16,
										16,
										16
									]
								},
								"minecraft:pick_collision": {
									"origin": [
										-8,
										0,
										-8
									],
									"size": [
										16,
										16,
										16
									]
								},
								"minecraft:unit_cube": {},
								"minecraft:material_instances": {
									"*": {
										"render_method": "blend",
										"texture": "leaves_maple_yellow",
										"ambient_occlusion": true,
										"face_dimming": true
									}
								},
								"minecraft:flammable": {
									"burn_odds": 30,
									"flame_odds": 60
								},
								"minecraft:random_ticking": {
									"on_tick": {
										"event": "ilosemypotato:set_particle",
										"target": "self"
									}
								},
								"minecraft:on_player_destroyed": {
									"event": "ilosemypotato:on_break_with_shear",
									"target": "self",
									"condition": "query.get_equipped_item_name('main_hand') == 'shears'"
								},
								"minecraft:explosion_resistance": 0.2,
								"minecraft:loot": "loot_tables/yellow_maple_leaves_block_loot_chance.json"
							},
							"events": {
								"ilosemypotato:stage_one": {
									"set_block": {
										"block_type": "ilosemypotato:leaves_maple_orange"
									},
									"trigger": {
										"event": {},
										"condition": {}
									}
								},
								"ilosemypotato:set_particle": {
									"randomize": [
										{
											"weight": 1,
											"run_command": {
												"command": [
													"particle ilosemypotato:yellow_maple_falling_leaf ~~~"
												]
											}
										},
										{
											"weight": 2
										}
									]
								},
								"ilosemypotato:on_break_with_shear": {
									"spawn_loot": {
										"table": "loot_tables/yellow_maple_leaves_item_loot.json"
									}
								}
							}
						},
						"key": "description",
						"is_minified": true,
						"children": {
							"identifier": "ilosemypotato:leaves_maple_yellow"
						}
					},
					{
						"open": {
							"description": {
								"identifier": "ilosemypotato:leaves_maple_yellow"
							},
							"components": {
								"minecraft:block_light_absorption": 12.5,
								"minecraft:destroy_time": 0.2,
								"minecraft:entity_collision": {
									"origin": [
										-8,
										0,
										-8
									],
									"size": [
										16,
										16,
										16
									]
								},
								"minecraft:pick_collision": {
									"origin": [
										-8,
										0,
										-8
									],
									"size": [
										16,
										16,
										16
									]
								},
								"minecraft:unit_cube": {},
								"minecraft:material_instances": {
									"*": {
										"render_method": "blend",
										"texture": "leaves_maple_yellow",
										"ambient_occlusion": true,
										"face_dimming": true
									}
								},
								"minecraft:flammable": {
									"burn_odds": 30,
									"flame_odds": 60
								},
								"minecraft:random_ticking": {
									"on_tick": {
										"event": "ilosemypotato:set_particle",
										"target": "self"
									}
								},
								"minecraft:on_player_destroyed": {
									"event": "ilosemypotato:on_break_with_shear",
									"target": "self",
									"condition": "query.get_equipped_item_name('main_hand') == 'shears'"
								},
								"minecraft:explosion_resistance": 0.2,
								"minecraft:loot": "loot_tables/yellow_maple_leaves_block_loot_chance.json"
							},
							"events": {
								"ilosemypotato:stage_one": {
									"set_block": {
										"block_type": "ilosemypotato:leaves_maple_orange"
									},
									"trigger": {
										"event": {},
										"condition": {}
									}
								},
								"ilosemypotato:set_particle": {
									"randomize": [
										{
											"weight": 1,
											"run_command": {
												"command": [
													"particle ilosemypotato:yellow_maple_falling_leaf ~~~"
												]
											}
										},
										{
											"weight": 2
										}
									]
								},
								"ilosemypotato:on_break_with_shear": {
									"spawn_loot": {
										"table": "loot_tables/yellow_maple_leaves_item_loot.json"
									}
								}
							}
						},
						"key": "components",
						"children": [
							{
								"open": {
									"minecraft:block_light_absorption": 12.5,
									"minecraft:destroy_time": 0.2,
									"minecraft:entity_collision": {
										"origin": [
											-8,
											0,
											-8
										],
										"size": [
											16,
											16,
											16
										]
									},
									"minecraft:pick_collision": {
										"origin": [
											-8,
											0,
											-8
										],
										"size": [
											16,
											16,
											16
										]
									},
									"minecraft:unit_cube": {},
									"minecraft:material_instances": {
										"*": {
											"render_method": "blend",
											"texture": "leaves_maple_yellow",
											"ambient_occlusion": true,
											"face_dimming": true
										}
									},
									"minecraft:flammable": {
										"burn_odds": 30,
										"flame_odds": 60
									},
									"minecraft:random_ticking": {
										"on_tick": {
											"event": "ilosemypotato:set_particle",
											"target": "self"
										}
									},
									"minecraft:on_player_destroyed": {
										"event": "ilosemypotato:on_break_with_shear",
										"target": "self",
										"condition": "query.get_equipped_item_name('main_hand') == 'shears'"
									},
									"minecraft:explosion_resistance": 0.2,
									"minecraft:loot": "loot_tables/yellow_maple_leaves_block_loot_chance.json"
								},
								"data": "12.5",
								"key": "minecraft:block_light_absorption"
							},
							{
								"data": "0.2",
								"key": "minecraft:destroy_time"
							},
							{
								"key": "minecraft:entity_collision",
								"children": [
									{
										"key": "origin",
										"is_minified": true,
										"children": [
											-8,
											0,
											-8
										]
									},
									{
										"open": {
											"origin": [
												-8,
												0,
												-8
											],
											"size": [
												16,
												16,
												16
											]
										},
										"key": "size",
										"is_minified": true,
										"children": [
											16,
											16,
											16
										]
									}
								]
							},
							{
								"key": "minecraft:pick_collision",
								"is_minified": true,
								"children": {
									"origin": [
										-8,
										0,
										-8
									],
									"size": [
										16,
										16,
										16
									]
								}
							},
							{
								"key": "minecraft:unit_cube",
								"is_minified": true,
								"children": {}
							},
							{
								"open": {
									"minecraft:block_light_absorption": 12.5,
									"minecraft:destroy_time": 0.2,
									"minecraft:entity_collision": {
										"origin": [
											-8,
											0,
											-8
										],
										"size": [
											16,
											16,
											16
										]
									},
									"minecraft:pick_collision": {
										"origin": [
											-8,
											0,
											-8
										],
										"size": [
											16,
											16,
											16
										]
									},
									"minecraft:unit_cube": {},
									"minecraft:material_instances": {
										"*": {
											"render_method": "blend",
											"texture": "leaves_maple_yellow",
											"ambient_occlusion": true,
											"face_dimming": true
										}
									},
									"minecraft:flammable": {
										"burn_odds": 30,
										"flame_odds": 60
									},
									"minecraft:random_ticking": {
										"on_tick": {
											"event": "ilosemypotato:set_particle",
											"target": "self"
										}
									},
									"minecraft:on_player_destroyed": {
										"event": "ilosemypotato:on_break_with_shear",
										"target": "self",
										"condition": "query.get_equipped_item_name('main_hand') == 'shears'"
									},
									"minecraft:explosion_resistance": 0.2,
									"minecraft:loot": "loot_tables/yellow_maple_leaves_block_loot_chance.json"
								},
								"key": "minecraft:material_instances",
								"children": [
									{
										"open": {
											"*": {
												"render_method": "blend",
												"texture": "leaves_maple_yellow",
												"ambient_occlusion": true,
												"face_dimming": true
											}
										},
										"key": "*",
										"is_minified": true,
										"children": {
											"render_method": "blend",
											"texture": "leaves_maple_yellow",
											"ambient_occlusion": true,
											"face_dimming": true
										}
									}
								]
							},
							{
								"key": "minecraft:flammable",
								"is_minified": true,
								"children": {
									"burn_odds": 30,
									"flame_odds": 60
								}
							},
							{
								"key": "minecraft:random_ticking",
								"is_minified": true,
								"children": {
									"on_tick": {
										"event": "ilosemypotato:set_particle",
										"target": "self"
									}
								}
							},
							{
								"key": "minecraft:on_player_destroyed",
								"is_minified": true,
								"children": {
									"event": "ilosemypotato:on_break_with_shear",
									"target": "self",
									"condition": "query.get_equipped_item_name('main_hand') == 'shears'"
								}
							},
							{
								"open": {
									"minecraft:block_light_absorption": 12.5,
									"minecraft:destroy_time": 0.2,
									"minecraft:entity_collision": {
										"origin": [
											-8,
											0,
											-8
										],
										"size": [
											16,
											16,
											16
										]
									},
									"minecraft:pick_collision": {
										"origin": [
											-8,
											0,
											-8
										],
										"size": [
											16,
											16,
											16
										]
									},
									"minecraft:unit_cube": {},
									"minecraft:material_instances": {
										"*": {
											"render_method": "blend",
											"texture": "leaves_maple_yellow",
											"ambient_occlusion": true,
											"face_dimming": true
										}
									},
									"minecraft:flammable": {
										"burn_odds": 30,
										"flame_odds": 60
									},
									"minecraft:random_ticking": {
										"on_tick": {
											"event": "ilosemypotato:set_particle",
											"target": "self"
										}
									},
									"minecraft:on_player_destroyed": {
										"event": "ilosemypotato:on_break_with_shear",
										"target": "self",
										"condition": "query.get_equipped_item_name('main_hand') == 'shears'"
									},
									"minecraft:explosion_resistance": 0.2,
									"minecraft:loot": "loot_tables/yellow_maple_leaves_block_loot_chance.json"
								},
								"data": "0.2",
								"key": "minecraft:explosion_resistance"
							},
							{
								"open": {
									"minecraft:block_light_absorption": 12.5,
									"minecraft:destroy_time": 0.2,
									"minecraft:entity_collision": {
										"origin": [
											-8,
											0,
											-8
										],
										"size": [
											16,
											16,
											16
										]
									},
									"minecraft:pick_collision": {
										"origin": [
											-8,
											0,
											-8
										],
										"size": [
											16,
											16,
											16
										]
									},
									"minecraft:unit_cube": {},
									"minecraft:material_instances": {
										"*": {
											"render_method": "blend",
											"texture": "leaves_maple_yellow",
											"ambient_occlusion": true,
											"face_dimming": true
										}
									},
									"minecraft:flammable": {
										"burn_odds": 30,
										"flame_odds": 60
									},
									"minecraft:random_ticking": {
										"on_tick": {
											"event": "ilosemypotato:set_particle",
											"target": "self"
										}
									},
									"minecraft:on_player_destroyed": {
										"event": "ilosemypotato:on_break_with_shear",
										"target": "self",
										"condition": "query.get_equipped_item_name('main_hand') == 'shears'"
									},
									"minecraft:explosion_resistance": 0.2,
									"minecraft:loot": "loot_tables/yellow_maple_leaves_block_loot_chance.json"
								},
								"data": "loot_tables/yellow_maple_leaves_block_loot_chance.json",
								"key": "minecraft:loot"
							}
						]
					},
					{
						"open": {
							"description": {
								"identifier": "ilosemypotato:leaves_maple_yellow"
							},
							"components": {
								"minecraft:block_light_absorption": 12.5,
								"minecraft:destroy_time": 0.2,
								"minecraft:entity_collision": {
									"origin": [
										-8,
										0,
										-8
									],
									"size": [
										16,
										16,
										16
									]
								},
								"minecraft:pick_collision": {
									"origin": [
										-8,
										0,
										-8
									],
									"size": [
										16,
										16,
										16
									]
								},
								"minecraft:unit_cube": {},
								"minecraft:material_instances": {
									"*": {
										"render_method": "blend",
										"texture": "leaves_maple_yellow",
										"ambient_occlusion": true,
										"face_dimming": true
									}
								},
								"minecraft:flammable": {
									"burn_odds": 30,
									"flame_odds": 60
								},
								"minecraft:random_ticking": {
									"on_tick": {
										"event": "ilosemypotato:set_particle",
										"target": "self"
									}
								},
								"minecraft:on_player_destroyed": {
									"event": "ilosemypotato:on_break_with_shear",
									"target": "self",
									"condition": "query.get_equipped_item_name('main_hand') == 'shears'"
								},
								"minecraft:explosion_resistance": 0.2,
								"minecraft:loot": "loot_tables/yellow_maple_leaves_block_loot_chance.json"
							},
							"events": {
								"ilosemypotato:stage_one": {
									"set_block": {
										"block_type": "ilosemypotato:leaves_maple_orange"
									},
									"trigger": {
										"event": {},
										"condition": {}
									}
								},
								"ilosemypotato:set_particle": {
									"randomize": [
										{
											"weight": 1,
											"run_command": {
												"command": [
													"particle ilosemypotato:yellow_maple_falling_leaf ~~~"
												]
											}
										},
										{
											"weight": 2
										}
									]
								},
								"ilosemypotato:on_break_with_shear": {
									"spawn_loot": {
										"table": "loot_tables/yellow_maple_leaves_item_loot.json"
									}
								}
							}
						},
						"key": "events",
						"children": [
							{
								"key": "ilosemypotato:stage_one",
								"children": [
									{
										"open": {
											"set_block": {
												"block_type": "ilosemypotato:leaves_maple_orange"
											},
											"trigger": {
												"event": {},
												"condition": {}
											}
										},
										"key": "set_block",
										"is_minified": true,
										"children": {
											"block_type": "ilosemypotato:leaves_maple_orange"
										}
									},
									{
										"open": {
											"set_block": {
												"block_type": "ilosemypotato:leaves_maple_orange"
											},
											"trigger": {
												"event": {},
												"condition": {}
											}
										},
										"key": "trigger",
										"is_minified": true,
										"children": {
											"event": {},
											"condition": {}
										}
									}
								]
							},
							{
								"key": "ilosemypotato:set_particle",
								"children": [
									{
										"open": {
											"randomize": [
												{
													"weight": 1,
													"run_command": {
														"command": [
															"particle ilosemypotato:yellow_maple_falling_leaf ~~~"
														]
													}
												},
												{
													"weight": 2
												}
											]
										},
										"key": "randomize",
										"children": [
											{
												"open": [
													{
														"weight": 1,
														"run_command": {
															"command": [
																"particle ilosemypotato:yellow_maple_falling_leaf ~~~"
															]
														}
													},
													{
														"weight": 2
													}
												],
												"children": [
													{
														"open": {
															"weight": 1,
															"run_command": {
																"command": [
																	"particle ilosemypotato:yellow_maple_falling_leaf ~~~"
																]
															}
														},
														"data": "1",
														"key": "weight"
													},
													{
														"open": {
															"weight": 1,
															"run_command": {
																"command": [
																	"particle ilosemypotato:yellow_maple_falling_leaf ~~~"
																]
															}
														},
														"key": "run_command",
														"children": [
															{
																"open": {
																	"command": [
																		"particle ilosemypotato:yellow_maple_falling_leaf ~~~"
																	]
																},
																"key": "command",
																"is_minified": true,
																"children": [
																	"particle ilosemypotato:yellow_maple_falling_leaf ~~~"
																]
															}
														]
													}
												]
											},
											{
												"open": [
													{
														"weight": 1,
														"run_command": {
															"command": [
																"particle ilosemypotato:yellow_maple_falling_leaf ~~~"
															]
														}
													},
													{
														"weight": 2
													}
												],
												"is_minified": true,
												"children": {
													"weight": 2
												}
											}
										]
									}
								]
							},
							{
								"open": {
									"ilosemypotato:stage_one": {
										"set_block": {
											"block_type": "ilosemypotato:leaves_maple_orange"
										},
										"trigger": {
											"event": {},
											"condition": {}
										}
									},
									"ilosemypotato:set_particle": {
										"randomize": [
											{
												"weight": 1,
												"run_command": {
													"command": [
														"particle ilosemypotato:yellow_maple_falling_leaf ~~~"
													]
												}
											},
											{
												"weight": 2
											}
										]
									},
									"ilosemypotato:on_break_with_shear": {
										"spawn_loot": {
											"table": "loot_tables/yellow_maple_leaves_item_loot.json"
										}
									}
								},
								"key": "ilosemypotato:on_break_with_shear",
								"children": [
									{
										"open": {
											"spawn_loot": {
												"table": "loot_tables/yellow_maple_leaves_item_loot.json"
											}
										},
										"key": "spawn_loot",
										"is_minified": true,
										"children": {
											"table": "loot_tables/yellow_maple_leaves_item_loot.json"
										}
									}
								]
							}
						]
					}
				]
			}
		]
	}
}