{
	"file_path": "C:\\Users\\User\\AppData\\Local\\Packages\\Microsoft.MinecraftUWP_8wekyb3d8bbwe\\LocalState\\games\\com.mojang\\development_behavior_packs\\Project Terracotta\\blocks\\planks_maple.json",
	"file_type": "block",
	"format_version": 1,
	"file_uuid": "1f9173cb_8186_4647_9930_c24c460ad3b6",
	"file_version": 104,
	"cache_content": {
		"children": [
			{
				"open": {
					"format_version": "1.16.100",
					"minecraft:block": {
						"description": {
							"identifier": "ilosemypotato:planks_maple"
						},
						"components": {
							"minecraft:destroy_time": 2,
							"minecraft:explosion_resistance": 3,
							"minecraft:entity_collision": {
								"origin": [
									-8,
									0,
									-8
								],
								"size": [
									16,
									16,
									16
								]
							},
							"minecraft:pick_collision": {
								"origin": [
									-8,
									0,
									-8
								],
								"size": [
									16,
									16,
									16
								]
							},
							"minecraft:unit_cube": {},
							"minecraft:flammable": {
								"burn_odds": 5,
								"flame_odds": 20
							},
							"minecraft:loot": "loot_tables/planks_maple_item_loot.json",
							"tag:wood": {}
						}
					}
				},
				"data": "1.16.100",
				"key": "format_version"
			},
			{
				"open": {
					"format_version": "1.16.100",
					"minecraft:block": {
						"description": {
							"identifier": "ilosemypotato:planks_maple"
						},
						"components": {
							"minecraft:destroy_time": 2,
							"minecraft:explosion_resistance": 3,
							"minecraft:entity_collision": {
								"origin": [
									-8,
									0,
									-8
								],
								"size": [
									16,
									16,
									16
								]
							},
							"minecraft:pick_collision": {
								"origin": [
									-8,
									0,
									-8
								],
								"size": [
									16,
									16,
									16
								]
							},
							"minecraft:unit_cube": {},
							"minecraft:flammable": {
								"burn_odds": 5,
								"flame_odds": 20
							},
							"minecraft:loot": "loot_tables/planks_maple_item_loot.json",
							"tag:wood": {}
						}
					}
				},
				"key": "minecraft:block",
				"children": [
					{
						"open": {
							"description": {
								"identifier": "ilosemypotato:planks_maple"
							},
							"components": {
								"minecraft:destroy_time": 2,
								"minecraft:explosion_resistance": 3,
								"minecraft:entity_collision": {
									"origin": [
										-8,
										0,
										-8
									],
									"size": [
										16,
										16,
										16
									]
								},
								"minecraft:pick_collision": {
									"origin": [
										-8,
										0,
										-8
									],
									"size": [
										16,
										16,
										16
									]
								},
								"minecraft:unit_cube": {},
								"minecraft:flammable": {
									"burn_odds": 5,
									"flame_odds": 20
								},
								"minecraft:loot": "loot_tables/planks_maple_item_loot.json",
								"tag:wood": {}
							}
						},
						"key": "description",
						"is_minified": true,
						"children": {
							"identifier": "ilosemypotato:planks_maple"
						}
					},
					{
						"open": {
							"description": {
								"identifier": "ilosemypotato:planks_maple"
							},
							"components": {
								"minecraft:destroy_time": 2,
								"minecraft:explosion_resistance": 3,
								"minecraft:entity_collision": {
									"origin": [
										-8,
										0,
										-8
									],
									"size": [
										16,
										16,
										16
									]
								},
								"minecraft:pick_collision": {
									"origin": [
										-8,
										0,
										-8
									],
									"size": [
										16,
										16,
										16
									]
								},
								"minecraft:unit_cube": {},
								"minecraft:flammable": {
									"burn_odds": 5,
									"flame_odds": 20
								},
								"minecraft:loot": "loot_tables/planks_maple_item_loot.json",
								"tag:wood": {}
							}
						},
						"key": "components",
						"children": [
							{
								"open": {
									"minecraft:destroy_time": 2,
									"minecraft:explosion_resistance": 3,
									"minecraft:entity_collision": {
										"origin": [
											-8,
											0,
											-8
										],
										"size": [
											16,
											16,
											16
										]
									},
									"minecraft:pick_collision": {
										"origin": [
											-8,
											0,
											-8
										],
										"size": [
											16,
											16,
											16
										]
									},
									"minecraft:unit_cube": {},
									"minecraft:flammable": {
										"burn_odds": 5,
										"flame_odds": 20
									},
									"minecraft:loot": "loot_tables/planks_maple_item_loot.json",
									"tag:wood": {}
								},
								"data": "2",
								"key": "minecraft:destroy_time"
							},
							{
								"data": "3",
								"key": "minecraft:explosion_resistance"
							},
							{
								"key": "minecraft:entity_collision",
								"children": [
									{
										"key": "origin",
										"is_minified": true,
										"children": [
											-8,
											0,
											-8
										]
									},
									{
										"open": {
											"origin": [
												-8,
												0,
												-8
											],
											"size": [
												16,
												16,
												16
											]
										},
										"key": "size",
										"is_minified": true,
										"children": [
											16,
											16,
											16
										]
									}
								]
							},
							{
								"key": "minecraft:pick_collision",
								"is_minified": true,
								"children": {
									"origin": [
										-8,
										0,
										-8
									],
									"size": [
										16,
										16,
										16
									]
								}
							},
							{
								"key": "minecraft:unit_cube",
								"is_minified": true,
								"children": {}
							},
							{
								"key": "minecraft:flammable",
								"is_minified": true,
								"children": {
									"burn_odds": 5,
									"flame_odds": 20
								}
							},
							{
								"open": {
									"minecraft:destroy_time": 2,
									"minecraft:explosion_resistance": 3,
									"minecraft:entity_collision": {
										"origin": [
											-8,
											0,
											-8
										],
										"size": [
											16,
											16,
											16
										]
									},
									"minecraft:pick_collision": {
										"origin": [
											-8,
											0,
											-8
										],
										"size": [
											16,
											16,
											16
										]
									},
									"minecraft:unit_cube": {},
									"minecraft:flammable": {
										"burn_odds": 5,
										"flame_odds": 20
									},
									"minecraft:loot": "loot_tables/planks_maple_item_loot.json",
									"tag:wood": {}
								},
								"data": "loot_tables/planks_maple_item_loot.json",
								"key": "minecraft:loot"
							},
							{
								"key": "tag:wood",
								"is_minified": true,
								"children": {}
							}
						]
					}
				]
			}
		]
	}
}