{
	"file_path": "C:\\Users\\User\\AppData\\Local\\Packages\\Microsoft.MinecraftUWP_8wekyb3d8bbwe\\LocalState\\games\\com.mojang\\development_behavior_packs\\Project Terracotta\\blocks\\stripped_log_maple_with_sap.json",
	"file_type": "block",
	"format_version": 1,
	"file_uuid": "886bb7d1_4d5f_47ca_9626_205b15207093",
	"file_version": 86,
	"cache_content": {
		"children": [
			{
				"open": {
					"format_version": "1.16.100",
					"minecraft:block": {
						"description": {
							"identifier": "ilosemypotato:stripped_maple_log_with_sap",
							"properties": {
								"ilosemypotato:rotation": [
									0,
									1,
									2
								]
							}
						},
						"components": {
							"minecraft:destroy_time": 1.5,
							"minecraft:entity_collision": {
								"origin": [
									-8,
									0,
									-8
								],
								"size": [
									16,
									16,
									16
								]
							},
							"minecraft:pick_collision": {
								"origin": [
									-8,
									0,
									-8
								],
								"size": [
									16,
									16,
									16
								]
							},
							"minecraft:unwalkable": true,
							"minecraft:unit_cube": {},
							"minecraft:material_instances": {
								"*": {
									"texture": "stripped_log_maple_side_with_sap",
									"render_method": "opaque"
								},
								"up": {
									"texture": "stripped_log_maple_top",
									"render_method": "opaque"
								},
								"down": {
									"texture": "stripped_log_maple_top",
									"render_method": "opaque"
								}
							},
							"minecraft:on_player_placing": {
								"event": "ilosemypotato:place_rotation"
							},
							"minecraft:flammable": {
								"burn_odds": 5,
								"flame_odds": 5
							},
							"minecraft:on_interact": {
								"event": "ilosemypotato:harvest_sap",
								"target": "self",
								"condition": "query.get_equipped_item_name('main_hand') == 'glass_bottle'"
							},
							"minecraft:rotation": [
								0,
								0,
								0
							],
							"minecraft:loot": "loot_tables/stripped_maple_log_with_sap_item_loot.json",
							"minecraft:explosion_resistance": 2,
							"tag:wood": {}
						},
						"permutations": [
							{
								"condition": "query.block_property('ilosemypotato:rotation') == 0",
								"components": {
									"minecraft:rotation": [
										0,
										0,
										0
									]
								}
							},
							{
								"condition": "query.block_property('ilosemypotato:rotation') == 1",
								"components": {
									"minecraft:rotation": [
										90,
										0,
										0
									]
								}
							},
							{
								"condition": "query.block_property('ilosemypotato:rotation') == 2",
								"components": {
									"minecraft:rotation": [
										0,
										0,
										90
									]
								}
							}
						],
						"events": {
							"ilosemypotato:place_rotation": {
								"set_block_property": {
									"ilosemypotato:rotation": "math.floor(query.cardinal_block_face_placed_on/2)"
								}
							},
							"ilosemypotato:harvest_sap": {
								"decrement_stack": {},
								"set_block": {
									"block_type": "ilosemypotato:stripped_maple_log"
								},
								"spawn_loot": {
									"table": "loot_tables/mapple_sap_item_loot.json"
								},
								"play_sound": {
									"target": "other",
									"sound": "block.beehive.shear"
								}
							}
						}
					}
				},
				"data": "1.16.100",
				"key": "format_version"
			},
			{
				"open": {
					"format_version": "1.16.100",
					"minecraft:block": {
						"description": {
							"identifier": "ilosemypotato:stripped_maple_log_with_sap",
							"properties": {
								"ilosemypotato:rotation": [
									0,
									1,
									2
								]
							}
						},
						"components": {
							"minecraft:destroy_time": 1.5,
							"minecraft:entity_collision": {
								"origin": [
									-8,
									0,
									-8
								],
								"size": [
									16,
									16,
									16
								]
							},
							"minecraft:pick_collision": {
								"origin": [
									-8,
									0,
									-8
								],
								"size": [
									16,
									16,
									16
								]
							},
							"minecraft:unwalkable": true,
							"minecraft:unit_cube": {},
							"minecraft:material_instances": {
								"*": {
									"texture": "stripped_log_maple_side_with_sap",
									"render_method": "opaque"
								},
								"up": {
									"texture": "stripped_log_maple_top",
									"render_method": "opaque"
								},
								"down": {
									"texture": "stripped_log_maple_top",
									"render_method": "opaque"
								}
							},
							"minecraft:on_player_placing": {
								"event": "ilosemypotato:place_rotation"
							},
							"minecraft:flammable": {
								"burn_odds": 5,
								"flame_odds": 5
							},
							"minecraft:on_interact": {
								"event": "ilosemypotato:harvest_sap",
								"target": "self",
								"condition": "query.get_equipped_item_name('main_hand') == 'glass_bottle'"
							},
							"minecraft:rotation": [
								0,
								0,
								0
							],
							"minecraft:loot": "loot_tables/stripped_maple_log_with_sap_item_loot.json",
							"minecraft:explosion_resistance": 2,
							"tag:wood": {}
						},
						"permutations": [
							{
								"condition": "query.block_property('ilosemypotato:rotation') == 0",
								"components": {
									"minecraft:rotation": [
										0,
										0,
										0
									]
								}
							},
							{
								"condition": "query.block_property('ilosemypotato:rotation') == 1",
								"components": {
									"minecraft:rotation": [
										90,
										0,
										0
									]
								}
							},
							{
								"condition": "query.block_property('ilosemypotato:rotation') == 2",
								"components": {
									"minecraft:rotation": [
										0,
										0,
										90
									]
								}
							}
						],
						"events": {
							"ilosemypotato:place_rotation": {
								"set_block_property": {
									"ilosemypotato:rotation": "math.floor(query.cardinal_block_face_placed_on/2)"
								}
							},
							"ilosemypotato:harvest_sap": {
								"decrement_stack": {},
								"set_block": {
									"block_type": "ilosemypotato:stripped_maple_log"
								},
								"spawn_loot": {
									"table": "loot_tables/mapple_sap_item_loot.json"
								},
								"play_sound": {
									"target": "other",
									"sound": "block.beehive.shear"
								}
							}
						}
					}
				},
				"key": "minecraft:block",
				"children": [
					{
						"open": {
							"description": {
								"identifier": "ilosemypotato:stripped_maple_log_with_sap",
								"properties": {
									"ilosemypotato:rotation": [
										0,
										1,
										2
									]
								}
							},
							"components": {
								"minecraft:destroy_time": 1.5,
								"minecraft:entity_collision": {
									"origin": [
										-8,
										0,
										-8
									],
									"size": [
										16,
										16,
										16
									]
								},
								"minecraft:pick_collision": {
									"origin": [
										-8,
										0,
										-8
									],
									"size": [
										16,
										16,
										16
									]
								},
								"minecraft:unwalkable": true,
								"minecraft:unit_cube": {},
								"minecraft:material_instances": {
									"*": {
										"texture": "stripped_log_maple_side_with_sap",
										"render_method": "opaque"
									},
									"up": {
										"texture": "stripped_log_maple_top",
										"render_method": "opaque"
									},
									"down": {
										"texture": "stripped_log_maple_top",
										"render_method": "opaque"
									}
								},
								"minecraft:on_player_placing": {
									"event": "ilosemypotato:place_rotation"
								},
								"minecraft:flammable": {
									"burn_odds": 5,
									"flame_odds": 5
								},
								"minecraft:on_interact": {
									"event": "ilosemypotato:harvest_sap",
									"target": "self",
									"condition": "query.get_equipped_item_name('main_hand') == 'glass_bottle'"
								},
								"minecraft:rotation": [
									0,
									0,
									0
								],
								"minecraft:loot": "loot_tables/stripped_maple_log_with_sap_item_loot.json",
								"minecraft:explosion_resistance": 2,
								"tag:wood": {}
							},
							"permutations": [
								{
									"condition": "query.block_property('ilosemypotato:rotation') == 0",
									"components": {
										"minecraft:rotation": [
											0,
											0,
											0
										]
									}
								},
								{
									"condition": "query.block_property('ilosemypotato:rotation') == 1",
									"components": {
										"minecraft:rotation": [
											90,
											0,
											0
										]
									}
								},
								{
									"condition": "query.block_property('ilosemypotato:rotation') == 2",
									"components": {
										"minecraft:rotation": [
											0,
											0,
											90
										]
									}
								}
							],
							"events": {
								"ilosemypotato:place_rotation": {
									"set_block_property": {
										"ilosemypotato:rotation": "math.floor(query.cardinal_block_face_placed_on/2)"
									}
								},
								"ilosemypotato:harvest_sap": {
									"decrement_stack": {},
									"set_block": {
										"block_type": "ilosemypotato:stripped_maple_log"
									},
									"spawn_loot": {
										"table": "loot_tables/mapple_sap_item_loot.json"
									},
									"play_sound": {
										"target": "other",
										"sound": "block.beehive.shear"
									}
								}
							}
						},
						"key": "description",
						"children": [
							{
								"open": {
									"identifier": "ilosemypotato:stripped_maple_log_with_sap",
									"properties": {
										"ilosemypotato:rotation": [
											0,
											1,
											2
										]
									}
								},
								"data": "ilosemypotato:stripped_maple_log_with_sap",
								"key": "identifier"
							},
							{
								"open": {
									"identifier": "ilosemypotato:stripped_maple_log_with_sap",
									"properties": {
										"ilosemypotato:rotation": [
											0,
											1,
											2
										]
									}
								},
								"key": "properties",
								"children": [
									{
										"open": {
											"ilosemypotato:rotation": [
												0,
												1,
												2
											]
										},
										"key": "ilosemypotato:rotation",
										"is_minified": true,
										"children": [
											0,
											1,
											2
										]
									}
								]
							}
						]
					},
					{
						"open": {
							"description": {
								"identifier": "ilosemypotato:stripped_maple_log_with_sap",
								"properties": {
									"ilosemypotato:rotation": [
										0,
										1,
										2
									]
								}
							},
							"components": {
								"minecraft:destroy_time": 1.5,
								"minecraft:entity_collision": {
									"origin": [
										-8,
										0,
										-8
									],
									"size": [
										16,
										16,
										16
									]
								},
								"minecraft:pick_collision": {
									"origin": [
										-8,
										0,
										-8
									],
									"size": [
										16,
										16,
										16
									]
								},
								"minecraft:unwalkable": true,
								"minecraft:unit_cube": {},
								"minecraft:material_instances": {
									"*": {
										"texture": "stripped_log_maple_side_with_sap",
										"render_method": "opaque"
									},
									"up": {
										"texture": "stripped_log_maple_top",
										"render_method": "opaque"
									},
									"down": {
										"texture": "stripped_log_maple_top",
										"render_method": "opaque"
									}
								},
								"minecraft:on_player_placing": {
									"event": "ilosemypotato:place_rotation"
								},
								"minecraft:flammable": {
									"burn_odds": 5,
									"flame_odds": 5
								},
								"minecraft:on_interact": {
									"event": "ilosemypotato:harvest_sap",
									"target": "self",
									"condition": "query.get_equipped_item_name('main_hand') == 'glass_bottle'"
								},
								"minecraft:rotation": [
									0,
									0,
									0
								],
								"minecraft:loot": "loot_tables/stripped_maple_log_with_sap_item_loot.json",
								"minecraft:explosion_resistance": 2,
								"tag:wood": {}
							},
							"permutations": [
								{
									"condition": "query.block_property('ilosemypotato:rotation') == 0",
									"components": {
										"minecraft:rotation": [
											0,
											0,
											0
										]
									}
								},
								{
									"condition": "query.block_property('ilosemypotato:rotation') == 1",
									"components": {
										"minecraft:rotation": [
											90,
											0,
											0
										]
									}
								},
								{
									"condition": "query.block_property('ilosemypotato:rotation') == 2",
									"components": {
										"minecraft:rotation": [
											0,
											0,
											90
										]
									}
								}
							],
							"events": {
								"ilosemypotato:place_rotation": {
									"set_block_property": {
										"ilosemypotato:rotation": "math.floor(query.cardinal_block_face_placed_on/2)"
									}
								},
								"ilosemypotato:harvest_sap": {
									"decrement_stack": {},
									"set_block": {
										"block_type": "ilosemypotato:stripped_maple_log"
									},
									"spawn_loot": {
										"table": "loot_tables/mapple_sap_item_loot.json"
									},
									"play_sound": {
										"target": "other",
										"sound": "block.beehive.shear"
									}
								}
							}
						},
						"key": "components",
						"children": [
							{
								"data": "1.5",
								"key": "minecraft:destroy_time"
							},
							{
								"key": "minecraft:entity_collision",
								"children": [
									{
										"open": {
											"origin": [
												-8,
												0,
												-8
											],
											"size": [
												16,
												16,
												16
											]
										},
										"key": "origin",
										"is_minified": true,
										"children": [
											-8,
											0,
											-8
										]
									},
									{
										"open": {
											"origin": [
												-8,
												0,
												-8
											],
											"size": [
												16,
												16,
												16
											]
										},
										"key": "size",
										"is_minified": true,
										"children": [
											16,
											16,
											16
										]
									}
								]
							},
							{
								"key": "minecraft:pick_collision",
								"children": [
									{
										"open": {
											"origin": [
												-8,
												0,
												-8
											],
											"size": [
												16,
												16,
												16
											]
										},
										"key": "origin",
										"is_minified": true,
										"children": [
											-8,
											0,
											-8
										]
									},
									{
										"open": {
											"origin": [
												-8,
												0,
												-8
											],
											"size": [
												16,
												16,
												16
											]
										},
										"key": "size",
										"is_minified": true,
										"children": [
											16,
											16,
											16
										]
									}
								]
							},
							{
								"data": "true",
								"key": "minecraft:unwalkable"
							},
							{
								"key": "minecraft:unit_cube",
								"is_minified": true,
								"children": {}
							},
							{
								"key": "minecraft:material_instances",
								"children": [
									{
										"open": {
											"*": {
												"texture": "stripped_log_maple_side_with_sap",
												"render_method": "opaque"
											},
											"up": {
												"texture": "stripped_log_maple_top",
												"render_method": "opaque"
											},
											"down": {
												"texture": "stripped_log_maple_top",
												"render_method": "opaque"
											}
										},
										"key": "*",
										"is_minified": true,
										"children": {
											"texture": "stripped_log_maple_side_with_sap",
											"render_method": "opaque"
										}
									},
									{
										"open": {
											"*": {
												"texture": "stripped_log_maple_side_with_sap",
												"render_method": "opaque"
											},
											"up": {
												"texture": "stripped_log_maple_top",
												"render_method": "opaque"
											},
											"down": {
												"texture": "stripped_log_maple_top",
												"render_method": "opaque"
											}
										},
										"key": "up",
										"is_minified": true,
										"children": {
											"texture": "stripped_log_maple_top",
											"render_method": "opaque"
										}
									},
									{
										"open": {
											"*": {
												"texture": "stripped_log_maple_side_with_sap",
												"render_method": "opaque"
											},
											"up": {
												"texture": "stripped_log_maple_top",
												"render_method": "opaque"
											},
											"down": {
												"texture": "stripped_log_maple_top",
												"render_method": "opaque"
											}
										},
										"key": "down",
										"is_minified": true,
										"children": {
											"texture": "stripped_log_maple_top",
											"render_method": "opaque"
										}
									}
								]
							},
							{
								"key": "minecraft:on_player_placing",
								"is_minified": true,
								"children": {
									"event": "ilosemypotato:place_rotation"
								}
							},
							{
								"key": "minecraft:flammable",
								"is_minified": true,
								"children": {
									"burn_odds": 5,
									"flame_odds": 5
								}
							},
							{
								"open": {
									"minecraft:destroy_time": 1.5,
									"minecraft:entity_collision": {
										"origin": [
											-8,
											0,
											-8
										],
										"size": [
											16,
											16,
											16
										]
									},
									"minecraft:pick_collision": {
										"origin": [
											-8,
											0,
											-8
										],
										"size": [
											16,
											16,
											16
										]
									},
									"minecraft:unwalkable": true,
									"minecraft:unit_cube": {},
									"minecraft:material_instances": {
										"*": {
											"texture": "stripped_log_maple_side_with_sap",
											"render_method": "opaque"
										},
										"up": {
											"texture": "stripped_log_maple_top",
											"render_method": "opaque"
										},
										"down": {
											"texture": "stripped_log_maple_top",
											"render_method": "opaque"
										}
									},
									"minecraft:on_player_placing": {
										"event": "ilosemypotato:place_rotation"
									},
									"minecraft:flammable": {
										"burn_odds": 5,
										"flame_odds": 5
									},
									"minecraft:on_interact": {
										"event": "ilosemypotato:harvest_sap",
										"target": "self",
										"condition": "query.get_equipped_item_name('main_hand') == 'glass_bottle'"
									},
									"minecraft:rotation": [
										0,
										0,
										0
									],
									"minecraft:loot": "loot_tables/stripped_maple_log_with_sap_item_loot.json",
									"minecraft:explosion_resistance": 2,
									"tag:wood": {}
								},
								"key": "minecraft:on_interact",
								"is_minified": true,
								"children": {
									"event": "ilosemypotato:harvest_sap",
									"target": "self",
									"condition": "query.get_equipped_item_name('main_hand') == 'glass_bottle'"
								}
							},
							{
								"key": "minecraft:rotation",
								"is_minified": true,
								"children": [
									0,
									0,
									0
								]
							},
							{
								"data": "loot_tables/stripped_maple_log_with_sap_item_loot.json",
								"key": "minecraft:loot"
							},
							{
								"open": {
									"minecraft:destroy_time": 1.5,
									"minecraft:entity_collision": {
										"origin": [
											-8,
											0,
											-8
										],
										"size": [
											16,
											16,
											16
										]
									},
									"minecraft:pick_collision": {
										"origin": [
											-8,
											0,
											-8
										],
										"size": [
											16,
											16,
											16
										]
									},
									"minecraft:unwalkable": true,
									"minecraft:unit_cube": {},
									"minecraft:material_instances": {
										"*": {
											"texture": "stripped_log_maple_side_with_sap",
											"render_method": "opaque"
										},
										"up": {
											"texture": "stripped_log_maple_top",
											"render_method": "opaque"
										},
										"down": {
											"texture": "stripped_log_maple_top",
											"render_method": "opaque"
										}
									},
									"minecraft:on_player_placing": {
										"event": "ilosemypotato:place_rotation"
									},
									"minecraft:flammable": {
										"burn_odds": 5,
										"flame_odds": 5
									},
									"minecraft:on_interact": {
										"event": "ilosemypotato:harvest_sap",
										"target": "self",
										"condition": "query.get_equipped_item_name('main_hand') == 'glass_bottle'"
									},
									"minecraft:rotation": [
										0,
										0,
										0
									],
									"minecraft:loot": "loot_tables/stripped_maple_log_with_sap_item_loot.json",
									"minecraft:explosion_resistance": 2,
									"tag:wood": {}
								},
								"data": "2",
								"key": "minecraft:explosion_resistance"
							},
							{
								"key": "tag:wood",
								"is_minified": true,
								"children": {}
							}
						]
					},
					{
						"open": {
							"description": {
								"identifier": "ilosemypotato:stripped_maple_log_with_sap",
								"properties": {
									"ilosemypotato:rotation": [
										0,
										1,
										2
									]
								}
							},
							"components": {
								"minecraft:destroy_time": 1.5,
								"minecraft:entity_collision": {
									"origin": [
										-8,
										0,
										-8
									],
									"size": [
										16,
										16,
										16
									]
								},
								"minecraft:pick_collision": {
									"origin": [
										-8,
										0,
										-8
									],
									"size": [
										16,
										16,
										16
									]
								},
								"minecraft:unwalkable": true,
								"minecraft:unit_cube": {},
								"minecraft:material_instances": {
									"*": {
										"texture": "stripped_log_maple_side_with_sap",
										"render_method": "opaque"
									},
									"up": {
										"texture": "stripped_log_maple_top",
										"render_method": "opaque"
									},
									"down": {
										"texture": "stripped_log_maple_top",
										"render_method": "opaque"
									}
								},
								"minecraft:on_player_placing": {
									"event": "ilosemypotato:place_rotation"
								},
								"minecraft:flammable": {
									"burn_odds": 5,
									"flame_odds": 5
								},
								"minecraft:on_interact": {
									"event": "ilosemypotato:harvest_sap",
									"target": "self",
									"condition": "query.get_equipped_item_name('main_hand') == 'glass_bottle'"
								},
								"minecraft:rotation": [
									0,
									0,
									0
								],
								"minecraft:loot": "loot_tables/stripped_maple_log_with_sap_item_loot.json",
								"minecraft:explosion_resistance": 2,
								"tag:wood": {}
							},
							"permutations": [
								{
									"condition": "query.block_property('ilosemypotato:rotation') == 0",
									"components": {
										"minecraft:rotation": [
											0,
											0,
											0
										]
									}
								},
								{
									"condition": "query.block_property('ilosemypotato:rotation') == 1",
									"components": {
										"minecraft:rotation": [
											90,
											0,
											0
										]
									}
								},
								{
									"condition": "query.block_property('ilosemypotato:rotation') == 2",
									"components": {
										"minecraft:rotation": [
											0,
											0,
											90
										]
									}
								}
							],
							"events": {
								"ilosemypotato:place_rotation": {
									"set_block_property": {
										"ilosemypotato:rotation": "math.floor(query.cardinal_block_face_placed_on/2)"
									}
								},
								"ilosemypotato:harvest_sap": {
									"decrement_stack": {},
									"set_block": {
										"block_type": "ilosemypotato:stripped_maple_log"
									},
									"spawn_loot": {
										"table": "loot_tables/mapple_sap_item_loot.json"
									},
									"play_sound": {
										"target": "other",
										"sound": "block.beehive.shear"
									}
								}
							}
						},
						"key": "permutations",
						"children": [
							{
								"children": [
									{
										"data": "query.block_property('ilosemypotato:rotation') == 0",
										"key": "condition"
									},
									{
										"open": {
											"condition": "query.block_property('ilosemypotato:rotation') == 0",
											"components": {
												"minecraft:rotation": [
													0,
													0,
													0
												]
											}
										},
										"key": "components",
										"children": [
											{
												"open": {
													"minecraft:rotation": [
														0,
														0,
														0
													]
												},
												"key": "minecraft:rotation",
												"is_minified": true,
												"children": [
													0,
													0,
													0
												]
											}
										]
									}
								]
							},
							{
								"children": [
									{
										"open": {
											"condition": "query.block_property('ilosemypotato:rotation') == 1",
											"components": {
												"minecraft:rotation": [
													90,
													0,
													0
												]
											}
										},
										"data": "query.block_property('ilosemypotato:rotation') == 1",
										"key": "condition"
									},
									{
										"open": {
											"condition": "query.block_property('ilosemypotato:rotation') == 1",
											"components": {
												"minecraft:rotation": [
													90,
													0,
													0
												]
											}
										},
										"key": "components",
										"children": [
											{
												"open": {
													"minecraft:rotation": [
														90,
														0,
														0
													]
												},
												"key": "minecraft:rotation",
												"is_minified": true,
												"children": [
													90,
													0,
													0
												]
											}
										]
									}
								]
							},
							{
								"children": [
									{
										"open": {
											"condition": "query.block_property('ilosemypotato:rotation') == 2",
											"components": {
												"minecraft:rotation": [
													0,
													0,
													90
												]
											}
										},
										"data": "query.block_property('ilosemypotato:rotation') == 2",
										"key": "condition"
									},
									{
										"open": {
											"condition": "query.block_property('ilosemypotato:rotation') == 2",
											"components": {
												"minecraft:rotation": [
													0,
													0,
													90
												]
											}
										},
										"key": "components",
										"children": [
											{
												"open": {
													"minecraft:rotation": [
														0,
														0,
														90
													]
												},
												"key": "minecraft:rotation",
												"is_minified": true,
												"children": [
													0,
													0,
													90
												]
											}
										]
									}
								]
							}
						]
					},
					{
						"open": {
							"description": {
								"identifier": "ilosemypotato:stripped_maple_log_with_sap",
								"properties": {
									"ilosemypotato:rotation": [
										0,
										1,
										2
									]
								}
							},
							"components": {
								"minecraft:destroy_time": 1.5,
								"minecraft:entity_collision": {
									"origin": [
										-8,
										0,
										-8
									],
									"size": [
										16,
										16,
										16
									]
								},
								"minecraft:pick_collision": {
									"origin": [
										-8,
										0,
										-8
									],
									"size": [
										16,
										16,
										16
									]
								},
								"minecraft:unwalkable": true,
								"minecraft:unit_cube": {},
								"minecraft:material_instances": {
									"*": {
										"texture": "stripped_log_maple_side_with_sap",
										"render_method": "opaque"
									},
									"up": {
										"texture": "stripped_log_maple_top",
										"render_method": "opaque"
									},
									"down": {
										"texture": "stripped_log_maple_top",
										"render_method": "opaque"
									}
								},
								"minecraft:on_player_placing": {
									"event": "ilosemypotato:place_rotation"
								},
								"minecraft:flammable": {
									"burn_odds": 5,
									"flame_odds": 5
								},
								"minecraft:on_interact": {
									"event": "ilosemypotato:harvest_sap",
									"target": "self",
									"condition": "query.get_equipped_item_name('main_hand') == 'glass_bottle'"
								},
								"minecraft:rotation": [
									0,
									0,
									0
								],
								"minecraft:loot": "loot_tables/stripped_maple_log_with_sap_item_loot.json",
								"minecraft:explosion_resistance": 2,
								"tag:wood": {}
							},
							"permutations": [
								{
									"condition": "query.block_property('ilosemypotato:rotation') == 0",
									"components": {
										"minecraft:rotation": [
											0,
											0,
											0
										]
									}
								},
								{
									"condition": "query.block_property('ilosemypotato:rotation') == 1",
									"components": {
										"minecraft:rotation": [
											90,
											0,
											0
										]
									}
								},
								{
									"condition": "query.block_property('ilosemypotato:rotation') == 2",
									"components": {
										"minecraft:rotation": [
											0,
											0,
											90
										]
									}
								}
							],
							"events": {
								"ilosemypotato:place_rotation": {
									"set_block_property": {
										"ilosemypotato:rotation": "math.floor(query.cardinal_block_face_placed_on/2)"
									}
								},
								"ilosemypotato:harvest_sap": {
									"decrement_stack": {},
									"set_block": {
										"block_type": "ilosemypotato:stripped_maple_log"
									},
									"spawn_loot": {
										"table": "loot_tables/mapple_sap_item_loot.json"
									},
									"play_sound": {
										"target": "other",
										"sound": "block.beehive.shear"
									}
								}
							}
						},
						"key": "events",
						"children": [
							{
								"key": "ilosemypotato:place_rotation",
								"children": [
									{
										"open": {
											"set_block_property": {
												"ilosemypotato:rotation": "math.floor(query.cardinal_block_face_placed_on/2)"
											}
										},
										"key": "set_block_property",
										"is_minified": true,
										"children": {
											"ilosemypotato:rotation": "math.floor(query.cardinal_block_face_placed_on/2)"
										}
									}
								]
							},
							{
								"open": {
									"ilosemypotato:place_rotation": {
										"set_block_property": {
											"ilosemypotato:rotation": "math.floor(query.cardinal_block_face_placed_on/2)"
										}
									},
									"ilosemypotato:harvest_sap": {
										"decrement_stack": {},
										"set_block": {
											"block_type": "ilosemypotato:stripped_maple_log"
										},
										"spawn_loot": {
											"table": "loot_tables/mapple_sap_item_loot.json"
										},
										"play_sound": {
											"target": "other",
											"sound": "block.beehive.shear"
										}
									}
								},
								"key": "ilosemypotato:harvest_sap",
								"children": [
									{
										"key": "decrement_stack",
										"is_minified": true,
										"children": {}
									},
									{
										"key": "set_block",
										"is_minified": true,
										"children": {
											"block_type": "ilosemypotato:stripped_maple_log"
										}
									},
									{
										"open": {
											"decrement_stack": {},
											"set_block": {
												"block_type": "ilosemypotato:stripped_maple_log"
											},
											"spawn_loot": {
												"table": "loot_tables/mapple_sap_item_loot.json"
											},
											"play_sound": {
												"target": "other",
												"sound": "block.beehive.shear"
											}
										},
										"key": "spawn_loot",
										"is_minified": true,
										"children": {
											"table": "loot_tables/mapple_sap_item_loot.json"
										}
									},
									{
										"open": {
											"decrement_stack": {},
											"set_block": {
												"block_type": "ilosemypotato:stripped_maple_log"
											},
											"spawn_loot": {
												"table": "loot_tables/mapple_sap_item_loot.json"
											},
											"play_sound": {
												"target": "other",
												"sound": "block.beehive.shear"
											}
										},
										"key": "play_sound",
										"is_minified": true,
										"children": {
											"target": "other",
											"sound": "block.beehive.shear"
										}
									}
								]
							}
						]
					}
				]
			}
		]
	}
}