{
	"file_path": "C:\\Users\\User\\AppData\\Local\\Packages\\Microsoft.MinecraftUWP_8wekyb3d8bbwe\\LocalState\\games\\com.mojang\\development_behavior_packs\\Project Terracotta\\blocks\\termite_nest.json",
	"file_type": "block",
	"format_version": 1,
	"file_uuid": "11957ba8_a850_477b_89a9_c55e49650b2e",
	"file_version": 73,
	"cache_content": {
		"children": [
			{
				"open": {
					"format_version": "1.16.100",
					"minecraft:block": {
						"description": {
							"identifier": "ilosemypotato:termite_nest"
						},
						"components": {
							"minecraft:destroy_time": 0.5,
							"minecraft:entity_collision": {
								"origin": [
									-8,
									0,
									-8
								],
								"size": [
									16,
									16,
									16
								]
							},
							"minecraft:pick_collision": {
								"origin": [
									-8,
									0,
									-8
								],
								"size": [
									16,
									16,
									16
								]
							},
							"minecraft:unit_cube": {},
							"minecraft:flammable": {
								"burn_odds": 2,
								"flame_odds": 2
							},
							"minecraft:loot": "loot_tables/empty.json",
							"minecraft:on_player_destroyed": {
								"event": "ilosemypotato:on_break_with_hoe",
								"target": "self",
								"condition": "query.equipped_item_any_tag('slot.weapon.mainhand', 'minecraft:is_hoe')"
							},
							"minecraft:explosion_resistance": 0.6
						},
						"events": {
							"ilosemypotato:on_break_with_hoe": {
								"spawn_loot": {
									"table": "loot_tables/termite_nest_item_loot.json"
								}
							}
						}
					}
				},
				"data": "1.16.100",
				"key": "format_version"
			},
			{
				"open": {
					"format_version": "1.16.100",
					"minecraft:block": {
						"description": {
							"identifier": "ilosemypotato:termite_nest"
						},
						"components": {
							"minecraft:destroy_time": 0.5,
							"minecraft:entity_collision": {
								"origin": [
									-8,
									0,
									-8
								],
								"size": [
									16,
									16,
									16
								]
							},
							"minecraft:pick_collision": {
								"origin": [
									-8,
									0,
									-8
								],
								"size": [
									16,
									16,
									16
								]
							},
							"minecraft:unit_cube": {},
							"minecraft:flammable": {
								"burn_odds": 2,
								"flame_odds": 2
							},
							"minecraft:loot": "loot_tables/empty.json",
							"minecraft:on_player_destroyed": {
								"event": "ilosemypotato:on_break_with_hoe",
								"target": "self",
								"condition": "query.equipped_item_any_tag('slot.weapon.mainhand', 'minecraft:is_hoe')"
							},
							"minecraft:explosion_resistance": 0.6
						},
						"events": {
							"ilosemypotato:on_break_with_hoe": {
								"spawn_loot": {
									"table": "loot_tables/termite_nest_item_loot.json"
								}
							}
						}
					}
				},
				"key": "minecraft:block",
				"children": [
					{
						"open": {
							"description": {
								"identifier": "ilosemypotato:termite_nest"
							},
							"components": {
								"minecraft:destroy_time": 0.5,
								"minecraft:entity_collision": {
									"origin": [
										-8,
										0,
										-8
									],
									"size": [
										16,
										16,
										16
									]
								},
								"minecraft:pick_collision": {
									"origin": [
										-8,
										0,
										-8
									],
									"size": [
										16,
										16,
										16
									]
								},
								"minecraft:unit_cube": {},
								"minecraft:flammable": {
									"burn_odds": 2,
									"flame_odds": 2
								},
								"minecraft:loot": "loot_tables/empty.json",
								"minecraft:on_player_destroyed": {
									"event": "ilosemypotato:on_break_with_hoe",
									"target": "self",
									"condition": "query.equipped_item_any_tag('slot.weapon.mainhand', 'minecraft:is_hoe')"
								},
								"minecraft:explosion_resistance": 0.6
							},
							"events": {
								"ilosemypotato:on_break_with_hoe": {
									"spawn_loot": {
										"table": "loot_tables/termite_nest_item_loot.json"
									}
								}
							}
						},
						"key": "description",
						"is_minified": true,
						"children": {
							"identifier": "ilosemypotato:termite_nest"
						}
					},
					{
						"open": {
							"description": {
								"identifier": "ilosemypotato:termite_nest"
							},
							"components": {
								"minecraft:destroy_time": 0.5,
								"minecraft:entity_collision": {
									"origin": [
										-8,
										0,
										-8
									],
									"size": [
										16,
										16,
										16
									]
								},
								"minecraft:pick_collision": {
									"origin": [
										-8,
										0,
										-8
									],
									"size": [
										16,
										16,
										16
									]
								},
								"minecraft:unit_cube": {},
								"minecraft:flammable": {
									"burn_odds": 2,
									"flame_odds": 2
								},
								"minecraft:loot": "loot_tables/empty.json",
								"minecraft:on_player_destroyed": {
									"event": "ilosemypotato:on_break_with_hoe",
									"target": "self",
									"condition": "query.equipped_item_any_tag('slot.weapon.mainhand', 'minecraft:is_hoe')"
								},
								"minecraft:explosion_resistance": 0.6
							},
							"events": {
								"ilosemypotato:on_break_with_hoe": {
									"spawn_loot": {
										"table": "loot_tables/termite_nest_item_loot.json"
									}
								}
							}
						},
						"key": "components",
						"children": [
							{
								"open": {
									"minecraft:destroy_time": 0.5,
									"minecraft:entity_collision": {
										"origin": [
											-8,
											0,
											-8
										],
										"size": [
											16,
											16,
											16
										]
									},
									"minecraft:pick_collision": {
										"origin": [
											-8,
											0,
											-8
										],
										"size": [
											16,
											16,
											16
										]
									},
									"minecraft:unit_cube": {},
									"minecraft:flammable": {
										"burn_odds": 2,
										"flame_odds": 2
									},
									"minecraft:loot": "loot_tables/empty.json",
									"minecraft:on_player_destroyed": {
										"event": "ilosemypotato:on_break_with_hoe",
										"target": "self",
										"condition": "query.equipped_item_any_tag('slot.weapon.mainhand', 'minecraft:is_hoe')"
									},
									"minecraft:explosion_resistance": 0.6
								},
								"data": "0.5",
								"key": "minecraft:destroy_time"
							},
							{
								"key": "minecraft:entity_collision",
								"children": [
									{
										"key": "origin",
										"is_minified": true,
										"children": [
											-8,
											0,
											-8
										]
									},
									{
										"open": {
											"origin": [
												-8,
												0,
												-8
											],
											"size": [
												16,
												16,
												16
											]
										},
										"key": "size",
										"is_minified": true,
										"children": [
											16,
											16,
											16
										]
									}
								]
							},
							{
								"key": "minecraft:pick_collision",
								"is_minified": true,
								"children": {
									"origin": [
										-8,
										0,
										-8
									],
									"size": [
										16,
										16,
										16
									]
								}
							},
							{
								"open": {
									"minecraft:destroy_time": 0.5,
									"minecraft:entity_collision": {
										"origin": [
											-8,
											0,
											-8
										],
										"size": [
											16,
											16,
											16
										]
									},
									"minecraft:pick_collision": {
										"origin": [
											-8,
											0,
											-8
										],
										"size": [
											16,
											16,
											16
										]
									},
									"minecraft:unit_cube": {},
									"minecraft:flammable": {
										"burn_odds": 2,
										"flame_odds": 2
									},
									"minecraft:loot": "loot_tables/empty.json",
									"minecraft:on_player_destroyed": {
										"event": "ilosemypotato:on_break_with_hoe",
										"target": "self",
										"condition": "query.equipped_item_any_tag('slot.weapon.mainhand', 'minecraft:is_hoe')"
									},
									"minecraft:explosion_resistance": 0.6
								},
								"key": "minecraft:unit_cube",
								"is_minified": true,
								"children": {}
							},
							{
								"open": {
									"minecraft:destroy_time": 0.5,
									"minecraft:entity_collision": {
										"origin": [
											-8,
											0,
											-8
										],
										"size": [
											16,
											16,
											16
										]
									},
									"minecraft:pick_collision": {
										"origin": [
											-8,
											0,
											-8
										],
										"size": [
											16,
											16,
											16
										]
									},
									"minecraft:unit_cube": {},
									"minecraft:flammable": {
										"burn_odds": 2,
										"flame_odds": 2
									},
									"minecraft:loot": "loot_tables/empty.json",
									"minecraft:on_player_destroyed": {
										"event": "ilosemypotato:on_break_with_hoe",
										"target": "self",
										"condition": "query.equipped_item_any_tag('slot.weapon.mainhand', 'minecraft:is_hoe')"
									},
									"minecraft:explosion_resistance": 0.6
								},
								"key": "minecraft:flammable",
								"is_minified": true,
								"children": {
									"burn_odds": 2,
									"flame_odds": 2
								}
							},
							{
								"data": "loot_tables/empty.json",
								"key": "minecraft:loot"
							},
							{
								"key": "minecraft:on_player_destroyed",
								"is_minified": true,
								"children": {
									"event": "ilosemypotato:on_break_with_hoe",
									"target": "self",
									"condition": "query.equipped_item_any_tag('slot.weapon.mainhand', 'minecraft:is_hoe')"
								}
							},
							{
								"open": {
									"minecraft:destroy_time": 0.5,
									"minecraft:entity_collision": {
										"origin": [
											-8,
											0,
											-8
										],
										"size": [
											16,
											16,
											16
										]
									},
									"minecraft:pick_collision": {
										"origin": [
											-8,
											0,
											-8
										],
										"size": [
											16,
											16,
											16
										]
									},
									"minecraft:unit_cube": {},
									"minecraft:flammable": {
										"burn_odds": 2,
										"flame_odds": 2
									},
									"minecraft:loot": "loot_tables/empty.json",
									"minecraft:on_player_destroyed": {
										"event": "ilosemypotato:on_break_with_hoe",
										"target": "self",
										"condition": "query.equipped_item_any_tag('slot.weapon.mainhand', 'minecraft:is_hoe')"
									},
									"minecraft:explosion_resistance": 0.6
								},
								"data": "0.6",
								"key": "minecraft:explosion_resistance"
							}
						]
					},
					{
						"open": {
							"description": {
								"identifier": "ilosemypotato:termite_nest"
							},
							"components": {
								"minecraft:destroy_time": 0.5,
								"minecraft:entity_collision": {
									"origin": [
										-8,
										0,
										-8
									],
									"size": [
										16,
										16,
										16
									]
								},
								"minecraft:pick_collision": {
									"origin": [
										-8,
										0,
										-8
									],
									"size": [
										16,
										16,
										16
									]
								},
								"minecraft:unit_cube": {},
								"minecraft:flammable": {
									"burn_odds": 2,
									"flame_odds": 2
								},
								"minecraft:loot": "loot_tables/empty.json",
								"minecraft:on_player_destroyed": {
									"event": "ilosemypotato:on_break_with_hoe",
									"target": "self",
									"condition": "query.equipped_item_any_tag('slot.weapon.mainhand', 'minecraft:is_hoe')"
								},
								"minecraft:explosion_resistance": 0.6
							},
							"events": {
								"ilosemypotato:on_break_with_hoe": {
									"spawn_loot": {
										"table": "loot_tables/termite_nest_item_loot.json"
									}
								}
							}
						},
						"key": "events",
						"children": [
							{
								"open": {
									"ilosemypotato:on_break_with_hoe": {
										"spawn_loot": {
											"table": "loot_tables/termite_nest_item_loot.json"
										}
									}
								},
								"key": "ilosemypotato:on_break_with_hoe",
								"children": [
									{
										"open": {
											"spawn_loot": {
												"table": "loot_tables/termite_nest_item_loot.json"
											}
										},
										"key": "spawn_loot",
										"is_minified": true,
										"children": {
											"table": "loot_tables/termite_nest_item_loot.json"
										}
									}
								]
							}
						]
					}
				]
			}
		]
	}
}