{
	"file_path": "C:\\Users\\User\\AppData\\Local\\Packages\\Microsoft.MinecraftUWP_8wekyb3d8bbwe\\LocalState\\games\\com.mojang\\development_behavior_packs\\Project Terracotta\\blocks\\yellow_maple_sapling.json",
	"file_type": "block",
	"format_version": 1,
	"file_uuid": "a7b2026c_36cf_4b33_8911_bf0d779871af",
	"file_version": 173,
	"cache_content": {
		"children": [
			{
				"open": {
					"format_version": "1.16.100",
					"minecraft:block": {
						"description": {
							"identifier": "ilosemypotato:yellow_maple_sapling"
						},
						"components": {
							"minecraft:block_light_absorption": 0,
							"minecraft:flammable": {
								"burn_odds": 60,
								"flame_odds": 100
							},
							"minecraft:destroy_time": 0,
							"minecraft:entity_collision": false,
							"minecraft:pick_collision": {
								"origin": [
									-6.5,
									0,
									-6.5
								],
								"size": [
									13,
									13,
									13
								]
							},
							"minecraft:geometry": "geometry.one_block_x_faces",
							"minecraft:material_instances": {
								"*": {
									"texture": "yellow_maple_sapling",
									"render_method": "alpha_test",
									"ambient_occlusion": false,
									"face_dimming": false
								}
							},
							"minecraft:placement_filter": {
								"conditions": [
									{
										"block_filter": [
											"minecraft:grass",
											"minecraft:dirt",
											"minecraft:farmland"
										],
										"allowed_faces": [
											"up"
										]
									}
								]
							},
							"minecraft:explosion_resistance": 0,
							"minecraft:breakonpush": true,
							"minecraft:breathability": "air",
							"minecraft:onlypistonpush": false,
							"minecraft:random_ticking": {
								"on_tick": {
									"event": "ilosemypotato:next_growth",
									"target": "self"
								}
							},
							"minecraft:on_interact": {
								"event": "ilosemypotato:bone_meal",
								"target": "self",
								"condition": "query.get_equipped_item_name('main_hand') == 'bone_meal'"
							},
							"minecraft:loot": "loot_tables/yellow_maple_sapling_item_loot.json"
						},
						"events": {
							"ilosemypotato:next_growth": {
								"randomize": [
									{
										"weight": 1,
										"run_command": {
											"command": [
												"function maple_yellow_tree_from_maple_yellow_sapling"
											],
											"target": "self"
										}
									},
									{
										"weight": 35
									}
								]
							},
							"ilosemypotato:bone_meal": {
								"sequence": [
									{
										"decrement_stack": {},
										"run_command": {
											"command": [
												"particle minecraft:crop_growth_emitter ~~~"
											],
											"target": "self"
										}
									},
									{
										"randomize": [
											{
												"weight": 1,
												"run_command": {
													"command": [
														"function maple_yellow_tree_from_maple_yellow_sapling"
													],
													"target": "self"
												}
											},
											{
												"weight": 5
											}
										]
									}
								]
							}
						}
					}
				},
				"data": "1.16.100",
				"key": "format_version"
			},
			{
				"open": {
					"format_version": "1.16.100",
					"minecraft:block": {
						"description": {
							"identifier": "ilosemypotato:yellow_maple_sapling"
						},
						"components": {
							"minecraft:block_light_absorption": 0,
							"minecraft:flammable": {
								"burn_odds": 60,
								"flame_odds": 100
							},
							"minecraft:destroy_time": 0,
							"minecraft:entity_collision": false,
							"minecraft:pick_collision": {
								"origin": [
									-6.5,
									0,
									-6.5
								],
								"size": [
									13,
									13,
									13
								]
							},
							"minecraft:geometry": "geometry.one_block_x_faces",
							"minecraft:material_instances": {
								"*": {
									"texture": "yellow_maple_sapling",
									"render_method": "alpha_test",
									"ambient_occlusion": false,
									"face_dimming": false
								}
							},
							"minecraft:placement_filter": {
								"conditions": [
									{
										"block_filter": [
											"minecraft:grass",
											"minecraft:dirt",
											"minecraft:farmland"
										],
										"allowed_faces": [
											"up"
										]
									}
								]
							},
							"minecraft:explosion_resistance": 0,
							"minecraft:breakonpush": true,
							"minecraft:breathability": "air",
							"minecraft:onlypistonpush": false,
							"minecraft:random_ticking": {
								"on_tick": {
									"event": "ilosemypotato:next_growth",
									"target": "self"
								}
							},
							"minecraft:on_interact": {
								"event": "ilosemypotato:bone_meal",
								"target": "self",
								"condition": "query.get_equipped_item_name('main_hand') == 'bone_meal'"
							},
							"minecraft:loot": "loot_tables/yellow_maple_sapling_item_loot.json"
						},
						"events": {
							"ilosemypotato:next_growth": {
								"randomize": [
									{
										"weight": 1,
										"run_command": {
											"command": [
												"function maple_yellow_tree_from_maple_yellow_sapling"
											],
											"target": "self"
										}
									},
									{
										"weight": 35
									}
								]
							},
							"ilosemypotato:bone_meal": {
								"sequence": [
									{
										"decrement_stack": {},
										"run_command": {
											"command": [
												"particle minecraft:crop_growth_emitter ~~~"
											],
											"target": "self"
										}
									},
									{
										"randomize": [
											{
												"weight": 1,
												"run_command": {
													"command": [
														"function maple_yellow_tree_from_maple_yellow_sapling"
													],
													"target": "self"
												}
											},
											{
												"weight": 5
											}
										]
									}
								]
							}
						}
					}
				},
				"key": "minecraft:block",
				"children": [
					{
						"open": {
							"description": {
								"identifier": "ilosemypotato:yellow_maple_sapling"
							},
							"components": {
								"minecraft:block_light_absorption": 0,
								"minecraft:flammable": {
									"burn_odds": 60,
									"flame_odds": 100
								},
								"minecraft:destroy_time": 0,
								"minecraft:entity_collision": false,
								"minecraft:pick_collision": {
									"origin": [
										-6.5,
										0,
										-6.5
									],
									"size": [
										13,
										13,
										13
									]
								},
								"minecraft:geometry": "geometry.one_block_x_faces",
								"minecraft:material_instances": {
									"*": {
										"texture": "yellow_maple_sapling",
										"render_method": "alpha_test",
										"ambient_occlusion": false,
										"face_dimming": false
									}
								},
								"minecraft:placement_filter": {
									"conditions": [
										{
											"block_filter": [
												"minecraft:grass",
												"minecraft:dirt",
												"minecraft:farmland"
											],
											"allowed_faces": [
												"up"
											]
										}
									]
								},
								"minecraft:explosion_resistance": 0,
								"minecraft:breakonpush": true,
								"minecraft:breathability": "air",
								"minecraft:onlypistonpush": false,
								"minecraft:random_ticking": {
									"on_tick": {
										"event": "ilosemypotato:next_growth",
										"target": "self"
									}
								},
								"minecraft:on_interact": {
									"event": "ilosemypotato:bone_meal",
									"target": "self",
									"condition": "query.get_equipped_item_name('main_hand') == 'bone_meal'"
								},
								"minecraft:loot": "loot_tables/yellow_maple_sapling_item_loot.json"
							},
							"events": {
								"ilosemypotato:next_growth": {
									"randomize": [
										{
											"weight": 1,
											"run_command": {
												"command": [
													"function maple_yellow_tree_from_maple_yellow_sapling"
												],
												"target": "self"
											}
										},
										{
											"weight": 35
										}
									]
								},
								"ilosemypotato:bone_meal": {
									"sequence": [
										{
											"decrement_stack": {},
											"run_command": {
												"command": [
													"particle minecraft:crop_growth_emitter ~~~"
												],
												"target": "self"
											}
										},
										{
											"randomize": [
												{
													"weight": 1,
													"run_command": {
														"command": [
															"function maple_yellow_tree_from_maple_yellow_sapling"
														],
														"target": "self"
													}
												},
												{
													"weight": 5
												}
											]
										}
									]
								}
							}
						},
						"key": "description",
						"is_minified": true,
						"children": {
							"identifier": "ilosemypotato:yellow_maple_sapling"
						}
					},
					{
						"open": {
							"description": {
								"identifier": "ilosemypotato:yellow_maple_sapling"
							},
							"components": {
								"minecraft:block_light_absorption": 0,
								"minecraft:flammable": {
									"burn_odds": 60,
									"flame_odds": 100
								},
								"minecraft:destroy_time": 0,
								"minecraft:entity_collision": false,
								"minecraft:pick_collision": {
									"origin": [
										-6.5,
										0,
										-6.5
									],
									"size": [
										13,
										13,
										13
									]
								},
								"minecraft:geometry": "geometry.one_block_x_faces",
								"minecraft:material_instances": {
									"*": {
										"texture": "yellow_maple_sapling",
										"render_method": "alpha_test",
										"ambient_occlusion": false,
										"face_dimming": false
									}
								},
								"minecraft:placement_filter": {
									"conditions": [
										{
											"block_filter": [
												"minecraft:grass",
												"minecraft:dirt",
												"minecraft:farmland"
											],
											"allowed_faces": [
												"up"
											]
										}
									]
								},
								"minecraft:explosion_resistance": 0,
								"minecraft:breakonpush": true,
								"minecraft:breathability": "air",
								"minecraft:onlypistonpush": false,
								"minecraft:random_ticking": {
									"on_tick": {
										"event": "ilosemypotato:next_growth",
										"target": "self"
									}
								},
								"minecraft:on_interact": {
									"event": "ilosemypotato:bone_meal",
									"target": "self",
									"condition": "query.get_equipped_item_name('main_hand') == 'bone_meal'"
								},
								"minecraft:loot": "loot_tables/yellow_maple_sapling_item_loot.json"
							},
							"events": {
								"ilosemypotato:next_growth": {
									"randomize": [
										{
											"weight": 1,
											"run_command": {
												"command": [
													"function maple_yellow_tree_from_maple_yellow_sapling"
												],
												"target": "self"
											}
										},
										{
											"weight": 35
										}
									]
								},
								"ilosemypotato:bone_meal": {
									"sequence": [
										{
											"decrement_stack": {},
											"run_command": {
												"command": [
													"particle minecraft:crop_growth_emitter ~~~"
												],
												"target": "self"
											}
										},
										{
											"randomize": [
												{
													"weight": 1,
													"run_command": {
														"command": [
															"function maple_yellow_tree_from_maple_yellow_sapling"
														],
														"target": "self"
													}
												},
												{
													"weight": 5
												}
											]
										}
									]
								}
							}
						},
						"key": "components",
						"children": [
							{
								"data": "0.0",
								"key": "minecraft:block_light_absorption"
							},
							{
								"key": "minecraft:flammable",
								"is_minified": true,
								"children": {
									"burn_odds": 60,
									"flame_odds": 100
								}
							},
							{
								"data": "0.0",
								"key": "minecraft:destroy_time"
							},
							{
								"data": "false",
								"key": "minecraft:entity_collision"
							},
							{
								"key": "minecraft:pick_collision",
								"children": [
									{
										"open": {
											"origin": [
												-6.5,
												0,
												-6.5
											],
											"size": [
												13,
												13,
												13
											]
										},
										"key": "origin",
										"is_minified": true,
										"children": [
											-6.5,
											0,
											-6.5
										]
									},
									{
										"open": {
											"origin": [
												-6.5,
												0,
												-6.5
											],
											"size": [
												13,
												13,
												13
											]
										},
										"key": "size",
										"is_minified": true,
										"children": [
											13,
											13,
											13
										]
									}
								]
							},
							{
								"data": "geometry.one_block_x_faces",
								"key": "minecraft:geometry"
							},
							{
								"open": {
									"minecraft:block_light_absorption": 0,
									"minecraft:flammable": {
										"burn_odds": 60,
										"flame_odds": 100
									},
									"minecraft:destroy_time": 0,
									"minecraft:entity_collision": false,
									"minecraft:pick_collision": {
										"origin": [
											-6.5,
											0,
											-6.5
										],
										"size": [
											13,
											13,
											13
										]
									},
									"minecraft:geometry": "geometry.one_block_x_faces",
									"minecraft:material_instances": {
										"*": {
											"texture": "yellow_maple_sapling",
											"render_method": "alpha_test",
											"ambient_occlusion": false,
											"face_dimming": false
										}
									},
									"minecraft:placement_filter": {
										"conditions": [
											{
												"block_filter": [
													"minecraft:grass",
													"minecraft:dirt",
													"minecraft:farmland"
												],
												"allowed_faces": [
													"up"
												]
											}
										]
									},
									"minecraft:explosion_resistance": 0,
									"minecraft:breakonpush": true,
									"minecraft:breathability": "air",
									"minecraft:onlypistonpush": false,
									"minecraft:random_ticking": {
										"on_tick": {
											"event": "ilosemypotato:next_growth",
											"target": "self"
										}
									},
									"minecraft:on_interact": {
										"event": "ilosemypotato:bone_meal",
										"target": "self",
										"condition": "query.get_equipped_item_name('main_hand') == 'bone_meal'"
									},
									"minecraft:loot": "loot_tables/yellow_maple_sapling_item_loot.json"
								},
								"key": "minecraft:material_instances",
								"children": [
									{
										"open": {
											"*": {
												"texture": "yellow_maple_sapling",
												"render_method": "alpha_test",
												"ambient_occlusion": false,
												"face_dimming": false
											}
										},
										"key": "*",
										"is_minified": true,
										"children": {
											"texture": "yellow_maple_sapling",
											"render_method": "alpha_test",
											"ambient_occlusion": false,
											"face_dimming": false
										}
									}
								]
							},
							{
								"key": "minecraft:placement_filter",
								"children": [
									{
										"open": {
											"conditions": [
												{
													"block_filter": [
														"minecraft:grass",
														"minecraft:dirt",
														"minecraft:farmland"
													],
													"allowed_faces": [
														"up"
													]
												}
											]
										},
										"key": "conditions",
										"children": [
											{
												"open": [
													{
														"block_filter": [
															"minecraft:grass",
															"minecraft:dirt",
															"minecraft:farmland"
														],
														"allowed_faces": [
															"up"
														]
													}
												],
												"children": [
													{
														"open": {
															"block_filter": [
																"minecraft:grass",
																"minecraft:dirt",
																"minecraft:farmland"
															],
															"allowed_faces": [
																"up"
															]
														},
														"key": "block_filter",
														"is_minified": true,
														"children": [
															"minecraft:grass",
															"minecraft:dirt",
															"minecraft:farmland"
														]
													},
													{
														"open": {
															"block_filter": [
																"minecraft:grass",
																"minecraft:dirt",
																"minecraft:farmland"
															],
															"allowed_faces": [
																"up"
															]
														},
														"key": "allowed_faces",
														"is_minified": true,
														"children": [
															"up"
														]
													}
												]
											}
										]
									}
								]
							},
							{
								"data": "0.0",
								"key": "minecraft:explosion_resistance"
							},
							{
								"data": "true",
								"key": "minecraft:breakonpush"
							},
							{
								"data": "air",
								"key": "minecraft:breathability"
							},
							{
								"data": "false",
								"key": "minecraft:onlypistonpush"
							},
							{
								"key": "minecraft:random_ticking",
								"children": [
									{
										"open": {
											"on_tick": {
												"event": "ilosemypotato:next_growth",
												"target": "self"
											}
										},
										"key": "on_tick",
										"is_minified": true,
										"children": {
											"event": "ilosemypotato:next_growth",
											"target": "self"
										}
									}
								]
							},
							{
								"key": "minecraft:on_interact",
								"is_minified": true,
								"children": {
									"event": "ilosemypotato:bone_meal",
									"target": "self",
									"condition": "query.get_equipped_item_name('main_hand') == 'bone_meal'"
								}
							},
							{
								"open": {
									"minecraft:block_light_absorption": 0,
									"minecraft:flammable": {
										"burn_odds": 60,
										"flame_odds": 100
									},
									"minecraft:destroy_time": 0,
									"minecraft:entity_collision": false,
									"minecraft:pick_collision": {
										"origin": [
											-6.5,
											0,
											-6.5
										],
										"size": [
											13,
											13,
											13
										]
									},
									"minecraft:geometry": "geometry.one_block_x_faces",
									"minecraft:material_instances": {
										"*": {
											"texture": "yellow_maple_sapling",
											"render_method": "alpha_test",
											"ambient_occlusion": false,
											"face_dimming": false
										}
									},
									"minecraft:placement_filter": {
										"conditions": [
											{
												"block_filter": [
													"minecraft:grass",
													"minecraft:dirt",
													"minecraft:farmland"
												],
												"allowed_faces": [
													"up"
												]
											}
										]
									},
									"minecraft:explosion_resistance": 0,
									"minecraft:breakonpush": true,
									"minecraft:breathability": "air",
									"minecraft:onlypistonpush": false,
									"minecraft:random_ticking": {
										"on_tick": {
											"event": "ilosemypotato:next_growth",
											"target": "self"
										}
									},
									"minecraft:on_interact": {
										"event": "ilosemypotato:bone_meal",
										"target": "self",
										"condition": "query.get_equipped_item_name('main_hand') == 'bone_meal'"
									},
									"minecraft:loot": "loot_tables/yellow_maple_sapling_item_loot.json"
								},
								"data": "loot_tables/yellow_maple_sapling_item_loot.json",
								"key": "minecraft:loot"
							}
						]
					},
					{
						"open": {
							"description": {
								"identifier": "ilosemypotato:yellow_maple_sapling"
							},
							"components": {
								"minecraft:block_light_absorption": 0,
								"minecraft:flammable": {
									"burn_odds": 60,
									"flame_odds": 100
								},
								"minecraft:destroy_time": 0,
								"minecraft:entity_collision": false,
								"minecraft:pick_collision": {
									"origin": [
										-6.5,
										0,
										-6.5
									],
									"size": [
										13,
										13,
										13
									]
								},
								"minecraft:geometry": "geometry.one_block_x_faces",
								"minecraft:material_instances": {
									"*": {
										"texture": "yellow_maple_sapling",
										"render_method": "alpha_test",
										"ambient_occlusion": false,
										"face_dimming": false
									}
								},
								"minecraft:placement_filter": {
									"conditions": [
										{
											"block_filter": [
												"minecraft:grass",
												"minecraft:dirt",
												"minecraft:farmland"
											],
											"allowed_faces": [
												"up"
											]
										}
									]
								},
								"minecraft:explosion_resistance": 0,
								"minecraft:breakonpush": true,
								"minecraft:breathability": "air",
								"minecraft:onlypistonpush": false,
								"minecraft:random_ticking": {
									"on_tick": {
										"event": "ilosemypotato:next_growth",
										"target": "self"
									}
								},
								"minecraft:on_interact": {
									"event": "ilosemypotato:bone_meal",
									"target": "self",
									"condition": "query.get_equipped_item_name('main_hand') == 'bone_meal'"
								},
								"minecraft:loot": "loot_tables/yellow_maple_sapling_item_loot.json"
							},
							"events": {
								"ilosemypotato:next_growth": {
									"randomize": [
										{
											"weight": 1,
											"run_command": {
												"command": [
													"function maple_yellow_tree_from_maple_yellow_sapling"
												],
												"target": "self"
											}
										},
										{
											"weight": 35
										}
									]
								},
								"ilosemypotato:bone_meal": {
									"sequence": [
										{
											"decrement_stack": {},
											"run_command": {
												"command": [
													"particle minecraft:crop_growth_emitter ~~~"
												],
												"target": "self"
											}
										},
										{
											"randomize": [
												{
													"weight": 1,
													"run_command": {
														"command": [
															"function maple_yellow_tree_from_maple_yellow_sapling"
														],
														"target": "self"
													}
												},
												{
													"weight": 5
												}
											]
										}
									]
								}
							}
						},
						"key": "events",
						"children": [
							{
								"open": {
									"ilosemypotato:next_growth": {
										"randomize": [
											{
												"weight": 1,
												"run_command": {
													"command": [
														"function maple_yellow_tree_from_maple_yellow_sapling"
													],
													"target": "self"
												}
											},
											{
												"weight": 35
											}
										]
									},
									"ilosemypotato:bone_meal": {
										"sequence": [
											{
												"decrement_stack": {},
												"run_command": {
													"command": [
														"particle minecraft:crop_growth_emitter ~~~"
													],
													"target": "self"
												}
											},
											{
												"randomize": [
													{
														"weight": 1,
														"run_command": {
															"command": [
																"function maple_yellow_tree_from_maple_yellow_sapling"
															],
															"target": "self"
														}
													},
													{
														"weight": 5
													}
												]
											}
										]
									}
								},
								"key": "ilosemypotato:next_growth",
								"children": [
									{
										"open": {
											"randomize": [
												{
													"weight": 1,
													"run_command": {
														"command": [
															"function maple_yellow_tree_from_maple_yellow_sapling"
														],
														"target": "self"
													}
												},
												{
													"weight": 35
												}
											]
										},
										"key": "randomize",
										"children": [
											{
												"open": [
													{
														"weight": 1,
														"run_command": {
															"command": [
																"function maple_yellow_tree_from_maple_yellow_sapling"
															],
															"target": "self"
														}
													},
													{
														"weight": 35
													}
												],
												"children": [
													{
														"open": {
															"weight": 1,
															"run_command": {
																"command": [
																	"function maple_yellow_tree_from_maple_yellow_sapling"
																],
																"target": "self"
															}
														},
														"data": "1",
														"key": "weight"
													},
													{
														"open": {
															"weight": 1,
															"run_command": {
																"command": [
																	"function maple_yellow_tree_from_maple_yellow_sapling"
																],
																"target": "self"
															}
														},
														"key": "run_command",
														"children": [
															{
																"open": {
																	"command": [
																		"function maple_yellow_tree_from_maple_yellow_sapling"
																	],
																	"target": "self"
																},
																"key": "command",
																"is_minified": true,
																"children": [
																	"function maple_yellow_tree_from_maple_yellow_sapling"
																]
															},
															{
																"open": {
																	"command": [
																		"function maple_yellow_tree_from_maple_yellow_sapling"
																	],
																	"target": "self"
																},
																"data": "self",
																"key": "target"
															}
														]
													}
												]
											},
											{
												"open": [
													{
														"weight": 1,
														"run_command": {
															"command": [
																"function maple_yellow_tree_from_maple_yellow_sapling"
															],
															"target": "self"
														}
													},
													{
														"weight": 35
													}
												],
												"is_minified": true,
												"children": {
													"weight": 35
												}
											}
										]
									}
								]
							},
							{
								"open": {
									"ilosemypotato:next_growth": {
										"randomize": [
											{
												"weight": 1,
												"run_command": {
													"command": [
														"function maple_yellow_tree_from_maple_yellow_sapling"
													],
													"target": "self"
												}
											},
											{
												"weight": 35
											}
										]
									},
									"ilosemypotato:bone_meal": {
										"sequence": [
											{
												"decrement_stack": {},
												"run_command": {
													"command": [
														"particle minecraft:crop_growth_emitter ~~~"
													],
													"target": "self"
												}
											},
											{
												"randomize": [
													{
														"weight": 1,
														"run_command": {
															"command": [
																"function maple_yellow_tree_from_maple_yellow_sapling"
															],
															"target": "self"
														}
													},
													{
														"weight": 5
													}
												]
											}
										]
									}
								},
								"key": "ilosemypotato:bone_meal",
								"children": [
									{
										"open": {
											"sequence": [
												{
													"decrement_stack": {},
													"run_command": {
														"command": [
															"particle minecraft:crop_growth_emitter ~~~"
														],
														"target": "self"
													}
												},
												{
													"randomize": [
														{
															"weight": 1,
															"run_command": {
																"command": [
																	"function maple_yellow_tree_from_maple_yellow_sapling"
																],
																"target": "self"
															}
														},
														{
															"weight": 5
														}
													]
												}
											]
										},
										"key": "sequence",
										"children": [
											{
												"open": [
													{
														"decrement_stack": {},
														"run_command": {
															"command": [
																"particle minecraft:crop_growth_emitter ~~~"
															],
															"target": "self"
														}
													},
													{
														"randomize": [
															{
																"weight": 1,
																"run_command": {
																	"command": [
																		"function maple_yellow_tree_from_maple_yellow_sapling"
																	],
																	"target": "self"
																}
															},
															{
																"weight": 5
															}
														]
													}
												],
												"children": [
													{
														"open": {
															"decrement_stack": {},
															"run_command": {
																"command": [
																	"particle minecraft:crop_growth_emitter ~~~"
																],
																"target": "self"
															}
														},
														"key": "decrement_stack",
														"is_minified": true,
														"children": {}
													},
													{
														"open": {
															"decrement_stack": {},
															"run_command": {
																"command": [
																	"particle minecraft:crop_growth_emitter ~~~"
																],
																"target": "self"
															}
														},
														"key": "run_command",
														"children": [
															{
																"open": {
																	"command": [
																		"particle minecraft:crop_growth_emitter ~~~"
																	],
																	"target": "self"
																},
																"key": "command",
																"is_minified": true,
																"children": [
																	"particle minecraft:crop_growth_emitter ~~~"
																]
															},
															{
																"open": {
																	"command": [
																		"particle minecraft:crop_growth_emitter ~~~"
																	],
																	"target": "self"
																},
																"data": "self",
																"key": "target"
															}
														]
													}
												]
											},
											{
												"open": [
													{
														"decrement_stack": {},
														"run_command": {
															"command": [
																"particle minecraft:crop_growth_emitter ~~~"
															],
															"target": "self"
														}
													},
													{
														"randomize": [
															{
																"weight": 1,
																"run_command": {
																	"command": [
																		"function maple_yellow_tree_from_maple_yellow_sapling"
																	],
																	"target": "self"
																}
															},
															{
																"weight": 5
															}
														]
													}
												],
												"children": [
													{
														"open": {
															"randomize": [
																{
																	"weight": 1,
																	"run_command": {
																		"command": [
																			"function maple_yellow_tree_from_maple_yellow_sapling"
																		],
																		"target": "self"
																	}
																},
																{
																	"weight": 5
																}
															]
														},
														"key": "randomize",
														"children": [
															{
																"open": [
																	{
																		"weight": 1,
																		"run_command": {
																			"command": [
																				"function maple_yellow_tree_from_maple_yellow_sapling"
																			],
																			"target": "self"
																		}
																	},
																	{
																		"weight": 5
																	}
																],
																"children": [
																	{
																		"data": "1",
																		"key": "weight"
																	},
																	{
																		"open": {
																			"weight": 1,
																			"run_command": {
																				"command": [
																					"function maple_yellow_tree_from_maple_yellow_sapling"
																				],
																				"target": "self"
																			}
																		},
																		"key": "run_command",
																		"children": [
																			{
																				"open": {
																					"command": [
																						"function maple_yellow_tree_from_maple_yellow_sapling"
																					],
																					"target": "self"
																				},
																				"key": "command",
																				"is_minified": true,
																				"children": [
																					"function maple_yellow_tree_from_maple_yellow_sapling"
																				]
																			},
																			{
																				"open": {
																					"command": [
																						"function maple_yellow_tree_from_maple_yellow_sapling"
																					],
																					"target": "self"
																				},
																				"data": "self",
																				"key": "target"
																			}
																		]
																	}
																]
															},
															{
																"open": [
																	{
																		"weight": 1,
																		"run_command": {
																			"command": [
																				"function maple_yellow_tree_from_maple_yellow_sapling"
																			],
																			"target": "self"
																		}
																	},
																	{
																		"weight": 5
																	}
																],
																"is_minified": true,
																"children": {
																	"weight": 5
																}
															}
														]
													}
												]
											}
										]
									}
								]
							}
						]
					}
				]
			}
		]
	}
}