{
	"format_version": "1.10.0",
	"geometry.bossrib": {
		"texturewidth": 128,
		"textureheight": 128,
		"visible_bounds_width": 2,
		"visible_bounds_height": 3,
		"visible_bounds_offset": [0, 1.5, 0],
		"bones": [
			{
				"name": "head",
				"pivot": [0, 27, 0],
				"rotation": [10, 0, 0],
				"cubes": [
					{"origin": [-4, 32.80747, -6.22945], "size": [8, 8, 8], "uv": [0, 0]}
				]
			},
			{
				"name": "body",
				"pivot": [0, 29, 4],
				"rotation": [10, 0, 0],
				"cubes": [
					{"origin": [-4, 22.80747, -2.22945], "size": [8, 11, 4], "uv": [32, 0]}
				]
			},
			{
				"name": "ribs",
				"pivot": [0, 0, 0],
				"cubes": [
					{"origin": [-1.6, 9.6, 0], "size": [3, 13.1, 2.5], "uv": [16, 36]},
					{"origin": [-5, 20.2, 0.6], "size": [10, 1.2, 1.1], "uv": [44, 51]},
					{"origin": [-5, 17.2, 0.6], "size": [10, 1.2, 1.1], "uv": [22, 51]},
					{"origin": [-5, 14.2, 0.6], "size": [10, 1.2, 1.1], "uv": [0, 51]},
					{"origin": [-5, 11.2, 0.6], "size": [10, 1.2, 1.1], "uv": [26, 45]}
				]
			},
			{
				"name": "leftArm",
				"pivot": [3.9, 31.4, -0.7],
				"rotation": [0, 0, -10],
				"cubes": [
					{"origin": [3.6, 25.4, -2.7], "size": [4, 6, 4], "uv": [0, 26]}
				]
			},
			{
				"name": "bottomleftArm",
				"parent": "leftArm",
				"pivot": [3.9, -0.6, -0.7],
				"rotation": [-15, 0, 0],
				"cubes": [
					{"origin": [3.6, 19.6, -9.5], "size": [4, 5.4, 4], "uv": [32, 26]}
				]
			},
			{
				"name": "leftLeg",
				"pivot": [2, 8, 0],
				"rotation": [-10, -5, 0],
				"cubes": [
					{"origin": [0.4, 5, -1], "size": [4, 5, 4], "uv": [16, 26]}
				]
			},
			{
				"name": "bottomleftLeg",
				"parent": "leftLeg",
				"pivot": [2, 8, 0],
				"rotation": [20, 0, 0],
				"cubes": [
					{"origin": [0.4, -0.7, -2], "size": [4, 6.2, 4], "uv": [32, 16]}
				]
			},
			{
				"name": "rightArm",
				"pivot": [-3.9, 31, -0.8],
				"rotation": [0, 0, 10],
				"cubes": [
					{"origin": [-7.9, 25.4, -2.8], "size": [4, 6, 4], "uv": [16, 16]}
				]
			},
			{
				"name": "bottomrightArm",
				"parent": "rightArm",
				"pivot": [-4.9, 0, -0.8],
				"rotation": [-15, 0, 0],
				"cubes": [
					{"origin": [-7.9, 19.6, -9.6], "size": [4, 5.4, 4.1], "uv": [26, 36]}
				]
			},
			{
				"name": "rightLeg",
				"pivot": [-2, 8, 0],
				"rotation": [-10, 5, 0],
				"cubes": [
					{"origin": [-4.4, 5, -1], "size": [4, 5, 4], "uv": [0, 36]}
				]
			},
			{
				"name": "bottomrightLeg",
				"parent": "rightLeg",
				"pivot": [-2, 8, 0],
				"rotation": [20, 0, 0],
				"cubes": [
					{"origin": [-4.4, -0.7, -2], "size": [4, 6.2, 4], "uv": [0, 16]}
				]
			}
		]
	}
}