{
	"format_version": "1.10.0",
	"geometry.chair": {
		"texturewidth": 128,
		"textureheight": 128,
		"visible_bounds_width": 2,
		"visible_bounds_height": 2,
		"visible_bounds_offset": [0, 1, 0],
		"bones": [
			{
				"name": "base",
				"pivot": [0, 0, 0],
				"cubes": [
					{"origin": [-8, 0, -8], "size": [2, 10, 2], "uv": [16, 47]},
					{"origin": [-8, 0, 6], "size": [2, 10, 2], "uv": [24, 47]},
					{"origin": [6, 0, 6], "size": [2, 10, 2], "uv": [32, 47]},
					{"origin": [6, 0, -8], "size": [2, 10, 2], "uv": [0, 62]},
					{"origin": [-8, 10, -8], "size": [16, 1, 16], "uv": [0, 0]},
					{"origin": [-7, 8, -6], "size": [14, 2, 12], "uv": [64, 0]},
					{"origin": [6, 11, 6], "size": [2, 13, 2], "uv": [0, 47]},
					{"origin": [-8, 11, 6], "size": [2, 13, 2], "uv": [8, 47]},
					{"origin": [-8, 24, 6], "size": [16, 2, 2], "uv": [28, 32]},
					{"origin": [-6, 26, 6], "size": [12, 2, 2], "uv": [28, 36]},
					{"origin": [-6, 11, 6], "size": [12, 13, 2], "uv": [0, 32]},
					{"origin": [-9, 14, -8], "size": [3, 1, 14], "uv": [0, 17]},
					{"origin": [6, 14, -8], "size": [3, 1, 14], "uv": [34, 17]},
					{"origin": [-8, 11, -8], "size": [2, 3, 2], "uv": [14, 67]},
					{"origin": [6, 11, -8], "size": [2, 3, 2], "uv": [14, 62]},
					{"origin": [0, 0, 2], "size": [0, 8, 3], "uv": [8, 62]},
					{"origin": [-9, 16, -6], "size": [3, 1, 1], "uv": [22, 62]},
					{"origin": [6, 16, -6], "size": [3, 1, 1], "uv": [14, 72]},
					{"origin": [-10, 13.4, -6], "size": [1, 3.2, 1], "uv": [8, 74]},
					{"origin": [-9, 13, -6], "size": [3, 1, 1], "uv": [0, 74]},
					{"origin": [-6, 13.4, -6], "size": [1, 3.2, 1], "uv": [12, 74]},
					{"origin": [5, 13.4, -6], "size": [1, 3.2, 1], "uv": [16, 74]},
					{"origin": [9, 13.4, -6], "size": [1, 3.2, 1], "uv": [20, 74]},
					{"origin": [6, 13, -6], "size": [3, 1, 1], "uv": [22, 64]}
				]
			}
		]
	}
}