{
	"format_version": "1.10.0",
	"geometry.toilet": {
		"texturewidth": 128,
		"textureheight": 128,
		"visible_bounds_width": 3,
		"visible_bounds_height": 2,
		"visible_bounds_offset": [0, 1, 0],
		"bones": [
			{
				"name": "base",
				"pivot": [0, 0, 0],
				"cubes": [
					{"origin": [-7, 3, -4], "size": [15, 3, 14], "uv": [0, 27]},
					{"origin": [-8, 5, -6], "size": [16, 8, 2], "uv": [30, 64]},
					{"origin": [-8, 5, -4], "size": [3, 8, 12], "uv": [0, 64]},
					{"origin": [5, 5, -4], "size": [3, 8, 12], "uv": [90, 44]},
					{"origin": [-5, 0, -1], "size": [11, 3, 10], "uv": [48, 44]},
					{"origin": [-8, 8, 8], "size": [16, 17, 10], "uv": [0, 0]},
					{"origin": [-9, 25, 7], "size": [18, 3, 12], "uv": [52, 0]},
					{"origin": [-2, 28, 12], "size": [4, 1, 3], "uv": [30, 74]},
					{"origin": [-8, 5, 8], "size": [16, 3, 8], "uv": [0, 44]},
					{"origin": [-5, 6, -4], "size": [10, 3, 12], "uv": [58, 27]}
				]
			}
		]
	}
}