{
	"file_path": "C:\\Users\\Freddy\\AppData\\Local\\Packages\\Microsoft.MinecraftUWP_8wekyb3d8bbwe\\LocalState\\games\\com.mojang\\development_behavior_packs\\Spry Conquest Overhaul\\feature_rules\\ashlands\\ash_spire_rule.json",
	"file_type": "feature_rule",
	"format_version": 1,
	"file_uuid": "0afabb14_bdc2_4ce9_ba30_23c6bcf3429f",
	"file_version": 46,
	"cache_content": {
		"children": [
			{
				"data": "1.16.0",
				"key": "format_version"
			},
			{
				"open": {
					"format_version": "1.16.0",
					"minecraft:feature_rules": {
						"description": {
							"identifier": "sc:ash_spire_rule",
							"places_feature": "sc:ashlands/ash_spire_feature"
						},
						"conditions": {
							"placement_pass": "surface_pass",
							"minecraft:biome_filter": {
								"all_of": [
									{
										"test": "has_biome_tag",
										"operator": "==",
										"value": "ashlands"
									}
								]
							}
						},
						"distribution": {
							"iterations": 4,
							"scatter_chance": 80,
							"x": {
								"distribution": "uniform",
								"extent": [
									0,
									16
								]
							},
							"y": "query.heightmap(variable.worldx, variable.worldz) - 3",
							"z": {
								"distribution": "uniform",
								"extent": [
									0,
									16
								]
							}
						}
					}
				},
				"key": "minecraft:feature_rules",
				"children": [
					{
						"open": {
							"description": {
								"identifier": "sc:ash_spire_rule",
								"places_feature": "sc:ashlands/ash_spire_feature"
							},
							"conditions": {
								"placement_pass": "surface_pass",
								"minecraft:biome_filter": {
									"all_of": [
										{
											"test": "has_biome_tag",
											"operator": "==",
											"value": "ashlands"
										}
									]
								}
							},
							"distribution": {
								"iterations": 4,
								"scatter_chance": 80,
								"x": {
									"distribution": "uniform",
									"extent": [
										0,
										16
									]
								},
								"y": "query.heightmap(variable.worldx, variable.worldz) - 3",
								"z": {
									"distribution": "uniform",
									"extent": [
										0,
										16
									]
								}
							}
						},
						"key": "description",
						"is_minified": true,
						"children": {
							"identifier": "sc:ash_spire_rule",
							"places_feature": "sc:ashlands/ash_spire_feature"
						}
					},
					{
						"open": {
							"description": {
								"identifier": "sc:ash_spire_rule",
								"places_feature": "sc:ashlands/ash_spire_feature"
							},
							"conditions": {
								"placement_pass": "surface_pass",
								"minecraft:biome_filter": {
									"all_of": [
										{
											"test": "has_biome_tag",
											"operator": "==",
											"value": "ashlands"
										}
									]
								}
							},
							"distribution": {
								"iterations": 4,
								"scatter_chance": 80,
								"x": {
									"distribution": "uniform",
									"extent": [
										0,
										16
									]
								},
								"y": "query.heightmap(variable.worldx, variable.worldz) - 3",
								"z": {
									"distribution": "uniform",
									"extent": [
										0,
										16
									]
								}
							}
						},
						"key": "conditions",
						"children": [
							{
								"data": "surface_pass",
								"key": "placement_pass"
							},
							{
								"open": {
									"placement_pass": "surface_pass",
									"minecraft:biome_filter": {
										"all_of": [
											{
												"test": "has_biome_tag",
												"operator": "==",
												"value": "ashlands"
											}
										]
									}
								},
								"key": "minecraft:biome_filter",
								"children": [
									{
										"open": {
											"all_of": [
												{
													"test": "has_biome_tag",
													"operator": "==",
													"value": "ashlands"
												}
											]
										},
										"key": "all_of",
										"children": [
											{
												"open": [
													{
														"test": "has_biome_tag",
														"operator": "==",
														"value": "ashlands"
													}
												],
												"is_minified": true,
												"children": {
													"test": "has_biome_tag",
													"operator": "==",
													"value": "ashlands"
												}
											}
										]
									}
								]
							}
						]
					},
					{
						"open": {
							"description": {
								"identifier": "sc:ash_spire_rule",
								"places_feature": "sc:ashlands/ash_spire_feature"
							},
							"conditions": {
								"placement_pass": "surface_pass",
								"minecraft:biome_filter": {
									"all_of": [
										{
											"test": "has_biome_tag",
											"operator": "==",
											"value": "ashlands"
										}
									]
								}
							},
							"distribution": {
								"iterations": 4,
								"scatter_chance": 80,
								"x": {
									"distribution": "uniform",
									"extent": [
										0,
										16
									]
								},
								"y": "query.heightmap(variable.worldx, variable.worldz) - 3",
								"z": {
									"distribution": "uniform",
									"extent": [
										0,
										16
									]
								}
							}
						},
						"key": "distribution",
						"is_minified": true,
						"children": {
							"iterations": 4,
							"scatter_chance": 80,
							"x": {
								"distribution": "uniform",
								"extent": [
									0,
									16
								]
							},
							"y": "query.heightmap(variable.worldx, variable.worldz) - 3",
							"z": {
								"distribution": "uniform",
								"extent": [
									0,
									16
								]
							}
						}
					}
				]
			}
		]
	}
}