{
	"file_path": "C:\\Users\\Freddy\\AppData\\Local\\Packages\\Microsoft.MinecraftUWP_8wekyb3d8bbwe\\LocalState\\games\\com.mojang\\development_behavior_packs\\Spry Conquest Overhaul\\feature_rules\\ashlands\\ashlands_carver_rule.json",
	"file_type": "feature_rule",
	"format_version": 1,
	"file_uuid": "06e26b2a_da34_4b48_9b5b_ecdac96e0508",
	"file_version": 19,
	"cache_content": {
		"children": [
			{
				"data": "1.13.0",
				"key": "format_version"
			},
			{
				"open": {
					"format_version": "1.13.0",
					"minecraft:feature_rules": {
						"description": {
							"identifier": "sc:ashlands_carver_rule",
							"places_feature": "sc:ashlands_cave_feature"
						},
						"conditions": {
							"minecraft:biome_filter": [
								{
									"any_of": [
										{
											"test": "has_biome_tag",
											"operator": "==",
											"value": "ashlands"
										}
									]
								}
							],
							"placement_pass": "pregeneration_pass"
						},
						"distribution": {
							"iterations": 1,
							"coordinate_eval_order": "zyx",
							"x": {
								"distribution": "uniform",
								"extent": [
									0,
									16
								]
							},
							"y": {
								"distribution": "uniform",
								"extent": [
									0,
									40
								]
							},
							"z": {
								"distribution": "uniform",
								"extent": [
									0,
									16
								]
							}
						}
					}
				},
				"key": "minecraft:feature_rules",
				"children": [
					{
						"open": {
							"description": {
								"identifier": "sc:ashlands_carver_rule",
								"places_feature": "sc:ashlands_cave_feature"
							},
							"conditions": {
								"minecraft:biome_filter": [
									{
										"any_of": [
											{
												"test": "has_biome_tag",
												"operator": "==",
												"value": "ashlands"
											}
										]
									}
								],
								"placement_pass": "pregeneration_pass"
							},
							"distribution": {
								"iterations": 1,
								"coordinate_eval_order": "zyx",
								"x": {
									"distribution": "uniform",
									"extent": [
										0,
										16
									]
								},
								"y": {
									"distribution": "uniform",
									"extent": [
										0,
										40
									]
								},
								"z": {
									"distribution": "uniform",
									"extent": [
										0,
										16
									]
								}
							}
						},
						"key": "description",
						"is_minified": true,
						"children": {
							"identifier": "sc:ashlands_carver_rule",
							"places_feature": "sc:ashlands_cave_feature"
						}
					},
					{
						"open": {
							"description": {
								"identifier": "sc:ashlands_carver_rule",
								"places_feature": "sc:ashlands_cave_feature"
							},
							"conditions": {
								"minecraft:biome_filter": [
									{
										"any_of": [
											{
												"test": "has_biome_tag",
												"operator": "==",
												"value": "ashlands"
											}
										]
									}
								],
								"placement_pass": "pregeneration_pass"
							},
							"distribution": {
								"iterations": 1,
								"coordinate_eval_order": "zyx",
								"x": {
									"distribution": "uniform",
									"extent": [
										0,
										16
									]
								},
								"y": {
									"distribution": "uniform",
									"extent": [
										0,
										40
									]
								},
								"z": {
									"distribution": "uniform",
									"extent": [
										0,
										16
									]
								}
							}
						},
						"key": "conditions",
						"children": [
							{
								"open": {
									"minecraft:biome_filter": [
										{
											"any_of": [
												{
													"test": "has_biome_tag",
													"operator": "==",
													"value": "ashlands"
												}
											]
										}
									],
									"placement_pass": "pregeneration_pass"
								},
								"key": "minecraft:biome_filter",
								"children": [
									{
										"open": [
											{
												"any_of": [
													{
														"test": "has_biome_tag",
														"operator": "==",
														"value": "ashlands"
													}
												]
											}
										],
										"children": [
											{
												"open": {
													"any_of": [
														{
															"test": "has_biome_tag",
															"operator": "==",
															"value": "ashlands"
														}
													]
												},
												"key": "any_of",
												"children": [
													{
														"open": [
															{
																"test": "has_biome_tag",
																"operator": "==",
																"value": "ashlands"
															}
														],
														"is_minified": true,
														"children": {
															"test": "has_biome_tag",
															"operator": "==",
															"value": "ashlands"
														}
													}
												]
											}
										]
									}
								]
							},
							{
								"data": "pregeneration_pass",
								"key": "placement_pass"
							}
						]
					},
					{
						"open": {
							"description": {
								"identifier": "sc:ashlands_carver_rule",
								"places_feature": "sc:ashlands_cave_feature"
							},
							"conditions": {
								"minecraft:biome_filter": [
									{
										"any_of": [
											{
												"test": "has_biome_tag",
												"operator": "==",
												"value": "ashlands"
											}
										]
									}
								],
								"placement_pass": "pregeneration_pass"
							},
							"distribution": {
								"iterations": 1,
								"coordinate_eval_order": "zyx",
								"x": {
									"distribution": "uniform",
									"extent": [
										0,
										16
									]
								},
								"y": {
									"distribution": "uniform",
									"extent": [
										0,
										40
									]
								},
								"z": {
									"distribution": "uniform",
									"extent": [
										0,
										16
									]
								}
							}
						},
						"key": "distribution",
						"children": [
							{
								"data": "1",
								"key": "iterations"
							},
							{
								"data": "zyx",
								"key": "coordinate_eval_order"
							},
							{
								"key": "x",
								"children": [
									{
										"data": "uniform",
										"key": "distribution"
									},
									{
										"open": {
											"distribution": "uniform",
											"extent": [
												0,
												16
											]
										},
										"key": "extent",
										"is_minified": true,
										"children": [
											0,
											16
										]
									}
								]
							},
							{
								"open": {
									"iterations": 1,
									"coordinate_eval_order": "zyx",
									"x": {
										"distribution": "uniform",
										"extent": [
											0,
											16
										]
									},
									"y": {
										"distribution": "uniform",
										"extent": [
											0,
											40
										]
									},
									"z": {
										"distribution": "uniform",
										"extent": [
											0,
											16
										]
									}
								},
								"key": "y",
								"children": [
									{
										"data": "uniform",
										"key": "distribution"
									},
									{
										"open": {
											"distribution": "uniform",
											"extent": [
												0,
												40
											]
										},
										"key": "extent",
										"is_minified": true,
										"children": [
											0,
											40
										]
									}
								]
							},
							{
								"key": "z",
								"is_minified": true,
								"children": {
									"distribution": "uniform",
									"extent": [
										0,
										16
									]
								}
							}
						]
					}
				]
			}
		]
	}
}