{
	"format_version": "1.10.0",
	"animation_controllers": {
		"controller.animation.item_usage": {
			"initial_state": "default",
			"states": {
				"default": {
					"transitions": [
						{
							"resume": "q.is_using_item&&query.is_item_name_any('slot.weapon.mainhand',0,'ctk:resume')"
						},
						{
							"pause": "q.is_using_item&&query.is_item_name_any('slot.weapon.mainhand',0,'ctk:pause')"
						},
						{
							"clear_marker": "q.is_using_item&&query.is_item_name_any('slot.weapon.mainhand',0,'ctk:clear_markers')"
						},
						{
							"add_marker": "q.is_using_item&&query.is_item_name_any('slot.weapon.mainhand',0,'ctk:add_marker')"
						},
						{
							"add_focus": "q.is_using_item&&query.is_item_name_any('slot.weapon.mainhand',0,'ctk:add_focus')"
						},
						{
							"increase_speed": "q.is_using_item&&query.is_item_name_any('slot.weapon.mainhand',0,'ctk:increase_speed')"
						},
						{
							"decrease_speed": "q.is_using_item&&query.is_item_name_any('slot.weapon.mainhand',0,'ctk:decrease_speed')"
						},
						{
							"reset_speed": "q.is_using_item&&query.is_item_name_any('slot.weapon.mainhand',0,'ctk:reset_speed')"
						},
						{
							"help": "q.is_using_item&&query.is_item_name_any('slot.weapon.mainhand',0,'ctk:help')"
						},
						{
							"exit": "q.is_using_item&&query.is_item_name_any('slot.weapon.mainhand',0,'ctk:exit')"
						}
					]
				},
				"resume": {
					"on_entry": [
						"/execute @s[tag=ctkMode] ~~~ function ctk_use_resume"
					],
					"transitions": [
						{
							"default": "!q.is_using_item"
						}
					]
				},
				"pause": {
					"on_entry": [
						"/execute @s[tag=ctkMode] ~~~ function ctk_use_pause"
					],
					"transitions": [
						{
							"default": "!q.is_using_item"
						}
					]
				},
				"clear_marker": {
					"on_entry": [
						"/execute @s[tag=ctkMode] ~~~ function ctk_use_clearmarker"
					],
					"transitions": [
						{
							"default": "!q.is_using_item"
						}
					]
				},
				"add_marker": {
					"on_entry": [
						"/execute @s[tag=ctkMode] ~~~ function ctk_use_addmarker"
					],
					"transitions": [
						{
							"default": "!q.is_using_item"
						}
					]
				},
				"add_focus": {
					"on_entry": [
						"/execute @s[tag=ctkMode] ~~~ function ctk_use_addfocus"
					],
					"transitions": [
						{
							"default": "!q.is_using_item"
						}
					]
				},
				"increase_speed": {
					"on_entry": [
						"/execute @s[tag=ctkMode] ~~~ function ctk_use_increasespeed"
					],
					"transitions": [
						{
							"default": "!q.is_using_item"
						}
					]
				},
				"decrease_speed": {
					"on_entry": [
						"/execute @s[tag=ctkMode] ~~~ function ctk_use_decreasespeed"
					],
					"transitions": [
						{
							"default": "!q.is_using_item"
						}
					]
				},
				"reset_speed": {
					"on_entry": [
						"/execute @s[tag=ctkMode] ~~~ function ctk_use_resetspeed"
					],
					"transitions": [
						{
							"default": "!q.is_using_item"
						}
					]
				},
				"help": {
					"on_entry": [
						"/execute @s[tag=ctkMode] ~~~ function ctk_use_help"
					],
					"transitions": [
						{
							"default": "!q.is_using_item"
						}
					]
				},
				"exit": {
					"on_entry": [
						"/execute @s[tag=ctkMode] ~~~ function ctk_use_exit"
					],
					"transitions": [
						{
							"default": "!q.is_using_item"
						}
					]
				}
			}
		}
	}
}