{
	"file_path": "C:\\Users\\Freddy\\AppData\\Local\\Packages\\Microsoft.MinecraftUWP_8wekyb3d8bbwe\\LocalState\\games\\com.mojang\\development_behavior_packs\\Spry Conquest Overhaul\\items\\mithril\\mithril_sword.json",
	"file_type": "item",
	"format_version": 1,
	"file_uuid": "b03df67c_2af4_4d10_ab2c_3975a6ed03d8",
	"file_version": 43,
	"cache_content": {
		"children": [
			{
				"data": "1.16.100",
				"key": "format_version"
			},
			{
				"open": {
					"format_version": "1.16.100",
					"minecraft:item": {
						"description": {
							"identifier": "sc:mithril_sword",
							"category": "equipment"
						},
						"components": {
							"minecraft:max_stack_size": 1,
							"minecraft:icon": {
								"texture": "mithril_sword"
							},
							"minecraft:display_name": {
								"value": "Mithril Sword"
							},
							"minecraft:creative_category": {
								"parent": "itemGroup.name.sword"
							},
							"minecraft:digger": {
								"destroy_speeds": [
									{
										"block": "minecraft:web",
										"speed": 15,
										"on_dig": {
											"event": "break"
										}
									},
									{
										"block": "minecraft:bamboo",
										"speed": 10,
										"on_dig": {
											"event": "break"
										}
									}
								],
								"use_efficiency": true,
								"on_dig": {
									"event": "break",
									"target": "self"
								}
							},
							"minecraft:durability": {
								"max_durability": 2400,
								"damage_chance": {
									"min": 1,
									"max": 1
								}
							},
							"minecraft:damage": 10,
							"minecraft:hand_equipped": true,
							"minecraft:can_destroy_in_creative": false,
							"minecraft:enchantable": {
								"slot": "sword",
								"value": 13
							},
							"minecraft:weapon": {
								"on_hurt_entity": {
									"event": "break"
								},
								"on_not_hurt_entity": {
									"event": "break"
								},
								"on_hit_block": {
									"event": "break"
								}
							}
						},
						"events": {
							"break": {
								"damage": {
									"type": "none",
									"amount": 1,
									"target": "self"
								}
							}
						}
					}
				},
				"key": "minecraft:item",
				"children": [
					{
						"open": {
							"description": {
								"identifier": "sc:mithril_sword",
								"category": "equipment"
							},
							"components": {
								"minecraft:max_stack_size": 1,
								"minecraft:icon": {
									"texture": "mithril_sword"
								},
								"minecraft:display_name": {
									"value": "Mithril Sword"
								},
								"minecraft:creative_category": {
									"parent": "itemGroup.name.sword"
								},
								"minecraft:digger": {
									"destroy_speeds": [
										{
											"block": "minecraft:web",
											"speed": 15,
											"on_dig": {
												"event": "break"
											}
										},
										{
											"block": "minecraft:bamboo",
											"speed": 10,
											"on_dig": {
												"event": "break"
											}
										}
									],
									"use_efficiency": true,
									"on_dig": {
										"event": "break",
										"target": "self"
									}
								},
								"minecraft:durability": {
									"max_durability": 2400,
									"damage_chance": {
										"min": 1,
										"max": 1
									}
								},
								"minecraft:damage": 10,
								"minecraft:hand_equipped": true,
								"minecraft:can_destroy_in_creative": false,
								"minecraft:enchantable": {
									"slot": "sword",
									"value": 13
								},
								"minecraft:weapon": {
									"on_hurt_entity": {
										"event": "break"
									},
									"on_not_hurt_entity": {
										"event": "break"
									},
									"on_hit_block": {
										"event": "break"
									}
								}
							},
							"events": {
								"break": {
									"damage": {
										"type": "none",
										"amount": 1,
										"target": "self"
									}
								}
							}
						},
						"key": "description",
						"is_minified": true,
						"children": {
							"identifier": "sc:mithril_sword",
							"category": "equipment"
						}
					},
					{
						"open": {
							"description": {
								"identifier": "sc:mithril_sword",
								"category": "equipment"
							},
							"components": {
								"minecraft:max_stack_size": 1,
								"minecraft:icon": {
									"texture": "mithril_sword"
								},
								"minecraft:display_name": {
									"value": "Mithril Sword"
								},
								"minecraft:creative_category": {
									"parent": "itemGroup.name.sword"
								},
								"minecraft:digger": {
									"destroy_speeds": [
										{
											"block": "minecraft:web",
											"speed": 15,
											"on_dig": {
												"event": "break"
											}
										},
										{
											"block": "minecraft:bamboo",
											"speed": 10,
											"on_dig": {
												"event": "break"
											}
										}
									],
									"use_efficiency": true,
									"on_dig": {
										"event": "break",
										"target": "self"
									}
								},
								"minecraft:durability": {
									"max_durability": 2400,
									"damage_chance": {
										"min": 1,
										"max": 1
									}
								},
								"minecraft:damage": 10,
								"minecraft:hand_equipped": true,
								"minecraft:can_destroy_in_creative": false,
								"minecraft:enchantable": {
									"slot": "sword",
									"value": 13
								},
								"minecraft:weapon": {
									"on_hurt_entity": {
										"event": "break"
									},
									"on_not_hurt_entity": {
										"event": "break"
									},
									"on_hit_block": {
										"event": "break"
									}
								}
							},
							"events": {
								"break": {
									"damage": {
										"type": "none",
										"amount": 1,
										"target": "self"
									}
								}
							}
						},
						"key": "components",
						"children": [
							{
								"open": {
									"minecraft:max_stack_size": 1,
									"minecraft:icon": {
										"texture": "mithril_sword"
									},
									"minecraft:display_name": {
										"value": "Mithril Sword"
									},
									"minecraft:creative_category": {
										"parent": "itemGroup.name.sword"
									},
									"minecraft:digger": {
										"destroy_speeds": [
											{
												"block": "minecraft:web",
												"speed": 15,
												"on_dig": {
													"event": "break"
												}
											},
											{
												"block": "minecraft:bamboo",
												"speed": 10,
												"on_dig": {
													"event": "break"
												}
											}
										],
										"use_efficiency": true,
										"on_dig": {
											"event": "break",
											"target": "self"
										}
									},
									"minecraft:durability": {
										"max_durability": 2400,
										"damage_chance": {
											"min": 1,
											"max": 1
										}
									},
									"minecraft:damage": 10,
									"minecraft:hand_equipped": true,
									"minecraft:can_destroy_in_creative": false,
									"minecraft:enchantable": {
										"slot": "sword",
										"value": 13
									},
									"minecraft:weapon": {
										"on_hurt_entity": {
											"event": "break"
										},
										"on_not_hurt_entity": {
											"event": "break"
										},
										"on_hit_block": {
											"event": "break"
										}
									}
								},
								"data": "1",
								"key": "minecraft:max_stack_size"
							},
							{
								"key": "minecraft:icon",
								"is_minified": true,
								"children": {
									"texture": "mithril_sword"
								}
							},
							{
								"key": "minecraft:display_name",
								"is_minified": true,
								"children": {
									"value": "Mithril Sword"
								}
							},
							{
								"open": {
									"minecraft:max_stack_size": 1,
									"minecraft:icon": {
										"texture": "mithril_sword"
									},
									"minecraft:display_name": {
										"value": "Mithril Sword"
									},
									"minecraft:creative_category": {
										"parent": "itemGroup.name.sword"
									},
									"minecraft:digger": {
										"destroy_speeds": [
											{
												"block": "minecraft:web",
												"speed": 15,
												"on_dig": {
													"event": "break"
												}
											},
											{
												"block": "minecraft:bamboo",
												"speed": 10,
												"on_dig": {
													"event": "break"
												}
											}
										],
										"use_efficiency": true,
										"on_dig": {
											"event": "break",
											"target": "self"
										}
									},
									"minecraft:durability": {
										"max_durability": 2400,
										"damage_chance": {
											"min": 1,
											"max": 1
										}
									},
									"minecraft:damage": 10,
									"minecraft:hand_equipped": true,
									"minecraft:can_destroy_in_creative": false,
									"minecraft:enchantable": {
										"slot": "sword",
										"value": 13
									},
									"minecraft:weapon": {
										"on_hurt_entity": {
											"event": "break"
										},
										"on_not_hurt_entity": {
											"event": "break"
										},
										"on_hit_block": {
											"event": "break"
										}
									}
								},
								"key": "minecraft:creative_category",
								"is_minified": true,
								"children": {
									"parent": "itemGroup.name.sword"
								}
							},
							{
								"open": {
									"minecraft:max_stack_size": 1,
									"minecraft:icon": {
										"texture": "mithril_sword"
									},
									"minecraft:display_name": {
										"value": "Mithril Sword"
									},
									"minecraft:creative_category": {
										"parent": "itemGroup.name.sword"
									},
									"minecraft:digger": {
										"destroy_speeds": [
											{
												"block": "minecraft:web",
												"speed": 15,
												"on_dig": {
													"event": "break"
												}
											},
											{
												"block": "minecraft:bamboo",
												"speed": 10,
												"on_dig": {
													"event": "break"
												}
											}
										],
										"use_efficiency": true,
										"on_dig": {
											"event": "break",
											"target": "self"
										}
									},
									"minecraft:durability": {
										"max_durability": 2400,
										"damage_chance": {
											"min": 1,
											"max": 1
										}
									},
									"minecraft:damage": 10,
									"minecraft:hand_equipped": true,
									"minecraft:can_destroy_in_creative": false,
									"minecraft:enchantable": {
										"slot": "sword",
										"value": 13
									},
									"minecraft:weapon": {
										"on_hurt_entity": {
											"event": "break"
										},
										"on_not_hurt_entity": {
											"event": "break"
										},
										"on_hit_block": {
											"event": "break"
										}
									}
								},
								"key": "minecraft:digger",
								"children": [
									{
										"key": "destroy_speeds",
										"children": [
											{
												"open": [
													{
														"block": "minecraft:web",
														"speed": 15,
														"on_dig": {
															"event": "break"
														}
													},
													{
														"block": "minecraft:bamboo",
														"speed": 10,
														"on_dig": {
															"event": "break"
														}
													}
												],
												"children": [
													{
														"data": "minecraft:web",
														"key": "block"
													},
													{
														"data": "15",
														"key": "speed"
													},
													{
														"open": {
															"block": "minecraft:web",
															"speed": 15,
															"on_dig": {
																"event": "break"
															}
														},
														"key": "on_dig",
														"is_minified": true,
														"children": {
															"event": "break"
														}
													}
												]
											},
											{
												"open": [
													{
														"block": "minecraft:web",
														"speed": 15,
														"on_dig": {
															"event": "break"
														}
													},
													{
														"block": "minecraft:bamboo",
														"speed": 10,
														"on_dig": {
															"event": "break"
														}
													}
												],
												"children": [
													{
														"data": "minecraft:bamboo",
														"key": "block"
													},
													{
														"data": "10",
														"key": "speed"
													},
													{
														"open": {
															"block": "minecraft:bamboo",
															"speed": 10,
															"on_dig": {
																"event": "break"
															}
														},
														"key": "on_dig",
														"is_minified": true,
														"children": {
															"event": "break"
														}
													}
												]
											}
										]
									},
									{
										"data": "true",
										"key": "use_efficiency"
									},
									{
										"open": {
											"destroy_speeds": [
												{
													"block": "minecraft:web",
													"speed": 15,
													"on_dig": {
														"event": "break"
													}
												},
												{
													"block": "minecraft:bamboo",
													"speed": 10,
													"on_dig": {
														"event": "break"
													}
												}
											],
											"use_efficiency": true,
											"on_dig": {
												"event": "break",
												"target": "self"
											}
										},
										"key": "on_dig",
										"is_minified": true,
										"children": {
											"event": "break",
											"target": "self"
										}
									}
								]
							},
							{
								"key": "minecraft:durability",
								"children": [
									{
										"open": {
											"max_durability": 2400,
											"damage_chance": {
												"min": 1,
												"max": 1
											}
										},
										"data": "2400",
										"key": "max_durability"
									},
									{
										"open": {
											"max_durability": 2400,
											"damage_chance": {
												"min": 1,
												"max": 1
											}
										},
										"key": "damage_chance",
										"is_minified": true,
										"children": {
											"min": 1,
											"max": 1
										}
									}
								]
							},
							{
								"open": {
									"minecraft:max_stack_size": 1,
									"minecraft:icon": {
										"texture": "mithril_sword"
									},
									"minecraft:display_name": {
										"value": "Mithril Sword"
									},
									"minecraft:creative_category": {
										"parent": "itemGroup.name.sword"
									},
									"minecraft:digger": {
										"destroy_speeds": [
											{
												"block": "minecraft:web",
												"speed": 15,
												"on_dig": {
													"event": "break"
												}
											},
											{
												"block": "minecraft:bamboo",
												"speed": 10,
												"on_dig": {
													"event": "break"
												}
											}
										],
										"use_efficiency": true,
										"on_dig": {
											"event": "break",
											"target": "self"
										}
									},
									"minecraft:durability": {
										"max_durability": 2400,
										"damage_chance": {
											"min": 1,
											"max": 1
										}
									},
									"minecraft:damage": 10,
									"minecraft:hand_equipped": true,
									"minecraft:can_destroy_in_creative": false,
									"minecraft:enchantable": {
										"slot": "sword",
										"value": 13
									},
									"minecraft:weapon": {
										"on_hurt_entity": {
											"event": "break"
										},
										"on_not_hurt_entity": {
											"event": "break"
										},
										"on_hit_block": {
											"event": "break"
										}
									}
								},
								"data": "10",
								"key": "minecraft:damage"
							},
							{
								"data": "true",
								"key": "minecraft:hand_equipped"
							},
							{
								"data": "false",
								"key": "minecraft:can_destroy_in_creative"
							},
							{
								"open": {
									"minecraft:max_stack_size": 1,
									"minecraft:icon": {
										"texture": "mithril_sword"
									},
									"minecraft:display_name": {
										"value": "Mithril Sword"
									},
									"minecraft:creative_category": {
										"parent": "itemGroup.name.sword"
									},
									"minecraft:digger": {
										"destroy_speeds": [
											{
												"block": "minecraft:web",
												"speed": 15,
												"on_dig": {
													"event": "break"
												}
											},
											{
												"block": "minecraft:bamboo",
												"speed": 10,
												"on_dig": {
													"event": "break"
												}
											}
										],
										"use_efficiency": true,
										"on_dig": {
											"event": "break",
											"target": "self"
										}
									},
									"minecraft:durability": {
										"max_durability": 2400,
										"damage_chance": {
											"min": 1,
											"max": 1
										}
									},
									"minecraft:damage": 10,
									"minecraft:hand_equipped": true,
									"minecraft:can_destroy_in_creative": false,
									"minecraft:enchantable": {
										"slot": "sword",
										"value": 13
									},
									"minecraft:weapon": {
										"on_hurt_entity": {
											"event": "break"
										},
										"on_not_hurt_entity": {
											"event": "break"
										},
										"on_hit_block": {
											"event": "break"
										}
									}
								},
								"key": "minecraft:enchantable",
								"is_minified": true,
								"children": {
									"slot": "sword",
									"value": 13
								}
							},
							{
								"open": {
									"minecraft:max_stack_size": 1,
									"minecraft:icon": {
										"texture": "mithril_sword"
									},
									"minecraft:display_name": {
										"value": "Mithril Sword"
									},
									"minecraft:creative_category": {
										"parent": "itemGroup.name.sword"
									},
									"minecraft:digger": {
										"destroy_speeds": [
											{
												"block": "minecraft:web",
												"speed": 15,
												"on_dig": {
													"event": "break"
												}
											},
											{
												"block": "minecraft:bamboo",
												"speed": 10,
												"on_dig": {
													"event": "break"
												}
											}
										],
										"use_efficiency": true,
										"on_dig": {
											"event": "break",
											"target": "self"
										}
									},
									"minecraft:durability": {
										"max_durability": 2400,
										"damage_chance": {
											"min": 1,
											"max": 1
										}
									},
									"minecraft:damage": 10,
									"minecraft:hand_equipped": true,
									"minecraft:can_destroy_in_creative": false,
									"minecraft:enchantable": {
										"slot": "sword",
										"value": 13
									},
									"minecraft:weapon": {
										"on_hurt_entity": {
											"event": "break"
										},
										"on_not_hurt_entity": {
											"event": "break"
										},
										"on_hit_block": {
											"event": "break"
										}
									}
								},
								"key": "minecraft:weapon",
								"is_minified": true,
								"children": {
									"on_hurt_entity": {
										"event": "break"
									},
									"on_not_hurt_entity": {
										"event": "break"
									},
									"on_hit_block": {
										"event": "break"
									}
								}
							}
						]
					},
					{
						"open": {
							"description": {
								"identifier": "sc:mithril_sword",
								"category": "equipment"
							},
							"components": {
								"minecraft:max_stack_size": 1,
								"minecraft:icon": {
									"texture": "mithril_sword"
								},
								"minecraft:display_name": {
									"value": "Mithril Sword"
								},
								"minecraft:creative_category": {
									"parent": "itemGroup.name.sword"
								},
								"minecraft:digger": {
									"destroy_speeds": [
										{
											"block": "minecraft:web",
											"speed": 15,
											"on_dig": {
												"event": "break"
											}
										},
										{
											"block": "minecraft:bamboo",
											"speed": 10,
											"on_dig": {
												"event": "break"
											}
										}
									],
									"use_efficiency": true,
									"on_dig": {
										"event": "break",
										"target": "self"
									}
								},
								"minecraft:durability": {
									"max_durability": 2400,
									"damage_chance": {
										"min": 1,
										"max": 1
									}
								},
								"minecraft:damage": 10,
								"minecraft:hand_equipped": true,
								"minecraft:can_destroy_in_creative": false,
								"minecraft:enchantable": {
									"slot": "sword",
									"value": 13
								},
								"minecraft:weapon": {
									"on_hurt_entity": {
										"event": "break"
									},
									"on_not_hurt_entity": {
										"event": "break"
									},
									"on_hit_block": {
										"event": "break"
									}
								}
							},
							"events": {
								"break": {
									"damage": {
										"type": "none",
										"amount": 1,
										"target": "self"
									}
								}
							}
						},
						"key": "events",
						"children": [
							{
								"open": {
									"break": {
										"damage": {
											"type": "none",
											"amount": 1,
											"target": "self"
										}
									}
								},
								"key": "break",
								"children": [
									{
										"open": {
											"damage": {
												"type": "none",
												"amount": 1,
												"target": "self"
											}
										},
										"key": "damage",
										"is_minified": true,
										"children": {
											"type": "none",
											"amount": 1,
											"target": "self"
										}
									}
								]
							}
						]
					}
				]
			}
		]
	}
}