{
	"file_path": "C:\\Users\\Freddy\\AppData\\Local\\Packages\\Microsoft.MinecraftUWP_8wekyb3d8bbwe\\LocalState\\games\\com.mojang\\development_behavior_packs\\Spry Conquest Overhaul\\items\\mithril\\mithril_boots.json",
	"file_type": "item",
	"format_version": 1,
	"file_uuid": "0b55037d_bf16_4323_9e30_bc380986f814",
	"file_version": 38,
	"cache_content": {
		"children": [
			{
				"data": "1.16.100",
				"key": "format_version"
			},
			{
				"open": {
					"format_version": "1.16.100",
					"minecraft:item": {
						"description": {
							"identifier": "sc:mithril_boots",
							"category": "equipment"
						},
						"components": {
							"minecraft:icon": {
								"texture": "mithril_boots"
							},
							"minecraft:max_stack_size": 1,
							"minecraft:wearable": {
								"dispensable": true,
								"slot": "slot.armor.feet"
							},
							"minecraft:creative_category": {
								"parent": "itemGroup.name.boots"
							},
							"minecraft:durability": {
								"max_damage": 510,
								"damage_chance": {
									"min": 60,
									"max": 100
								},
								"max_durability": 510
							},
							"minecraft:armor": {
								"protection": 2
							},
							"minecraft:display_name": {
								"value": "Mithril Boots"
							},
							"minecraft:enchantable": {
								"value": 15,
								"slot": "armor_feet"
							}
						},
						"events": {}
					}
				},
				"key": "minecraft:item",
				"children": [
					{
						"key": "description",
						"is_minified": true,
						"children": {
							"identifier": "sc:mithril_boots",
							"category": "equipment"
						}
					},
					{
						"open": {
							"description": {
								"identifier": "sc:mithril_boots",
								"category": "equipment"
							},
							"components": {
								"minecraft:icon": {
									"texture": "mithril_boots"
								},
								"minecraft:max_stack_size": 1,
								"minecraft:wearable": {
									"dispensable": true,
									"slot": "slot.armor.feet"
								},
								"minecraft:creative_category": {
									"parent": "itemGroup.name.boots"
								},
								"minecraft:durability": {
									"max_damage": 510,
									"damage_chance": {
										"min": 60,
										"max": 100
									},
									"max_durability": 510
								},
								"minecraft:armor": {
									"protection": 2
								},
								"minecraft:display_name": {
									"value": "Mithril Boots"
								},
								"minecraft:enchantable": {
									"value": 15,
									"slot": "armor_feet"
								}
							},
							"events": {}
						},
						"key": "components",
						"children": [
							{
								"key": "minecraft:icon",
								"is_minified": true,
								"children": {
									"texture": "mithril_boots"
								}
							},
							{
								"data": "1",
								"key": "minecraft:max_stack_size"
							},
							{
								"key": "minecraft:wearable",
								"is_minified": true,
								"children": {
									"dispensable": true,
									"slot": "slot.armor.feet"
								}
							},
							{
								"key": "minecraft:creative_category",
								"is_minified": true,
								"children": {
									"parent": "itemGroup.name.boots"
								}
							},
							{
								"open": {
									"minecraft:icon": {
										"texture": "mithril_boots"
									},
									"minecraft:max_stack_size": 1,
									"minecraft:wearable": {
										"dispensable": true,
										"slot": "slot.armor.feet"
									},
									"minecraft:creative_category": {
										"parent": "itemGroup.name.boots"
									},
									"minecraft:durability": {
										"max_damage": 510,
										"damage_chance": {
											"min": 60,
											"max": 100
										},
										"max_durability": 510
									},
									"minecraft:armor": {
										"protection": 2
									},
									"minecraft:display_name": {
										"value": "Mithril Boots"
									},
									"minecraft:enchantable": {
										"value": 15,
										"slot": "armor_feet"
									}
								},
								"key": "minecraft:durability",
								"is_minified": true,
								"children": {
									"max_damage": 510,
									"damage_chance": {
										"min": 60,
										"max": 100
									},
									"max_durability": 510
								}
							},
							{
								"key": "minecraft:armor",
								"is_minified": true,
								"children": {
									"protection": 2
								}
							},
							{
								"key": "minecraft:display_name",
								"is_minified": true,
								"children": {
									"value": "Mithril Boots"
								}
							},
							{
								"open": {
									"minecraft:icon": {
										"texture": "mithril_boots"
									},
									"minecraft:max_stack_size": 1,
									"minecraft:wearable": {
										"dispensable": true,
										"slot": "slot.armor.feet"
									},
									"minecraft:creative_category": {
										"parent": "itemGroup.name.boots"
									},
									"minecraft:durability": {
										"max_damage": 510,
										"damage_chance": {
											"min": 60,
											"max": 100
										},
										"max_durability": 510
									},
									"minecraft:armor": {
										"protection": 2
									},
									"minecraft:display_name": {
										"value": "Mithril Boots"
									},
									"minecraft:enchantable": {
										"value": 15,
										"slot": "armor_feet"
									}
								},
								"key": "minecraft:enchantable",
								"is_minified": true,
								"children": {
									"value": 15,
									"slot": "armor_feet"
								}
							}
						]
					},
					{
						"key": "events",
						"is_minified": true,
						"children": {}
					}
				]
			}
		]
	}
}