{
  "format_version": "1.16.100",
  "minecraft:item": {
    "description": {
      "identifier": "js:fix",
      "category": "Equipment"
    },
    "components": {
      "minecraft:creative_category": {
        "parent": "itemGroup.name.tools"
      },
      "minecraft:display_name": {
        "value": "item.js:fix.name"
      },
	  "minecraft:cooldown": {
		"duration": 5,
		"category": "fix"
	  },
      "minecraft:stacked_by_data": true,
      "minecraft:on_use": {
        "on_use": {
            "event": "js:fix",
             "target": "self"
            }
      },
      "minecraft:foil": true,
      "minecraft:allow_off_hand": false,
      "minecraft:hand_equipped": true,
      "minecraft:should_despawn": false,
      "minecraft:explodable": false,
      "minecraft:use_duration": 3200.0,
      "minecraft:max_stack_size": 64,
      "minecraft:icon": {
        "texture": "fix"
      }
    },
	"events": {
		"js:fix": {
			"sequence": [
				{
					"run_command": {
						"command": [
							"function Console.fix"
						],
						"target": "holder"
					}
				}
			]
		}
	}
  }
}