{
  "format_version": "1.16.100",
  "minecraft:item": {
    "description": {
      "identifier": "js:prestige",
      "category": "Equipment"
    },
    "components": {
      "minecraft:creative_category": {
        "parent": "itemGroup.name.tools"
      },
      "minecraft:display_name": {
        "value": "item.js:prestige.name"
      },
	  "minecraft:cooldown": {
		"duration": 2,
		"category": "prestige"
	  },
      "minecraft:stacked_by_data": true,
      "minecraft:on_use": {
        "on_use": {
            "event": "js:prestige",
             "target": "self"
            }
      },
      "minecraft:foil": true,
      "minecraft:allow_off_hand": false,
      "minecraft:hand_equipped": true,
      "minecraft:should_despawn": false,
      "minecraft:explodable": false,
      "minecraft:use_duration": 3200.0,
      "minecraft:max_stack_size": 64,
      "minecraft:icon": {
        "texture": "nether_star"
      }
    },
	"events": {
		"js:prestige": {
			"sequence": [
				{
					"condition": "q.scoreboard('location') == 0",
					"run_command": {
						"command": [
							"dialogue open @e[type=js:chuck,c=1] @s gui_apocalypse_weapon_prestige"
						],
						"target": "holder"
					}
				},
				{
					"condition": "q.scoreboard('location') != 0",
					"run_command": {
						"command": [
							"function dialogue_access"
						],
						"target": "holder"
					}
				}
			]
		}
	}
  }
}