{
  "format_version": "1.16.100",
  "minecraft:item": {
    "description": {
      "identifier": "js:tactical_shovel",
      "category": "Equipment"
    },
    "components": {
      "minecraft:display_name": {
        "value": "item.js:tactical_shovel.name"
      },
      "minecraft:creative_category": {
        "parent": "itemGroup.name.shovel"
      },
      "minecraft:damage": 2,
      "minecraft:enchantable": {
        "value": 10,
        "slot": "shovel"
      },
      "minecraft:durability": {
        "max_durability": 350
      },
	  "minecraft:repairable":{
		"repair_items": [
			{
				"items": [
					"js:tactical_shovel"
				],
				"repair_amount": "context.other->query.remaining_durability + 0.05 * context.other->query.max_durability"
			},
			{
				"items": [
					"minecraft:iron_ingot"
				],
				"repair_amount": 53
			}
		]
	  },
      "minecraft:hand_equipped": true,
      "minecraft:max_stack_size": 1,
      "minecraft:mining_speed": 12,
      "minecraft:digger": {
        "use_efficiency": true,
        "destroy_speeds": [
          {
		 	"block": {
				"tags": "q.any_tag('dirt','sand','gravel','grass')"
			},
			"speed": 12,
			"on_dig":{
				"event": "js:durability"
			}
          },
          {
            "block": "mineraft:dirt",
            "speed": 12,
			"on_dig":{
				"event": "js:durability"
			}
          },
          {
            "block": "mineraft:sand",
            "speed": 12,
			"on_dig":{
				"event": "js:durability"
			}
          },
          {
            "block": "mineraft:concrete_powder",
            "speed": 12,
			"on_dig":{
				"event": "js:durability"
			}
          },
          {
            "block": "mineraft:gravel",
            "speed": 12,
			"on_dig":{
				"event": "js:durability"
			}
          },
          {
            "block": "mineraft:grass",
            "speed": 12,
			"on_dig":{
				"event": "js:durability"
			}
          },
          {
            "block": "mineraft:grass_path",
            "speed": 12,
			"on_dig":{
				"event": "js:durability"
			}
          },
          {
            "block": "mineraft:farmland",
            "speed": 12,
			"on_dig":{
				"event": "js:durability"
			}
          },
          {
            "block": "mineraft:snow",
            "speed": 12,
			"on_dig":{
				"event": "js:durability"
			}
          },
          {
            "block": "js:wire_cage",
            "speed": 12,
			"on_dig":{
				"event": "js:durability"
			}
          },
          {
            "block": "js:toxic_barrel",
            "speed": 12,
			"on_dig":{
				"event": "js:durability"
			}
          },
          {
            "block": "js:toxic_barrel2",
            "speed": 12,
			"on_dig":{
				"event": "js:durability"
			}
          },
          {
            "block": "js:stats_block",
            "speed": 12,
			"on_dig":{
				"event": "js:durability"
			}
          },
          {
            "block": "js:trade_title",
            "speed": 12,
			"on_dig":{
				"event": "js:durability"
			}
          },
          {
            "block": "js:iron_spikes",
            "speed": 12,
			"on_dig":{
				"event": "js:durability"
			}
          },
          {
            "block": "js:metal_fence",
            "speed": 12,
			"on_dig":{
				"event": "js:durability"
			}
          },
          {
            "block": "js:boards",
            "speed": 12,
			"on_dig":{
				"event": "js:durability"
			}
          },
          {
            "block": "js:gravestone",
            "speed": 12,
			"on_dig":{
				"event": "js:durability"
			}
          },
          {
            "block": "js:trophy",
            "speed": 12,
			"on_dig":{
				"event": "js:durability"
			}
          },
          {
            "block": "js:zombie_totem",
            "speed": 12,
			"on_dig":{
				"event": "js:durability"
			}
          },
          {
            "block": "js:js_plush",
            "speed": 12,
			"on_dig":{
				"event": "js:durability"
			}
          },
          {
            "block": "js:render",
            "speed": 12,
			"on_dig":{
				"event": "js:durability"
			}
          },
          {
            "block": "js:dartboard",
            "speed": 12,
			"on_dig":{
				"event": "js:durability"
			}
          },
          {
            "block": "js:apocalypse_credits",
            "speed": 12,
			"on_dig":{
				"event": "js:durability"
			}
          },
          {
            "block": "js:chair",
            "speed": 12,
			"on_dig":{
				"event": "js:durability"
			}
          },
          {
            "block": "js:trade_title",
            "speed": 12,
			"on_dig":{
				"event": "js:durability"
			}
          },
          {
            "block": "js:shop_title",
            "speed": 12,
			"on_dig":{
				"event": "js:durability"
			}
          }
        ],
		"on_dig":{
			"event": "js:durability"
		}
      },
      "minecraft:icon": {
        "texture": "tactical_shovel"
      }
    },
	"events": {
		"js:durability": {
			"damage":{
				"type":"durability",
				"target":"self",
				"amount": 1
			}
		}
	}
  }
}