{"minecraft:entity":{"component_groups":{"minecraft:revert_to_skeleton":{"minecraft:transformation":{"delay":{"block_assist_chance":0.0,"block_chance":0.0,"block_radius":0.0,"value":0.5},"into":"minecraft:skeleton"}}},"components":{"minecraft:behavior.flee_sun":{"priority":2.0,"speed_multiplier":1.0},"minecraft:behavior.float":{"priority":0.0},"minecraft:behavior.hurt_by_target":{"priority":1.0},"minecraft:behavior.look_at_player":{"look_distance":8.0,"probability":0.0,"target_distance":0.0,"priority":6.0},"minecraft:behavior.nearest_attackable_target":{"entity_types":[{"filters":{"other_with_color":0.0,"other_with_families":["player"]},"max_dist":16}],"must_see":true,"within_radius":25,"priority":2.0},"minecraft:behavior.random_look_around":{"priority":6.0},"minecraft:behavior.random_stroll":{"xz_dist":0.0,"y_dist":0.0,"priority":5.0,"speed_multiplier":1.0},"minecraft:behavior.ranged_attack":{"attack_interval_max":3,"attack_interval_min":1,"attack_radius":15.0,"burst_interval":0.0,"burst_shots":0.0},"minecraft:behavior.restrict_sun":{"priority":1.0},"minecraft:burns_in_daylight":{},"minecraft:collision_box":{"height":1.95,"width":0.6},"minecraft:equipment":{"table":"loot_tables/entities/skeleton_gear.json"},"minecraft:health":{"max":20.0,"value":20.0},"minecraft:identifier":{"id":"minecraft:skeleton.stray"},"minecraft:loot":{"table":"loot_tables/entities/skeleton.json"},"minecraft:movement":{"max":0.25,"value":0.25},"minecraft:nameable":{},"minecraft:scale":{"max":1.0,"value":1.0},"minecraft:shooter":{"auxVal":19,"def":"minecraft:arrow","type":"Arrow"},"minecraft:tameable":{"probability":0.33,"tameItems":["fish","salmon"],"tame_event":{"event":"minecraft:on_tame","target":"self"}},"minecraft:type_family":{"family":["stray"]}},"events":{"change_to_skeleton":{"sequence":[{"add":{"component_groups":["minecraft:revert_to_skeleton"]},"filters":{"other_with_color":0.0,"with_environment_any":["underground"]},"remove":{}},{"randomize":[{"add":{"component_groups":["minecraft:revert_to_skeleton"]},"remove":{},"weight":20.0},{"add":{},"remove":{},"weight":80.0}]}]}},"format_version":"0.1"}}