{
    "pools": [
        {
            "rolls": 1,
            "entries": [
                {
                    "type": "item",
                    "weight": 1,
                    "name": "minecraft:emerald",
                    "conditions": [
                        {
                            "condition": "random_chance",
                            "chance": 0.25
                        }
                    ]
                }
            ]
        },
        {
            "rolls": 1,
            "entries": [
                {
                    "type": "item",
                    "weight": 1,
                    "name": "minecraft:log"
                }
            ]
        }
    ]
}