{
	"format_version": "1.10.0",
	"geometry.scplogo": {
		"texturewidth": 512,
		"textureheight": 256,
		"visible_bounds_width": 11,
		"visible_bounds_height": 3,
		"visible_bounds_offset": [0, 1.5, 0],
		"bones": [
			{
				"name": "logo",
				"pivot": [0, 4, 0]
			},
			{
				"name": "body",
				"parent": "logo",
				"pivot": [0, 0, 0],
				"cubes": [
					{"origin": [-81, 16, -5], "size": [11, 20, 12], "uv": [0, 0]},
					{"origin": [39, 16, -5], "size": [11, 20, 12], "uv": [0, 0]},
					{"origin": [-70, 0, -5], "size": [11, 16, 12], "uv": [0, 0]},
					{"origin": [50, 0, -5], "size": [11, 16, 12], "uv": [0, 0]},
					{"origin": [-70, 29, -5], "size": [11, 7, 12], "uv": [0, 0]},
					{"origin": [50, 29, -5], "size": [11, 7, 12], "uv": [0, 0]},
					{"origin": [-81, 0, -5], "size": [11, 7, 12], "uv": [0, 0]},
					{"origin": [39, 0, -5], "size": [11, 7, 12], "uv": [0, 0]},
					{"origin": [-70, 16, -5], "size": [11, 8, 12], "uv": [0, 0]},
					{"origin": [50, 16, -5], "size": [11, 8, 12], "uv": [0, 0]}
				]
			},
			{
				"name": "tail",
				"parent": "body",
				"pivot": [0, 31, 40]
			},
			{
				"name": "left_arm",
				"parent": "body",
				"pivot": [12, 28, -16],
				"cubes": [
					{"origin": [-27, 0, -3], "size": [8, 36, 8], "uv": [112, 104]},
					{"origin": [11, 0, -3], "size": [8, 36, 8], "uv": [112, 104]},
					{"origin": [-19, 30, -3], "size": [9, 6, 8], "uv": [112, 104]},
					{"origin": [19, 30, -3], "size": [9, 6, 8], "uv": [112, 104]},
					{"origin": [-10, 18, -3], "size": [5, 18, 8], "uv": [112, 104]},
					{"origin": [28, 18, -3], "size": [5, 18, 8], "uv": [112, 104]},
					{"origin": [-19, 18, -3], "size": [9, 6, 8], "uv": [112, 104]},
					{"origin": [19, 18, -3], "size": [9, 6, 8], "uv": [112, 104]},
					{"origin": [-4, 11, -2], "size": [9, 5, 3], "uv": [144, 104]}
				]
			},
			{
				"name": "right_arm",
				"parent": "body",
				"pivot": [-12, 28, -16],
				"cubes": [
					{"origin": [-54, 6, -3], "size": [8, 24, 8], "uv": [112, 104]},
					{"origin": [-51, 0, -3], "size": [20, 6, 8], "uv": [144, 104]},
					{"origin": [-51, 30, -3], "size": [20, 6, 8], "uv": [144, 104]}
				]
			},
			{
				"name": "right_wing",
				"parent": "body",
				"pivot": [-12, 39, -2],
				"cubes": [
					{"origin": [-69, 37, 2], "size": [1, 7, 2], "uv": [112, 136]},
					{"origin": [-46, 37, 2], "size": [1, 7, 2], "uv": [112, 136]},
					{"origin": [-29, 38, 2], "size": [1, 5, 2], "uv": [112, 136]},
					{"origin": [-80, 37, 2], "size": [1, 7, 2], "uv": [112, 136]},
					{"origin": [-18, 37, 2], "size": [1, 7, 2], "uv": [112, 136]},
					{"origin": [-79, 41, 2], "size": [1, 1, 2], "uv": [112, 136]},
					{"origin": [-17, 41, 2], "size": [1, 1, 2], "uv": [112, 136]},
					{"origin": [-78, 40, 2], "size": [1, 1, 2], "uv": [112, 136]},
					{"origin": [-16, 40, 2], "size": [1, 1, 2], "uv": [112, 136]},
					{"origin": [-77, 39, 2], "size": [1, 1, 2], "uv": [112, 136]},
					{"origin": [-15, 39, 2], "size": [1, 1, 2], "uv": [112, 136]},
					{"origin": [-76, 37, 2], "size": [1, 7, 2], "uv": [112, 136]},
					{"origin": [-14, 37, 2], "size": [1, 7, 2], "uv": [112, 136]},
					{"origin": [0, 37, 2], "size": [1, 7, 2], "uv": [112, 136]},
					{"origin": [11, 39, 2], "size": [1, 7, 2], "uv": [112, 136]},
					{"origin": [13, 39, 2], "size": [1, 7, 2], "uv": [112, 136]},
					{"origin": [5, 37, 2], "size": [1, 7, 2], "uv": [112, 136]},
					{"origin": [-24, 38, 2], "size": [1, 5, 2], "uv": [112, 136]},
					{"origin": [-20, 38, 2], "size": [1, 5, 2], "uv": [112, 136]},
					{"origin": [-6, 38, 2], "size": [1, 5, 2], "uv": [112, 136]},
					{"origin": [-2, 38, 2], "size": [1, 5, 2], "uv": [112, 136]},
					{"origin": [-8, 38, 3], "size": [1, 2, 1], "uv": [112, 136]},
					{"origin": [-12, 41, 3], "size": [1, 2, 1], "uv": [112, 136]},
					{"origin": [-28, 37, 2], "size": [3, 1, 2], "uv": [112, 136]},
					{"origin": [-28, 43, 2], "size": [3, 1, 2], "uv": [112, 136]},
					{"origin": [-23, 43, 2], "size": [3, 1, 2], "uv": [112, 136]},
					{"origin": [-23, 37, 2], "size": [3, 1, 2], "uv": [112, 136]},
					{"origin": [-5, 37, 2], "size": [3, 1, 2], "uv": [112, 136]},
					{"origin": [1, 37, 2], "size": [3, 1, 2], "uv": [112, 136]},
					{"origin": [6, 37, 2], "size": [3, 1, 2], "uv": [112, 136]},
					{"origin": [11, 37, 2], "size": [1, 1, 2], "uv": [112, 136]},
					{"origin": [13, 37, 2], "size": [1, 1, 2], "uv": [112, 136]},
					{"origin": [6, 43, 2], "size": [3, 1, 2], "uv": [112, 136]},
					{"origin": [6, 40, 2], "size": [2, 1, 2], "uv": [112, 136]},
					{"origin": [-5, 43, 2], "size": [3, 1, 2], "uv": [112, 136]},
					{"origin": [-12, 37, 2], "size": [4, 1, 2], "uv": [112, 136]},
					{"origin": [-11, 43, 2], "size": [4, 1, 2], "uv": [112, 136]},
					{"origin": [-11, 40, 2], "size": [3, 1, 2], "uv": [112, 136]},
					{"origin": [-59, 38, 2], "size": [1, 5, 2], "uv": [112, 136]},
					{"origin": [-62, 37, 2], "size": [3, 1, 2], "uv": [112, 136]},
					{"origin": [-59, 44, 2], "size": [1, 1, 2], "uv": [112, 136]},
					{"origin": [-74, 38, 2], "size": [1, 2, 2], "uv": [112, 136]},
					{"origin": [-57, 38, 2], "size": [1, 2, 2], "uv": [112, 136]},
					{"origin": [-54, 38, 2], "size": [1, 2, 2], "uv": [112, 136]},
					{"origin": [-49, 38, 2], "size": [1, 1, 2], "uv": [112, 136]},
					{"origin": [-52, 40, 2], "size": [1, 1, 2], "uv": [112, 136]},
					{"origin": [-71, 38, 2], "size": [1, 2, 2], "uv": [112, 136]},
					{"origin": [-36, 37, 2], "size": [1, 3, 2], "uv": [112, 136]},
					{"origin": [-38, 38, 2], "size": [2, 1, 2], "uv": [112, 136]},
					{"origin": [-39, 37, 2], "size": [1, 3, 2], "uv": [112, 136]},
					{"origin": [-38, 40, 2], "size": [2, 1, 2], "uv": [112, 136]},
					{"origin": [-73, 37, 2], "size": [2, 1, 2], "uv": [112, 136]},
					{"origin": [-56, 37, 2], "size": [2, 1, 2], "uv": [112, 136]},
					{"origin": [-52, 37, 2], "size": [3, 1, 2], "uv": [112, 136]},
					{"origin": [-51, 39, 2], "size": [2, 1, 2], "uv": [112, 136]},
					{"origin": [-51, 41, 2], "size": [3, 1, 2], "uv": [112, 136]},
					{"origin": [-73, 40, 2], "size": [2, 1, 2], "uv": [112, 136]},
					{"origin": [-70, 42, 2], "size": [3, 1, 2], "uv": [112, 136]},
					{"origin": [-47, 42, 2], "size": [3, 1, 2], "uv": [112, 136]}
				]
			},
			{
				"name": "head",
				"parent": "body",
				"pivot": [0, 31, -24]
			},
			{
				"name": "left_leg",
				"parent": "body",
				"pivot": [12, 38, 31]
			},
			{
				"name": "right_leg",
				"parent": "body",
				"pivot": [-12, 38, 31]
			},
			{
				"name": "left_wing",
				"parent": "body",
				"pivot": [12, 39, -2],
				"cubes": [
					{"origin": [68, 0, -4], "size": [8, 14, 10], "uv": [112, 136]},
					{"origin": [84, 0, -4], "size": [8, 14, 10], "uv": [112, 136]},
					{"origin": [68, 20, -4], "size": [8, 16, 10], "uv": [112, 136]},
					{"origin": [84, 20, -4], "size": [8, 16, 10], "uv": [112, 136]},
					{"origin": [76, 14, -4], "size": [8, 6, 10], "uv": [112, 136]}
				]
			}
		]
	}
}