{
	"format_version": "1.10.0",
	"geometry.vhs": {
		"texturewidth": 128,
		"textureheight": 64,
		"visible_bounds_width": 2,
		"visible_bounds_height": 1,
		"visible_bounds_offset": [0, 0.5, 0],
		"bones": [
			{
				"name": "thing",
				"pivot": [0, 0, 0]
			},
			{
				"name": "body",
				"parent": "thing",
				"pivot": [0, 0, 0]
			},
			{
				"name": "left_arm",
				"parent": "body",
				"pivot": [3.5, 10, -8]
			},
			{
				"name": "right_arm",
				"parent": "body",
				"pivot": [-3.5, 10, -8]
			},
			{
				"name": "left_leg",
				"parent": "body",
				"pivot": [4.5, 10, 6]
			},
			{
				"name": "right_leg",
				"parent": "body",
				"pivot": [-4.5, 10, 6]
			},
			{
				"name": "rot",
				"parent": "body",
				"pivot": [-2, 15, 12],
				"rotation": [90, 0, 0],
				"cubes": [
					{"origin": [-8, 22, -3], "size": [16, 10, 2], "uv": [0, 19]}
				]
			},
			{
				"name": "head",
				"parent": "body",
				"pivot": [0, 14, -16],
				"mirror": true
			}
		]
	}
}