{
 "format_version": "1.13.0",
 "minecraft:entity": {
  "description": {
   "identifier": "pl:dodo",
   "is_experimental": false,
   "is_spawnable": true,
   "is_summonable": true
  },
  "component_groups": {
   "adult": {
    "minecraft:scale": {
     "value": 1.2
    },
    "minecraft:sittable": {
     "sit_event": {
      "event": "pl:sentado",
      "target": "self"
     },
     "stand_event": {
      "event": "pl:levantado",
      "target": "self"
     }
    },
    "minecraft:loot": {
     "table": "loot_tables/entities/dodo.json"
    },
    "minecraft:movement": {
     "value": {
      "range_max": 0.22,
      "range_min": 0.2
     }
    },
    "minecraft:experience_reward": {
     "on_bred": "Math.Random(100)",
     "on_death": "query.last_hit_by_player ? Math.Random(300) : 0"
    },
    "minecraft:behavior.breed": {
     "priority": 2,
     "speed_multiplier": 1
    }
   },
   "interac": {
    "minecraft:breedable": {
     "breeds_with": [
      {
       "baby_type": "pl:dodo_huevo",
       "breed_event": {
        "event": "pl:fase_1",
        "target": "baby"
       },
       "mate_type": "pl:dodo"
      }
     ],
     "require_tame": true,
     "breed_items": [
      "sweet_berries"
     ]
    },
    "minecraft:interact": {
     "interactions": [
      {
       "interact_text": "Seguirme",
       "on_interact": {
        "event": "pl:seguirme",
        "filters": {
         "all_of": [
          {
           "domain": "hand",
           "operator": "==",
           "subject": "other",
           "test": "has_equipment",
           "value": "pl:silvato_seguir"
          },
          {
           "operator": "==",
           "subject": "other",
           "test": "is_owner",
           "value": true
          },
          {
           "test": "has_component",
           "value": "minecraft:is_tamed"
          },
          {
           "operator": "not",
           "test": "has_component",
           "value": "minecraft:shareables"
          },
          {
           "operator": "!=",
           "subject": "self",
           "test": "has_component",
           "value": "minecraft:is_baby"
          }
         ]
        },
        "target": "self"
       },
       "use_item": false
      },
      {
       "interact_text": "Diambular",
       "on_interact": {
        "event": "pl:diambular",
        "filters": {
         "all_of": [
          {
           "domain": "hand",
           "operator": "==",
           "subject": "other",
           "test": "has_equipment",
           "value": "pl:silvato_seguir"
          },
          {
           "operator": "==",
           "subject": "other",
           "test": "is_owner",
           "value": true
          },
          {
           "test": "has_component",
           "value": "minecraft:is_tamed"
          },
          {
           "test": "has_component",
           "value": "minecraft:shareables"
          },
          {
           "operator": "!=",
           "subject": "self",
           "test": "has_component",
           "value": "minecraft:is_baby"
          }
         ]
        },
        "target": "self"
       },
       "use_item": false
      }
     ]
    }
   },
   "bebe_domable": {
    "minecraft:tameable": {
     "probability": 0.2,
     "tame_items": [
      "sweet_berries"
     ],
     "tame_event": {
      "event": "pl:domado",
      "target": "self"
     }
    }
   },
   "bebe": {
    "minecraft:behavior.follow_parent": {
     "priority": 1,
     "speed_multiplier": 1.1
    },
    "minecraft:is_baby": {},
    "minecraft:ageable": {
     "duration": 1200,
     "feed_items": "apple",
     "grow_up": {
      "event": "minecraft:ageable_grow_up",
      "target": "self"
     }
    },
    "minecraft:scale": {
     "value": 0.4
    },
    "minecraft:sittable": {},
    "minecraft:behavior.panic": {
     "priority": 3,
     "speed_multiplier": 1.25
    },
    "minecraft:movement": {
     "value": {
      "range_max": 0.25,
      "range_min": 0.2
     }
    },
    "minecraft:behavior.avoid_mob_type": {
     "priority": 3,
     "entity_types": [
      {
       "filters": {
        "any_of": [
         {
          "test": "is_family",
          "subject": "other",
          "value": "player"
         },
         {
          "test": "is_family",
          "subject": "other",
          "value": "rex"
         },
         {
          "test": "is_family",
          "subject": "other",
          "value": "ichthyovenator"
         },
         {
          "test": "is_family",
          "subject": "other",
          "value": "carnotauro"
         },
         {
          "test": "is_family",
          "subject": "other",
          "value": "allosaurio"
         },
         {
          "test": "is_family",
          "subject": "other",
          "value": "espinosaurio"
         },
         {
          "test": "is_family",
          "subject": "other",
          "value": "dilofosaurio"
         }
        ]
       },
       "max_dist": 6,
       "walk_speed_multiplier": 1,
       "sprint_speed_multiplier": 1.2
      }
     ]
    }
   },
   "salvaje": {
    "minecraft:behavior.hurt_by_target": {
     "priority": 1
    },
    "minecraft:behavior.owner_hurt_target": {
     "priority": 1
    },
    "minecraft:spawn_entity": [
     {
      "min_wait_time": 5,
      "max_wait_time": 7000,
      "spawn_entity": "pl:dodo_huevo",
      "spawn_event": "minecraft:from_wandering_trader",
      "single_use": false,
      "num_to_spawn": 1,
      "should_leash": false
     }
    ],
    "minecraft:behavior.avoid_mob_type": {
     "priority": 3,
     "entity_types": [
      {
       "filters": {
        "any_of": [
         {
          "test": "is_family",
          "subject": "other",
          "value": "player"
         },
         {
          "test": "is_family",
          "subject": "other",
          "value": "rex"
         },
         {
          "test": "is_family",
          "subject": "other",
          "value": "ichthyovenator"
         },
         {
          "test": "is_family",
          "subject": "other",
          "value": "carnotauro"
         },
         {
          "test": "is_family",
          "subject": "other",
          "value": "allosaurio"
         },
         {
          "test": "is_family",
          "subject": "other",
          "value": "espinosaurio"
         },
         {
          "test": "is_family",
          "subject": "other",
          "value": "dilofosaurio"
         }
        ]
       },
       "max_dist": 6,
       "walk_speed_multiplier": 1,
       "sprint_speed_multiplier": 1.2
      }
     ]
    },
    "minecraft:behavior.panic": {
     "priority": 3,
     "speed_multiplier": 1.25
    }
   },
   "domado": {
    "minecraft:is_tamed": {},
    "minecraft:behavior.tempt": {
     "priority": 1,
     "speed_multiplier": 0.9,
     "items": [
      "sweet_berries"
     ]
    },
    "minecraft:behavior.beg": {
     "priority": 0,
     "look_distance": 15,
     "look_time": [
      100,
      100
     ],
     "items": [
      "sweet_berries"
     ]
    },
    "minecraft:boss": {
     "hud_range": 3,
     "name": "Dodo Domado",
     "should_darken_sky": false
    }
   },
   "seguirme": {
    "minecraft:shareables": {},
    "minecraft:behavior.follow_owner": {
     "priority": 1,
     "speed_multiplier": 1.3,
     "start_distance": 15,
     "stop_distance": 5
    }
   },
   "var0": {
    "minecraft:variant": {
     "value": 0
    }
   },
   "var1": {
    "minecraft:variant": {
     "value": 1
    }
   }
  },
  "components": {
   "minecraft:nameable": {},
   "minecraft:breathable": {
    "total_supply": 15,
    "suffocate_time": 0
   },
   "minecraft:hurt_on_condition": {
    "damage_conditions": [
     {
      "filters": {
       "test": "in_lava",
       "subject": "self",
       "operator": "==",
       "value": true
      },
      "cause": "lava",
      "damage_per_tick": 4
     }
    ]
   },
   "minecraft:navigation.walk": {
    "can_path_over_water": true,
    "avoid_damage_blocks": true
   },
   "minecraft:movement.basic": {},
   "minecraft:jump.static": {},
   "minecraft:can_climb": {},
   "minecraft:behavior.stay_while_sitting": {
    "priority": 0
   },
   "minecraft:behavior.look_at_player": {
    "priority": 6,
    "target_distance": 6,
    "probability": 0.02
   },
   "minecraft:physics": {},
   "minecraft:pushable": {
    "is_pushable": true,
    "is_pushable_by_piston": true
   },
   "minecraft:collision_box": {
    "height": "0.5",
    "width": 0.5
   },
   "minecraft:pushable": {
    "is_pushable": true,
    "is_pushable_by_piston": true
   },
   "minecraft:type_family": {
    "family": [
     "dodo"
    ]
   },
   "minecraft:behavior.random_stroll": {
    "priority": 2,
    "speed_multiplier": 1.5
   },
   "minecraft:health": {
    "value": {
     "range_max": 50,
     "range_min": 20
    }
   },
   "minecraft:follow_range": {
    "value": 50
   },
   "minecraft:healable": {
    "items": [
     {
      "heal_amount": 5,
      "item": "sweet_berries"
     },
     {
      "heal_amount": 10,
      "item": "pl:alim_dino_herv"
     }
    ]
   },
   "minecraft:balloonable": {
    "mass": 0.25
   },
   "minecraft:behavior.random_look_around_and_sit": {
    "priority": 6,
    "min_look_count": 2,
    "max_look_count": 5,
    "min_look_time": 80,
    "max_look_time": 100,
    "probability": 0.002
   },
   "minecraft:behavior.lay_down": {
    "priority": 7,
    "interval": 400,
    "random_stop_interval": 2000
   },
   "minecraft:behavior.float": {
    "priority": 0
   }
  },
  "events": {
   "minecraft:entity_spawned": {
    "sequence": [
     {
      "randomize": [
       {
        "weight": 36,
        "add": {
         "component_groups": [
          "adult",
          "salvaje"
         ]
        }
       },
       {
        "weight": 5,
        "add": {
         "component_groups": [
          "bebe",
          "bebe_domable"
         ]
        },
        "remove": {
         "component_groups": [
          "montable"
         ]
        }
       }
      ]
     },
     {
      "randomize": [
       {
        "weight": 15,
        "add": {
         "component_groups": [
          "var0"
         ]
        }
       },
       {
        "weight": 15,
        "add": {
         "component_groups": [
          "var1"
         ]
        }
       }
      ]
     }
    ]
   },
   "pl:domado": {
    "sequence": [
     {
      "randomize": [
       {
        "weight": 36,
        "add": {
         "component_groups": [
          "interac",
          "seguirme",
          "domado"
         ]
        }
       }
      ]
     }
    ]
   },
   "pl:bebe": {
    "sequence": [
     {
      "randomize": [
       {
        "weight": 5,
        "add": {
         "component_groups": [
          "bebe",
          "bebe_domable"
         ]
        },
        "remove": {
         "component_groups": [
          "montable"
         ]
        }
       }
      ]
     },
     {
      "randomize": [
       {
        "weight": 15,
        "add": {
         "component_groups": [
          "var0"
         ]
        }
       },
       {
        "weight": 15,
        "add": {
         "component_groups": [
          "var1"
         ]
        }
       }
      ]
     }
    ]
   },
   "pl:seguirme": {
    "add": {
     "component_groups": [
      "seguirme"
     ]
    }
   },
   "pl:diambular": {
    "remove": {
     "component_groups": [
      "seguirme"
     ]
    }
   },
   "pl:levantado": {
    "add": {
     "component_groups": [
      "montable"
     ]
    },
    "remove": {
     "component_groups": [
      "salvaje"
     ]
    }
   },
   "pl:sentado": {
    "remove": {
     "component_groups": [
      "montable",
      "salvaje"
     ]
    },
    "add": {}
   },
   "minecraft:ageable_grow_up": {
    "sequence": [
     {
      "randomize": [
       {
        "weight": 5,
        "remove": {
         "component_groups": [
          "bebe",
          "bebe_domable"
         ]
        },
        "add": {
         "component_groups": [
          "adult",
          "modo_ataque"
         ]
        }
       }
      ]
     }
    ]
   }
  }
 }
}