{
	"format_version": "1.10.0",
	"minecraft:client_entity": {
		"description": {
			"identifier": "minecraft:npc",
			"materials": {
				"default": "npc"
			},
			"textures": {
				"npc_1": "textures/entity/npc/npc_1",
				"npc_2": "textures/entity/npc/npc_2",
				"npc_3": "textures/entity/npc/npc_3"
			},
			"geometry": {
				"default": "geometry.npc"
			},
			"scripts": {
				"scale": "0.9375",
				"animate": [
					"general",
					"look_at_target"
				]
			},
			"animations": {
				"general": "animation.npc.general",
				"look_at_target": "animation.humanoid.look_at_target.default"
			},
			"render_controllers": [
				"controller.render.npc"
			],
			"spawn_egg": {
				"texture": "spawn_egg",
				"texture_index": 35
			}
		}
	}
}