{
  "step": {
    "category": "neutral",
  "max_distance": 100.0,
    "sounds": [
      "sounds/mob/sirenhead/step"
    ]
  },
  "pick.code": {
    "category": "neutral",
  "max_distance": 100.0,
    "sounds": [
      "sounds/paper/pick"
    ]
  },
  "ambient.forest": {
    "category": "neutral",
  "max_distance": 520.0,
    "sounds": [
      "sounds/ambient/forest"
    ]
  },
  "helicopter.loop": {
    "category": "neutral",
  "max_distance": 520.0,
    "sounds": [
      "sounds/helicopter/loop"
    ]
  },
  "jump.scare": {
    "category": "neutral",
  "max_distance": 520.0,
    "sounds": [
      "sounds/jumpscare/jump"
    ]
  },
  "end.credit": {
    "category": "neutral",
  "max_distance": 520.0,
    "sounds": [
      "sounds/end/credit"
    ]
  },
  "ambient.birds": {
    "category": "neutral",
  "max_distance": 520.0,
    "sounds": [
      "sounds/ambient/birds"
    ]
  },
  "intro.introa": {
    "category": "neutral",
  "max_distance": 520.0,
    "sounds": [
      "sounds/intro/intro1"
    ]
  },
  "intro.introb": {
    "category": "neutral",
  "max_distance": 520.0,
    "sounds": [
      "sounds/intro/intro2"
    ]
  },
  "mob.sirenhead.idle": {
    "category": "neutral",
  "max_distance": 200.0,
    "sounds": [
      "sounds/mob/sirenhead/wo",
      "sounds/mob/sirenhead/siren1",
      "sounds/mob/sirenhead/siren2"
    ]
  }
}