{
	"file_path": "C:\\Users\\Owner\\AppData\\Local\\Packages\\Microsoft.MinecraftUWP_8wekyb3d8bbwe\\LocalState\\games\\com.mojang\\development_behavior_packs\\Raiyon's More Swords\\recipes\\web_sword.json",
	"file_type": "recipe",
	"format_version": 1,
	"file_uuid": "af3161c9_6867_4849_a8bc_3ec9f07c7211",
	"file_version": 1,
	"cache_content": {
		"children": [
			{
				"open": {
					"format_version": "1.17.0",
					"minecraft:recipe_shaped": {
						"description": {
							"identifier": "ray:web_sword"
						},
						"tags": [
							"crafting_table"
						],
						"pattern": [
							"X",
							"X",
							"#"
						],
						"key": {
							"#": {
								"item": "minecraft:stick"
							},
							"X": {
								"item": "minecraft:web"
							}
						},
						"result": [
							{
								"item": "ray:web_sword"
							}
						]
					}
				},
				"data": "1.17.0",
				"key": "format_version"
			},
			{
				"open": {
					"format_version": "1.17.0",
					"minecraft:recipe_shaped": {
						"description": {
							"identifier": "ray:web_sword"
						},
						"tags": [
							"crafting_table"
						],
						"pattern": [
							"X",
							"X",
							"#"
						],
						"key": {
							"#": {
								"item": "minecraft:stick"
							},
							"X": {
								"item": "minecraft:web"
							}
						},
						"result": [
							{
								"item": "ray:web_sword"
							}
						]
					}
				},
				"key": "minecraft:recipe_shaped",
				"children": [
					{
						"open": {
							"description": {
								"identifier": "ray:web_sword"
							},
							"tags": [
								"crafting_table"
							],
							"pattern": [
								"X",
								"X",
								"#"
							],
							"key": {
								"#": {
									"item": "minecraft:stick"
								},
								"X": {
									"item": "minecraft:web"
								}
							},
							"result": [
								{
									"item": "ray:web_sword"
								}
							]
						},
						"key": "description",
						"is_minified": true,
						"children": {
							"identifier": "ray:web_sword"
						}
					},
					{
						"open": {
							"description": {
								"identifier": "ray:web_sword"
							},
							"tags": [
								"crafting_table"
							],
							"pattern": [
								"X",
								"X",
								"#"
							],
							"key": {
								"#": {
									"item": "minecraft:stick"
								},
								"X": {
									"item": "minecraft:web"
								}
							},
							"result": [
								{
									"item": "ray:web_sword"
								}
							]
						},
						"key": "tags",
						"is_minified": true,
						"children": [
							"crafting_table"
						]
					},
					{
						"open": {
							"description": {
								"identifier": "ray:web_sword"
							},
							"tags": [
								"crafting_table"
							],
							"pattern": [
								"X",
								"X",
								"#"
							],
							"key": {
								"#": {
									"item": "minecraft:stick"
								},
								"X": {
									"item": "minecraft:web"
								}
							},
							"result": [
								{
									"item": "ray:web_sword"
								}
							]
						},
						"key": "pattern",
						"is_minified": true,
						"children": [
							"X",
							"X",
							"#"
						]
					},
					{
						"open": {
							"description": {
								"identifier": "ray:web_sword"
							},
							"tags": [
								"crafting_table"
							],
							"pattern": [
								"X",
								"X",
								"#"
							],
							"key": {
								"#": {
									"item": "minecraft:stick"
								},
								"X": {
									"item": "minecraft:web"
								}
							},
							"result": [
								{
									"item": "ray:web_sword"
								}
							]
						},
						"key": "key",
						"children": [
							{
								"key": "#",
								"is_minified": true,
								"children": {
									"item": "minecraft:stick"
								}
							},
							{
								"open": {
									"#": {
										"item": "minecraft:stick"
									},
									"X": {
										"item": "minecraft:web"
									}
								},
								"key": "X",
								"is_minified": true,
								"children": {
									"item": "minecraft:web"
								}
							}
						]
					},
					{
						"open": {
							"description": {
								"identifier": "ray:web_sword"
							},
							"tags": [
								"crafting_table"
							],
							"pattern": [
								"X",
								"X",
								"#"
							],
							"key": {
								"#": {
									"item": "minecraft:stick"
								},
								"X": {
									"item": "minecraft:web"
								}
							},
							"result": [
								{
									"item": "ray:web_sword"
								}
							]
						},
						"key": "result",
						"children": [
							{
								"open": [
									{
										"item": "ray:web_sword"
									}
								],
								"is_minified": true,
								"children": {
									"item": "ray:web_sword"
								}
							}
						]
					}
				]
			}
		]
	}
}