{
    "format_version": "1.16.0",
    "minecraft:block": {
        "description": {
            "identifier": "furnicraft:bateria_morado",
            "properties": {
                "furnicraft:face": [ 2, 3, 4, 5 ]
            }
        },
        "components": {
		    "minecraft:creative_category": {
            "group": "itemGroup.name.furnicraft_bateria",
            "category": "items"
		    },
            "minecraft:material_instances": {
                "*": {
                    "texture": "auto_morado",
                    "render_method": "opaque"
                }
            },
            "minecraft:pick_collision": {
                "origin": [ -8, 0, -8 ],
                "size": [ 16, 16, 16 ]
            },
            "minecraft:geometry": "geometry.bateria",
            "minecraft:destroy_time": 1.0,
			"minecraft:block_light_absorption": 0.5,
                        "minecraft:block_light_emission": 0.2,
			"minecraft:entity_collision":{
			"origin":[ -8.0, 0.0, -8.0 ],
			"size":[ 16, 16, 16 ]
			},           "minecraft:on_player_placing": {
                "event": "furnicraft:sitio"
            },
            "minecraft:on_interact": { 
			"event": "furnicraft:sentar"
			},
            "minecraft:friction": 0.6,
            "minecraft:map_color": "#00ff00",
            "minecraft:flammable": {
                "flame_odds": 0,
                "burn_odds": 0
            }
        },
        "events": {
      "furnicraft:sitio": {
            "set_block_property": {
              "furnicraft:face": "(query.cardinal_player_facing)"
            }
          },
      "furnicraft:sentar": {
            "run_command": {
              "command": [
"summon furnicraft:bateriasound on ~ ~ ~"
            ]
          }
        }
      },
        "permutations": [
            {
                "condition": "query.block_property('furnicraft:face') == 3",
                "components": {
                    "minecraft:rotation": [ 0, 180, 0 ]
                }
            },
            {
                "condition": "query.block_property('furnicraft:face') == 4",
                "components": {
                    "minecraft:rotation": [ 0, 90, 0 ]
                }
            },
            {
                "condition": "query.block_property('furnicraft:face') == 5",
                "components": {
                    "minecraft:rotation": [ 0, 270, 0 ]
                }
            }
        ]
    }
}
