{
  "format_version": "1.16.100",
  "minecraft:item": {
    "description": {
      "identifier": "serp:fire_stone",
      "category": "Equipment"
    },
    "components": {
      "minecraft:display_name":{
    "value":"item.serp:fire_stone.name"
         },
      "minecraft:allow_off_hand": true,
      "minecraft:hand_equipped": true,
	  "minecraft:creative_category": {
	"parent": "itemGroup.name.equipment"
			},
  "minecraft:render_offsets": {
        "main_hand": {
"first_person":{"scale": [0.01,0.01,0.01]},
"third_person":{"scale": [0.02,0.02,0.02]}},
        "off_hand": {
"first_person":{"scale":[0.01,0.01,0.01]},
"third_person":{"scale":[0.02,0.02,0.02]}}
      },
      "minecraft:max_stack_size": 1,
	  "minecraft:icon": {
		"texture": "fire_stone"
	  }
    }
  }
}