{
 "format_version": "1.16.100",
 "minecraft:item": {
  "description": {
   "identifier": "pl:boomerang_primitivo",
   "category": "equipment"
  },
  "components": {
   "minecraft:max_stack_size": 16,
   "minecraft:hand_equipped": true,
   "minecraft:stacked_by_data": true,
   "minecraft:enchantable": {
    "slot": "trident",
    "value": 10
   },
   "minecraft:icon": {
    "texture": "boomerang_primitivo"
   },
   "minecraft:damage": 13,
   "minecraft:display_name": {
    "value": "Boomerang Primitivo"
   },
   "minecraft:creative_category": {
    "parent": "itemGroup.name.sword"
   },
   "minecraft:throwable": {
    "do_swing_animation": true
   },
   "minecraft:projectile": {
    "projectile_entity": "pl:proyectil_boomerang_primitivo"
   }
  }
 }
}