{
 "format_version": "1.16.100",
 "minecraft:item": {
  "description": {
   "identifier": "pl:espada_cierra",
   "category": "equipment"
  },
  "components": {
   "minecraft:max_stack_size": 1,
   "minecraft:hand_equipped": true,
   "minecraft:stacked_by_data": true,
   "minecraft:enchantable": {
    "slot": "sword",
    "value": 10
   },
   "minecraft:durability": {
    "max_durability": 300
   },
   "minecraft:damageable": {
    "max_damage": 22
   },
   "minecraft:icon": {
    "texture": "espada_cierra"
   },
   "minecraft:damage": 18,
   "minecraft:display_name": {
    "value": "Espada Cierra"
   },
   "minecraft:creative_category": {
    "parent": "itemGroup.name.sword"
   }
  }
 }
}