{
 "format_version": "1.16.100",
 "minecraft:item": {
  "description": {
   "identifier": "pl:garrote_hueso2",
   "category": "equipment"
  },
  "components": {
   "minecraft:max_stack_size": 1,
   "minecraft:hand_equipped": true,
   "minecraft:stacked_by_data": true,
   "minecraft:enchantable": {
    "slot": "sword",
    "value": 10
   },
   "minecraft:durability": {
    "max_durability": 200
   },
   "minecraft:damageable": {
    "max_damage": 17
   },
   "minecraft:icon": {
    "texture": "garrote_hueso2"
   },
   "minecraft:damage": 10,
   "minecraft:display_name": {
    "value": "Garrote De Huesos Mejorado"
   },
   "minecraft:creative_category": {
    "parent": "itemGroup.name.sword"
   }
  }
 }
}