{
 "format_version": "1.16.100",
 "minecraft:item": {
  "description": {
   "identifier": "pl:lanza_piedra",
   "category": "equipment"
  },
  "components": {
   "minecraft:max_stack_size": 1,
   "minecraft:hand_equipped": true,
   "minecraft:stacked_by_data": true,
   "minecraft:enchantable": {
    "slot": "sword",
    "value": 10
   },
   "minecraft:durability": {
    "max_durability": 150
   },
   "minecraft:damageable": {
    "max_damage": 13
   },
   "minecraft:icon": {
    "texture": "lanza_piedra"
   },
   "minecraft:damage": 13,
   "minecraft:display_name": {
    "value": "Lanza Punta De Piedra"
   },
   "minecraft:creative_category": {
    "parent": "itemGroup.name.sword"
   },
   "minecraft:throwable": {
    "do_swing_animation": true
   },
   "minecraft:projectile": {
    "projectile_entity": "pl:proyectil_lanza_piedra"
   }
  }
 }
}