{
	"format_version": "1.16.100",
	"minecraft:entity": {
		"description": {
			"identifier": "chetty:roar",
			"is_spawnable": false,
			"is_summonable": true,
			"is_experimental": false
		},
		"component_groups": {
			"minecraft:earth_roar": {
				"minecraft:behavior.knockback_roar": {
					"attack_time": 0.06,
					"cooldown_time": 100,
					"duration": 0.1,
					"knockback_damage": 10,
					"knockback_range": 1,
					"knockback_strength": 0,
					"knockback_filters": {
						"all_of": [
							{
								"test": "has_equipment",
								"subject": "other",
								"domain": "hand",
								"operator": "!=",
								"value": "chetty:earthsword"
							}
						]
					},
					"damage_filters": {
						"all_of": [
							{
								"test": "has_equipment",
								"subject": "other",
								"domain": "hand",
								"operator": "!=",
								"value": "chetty:earthsword"
							}
						]
					},
					"on_roar_end": {
						"event": "minecraft:despawn_event"
					}
				}
			},
			"minecraft:despawn_event": {
				"minecraft:instant_despawn": {}
			}
		},
		"components": {
			"minecraft:type_family": {
				"family": [ "inanimate" ]
			},
			"minecraft:collision_box": {
				"width": 0,
				"height": 0
			},
			"minecraft:physics": {
				"has_gravity": false,
				"has_collision": false
			},
			"minecraft:health": {
				"value": 1,
				"minx": 1,
				"max": 1
			},
			"minecraft:knockback_resistance": {
				"value": 1.0
			},
			"minecraft:pushable": {
				"is_pushable": false,
				"is_pushable_by_piston": true
			},
			"minecraft:damage_sensor": {
				"triggers": {
					"cause": "all",
					"deals_damage": false
				}
			}
		},
		"events": {
			"minecraft:entity_spawned": {
				"add": {
					"component_groups": [
						"minecraft:earth_roar"
					]
				}
			},
			"minecraft:despawn_event": {
				"add": {
					"component_groups": [
						"minecraft:despawn_event"
					]
				}
			}
		}
	}
}
