{
	"format_version": "1.12.0",
	"minecraft:geometry": [
		{
			"description": {
				"identifier": "geometry.hp.bemo",
				"texture_width": 256,
				"texture_height": 256,
				"visible_bounds_width": 14,
				"visible_bounds_height": 7,
				"visible_bounds_offset": [0, 1.5, 0]
			},
			"bones": [
				{
					"name": "body_main",
					"pivot": [0, 0, 0]
				},
				{
					"name": "mainbody",
					"parent": "body_main",
					"pivot": [0, 0, 0]
				},
				{
					"name": "body",
					"parent": "mainbody",
					"pivot": [0, 0, 0]
				},
				{
					"name": "part1",
					"parent": "body",
					"pivot": [0, 0, 0],
					"cubes": [
						{"origin": [-1, 4.6, -5], "size": [2, 2, 30], "uv": [171, 15]},
						{"origin": [1, 4.5, -4], "size": [6, 2.1, 8], "uv": [179, 37]},
						{"origin": [-3, 4.5, 7], "size": [6, 2.1, 1], "uv": [66, 119]},
						{"origin": [3, 4.1, -3], "size": [6, 3.1, 17], "uv": [179, 27]},
						{"origin": [3, 7.1, -9.3], "size": [6, 2.4, 24.8], "uv": [175, 1]},
						{"origin": [-5, 8.1, -8.3], "size": [10, 2.4, 11.6], "uv": [107, 77]},
						{"origin": [-9, 7.1, -9.3], "size": [6, 2.4, 24.8], "uv": [175, 1], "mirror": true},
						{"origin": [-10, 10.5, -9.3], "size": [20, 1, 12.6], "uv": [191, 242], "mirror": true},
						{"origin": [-11, 29.5, -7.6], "size": [22, 1, 13.9], "uv": [184, 241], "mirror": true},
						{"origin": [-11, 28.5, -8.6], "size": [1, 1, 13.9], "uv": [200, 241], "mirror": true},
						{"origin": [10, 28.5, -8.6], "size": [1, 1, 13.9], "uv": [200, 241]},
						{"origin": [10, 27, 10], "size": [1, 1, 1.9], "pivot": [0, 0, 0], "rotation": [37.5, 0, 0], "uv": [200, 253]},
						{"origin": [-11, 27, 10], "size": [1, 1, 1.9], "pivot": [0, 0, 0], "rotation": [37.5, 0, 0], "uv": [200, 253], "mirror": true},
						{"origin": [-11, 26.6, 10], "size": [1, 1, 1.9], "inflate": -0.3, "pivot": [0, 0, 0], "rotation": [37.5, 0, 0], "uv": [115, 31], "mirror": true},
						{"origin": [10, 26.6, 10], "size": [1, 1, 1.9], "inflate": -0.3, "pivot": [0, 0, 0], "rotation": [37.5, 0, 0], "uv": [115, 31]},
						{"origin": [-10, 27.5, 4.6], "size": [20, 2, 1], "uv": [200, 253], "mirror": true},
						{"origin": [-10, 11.5, 4.6], "size": [20, 13.7, 1], "uv": [200, 241], "mirror": true},
						{"origin": [7, 25.1, 4.6], "size": [3, 2.5, 1], "uv": [200, 253], "mirror": true},
						{"origin": [5.7, 26.1, 5.2], "size": [1, 1, 0], "uv": [71, 52], "mirror": true},
						{"origin": [-6.7, 25.8, 5.2], "size": [1, 1, 0], "uv": [71, 52], "mirror": true},
						{"origin": [-10, 25.1, 4.6], "size": [3, 2.5, 1], "uv": [200, 253]},
						{"origin": [-11, 29.2, 3.9], "size": [22, 1, 4.8], "pivot": [0, 0, 0], "rotation": [30, 0, 0], "uv": [200, 250], "mirror": true},
						{"origin": [-11, 29.2, 3.4], "size": [22, 1, 1], "inflate": -0.3, "pivot": [0, 0, 0], "rotation": [30, 0, 0], "uv": [172, 44], "mirror": true},
						{"origin": [-11, 25.5, -15.6], "size": [22, 1.1, 1], "inflate": -0.3, "pivot": [0, 0, 0], "rotation": [-7.5, 0, 0], "uv": [210, 254], "mirror": true},
						{"origin": [-10, 6.2, -16.5], "size": [20, 1, 4.1], "pivot": [0, 0, 0], "rotation": [-22.5, 0, 0], "uv": [200, 251], "mirror": true},
						{"origin": [-8.9, 7.1, 2.5], "size": [6, 2.2, 14.7], "pivot": [0, 0, 0], "rotation": [4.9859, -0.30697, -0.22978], "uv": [67, 106], "mirror": true},
						{"origin": [2.9, 7.1, 2.5], "size": [6, 2.2, 14.7], "pivot": [0, 0, 0], "rotation": [4.9859, 0.30697, 0.22978], "uv": [67, 106]},
						{"origin": [-3, 8.5, 12], "size": [6, 1.4, 20.6], "uv": [106, 69], "mirror": true},
						{"origin": [7, 12.9, 5.6], "size": [5, 1, 28], "uv": [0, 227], "mirror": true},
						{"origin": [7, 6.9, 33.6], "size": [6, 6, 1], "uv": [200, 249], "mirror": true},
						{"origin": [-13, 6.9, 33.6], "size": [6, 6, 1], "uv": [200, 249]},
						{"origin": [-7, 6.9, 32.6], "size": [14, 1, 2], "uv": [200, 253]},
						{"origin": [-7, 7.9, 33.6], "size": [14, 3, 1], "uv": [200, 252]},
						{"origin": [-12, 12.9, 5.6], "size": [5, 1, 28], "uv": [0, 227]},
						{"origin": [-6.5, 9.9, 5], "size": [13, 1, 28.6], "uv": [0, 227]},
						{"origin": [5.5, 10, 5], "size": [1, 1, 28.6], "uv": [0, 227]},
						{"origin": [3.5, 10, 5], "size": [1, 1, 28.6], "uv": [0, 227]},
						{"origin": [1.5, 10, 5], "size": [1, 1, 28.6], "uv": [0, 227]},
						{"origin": [-4.5, 10, 5], "size": [1, 1, 28.6], "uv": [0, 227]},
						{"origin": [-6.5, 10, 5], "size": [1, 1, 28.6], "uv": [0, 227]},
						{"origin": [-2.5, 10, 5], "size": [1, 1, 28.6], "uv": [0, 227]},
						{"origin": [-4.3, 11, 24.5], "size": [4, 4, 4], "uv": [216, 66]},
						{"origin": [-3.9, 11.3, 24.9], "size": [3.2, 4.3, 3.2], "uv": [217, 67]},
						{"origin": [-3.9, 15.6, 24.9], "size": [3.2, 1, 1], "uv": [220, 70]},
						{"origin": [-1.7, 15.6, 25.9], "size": [1, 1, 1], "uv": [220, 70]},
						{"origin": [-3.9, 15.6, 25.9], "size": [1, 1, 1], "uv": [220, 70]},
						{"origin": [-2.8, 15.2, 26.5], "size": [1, 1, 1], "inflate": -0.2, "uv": [211, 66]},
						{"origin": [-5.5, 11, 5.5], "size": [5.2, 4, 8.6], "uv": [185, 68]},
						{"origin": [0.3, 11, 5.5], "size": [5.2, 4, 8.6], "uv": [185, 68]},
						{"origin": [0.3, 11, 14.5], "size": [5.2, 4, 9.2], "uv": [212, 91]},
						{"origin": [4.4, 14, 14.6], "size": [1, 2, 1], "uv": [223, 84]},
						{"origin": [2.4, 14, 14.6], "size": [1, 2, 1], "uv": [223, 84]},
						{"origin": [0.4, 14, 14.6], "size": [1, 2, 1], "uv": [223, 84]},
						{"origin": [0.4, 14, 16.6], "size": [1, 2, 1], "uv": [223, 84]},
						{"origin": [-2.4, 14, 15.9], "size": [1, 2, 1], "uv": [194, 89]},
						{"origin": [-2.4, 12.1, 15.9], "size": [1, 3, 1], "inflate": 0.1, "uv": [213, 84]},
						{"origin": [-4.4, 12.1, 15.9], "size": [1, 3, 1], "inflate": 0.1, "uv": [213, 84]},
						{"origin": [-4.4, 14, 15.9], "size": [1, 2, 1], "uv": [194, 89]},
						{"origin": [-4.4, 12.1, 18.3], "size": [1, 3, 1], "inflate": 0.1, "uv": [213, 84]},
						{"origin": [-4.4, 14, 18.3], "size": [1, 2, 1], "uv": [194, 89]},
						{"origin": [-2.4, 12.1, 18.3], "size": [1, 3, 1], "inflate": 0.1, "uv": [213, 84]},
						{"origin": [-2.4, 14, 18.3], "size": [1, 2, 1], "uv": [194, 89]},
						{"origin": [-4.4, 12.1, 21], "size": [1, 3, 1], "inflate": 0.1, "uv": [213, 84]},
						{"origin": [-4.4, 14, 21], "size": [1, 2, 1], "uv": [194, 89]},
						{"origin": [-2.4, 12.1, 21], "size": [1, 3, 1], "inflate": 0.1, "uv": [213, 84]},
						{"origin": [-2.4, 14, 21], "size": [1, 2, 1], "uv": [194, 89]},
						{"origin": [2.4, 14, 16.6], "size": [1, 2, 1], "uv": [223, 84]},
						{"origin": [4.4, 14, 16.6], "size": [1, 2, 1], "uv": [223, 84]},
						{"origin": [0.4, 14, 18.6], "size": [1, 2, 1], "uv": [223, 84]},
						{"origin": [2.4, 14, 18.6], "size": [1, 2, 1], "uv": [223, 84]},
						{"origin": [4.4, 14, 18.6], "size": [1, 2, 1], "uv": [223, 84]},
						{"origin": [0.4, 14, 20.6], "size": [1, 2, 1], "uv": [223, 84]},
						{"origin": [2.4, 14, 20.6], "size": [1, 2, 1], "uv": [223, 84]},
						{"origin": [4.4, 14, 20.6], "size": [1, 2, 1], "uv": [223, 84]},
						{"origin": [0.4, 14, 22.6], "size": [1, 2, 1], "uv": [223, 84]},
						{"origin": [2.4, 14, 22.6], "size": [1, 2, 1], "uv": [223, 84]},
						{"origin": [4.4, 14, 22.6], "size": [1, 2, 1], "uv": [223, 84]},
						{"origin": [-1.3, 11, 14.5], "size": [1, 4, 8.6], "uv": [186, 81]},
						{"origin": [-5.5, 11, 14.5], "size": [1, 4, 8.6], "uv": [186, 81]},
						{"origin": [-4.5, 11, 14.5], "size": [3.2, 1, 8.6], "uv": [186, 81]},
						{"origin": [-4.5, 12, 22.1], "size": [3.2, 3, 1], "uv": [194, 89]},
						{"origin": [-4.5, 12, 14.5], "size": [3.2, 3, 1], "uv": [194, 89]},
						{"origin": [-0.5, 10, 5], "size": [1, 1, 28.6], "uv": [0, 227]},
						{"origin": [6, 10.9, 6], "size": [1, 3, 27.6], "uv": [0, 226]},
						{"origin": [-7, 10.9, 6], "size": [1, 3, 27.6], "uv": [0, 226], "mirror": true},
						{"origin": [-13, 12.9, 5.6], "size": [1, 5, 29], "uv": [196, 223], "mirror": true},
						{"origin": [-13, 18.9, 6.2], "size": [1, 2, 28.3], "uv": [114, 110], "mirror": true},
						{"origin": [-13, 21.9, 6.2], "size": [1, 2, 28.3], "uv": [114, 110], "mirror": true},
						{"origin": [-12.9, 17.9, 33.6], "size": [1, 7, 1], "uv": [83, 110], "mirror": true},
						{"origin": [-13.3, 22.4, 33.6], "size": [1, 1, 1], "inflate": -0.2, "uv": [119, 32], "mirror": true},
						{"origin": [-13.3, 19.4, 33.6], "size": [1, 1, 1], "inflate": -0.2, "uv": [119, 32], "mirror": true},
						{"origin": [12.3, 19.4, 33.6], "size": [1, 1, 1], "inflate": -0.2, "uv": [119, 32]},
						{"origin": [12.3, 22.4, 33.6], "size": [1, 1, 1], "inflate": -0.2, "uv": [119, 32]},
						{"origin": [12.3, 19.4, 20.1], "size": [1, 1, 1], "inflate": -0.2, "uv": [119, 32]},
						{"origin": [12.3, 22.4, 20.1], "size": [1, 1, 1], "inflate": -0.2, "uv": [119, 32]},
						{"origin": [-13.3, 19.4, 20.1], "size": [1, 1, 1], "inflate": -0.2, "uv": [119, 32], "mirror": true},
						{"origin": [-13.3, 22.4, 20.1], "size": [1, 1, 1], "inflate": -0.2, "uv": [119, 32], "mirror": true},
						{"origin": [-13.3, 19.4, 6.1], "size": [1, 1, 1], "inflate": -0.2, "uv": [119, 32], "mirror": true},
						{"origin": [-13.3, 22.4, 6.1], "size": [1, 1, 1], "inflate": -0.2, "uv": [119, 32], "mirror": true},
						{"origin": [12.3, 19.4, 6.1], "size": [1, 1, 1], "inflate": -0.2, "uv": [119, 32]},
						{"origin": [12.3, 22.4, 6.1], "size": [1, 1, 1], "inflate": -0.2, "uv": [119, 32]},
						{"origin": [11.9, 17.9, 33.6], "size": [1, 7, 1], "uv": [83, 110]},
						{"origin": [-12.9, 17.9, 6.1], "size": [1, 7, 1], "uv": [83, 110], "mirror": true},
						{"origin": [11.9, 17.9, 6.1], "size": [1, 7, 1], "uv": [83, 110]},
						{"origin": [-12.9, 17.9, 20.1], "size": [1, 7, 1], "uv": [83, 110], "mirror": true},
						{"origin": [11.9, 17.9, 20.1], "size": [1, 7, 1], "uv": [83, 110]},
						{"origin": [12, 18.9, 6.2], "size": [1, 2, 28.3], "uv": [114, 110]},
						{"origin": [12, 21.9, 6.2], "size": [1, 2, 28.3], "uv": [114, 110]},
						{"origin": [-13.2, 16.9, 5.6], "size": [1, 1, 29.2], "uv": [196, 226], "mirror": true},
						{"origin": [-13.2, 17.9, 5.6], "size": [1, 8, 29.2], "uv": [149, 158], "mirror": true},
						{"origin": [-12.2, 17.9, 33.8], "size": [6.2, 14, 1], "uv": [178, 187], "mirror": true},
						{"origin": [6, 17.9, 33.8], "size": [6.2, 14, 1], "uv": [178, 187]},
						{"origin": [-13.2, 28.9, 5.6], "size": [1, 3, 29.2], "uv": [149, 158], "mirror": true},
						{"origin": [-13.2, 25.9, 28.6], "size": [1, 3, 6.2], "uv": [172, 181], "mirror": true},
						{"origin": [-13.2, 25.9, 5.6], "size": [1, 3, 6.2], "uv": [210, 187], "mirror": true},
						{"origin": [12.2, 25.9, 5.6], "size": [1, 3, 6.2], "uv": [172, 181]},
						{"origin": [12.2, 17.9, 5.6], "size": [1, 8, 29.2], "uv": [149, 158]},
						{"origin": [12.2, 25.9, 28.6], "size": [1, 3, 6.2], "uv": [172, 181]},
						{"origin": [12.2, 28.9, 5.6], "size": [1, 3, 29.2], "uv": [149, 158]},
						{"origin": [-12.5, 31.4, 5.6], "size": [25, 1, 28.8], "uv": [145, 160]},
						{"origin": [-12.5, 17.4, 5.6], "size": [25, 14, 1], "uv": [178, 187]},
						{"origin": [-12.2, 16.9, 33.8], "size": [6.2, 1, 1], "uv": [200, 254], "mirror": true},
						{"origin": [6, 16.9, 33.8], "size": [6.2, 1, 1], "uv": [200, 254]},
						{"origin": [-13.2, 16.9, 5.4], "size": [8.2, 1, 1], "uv": [200, 254], "mirror": true},
						{"origin": [5, 16.9, 5.4], "size": [8.2, 1, 1], "uv": [200, 254]},
						{"origin": [12.2, 16.9, 5.6], "size": [1, 1, 29.2], "uv": [196, 226]},
						{"origin": [-12, 6.5, 5.6], "size": [3, 6.4, 1], "uv": [200, 249], "mirror": true},
						{"origin": [9, 6.5, 5.6], "size": [3, 6.4, 1], "uv": [200, 249]},
						{"origin": [-13, 6.5, 5.6], "size": [1, 6.4, 9.9], "uv": [200, 240], "mirror": true},
						{"origin": [-13, 8.6, 15.5], "size": [1, 4.3, 1], "uv": [200, 251], "mirror": true},
						{"origin": [-13, 10.4, 16.5], "size": [1, 2.5, 1], "uv": [200, 253], "mirror": true},
						{"origin": [-13, 12, 17.5], "size": [1, 1.1, 3.7], "uv": [200, 251], "mirror": true},
						{"origin": [-13, 11.5, 17.5], "size": [1, 1.1, 1], "uv": [200, 254], "mirror": true},
						{"origin": [12, 11.5, 17.5], "size": [1, 1.1, 1], "uv": [200, 254]},
						{"origin": [12, 10.4, 16.5], "size": [1, 2.5, 1], "uv": [200, 253]},
						{"origin": [12, 12, 17.5], "size": [1, 1.1, 3.7], "uv": [200, 251]},
						{"origin": [12, 8.6, 15.5], "size": [1, 4.3, 1], "uv": [200, 251]},
						{"origin": [12, 12, 23.6], "size": [1, 1.1, 3.7], "uv": [200, 251]},
						{"origin": [12, 10.4, 27.3], "size": [1, 2.5, 1], "uv": [200, 253]},
						{"origin": [12, 11.5, 26.3], "size": [1, 1.1, 1], "uv": [200, 254]},
						{"origin": [12, 8.6, 28.3], "size": [1, 4.3, 1], "uv": [200, 251]},
						{"origin": [-13, 12, 23.6], "size": [1, 1.1, 3.7], "uv": [200, 251], "mirror": true},
						{"origin": [-13, 10.4, 27.3], "size": [1, 2.5, 1], "uv": [200, 253], "mirror": true},
						{"origin": [-13, 11.5, 26.3], "size": [1, 1.1, 1], "uv": [200, 254], "mirror": true},
						{"origin": [-13, 8.6, 28.3], "size": [1, 4.3, 1], "uv": [200, 251], "mirror": true},
						{"origin": [12, 6.5, 5.6], "size": [1, 6.4, 9.9], "uv": [200, 240]},
						{"origin": [12, 7.5, 29], "size": [1, 5.4, 4.6], "uv": [200, 246]},
						{"origin": [-13, 7.5, 29], "size": [1, 5.4, 4.6], "uv": [200, 246], "mirror": true},
						{"origin": [12, 12.9, 5.6], "size": [1, 5, 29], "uv": [196, 223]},
						{"origin": [-12, 13.9, 5.6], "size": [24, 4, 1], "uv": [200, 251]},
						{"origin": [6, 10.9, 33.6], "size": [6, 7, 1], "uv": [200, 251]},
						{"origin": [-5.9, 10.9, 33.6], "size": [11.8, 7, 1], "uv": [188, 244]},
						{"origin": [-5.9, 16.9, 33.8], "size": [11.8, 1, 1], "uv": [188, 247]},
						{"origin": [4.5, 14.9, 33.8], "size": [2.2, 1, 1], "uv": [160, 79]},
						{"origin": [4.5, 11.9, 33.8], "size": [2.2, 1, 1], "uv": [160, 79]},
						{"origin": [-12, 10.9, 33.6], "size": [6, 7, 1], "uv": [200, 251], "mirror": true},
						{"origin": [-7, 10.9, 5.6], "size": [14, 3, 1], "uv": [200, 252]},
						{"origin": [-11, 12.9, -12.7], "size": [22, 8, 1], "uv": [200, 247], "mirror": true},
						{"origin": [-11, 20.3, -12.7], "size": [22, 1, 1], "inflate": -0.3, "uv": [104, 41], "mirror": true},
						{"origin": [-13.4, 19.9, -14], "size": [2, 2.7, 1], "uv": [131, 50], "mirror": true},
						{"origin": [-12.5, 20.7, -14.3], "size": [2.3, 1, 1], "uv": [16, 117], "mirror": true},
						{"origin": [-10.6, 17.3, -14.3], "size": [1, 4, 1], "uv": [16, 114], "mirror": true},
						{"origin": [11.4, 19.9, -14], "size": [2, 2.7, 1], "uv": [131, 50]},
						{"origin": [-13.4, 19.9, -13.8], "size": [2, 2.7, 1], "inflate": -0.1, "uv": [142, 3], "mirror": true},
						{"origin": [11.4, 19.9, -13.8], "size": [2, 2.7, 1], "inflate": -0.1, "uv": [142, 3]},
						{"origin": [9.6, 17.3, -14.3], "size": [1, 4, 1], "uv": [16, 114]},
						{"origin": [10.2, 20.7, -14.3], "size": [2.3, 1, 1], "uv": [16, 117]},
						{"origin": [-11, 17.9, -11.7], "size": [1, 3, 1], "uv": [200, 252], "mirror": true},
						{"origin": [10, 17.9, -11.7], "size": [1, 3, 1], "uv": [200, 252]},
						{"origin": [-11, 4.9, 4], "size": [1, 24.6, 2], "uv": [200, 229], "mirror": true},
						{"origin": [-10.3, 6.3, 4], "size": [2, 12.6, 2], "pivot": [0, 0, 0], "rotation": [0, 0, -7.5], "uv": [200, 241], "mirror": true},
						{"origin": [-12.7, 17.4, 4], "size": [2, 7.6, 2], "uv": [200, 246], "mirror": true},
						{"origin": [-19.1, 20.5, 4], "size": [2, 5.8, 2], "pivot": [0, 0, 0], "rotation": [0, 0, 16], "uv": [200, 248], "mirror": true},
						{"origin": [17.1, 20.5, 4], "size": [2, 5.8, 2], "pivot": [0, 0, 0], "rotation": [0, 0, -16], "uv": [200, 248]},
						{"origin": [8.3, 6.3, 4], "size": [2, 12.6, 2], "pivot": [0, 0, 0], "rotation": [0, 0, 7.5], "uv": [200, 241]},
						{"origin": [10.7, 17.4, 4], "size": [2, 7.6, 2], "uv": [200, 246]},
						{"origin": [10, 4.9, 4], "size": [1, 24.6, 2], "uv": [200, 229]},
						{"origin": [-11, 6, -10.8], "size": [1, 22.6, 1], "uv": [200, 232], "mirror": true},
						{"origin": [-11, 19, -15.3], "size": [1, 7.3, 1], "pivot": [0, 0, 0], "rotation": [-7.5, 0, 0], "uv": [200, 248], "mirror": true},
						{"origin": [-22.1, 16.3, -15.3], "size": [1, 1.3, 1], "pivot": [0, 0, 0], "rotation": [-6.50446, 3.74196, 29.78729], "uv": [200, 248], "mirror": true},
						{"origin": [21.1, 16.3, -15.3], "size": [1, 1.3, 1], "pivot": [0, 0, 0], "rotation": [-6.50446, -3.74196, -29.78729], "uv": [200, 248]},
						{"origin": [20.7, 16.3, -15.3], "size": [1, 1.8, 1], "inflate": -0.3, "pivot": [0, 0, 0], "rotation": [-6.50446, -3.74196, -29.78729], "uv": [223, 23]},
						{"origin": [-21.7, 16.3, -15.3], "size": [1, 1.8, 1], "inflate": -0.3, "pivot": [0, 0, 0], "rotation": [-6.50446, 3.74196, 29.78729], "uv": [223, 23], "mirror": true},
						{"origin": [-3.3, 13, -21.3], "size": [6.6, 2, 1], "uv": [201, 26], "mirror": true},
						{"origin": [-3.3, 5.2, 33.9], "size": [6.6, 2, 1], "uv": [201, 26], "mirror": true},
						{"origin": [10.7, 8.2, 33.9], "size": [1.6, 2, 1], "uv": [43, 76], "mirror": true},
						{"origin": [7.9, 8.2, 33.9], "size": [2.6, 2, 1], "uv": [76, 80], "mirror": true},
						{"origin": [-10.5, 8.2, 33.9], "size": [2.6, 2, 1], "uv": [76, 80]},
						{"origin": [-12.3, 8.2, 33.9], "size": [1.6, 2, 1], "uv": [43, 76]},
						{"origin": [10, 19, -15.3], "size": [1, 7.3, 1], "pivot": [0, 0, 0], "rotation": [-7.5, 0, 0], "uv": [200, 248]},
						{"origin": [8.4, 20.7, -15], "size": [1, 1, 0], "pivot": [0, 0, 0], "rotation": [-7.5, 0, 0], "uv": [72, 56]},
						{"origin": [7.4, 19.7, -15], "size": [1, 1, 0], "pivot": [0, 0, 0], "rotation": [-7.5, 0, 0], "uv": [72, 56]},
						{"origin": [-9.6, 23.4, -15], "size": [1, 1, 0], "pivot": [0, 0, 0], "rotation": [-7.5, 0, 0], "uv": [72, 56]},
						{"origin": [-8.6, 24.4, -15], "size": [1, 1, 0], "pivot": [0, 0, 0], "rotation": [-7.5, 0, 0], "uv": [72, 56]},
						{"origin": [9.5, 18.8, -15.3], "size": [1, 7.3, 1], "inflate": -0.3, "pivot": [0, 0, 0], "rotation": [-7.5, 0, 0], "uv": [104, 35]},
						{"origin": [-10.5, 18.8, -15.3], "size": [1, 7.3, 1], "inflate": -0.3, "pivot": [0, 0, 0], "rotation": [-7.5, 0, 0], "uv": [104, 35], "mirror": true},
						{"origin": [-11, 19, -12.7], "size": [1, 9.3, 1], "pivot": [0, 0, 0], "rotation": [-7.5, 0, 0], "uv": [200, 246], "mirror": true},
						{"origin": [-11, 19, -12.3], "size": [1, 9.3, 1], "inflate": -0.3, "pivot": [0, 0, 0], "rotation": [-7.5, 0, 0], "uv": [115, 24], "mirror": true},
						{"origin": [10, 19, -12.3], "size": [1, 9.3, 1], "inflate": -0.3, "pivot": [0, 0, 0], "rotation": [-7.5, 0, 0], "uv": [115, 24]},
						{"origin": [-12, 28.5, -7.7], "size": [1, 1, 13], "inflate": -0.2, "uv": [74, 112], "mirror": true},
						{"origin": [-12, 27, 9.9], "size": [1, 1, 2.2], "inflate": -0.2, "pivot": [0, 0, 0], "rotation": [37.5, 0, 0], "uv": [74, 123], "mirror": true},
						{"origin": [-12, 19, -12.7], "size": [1, 8, 1], "inflate": -0.2, "pivot": [0, 0, 0], "rotation": [-7.5, 0, 0], "uv": [74, 117], "mirror": true},
						{"origin": [11, 28.5, -7.7], "size": [1, 1, 13], "inflate": -0.2, "uv": [74, 112]},
						{"origin": [11, 27, 9.9], "size": [1, 1, 2.2], "inflate": -0.2, "pivot": [0, 0, 0], "rotation": [37.5, 0, 0], "uv": [74, 123]},
						{"origin": [11, 19, -12.7], "size": [1, 8, 1], "inflate": -0.2, "pivot": [0, 0, 0], "rotation": [-7.5, 0, 0], "uv": [74, 117]},
						{"origin": [-11, 20.8, -13.6], "size": [1, 6.6, 1], "pivot": [0, 0, 0], "rotation": [-7.5, 0, 0], "uv": [200, 248], "mirror": true},
						{"origin": [10, 20.8, -13.6], "size": [1, 6.6, 1], "pivot": [0, 0, 0], "rotation": [-7.5, 0, 0], "uv": [200, 248]},
						{"origin": [10, 19, -12.7], "size": [1, 9.3, 1], "pivot": [0, 0, 0], "rotation": [-7.5, 0, 0], "uv": [200, 246]},
						{"origin": [-11, 2.6, -14.2], "size": [1, 1, 4.4], "pivot": [0, 0, 0], "rotation": [-15, 0, 0], "uv": [200, 251], "mirror": true},
						{"origin": [-11, 12.6, -16.6], "size": [1, 2, 6.8], "uv": [200, 247], "mirror": true},
						{"origin": [-11, 14.3, -18.6], "size": [3, 3, 8.8], "uv": [200, 244], "mirror": true},
						{"origin": [8, 14.3, -18.6], "size": [3, 3, 8.8], "uv": [200, 244]},
						{"origin": [-11, 15.90114, -16.92615], "size": [3, 3, 7.1], "pivot": [0, 0, 0], "rotation": [5, 0, 0], "uv": [200, 246], "mirror": true},
						{"origin": [8, 15.90114, -16.92615], "size": [3, 3, 7.1], "pivot": [0, 0, 0], "rotation": [5, 0, 0], "uv": [200, 246]},
						{"origin": [8, 14.3, -18.6], "size": [3, 3, 8.8], "uv": [200, 244]},
						{"origin": [-11, 14.3, -18.8], "size": [3, 3, 1], "inflate": -0.1, "uv": [2, 82], "mirror": true},
						{"origin": [8, 14.3, -18.8], "size": [3, 3, 1], "inflate": -0.1, "uv": [2, 82]},
						{"origin": [-11, 12.60114, -19.67385], "size": [3, 3, 2.8], "pivot": [0, 0, 0], "rotation": [-5, 0, 0], "uv": [200, 250], "mirror": true},
						{"origin": [8, 12.60114, -19.67385], "size": [3, 3, 2.8], "pivot": [0, 0, 0], "rotation": [-5, 0, 0], "uv": [200, 250]},
						{"origin": [-19.81442, 12.6, -6.93209], "size": [1, 2, 4.7], "pivot": [0, 0, 0], "rotation": [0, -50, 0], "uv": [200, 249], "mirror": true},
						{"origin": [-20.76712, 12.6, -1.45259], "size": [1, 2, 4.5], "pivot": [0, 0, 0], "rotation": [0, -77.5, 0], "uv": [200, 250], "mirror": true},
						{"origin": [-20.8077, 12.6, -3.66962], "size": [1, 2, 3.2], "pivot": [0, 0, 0], "rotation": [0, -80, 0], "uv": [200, 251], "mirror": true},
						{"origin": [18.81442, 12.6, -6.93209], "size": [1, 2, 4.7], "pivot": [0, 0, 0], "rotation": [0, 50, 0], "uv": [200, 249]},
						{"origin": [19.76712, 12.6, -1.45259], "size": [1, 2, 4.5], "pivot": [0, 0, 0], "rotation": [0, 77.5, 0], "uv": [200, 250]},
						{"origin": [19.8077, 12.6, -3.66962], "size": [1, 2, 3.2], "pivot": [0, 0, 0], "rotation": [0, 80, 0], "uv": [200, 251]},
						{"origin": [10, 12.6, -16.6], "size": [1, 2, 6.8], "uv": [200, 247]},
						{"origin": [-21.91837, 9.4883, -8.52969], "size": [1.2, 2.1, 4.5], "pivot": [0, 0, 0], "rotation": [-19.02909, -48.4076, 14.46375], "uv": [200, 249], "mirror": true},
						{"origin": [-11, 9.4883, -19.08542], "size": [1, 2.1, 6.8], "pivot": [0, 0, 0], "rotation": [-12.5, 0, 0], "uv": [200, 247], "mirror": true},
						{"origin": [-23.39362, 9.4883, -1.89054], "size": [1.2, 2.1, 4.4], "pivot": [0, 0, 0], "rotation": [-45.68718, -72.39303, 44.31282], "uv": [200, 250], "mirror": true},
						{"origin": [-23.45536, 9.4883, -4.2012], "size": [1.2, 2.1, 3.4], "pivot": [0, 0, 0], "rotation": [-51.92924, -74.04208, 50.83131], "uv": [200, 251], "mirror": true},
						{"origin": [22.25536, 9.4883, -4.2012], "size": [1.2, 2.1, 3.4], "pivot": [0, 0, 0], "rotation": [-51.92924, 74.04208, -50.83131], "uv": [200, 251]},
						{"origin": [22.19362, 9.4883, -1.89054], "size": [1.2, 2.1, 4.4], "pivot": [0, 0, 0], "rotation": [-45.68718, 72.39303, -44.31282], "uv": [200, 250]},
						{"origin": [20.71837, 9.4883, -8.52969], "size": [1.2, 2.1, 4.5], "pivot": [0, 0, 0], "rotation": [-19.02909, 48.4076, -14.46375], "uv": [200, 249]},
						{"origin": [10, 9.4883, -19.08542], "size": [1, 2.1, 6.8], "pivot": [0, 0, 0], "rotation": [-12.5, 0, 0], "uv": [200, 247]},
						{"origin": [-11, 18.31372, -14.03224], "size": [1, 1, 6.8], "pivot": [0, 0, 0], "rotation": [7.5, 0, 0], "uv": [200, 248], "mirror": true},
						{"origin": [-17.84741, 18.31372, -5.28157], "size": [1, 1, 4.7], "pivot": [0, 0, 0], "rotation": [11.57495, -49.41933, -8.84179], "uv": [200, 250], "mirror": true},
						{"origin": [-18.26023, 18.31372, -0.89683], "size": [1, 1, 4.5], "pivot": [0, 0, 0], "rotation": [31.31066, -75.4534, -30.48811], "uv": [200, 251], "mirror": true},
						{"origin": [-18.27896, 18.31372, -3.22373], "size": [1, 1, 3.2], "pivot": [0, 0, 0], "rotation": [37.16782, -77.52294, -36.51073], "uv": [200, 252], "mirror": true},
						{"origin": [17.27896, 18.31372, -3.22373], "size": [1, 1, 3.2], "pivot": [0, 0, 0], "rotation": [37.16782, 77.52294, 36.51073], "uv": [200, 252]},
						{"origin": [17.26023, 18.31372, -0.89683], "size": [1, 1, 4.5], "pivot": [0, 0, 0], "rotation": [31.31066, 75.4534, 30.48811], "uv": [200, 251]},
						{"origin": [16.84741, 18.31372, -5.28157], "size": [1, 1, 4.7], "pivot": [0, 0, 0], "rotation": [11.57495, 49.41933, 8.84179], "uv": [200, 250]},
						{"origin": [10, 18.31372, -14.03224], "size": [1, 1, 6.8], "pivot": [0, 0, 0], "rotation": [7.5, 0, 0], "uv": [200, 248]},
						{"origin": [-7.2, 18.31372, -16.93224], "size": [14.4, 1, 1], "pivot": [0, 0, 0], "rotation": [7.5, 0, 0], "uv": [200, 254]},
						{"origin": [-4.2, 18.31372, -17.73224], "size": [8.4, 1, 1], "pivot": [0, 0, 0], "rotation": [7.5, 0, 0], "uv": [200, 254]},
						{"origin": [-10, 18.31372, -16.03224], "size": [20, 1, 8.8], "pivot": [0, 0, 0], "rotation": [7.5, 0, 0], "uv": [198, 246]},
						{"origin": [-9.74887, 18.89552, -16.03224], "size": [10.7, 1, 8.8], "pivot": [0, 0, 0], "rotation": [7.49294, 0.32621, -2.47864], "uv": [200, 246]},
						{"origin": [-0.95113, 18.89552, -16.03224], "size": [10.7, 1, 8.8], "pivot": [0, 0, 0], "rotation": [7.49294, -0.32621, 2.47864], "uv": [200, 246], "mirror": true},
						{"origin": [-6.40712, 22.04199, -11.96683], "size": [7.5, 1, 1], "pivot": [0, 0, 0], "rotation": [20.98175, 0.89567, -2.33414], "uv": [200, 254]},
						{"origin": [0.17802, 22.04199, -13.11933], "size": [2.8, 1, 1.5], "pivot": [0, 0, 0], "rotation": [21.33402, 10.22469, 1.28832], "uv": [200, 254]},
						{"origin": [-3.77688, 22.04199, -13.10659], "size": [4.5, 1, 1], "pivot": [0, 0, 0], "rotation": [21.47798, 12.08675, 2.03229], "uv": [200, 254]},
						{"origin": [0.43799, 22.04199, -13.52714], "size": [1.1, 1, 1], "pivot": [0, 0, 0], "rotation": [25.20905, 32.79728, 11.62763], "uv": [200, 254]},
						{"origin": [-1.53799, 22.04199, -13.52714], "size": [1.1, 1, 1], "pivot": [0, 0, 0], "rotation": [25.20905, -32.79728, -11.62763], "uv": [200, 254], "mirror": true},
						{"origin": [-0.72312, 22.04199, -13.10659], "size": [4.5, 1, 1], "pivot": [0, 0, 0], "rotation": [21.47798, -12.08675, -2.03229], "uv": [200, 254], "mirror": true},
						{"origin": [-1.09288, 22.04199, -11.96683], "size": [7.5, 1, 1], "pivot": [0, 0, 0], "rotation": [20.98175, -0.89567, 2.33414], "uv": [200, 254], "mirror": true},
						{"origin": [-2.97802, 22.04199, -13.11933], "size": [2.8, 1, 1.5], "pivot": [0, 0, 0], "rotation": [21.33402, -10.22469, -1.28832], "uv": [200, 254], "mirror": true},
						{"origin": [0.04288, 22.04199, -13.36683], "size": [1, 1, 1.5], "pivot": [0, 0, 0], "rotation": [20.98175, 0.89567, -2.33414], "uv": [200, 254]},
						{"origin": [-1.04288, 22.04199, -13.36683], "size": [1, 1, 1.5], "pivot": [0, 0, 0], "rotation": [20.98175, -0.89567, 2.33414], "uv": [200, 254], "mirror": true},
						{"origin": [19.76712, 11.6, -1.35259], "size": [1, 1, 4.4], "pivot": [0, 0, 0], "rotation": [0, 77.5, 0], "uv": [200, 251]},
						{"origin": [19.8077, 11.6, -3.66962], "size": [1, 1, 3.2], "pivot": [0, 0, 0], "rotation": [0, 80, 0], "uv": [200, 252]},
						{"origin": [-20.8077, 11.6, -3.66962], "size": [1, 1, 3.2], "pivot": [0, 0, 0], "rotation": [0, -80, 0], "uv": [200, 252], "mirror": true},
						{"origin": [-20.76712, 11.6, -1.35259], "size": [1, 1, 4.4], "pivot": [0, 0, 0], "rotation": [0, -77.5, 0], "uv": [200, 251], "mirror": true},
						{"origin": [-19.81442, 11.6, -6.93209], "size": [1, 1, 4.7], "pivot": [0, 0, 0], "rotation": [0, -50, 0], "uv": [200, 250], "mirror": true},
						{"origin": [-19.81442, 10.6, -6.93209], "size": [1, 1, 4.7], "pivot": [0, 0, 0], "rotation": [0, -50, 0], "uv": [200, 250], "mirror": true},
						{"origin": [-19.81442, 9.4, -4.73209], "size": [1, 1.2, 2.5], "pivot": [0, 0, 0], "rotation": [0, -50, 0], "uv": [200, 252], "mirror": true},
						{"origin": [18.81442, 9.4, -4.73209], "size": [1, 1.2, 2.5], "pivot": [0, 0, 0], "rotation": [0, 50, 0], "uv": [200, 252]},
						{"origin": [18.81442, 10.6, -6.93209], "size": [1, 1, 4.7], "pivot": [0, 0, 0], "rotation": [0, 50, 0], "uv": [200, 250]},
						{"origin": [-11, 11.6, -16.6], "size": [1, 1, 6.8], "uv": [200, 248], "mirror": true},
						{"origin": [-11, 8.6, -16.6], "size": [1, 3, 5.8], "uv": [200, 247], "mirror": true},
						{"origin": [-11, 6.6, -13.4], "size": [1, 2, 2.6], "uv": [200, 251], "mirror": true},
						{"origin": [-11, 7.4, -15.6], "size": [1, 1.2, 2.4], "uv": [200, 252], "mirror": true},
						{"origin": [10, 7.4, -15.6], "size": [1, 1.2, 2.4], "uv": [200, 252]},
						{"origin": [10, 8.6, -16.6], "size": [1, 3, 5.8], "uv": [200, 247]},
						{"origin": [10, 6.6, -13.4], "size": [1, 2, 2.6], "uv": [200, 251]},
						{"origin": [10, 11.6, -16.6], "size": [1, 1, 6.8], "uv": [200, 248]},
						{"origin": [18.81442, 11.6, -6.93209], "size": [1, 1, 4.7], "pivot": [0, 0, 0], "rotation": [0, 50, 0], "uv": [200, 250]},
						{"origin": [-11, 0.69239, -16.53827], "size": [1, 1, 2.1], "pivot": [0, 0, 0], "rotation": [-22.5, 0, 0], "uv": [200, 253], "mirror": true},
						{"origin": [-11, -3.62066, -19.16088], "size": [1, 1, 3], "pivot": [0, 0, 0], "rotation": [-37.5, 0, 0], "uv": [200, 252], "mirror": true},
						{"origin": [-21.06657, -3.62066, -11.69606], "size": [1, 1, 5], "pivot": [0, 0, 0], "rotation": [-46.14415, -32.41052, 29.15396], "uv": [200, 250], "mirror": true},
						{"origin": [-24.05665, -3.62066, -4.32574], "size": [1, 1, 4.7], "pivot": [0, 0, 0], "rotation": [-68.60041, -49.1684, 62.61878], "uv": [200, 250], "mirror": true},
						{"origin": [-24.41265, -3.62066, -4.38019], "size": [1, 1, 3.3], "pivot": [0, 0, 0], "rotation": [-77.24859, -51.3798, 73.84641], "uv": [200, 252], "mirror": true},
						{"origin": [10, 2.6, -14.2], "size": [1, 1, 4.4], "pivot": [0, 0, 0], "rotation": [-15, 0, 0], "uv": [200, 251]},
						{"origin": [10, 0.69239, -16.53827], "size": [1, 1, 2.1], "pivot": [0, 0, 0], "rotation": [-22.5, 0, 0], "uv": [200, 253]},
						{"origin": [20.06657, -3.62066, -11.69606], "size": [1, 1, 5], "pivot": [0, 0, 0], "rotation": [-46.14415, 32.41052, -29.15396], "uv": [200, 250]},
						{"origin": [10, -3.62066, -19.16088], "size": [1, 1, 3], "pivot": [0, 0, 0], "rotation": [-37.5, 0, 0], "uv": [200, 252]},
						{"origin": [23.05665, -3.62066, -4.32574], "size": [1, 1, 4.7], "pivot": [0, 0, 0], "rotation": [-68.60041, 49.1684, -62.61878], "uv": [200, 250]},
						{"origin": [23.41265, -3.62066, -4.38019], "size": [1, 1, 3.3], "pivot": [0, 0, 0], "rotation": [-77.24859, 51.3798, -73.84641], "uv": [200, 252]},
						{"origin": [-11, 5, -9.8], "size": [1, 15.6, 14], "uv": [200, 226], "mirror": true},
						{"origin": [-11, 20.1, -9.8], "size": [1, 1, 14], "inflate": -0.3, "uv": [115, 19], "mirror": true},
						{"origin": [-10.7, 22.1, -6.8], "size": [0, 1, 1], "uv": [72, 38], "mirror": true},
						{"origin": [-10.7, 23.1, -7.8], "size": [0, 1, 1], "uv": [72, 38], "mirror": true},
						{"origin": [-10.7, 27.1, 1.2], "size": [0, 1, 1], "uv": [72, 38], "mirror": true},
						{"origin": [-10.7, 26.1, 2.2], "size": [0, 1, 1], "uv": [72, 38], "mirror": true},
						{"origin": [10.7, 27.1, 1.2], "size": [0, 1, 1], "uv": [72, 38]},
						{"origin": [10.7, 26.1, 2.2], "size": [0, 1, 1], "uv": [72, 38]},
						{"origin": [10.7, 23.1, -7.8], "size": [0, 1, 1], "uv": [72, 38]},
						{"origin": [10.7, 22.1, -6.8], "size": [0, 1, 1], "uv": [72, 38]},
						{"origin": [-7.5, 24.6, 4.6], "size": [15, 1, 1], "inflate": -0.3, "uv": [118, 34], "mirror": true},
						{"origin": [-7.5, 27.1, 4.6], "size": [15, 1, 1], "inflate": -0.3, "uv": [118, 34], "mirror": true},
						{"origin": [6.6, 24.1, 4.6], "size": [1, 4, 1], "inflate": -0.3, "uv": [118, 31], "mirror": true},
						{"origin": [-7.6, 24.1, 4.6], "size": [1, 4, 1], "inflate": -0.3, "uv": [118, 31]},
						{"origin": [-11, 28.1, -9.8], "size": [1, 1, 14], "inflate": -0.3, "uv": [115, 19], "mirror": true},
						{"origin": [-11, 19.1, 3.5], "size": [1, 10, 1], "inflate": -0.3, "uv": [115, 23], "mirror": true},
						{"origin": [10, 19.1, 3.5], "size": [1, 10, 1], "inflate": -0.3, "uv": [115, 23]},
						{"origin": [10, 20.1, -9.8], "size": [1, 1, 14], "inflate": -0.3, "uv": [115, 19]},
						{"origin": [10, 28.1, -9.8], "size": [1, 1, 14], "inflate": -0.3, "uv": [115, 19]},
						{"origin": [-11.4, 4.6, 3.5], "size": [1, 16.3, 1], "inflate": -0.3, "uv": [0, 239], "mirror": true},
						{"origin": [-11.4, 14.95, -8.5], "size": [1, 1, 12], "inflate": -0.3, "uv": [0, 243], "mirror": true},
						{"origin": [10.4, 14.95, -8.5], "size": [1, 1, 12], "inflate": -0.3, "uv": [0, 243]},
						{"origin": [-11.4, 4.6, -9.6], "size": [1, 16.3, 1], "inflate": -0.3, "uv": [0, 239], "mirror": true},
						{"origin": [-11.4, 16.3, 0.4], "size": [1, 1, 3], "uv": [17, 115], "mirror": true},
						{"origin": [-11.1, 5.3, -0.7], "size": [1, 2, 4.1], "uv": [191, 38], "mirror": true},
						{"origin": [10.1, 5.3, -0.7], "size": [1, 2, 4.1], "uv": [191, 38]},
						{"origin": [10.4, 16.3, 0.4], "size": [1, 1, 3], "uv": [17, 115]},
						{"origin": [10.4, 4.6, -9.6], "size": [1, 16.3, 1], "inflate": -0.3, "uv": [0, 239]},
						{"origin": [10.4, 4.6, 3.5], "size": [1, 16.3, 1], "inflate": -0.3, "uv": [0, 239]},
						{"origin": [10, 5, -9.8], "size": [1, 15.6, 14], "uv": [200, 226]},
						{"origin": [10, 6, -10.8], "size": [1, 22.6, 1], "uv": [200, 232]},
						{"origin": [-11, 20.8, -11.7], "size": [1, 7.1, 1.2], "uv": [200, 248], "mirror": true},
						{"origin": [10, 20.8, -11.7], "size": [1, 7.1, 1.2], "uv": [200, 248]},
						{"origin": [1, 6.5, 3], "size": [1, 2.4, 29.6], "uv": [92, 24], "mirror": true},
						{"origin": [4.2, 4.8, 24], "size": [2, 2, 7.6], "uv": [116, 36], "mirror": true},
						{"origin": [-2, 6.5, 3], "size": [1, 2.4, 29.6], "uv": [92, 24]},
						{"origin": [-9, 4.1, -3], "size": [6, 3.1, 17], "uv": [179, 27], "mirror": true},
						{"origin": [-7, 4.5, -4], "size": [6, 2.1, 8], "uv": [179, 37], "mirror": true},
						{"origin": [1, 3.95579, -8.93156], "size": [6, 2.1, 4.6], "pivot": [0, 0, 0], "rotation": [-7.5, 0, 0], "uv": [179, 40]},
						{"origin": [-7, 3.95579, -8.93156], "size": [6, 2.1, 4.6], "pivot": [0, 0, 0], "rotation": [-7.5, 0, 0], "uv": [179, 40], "mirror": true},
						{"origin": [1, 8.6984, -4.24713], "size": [6, 2, 1.5], "pivot": [0, 0, 0], "rotation": [32.5, 0, 0], "uv": [181, 25]},
						{"origin": [2.9, 4.58732, -7.19917], "size": [6, 2.1, 4.6], "pivot": [0, 0, 0], "rotation": [-7.5, 0, 0], "uv": [66, 115]},
						{"origin": [2.9, 8.06861, -2.51411], "size": [6, 2, 1.5], "pivot": [0, 0, 0], "rotation": [32.5, 0, 0], "uv": [66, 119]},
						{"origin": [-8.9, 4.58732, -7.19917], "size": [6, 2.1, 4.6], "pivot": [0, 0, 0], "rotation": [-7.5, 0, 0], "uv": [66, 115], "mirror": true},
						{"origin": [-8.9, 8.06861, -2.51411], "size": [6, 2, 1.5], "pivot": [0, 0, 0], "rotation": [32.5, 0, 0], "uv": [66, 119], "mirror": true},
						{"origin": [-7, 8.6984, -4.24713], "size": [6, 2, 1.5], "pivot": [0, 0, 0], "rotation": [32.5, 0, 0], "uv": [181, 25], "mirror": true},
						{"origin": [-4.4, 12.2984, -11.24713], "size": [6.4, 2, 2], "inflate": -0.1, "pivot": [0, 0, 0], "rotation": [32.5, 0, 0], "uv": [87, 109], "mirror": true},
						{"origin": [-4, 12.2984, -11.24713], "size": [1.6, 2, 10.1], "pivot": [0, 0, 0], "rotation": [32.5, 0, 0], "uv": [105, 29], "mirror": true},
						{"origin": [-0.8, 15.9984, -4.24713], "size": [1.6, 2, 2.8], "pivot": [0, 0, 0], "rotation": [32.5, 0, 0], "uv": [200, 251], "mirror": true},
						{"origin": [-0.8, 16.9984, -4.84713], "size": [1.6, 1, 1], "pivot": [0, 0, 0], "rotation": [32.5, 0, 0], "uv": [200, 254], "mirror": true},
						{"origin": [-4, 12.2984, -9.14713], "size": [1.6, 2, 1], "inflate": 0.1, "pivot": [0, 0, 0], "rotation": [32.5, 0, 0], "uv": [27, 107], "mirror": true},
						{"origin": [-4, 12.2984, -7.64713], "size": [1.6, 2, 1], "inflate": 0.1, "pivot": [0, 0, 0], "rotation": [32.5, 0, 0], "uv": [27, 107], "mirror": true},
						{"origin": [-4, 12.2984, -4.64713], "size": [1.6, 2, 1], "inflate": 0.1, "pivot": [0, 0, 0], "rotation": [32.5, 0, 0], "uv": [27, 107], "mirror": true},
						{"origin": [-4, 12.2984, -6.14713], "size": [1.6, 2, 1], "inflate": 0.1, "pivot": [0, 0, 0], "rotation": [32.5, 0, 0], "uv": [27, 107], "mirror": true},
						{"origin": [1, 6.6, -9.3], "size": [6, 1, 6.5], "uv": [181, 21]},
						{"origin": [-7, 6.6, -9.3], "size": [6, 1, 6.5], "uv": [181, 21], "mirror": true},
						{"origin": [-1, 9.3, 2.8], "size": [2, 1, 17], "uv": [200, 238]},
						{"origin": [-1, 6.3, 2.8], "size": [2, 3, 2], "uv": [200, 251]},
						{"origin": [-2, 4.4, -9.2], "size": [4, 3, 1], "uv": [0, 252]},
						{"origin": [-2, 10.18095, -5.35046], "size": [4, 4.3, 1], "pivot": [0, 0, 0], "rotation": [25, 0, 0], "uv": [0, 251]},
						{"origin": [-2, 13.31754, 6.16384], "size": [4, 5.3, 1], "pivot": [0, 0, 0], "rotation": [70, 0, 0], "uv": [0, 250]},
						{"origin": [-2, 12.1, -16.8], "size": [4, 1, 1.8], "uv": [0, 253]},
						{"origin": [-13.7, -22.27268, 19.26321], "size": [7, 4.9, 1], "pivot": [0, 0, 0], "rotation": [70, 0, 0], "uv": [0, 250], "mirror": true},
						{"origin": [-13.7, -8.08296, 28.98816], "size": [7, 5.3, 1], "pivot": [0, 0, 0], "rotation": [27.5, 0, 0], "uv": [0, 250], "mirror": true},
						{"origin": [-13.7, 12.60337, 9.74992], "size": [7, 5.3, 1], "pivot": [0, 0, 0], "rotation": [-27.5, 0, 0], "uv": [0, 250], "mirror": true},
						{"origin": [-13.7, 19.82555, -4.94071], "size": [7, 4.9, 1], "pivot": [0, 0, 0], "rotation": [-70, 0, 0], "uv": [0, 250], "mirror": true},
						{"origin": [-13.7, 12.1, 21.5], "size": [7, 1, 1.8], "uv": [0, 253], "mirror": true},
						{"origin": [6.7, -8.08296, 28.98816], "size": [7, 5.3, 1], "pivot": [0, 0, 0], "rotation": [27.5, 0, 0], "uv": [0, 250]},
						{"origin": [6.7, -22.27268, 19.26321], "size": [7, 4.9, 1], "pivot": [0, 0, 0], "rotation": [70, 0, 0], "uv": [0, 250]},
						{"origin": [6.7, 12.1, 21.5], "size": [7, 1, 1.8], "uv": [0, 253]},
						{"origin": [6.7, 19.82555, -4.94071], "size": [7, 4.9, 1], "pivot": [0, 0, 0], "rotation": [-70, 0, 0], "uv": [0, 250]},
						{"origin": [6.7, 12.60337, 9.74992], "size": [7, 5.3, 1], "pivot": [0, 0, 0], "rotation": [-27.5, 0, 0], "uv": [0, 250]},
						{"origin": [7.7, -3.89224, 24.82959], "size": [2, 4.3, 1], "pivot": [0, 0, 0], "rotation": [25, 0, 0], "uv": [200, 251]},
						{"origin": [-9.7, -3.89224, 24.82959], "size": [2, 4.3, 1], "pivot": [0, 0, 0], "rotation": [25, 0, 0], "uv": [200, 251], "mirror": true},
						{"origin": [-8, 3.9, 21], "size": [16, 3, 3], "uv": [1, 118]},
						{"origin": [3.4, 8.55068, 11.77111], "size": [3, 3, 11.1], "inflate": 0.2, "pivot": [0, 0, 0], "rotation": [-12.5, 0, 0], "uv": [72, 111]},
						{"origin": [-6.4, 8.55068, 11.77111], "size": [3, 3, 11.1], "inflate": 0.2, "pivot": [0, 0, 0], "rotation": [-12.5, 0, 0], "uv": [72, 111], "mirror": true},
						{"origin": [-6.4, 11.55068, 19.77111], "size": [3, 3, 3], "inflate": 0.2, "pivot": [0, 0, 0], "rotation": [-12.5, 0, 0], "uv": [91, 112], "mirror": true},
						{"origin": [3.4, 11.55068, 19.77111], "size": [3, 3, 3], "inflate": 0.2, "pivot": [0, 0, 0], "rotation": [-12.5, 0, 0], "uv": [91, 112]}
					]
				},
				{
					"name": "part2",
					"parent": "body",
					"pivot": [0, 0, 0],
					"cubes": [
						{"origin": [4.4, 23.89037, -15.34693], "size": [1, 2, 1], "inflate": -0.3, "pivot": [0, 0, 0], "rotation": [-7.5, 0, 0], "uv": [104, 41], "mirror": true},
						{"origin": [4.8, 23.89037, -15.34693], "size": [1, 1, 1], "inflate": -0.3, "pivot": [0, 0, 0], "rotation": [-7.5, 0, 0], "uv": [104, 41], "mirror": true},
						{"origin": [5.3, 23.89037, -15.34693], "size": [1, 2, 1], "inflate": -0.3, "pivot": [0, 0, 0], "rotation": [-7.5, 0, 0], "uv": [104, 41], "mirror": true},
						{"origin": [5.8, 23.89037, -15.34693], "size": [1, 2, 1], "inflate": -0.3, "pivot": [0, 0, 0], "rotation": [-7.5, 0, 0], "uv": [104, 41], "mirror": true},
						{"origin": [6.2, 24.89037, -15.34693], "size": [1.2, 1, 1], "inflate": -0.3, "pivot": [0, 0, 0], "rotation": [-7.5, 0, 0], "uv": [104, 41], "mirror": true},
						{"origin": [6.3, 23.89037, -15.34693], "size": [1, 2, 1], "inflate": -0.3, "pivot": [0, 0, 0], "rotation": [-7.5, 0, 0], "uv": [104, 41], "mirror": true},
						{"origin": [6.8, 23.89037, -15.34693], "size": [1, 2, 1], "inflate": -0.3, "pivot": [0, 0, 0], "rotation": [-7.5, 0, 0], "uv": [104, 41], "mirror": true},
						{"origin": [7.3, 23.89037, -15.34693], "size": [1, 2, 1], "inflate": -0.3, "pivot": [0, 0, 0], "rotation": [-7.5, 0, 0], "uv": [104, 41], "mirror": true},
						{"origin": [7.7, 24.89037, -15.34693], "size": [1, 1, 1], "inflate": -0.3, "pivot": [0, 0, 0], "rotation": [-7.5, 0, 0], "uv": [104, 41], "mirror": true},
						{"origin": [7.8, 23.89037, -15.34693], "size": [1, 2, 1], "inflate": -0.3, "pivot": [0, 0, 0], "rotation": [-7.5, 0, 0], "uv": [104, 41], "mirror": true},
						{"origin": [7.7, 23.89037, -15.34693], "size": [1, 1, 1], "inflate": -0.3, "pivot": [0, 0, 0], "rotation": [-7.5, 0, 0], "uv": [104, 41], "mirror": true},
						{"origin": [2.6, 23.89037, -15.34693], "size": [1.4, 1, 1], "inflate": -0.3, "pivot": [0, 0, 0], "rotation": [-7.5, 0, 0], "uv": [104, 41], "mirror": true},
						{"origin": [3, 24.29037, -15.34693], "size": [1, 1.1, 1], "inflate": -0.3, "pivot": [0, 0, 0], "rotation": [-7.5, 0, 0], "uv": [104, 41], "mirror": true},
						{"origin": [2.6, 24.39037, -15.34693], "size": [1, 1.5, 1], "inflate": -0.3, "pivot": [0, 0, 0], "rotation": [-7.5, 0, 0], "uv": [104, 41], "mirror": true},
						{"origin": [3, 24.89037, -15.34693], "size": [1, 1, 1], "inflate": -0.3, "pivot": [0, 0, 0], "rotation": [-7.5, 0, 0], "uv": [104, 41], "mirror": true},
						{"origin": [2, 24.29037, -15.34693], "size": [1, 1, 1], "inflate": -0.3, "pivot": [0, 0, 0], "rotation": [-7.5, 0, 0], "uv": [104, 41], "mirror": true},
						{"origin": [2.1, 23.89037, -15.34693], "size": [1, 2, 1], "inflate": -0.3, "pivot": [0, 0, 0], "rotation": [-7.5, 0, 0], "uv": [104, 41], "mirror": true},
						{"origin": [2, 24.89037, -15.34693], "size": [1, 1, 1], "inflate": -0.3, "pivot": [0, 0, 0], "rotation": [-7.5, 0, 0], "uv": [104, 41], "mirror": true},
						{"origin": [1.6, 23.89037, -15.34693], "size": [1, 2, 1], "inflate": -0.3, "pivot": [0, 0, 0], "rotation": [-7.5, 0, 0], "uv": [104, 41], "mirror": true},
						{"origin": [0.9, 24.89037, -15.34693], "size": [1.2, 1, 1], "inflate": -0.3, "pivot": [0, 0, 0], "rotation": [-7.5, 0, 0], "uv": [104, 41], "mirror": true},
						{"origin": [1, 23.89037, -15.34693], "size": [1, 2, 1], "inflate": -0.3, "pivot": [0, 0, 0], "rotation": [-7.5, 0, 0], "uv": [104, 41], "mirror": true},
						{"origin": [0.4, 23.89037, -15.34693], "size": [1, 2, 1], "inflate": -0.3, "pivot": [0, 0, 0], "rotation": [-7.5, 0, 0], "uv": [104, 41], "mirror": true},
						{"origin": [-0.5, 23.89037, -15.34693], "size": [1, 2, 1], "inflate": -0.3, "pivot": [0, 0, 0], "rotation": [-7.5, 0, 0], "uv": [104, 41], "mirror": true},
						{"origin": [-0.1, 23.89037, -15.34693], "size": [1, 1, 1], "inflate": -0.3, "pivot": [0, 0, 0], "rotation": [-7.5, 0, 0], "uv": [104, 41], "mirror": true},
						{"origin": [-1.1, 24.29037, -15.34693], "size": [1, 1, 1], "inflate": -0.3, "pivot": [0, 0, 0], "rotation": [-7.5, 0, 0], "uv": [104, 41], "mirror": true},
						{"origin": [-1.5, 23.89037, -15.34693], "size": [1, 2, 1], "inflate": -0.3, "pivot": [0, 0, 0], "rotation": [-7.5, 0, 0], "uv": [104, 41], "mirror": true},
						{"origin": [-1.1, 24.89037, -15.34693], "size": [1, 1, 1], "inflate": -0.3, "pivot": [0, 0, 0], "rotation": [-7.5, 0, 0], "uv": [104, 41], "mirror": true},
						{"origin": [-1, 23.89037, -15.34693], "size": [1, 2, 1], "inflate": -0.3, "pivot": [0, 0, 0], "rotation": [-7.5, 0, 0], "uv": [104, 41], "mirror": true},
						{"origin": [-2, 23.89037, -15.34693], "size": [1, 2, 1], "inflate": -0.3, "pivot": [0, 0, 0], "rotation": [-7.5, 0, 0], "uv": [104, 41], "mirror": true},
						{"origin": [-2.1, 23.89037, -15.34693], "size": [1, 1, 1], "inflate": -0.3, "pivot": [0, 0, 0], "rotation": [-7.5, 0, 0], "uv": [104, 41], "mirror": true},
						{"origin": [-2.5, 23.89037, -15.34693], "size": [1, 2, 1], "inflate": -0.3, "pivot": [0, 0, 0], "rotation": [-7.5, 0, 0], "uv": [104, 41], "mirror": true},
						{"origin": [-3, 24.59037, -15.34693], "size": [1, 1.3, 1], "inflate": -0.3, "pivot": [0, 0, 0], "rotation": [-7.5, 0, 0], "uv": [104, 41], "mirror": true},
						{"origin": [-3.3, 24.39037, -15.34693], "size": [1, 1, 1], "inflate": -0.3, "pivot": [0, 0, 0], "rotation": [-7.5, 0, 0], "uv": [104, 41], "mirror": true},
						{"origin": [-3.5, 23.89037, -15.34693], "size": [1, 2, 1], "inflate": -0.3, "pivot": [0, 0, 0], "rotation": [-7.5, 0, 0], "uv": [104, 41], "mirror": true},
						{"origin": [-3, 23.89037, -15.34693], "size": [1, 1.2, 1], "inflate": -0.3, "pivot": [0, 0, 0], "rotation": [-7.5, 0, 0], "uv": [104, 41], "mirror": true},
						{"origin": [-4.9, 23.89037, -15.34693], "size": [1, 2, 1], "inflate": -0.3, "pivot": [0, 0, 0], "rotation": [-7.5, 0, 0], "uv": [104, 41], "mirror": true},
						{"origin": [-5, 24.89037, -15.34693], "size": [1, 1, 1], "inflate": -0.3, "pivot": [0, 0, 0], "rotation": [-7.5, 0, 0], "uv": [104, 41], "mirror": true},
						{"origin": [-5.4, 23.89037, -15.34693], "size": [1, 2, 1], "inflate": -0.3, "pivot": [0, 0, 0], "rotation": [-7.5, 0, 0], "uv": [104, 41], "mirror": true},
						{"origin": [-5, 23.89037, -15.34693], "size": [1, 1, 1], "inflate": -0.3, "pivot": [0, 0, 0], "rotation": [-7.5, 0, 0], "uv": [104, 41], "mirror": true},
						{"origin": [-5.9, 23.89037, -15.34693], "size": [1, 2, 1], "inflate": -0.3, "pivot": [0, 0, 0], "rotation": [-7.5, 0, 0], "uv": [104, 41], "mirror": true},
						{"origin": [-6.5, 24.89037, -15.34693], "size": [1.2, 1, 1], "inflate": -0.3, "pivot": [0, 0, 0], "rotation": [-7.5, 0, 0], "uv": [104, 41], "mirror": true},
						{"origin": [-6.4, 23.89037, -15.34693], "size": [1, 2, 1], "inflate": -0.3, "pivot": [0, 0, 0], "rotation": [-7.5, 0, 0], "uv": [104, 41], "mirror": true},
						{"origin": [-6.9, 23.89037, -15.34693], "size": [1, 2, 1], "inflate": -0.3, "pivot": [0, 0, 0], "rotation": [-7.5, 0, 0], "uv": [104, 41], "mirror": true},
						{"origin": [-7.4, 24.89037, -15.34693], "size": [1, 1, 1], "inflate": -0.3, "pivot": [0, 0, 0], "rotation": [-7.5, 0, 0], "uv": [104, 41], "mirror": true},
						{"origin": [-7.4, 24.39037, -15.34693], "size": [1, 1, 1], "inflate": -0.3, "pivot": [0, 0, 0], "rotation": [-7.5, 0, 0], "uv": [104, 41], "mirror": true},
						{"origin": [-7.8, 23.89037, -15.34693], "size": [1, 2, 1], "inflate": -0.3, "pivot": [0, 0, 0], "rotation": [-7.5, 0, 0], "uv": [104, 41], "mirror": true},
						{"origin": [-7.4, 23.89037, -15.34693], "size": [1, 1, 1], "inflate": -0.3, "pivot": [0, 0, 0], "rotation": [-7.5, 0, 0], "uv": [104, 41], "mirror": true},
						{"origin": [-8.4, 24.39037, -15.34693], "size": [1, 1, 1], "inflate": -0.3, "pivot": [0, 0, 0], "rotation": [-7.5, 0, 0], "uv": [104, 41], "mirror": true},
						{"origin": [-8.4, 24.89037, -15.34693], "size": [1, 1, 1], "inflate": -0.3, "pivot": [0, 0, 0], "rotation": [-7.5, 0, 0], "uv": [104, 41], "mirror": true},
						{"origin": [-8.3, 23.99037, -15.34693], "size": [1, 1.8, 1], "inflate": -0.3, "pivot": [0, 0, 0], "rotation": [-7.5, 0, 0], "uv": [104, 41], "mirror": true},
						{"origin": [-8.8, 23.89037, -15.34693], "size": [1, 2, 1], "inflate": -0.3, "pivot": [0, 0, 0], "rotation": [-7.5, 0, 0], "uv": [104, 41], "mirror": true},
						{"origin": [-8.4, 23.89037, -15.34693], "size": [1, 1, 1], "inflate": -0.3, "pivot": [0, 0, 0], "rotation": [-7.5, 0, 0], "uv": [104, 41], "mirror": true}
					]
				},
				{
					"name": "brake",
					"parent": "mainbody",
					"pivot": [0, 0, 0],
					"cubes": [
						{"origin": [7.9, 3.44519, 19.14025], "size": [3.76, 3.88, 1.76], "uv": [75, 80]},
						{"origin": [-11.66, 3.44519, 19.14025], "size": [3.76, 3.88, 1.76], "uv": [75, 80], "mirror": true}
					]
				},
				{
					"name": "interior",
					"parent": "mainbody",
					"pivot": [0, -2.5, 0]
				},
				{
					"name": "int",
					"parent": "interior",
					"pivot": [-4, -2.5, 0],
					"cubes": [
						{"origin": [-10.6, 15.2, -11.7], "size": [21, 4.61, 2], "uv": [123, 75]},
						{"origin": [-10.6, 13.5, -11.1], "size": [21, 2.71, 1], "uv": [104, 75]},
						{"origin": [-10.6, 13, -11.1], "size": [13, 1, 1], "uv": [124, 76]},
						{"origin": [-9.1, 16.3, -10.5], "size": [10, 3.9, 1], "uv": [74, 115]},
						{"origin": [-10.1, 18.2, -11.49], "size": [4, 2, 2], "uv": [68, 110]},
						{"origin": [-10.6, 19.55, -11.99], "size": [13, 1, 3], "inflate": -0.3, "uv": [176, 42]},
						{"origin": [-10.6, 17.7, -11.99], "size": [13, 1, 3], "inflate": -0.3, "uv": [200, 42]},
						{"origin": [-2.1, 18.2, -11.49], "size": [4, 2, 2], "uv": [68, 110]},
						{"origin": [0.4, 19.2, -9.99], "size": [1, 1, 1], "inflate": -0.4, "uv": [4, 82]},
						{"origin": [0.8, 19, -9.99], "size": [1, 1, 1], "inflate": -0.4, "uv": [4, 82]},
						{"origin": [1.05, 18.6, -9.99], "size": [1, 1, 1], "inflate": -0.4, "uv": [4, 82]},
						{"origin": [1.1, 18.2, -9.99], "size": [1, 1, 1], "inflate": -0.4, "uv": [4, 82]},
						{"origin": [0, 19.3, -9.99], "size": [1, 1, 1], "inflate": -0.4, "uv": [4, 82]},
						{"origin": [-0.4, 19.2, -9.99], "size": [1, 1, 1], "inflate": -0.4, "uv": [4, 82]},
						{"origin": [-0.8, 19, -9.99], "size": [1, 1, 1], "inflate": -0.4, "uv": [4, 82]},
						{"origin": [-1.05, 18.6, -9.99], "size": [1, 1, 1], "inflate": -0.4, "uv": [4, 82]},
						{"origin": [-1.1, 18.2, -9.99], "size": [1, 1, 1], "inflate": -0.4, "uv": [4, 82]},
						{"origin": [-7.9, 18.2, -9.99], "size": [1, 1, 1], "inflate": -0.4, "uv": [4, 82]},
						{"origin": [-7.95, 18.6, -9.99], "size": [1, 1, 1], "inflate": -0.4, "uv": [4, 82]},
						{"origin": [-8.2, 19, -9.99], "size": [1, 1, 1], "inflate": -0.4, "uv": [4, 82]},
						{"origin": [-8.6, 19.2, -9.99], "size": [1, 1, 1], "inflate": -0.4, "uv": [4, 82]},
						{"origin": [-9, 19.3, -9.99], "size": [1, 1, 1], "inflate": -0.4, "uv": [4, 82]},
						{"origin": [-9.4, 19.2, -9.99], "size": [1, 1, 1], "inflate": -0.4, "uv": [4, 82]},
						{"origin": [-9.8, 19, -9.99], "size": [1, 1, 1], "inflate": -0.4, "uv": [4, 82]},
						{"origin": [-10.05, 18.6, -9.99], "size": [1, 1, 1], "inflate": -0.4, "uv": [4, 82]},
						{"origin": [-10.1, 18.2, -9.99], "size": [1, 1, 1], "inflate": -0.4, "uv": [4, 82]},
						{"origin": [-1.4, 20.6, -10.2], "size": [1, 1, 1], "inflate": -0.2, "uv": [72, 79]},
						{"origin": [-2.4, 20.5, -10.2], "size": [1, 1, 1], "inflate": -0.2, "uv": [44, 79]},
						{"origin": [-5.6, 20.5, -10.2], "size": [3, 1, 1], "inflate": -0.2, "uv": [150, 5]},
						{"origin": [-7.8, 20.6, -10.2], "size": [1, 1, 1], "inflate": -0.2, "uv": [82, 81]},
						{"origin": [-6.8, 20.5, -10.2], "size": [1, 1, 1], "inflate": -0.2, "uv": [44, 79]},
						{"origin": [-8.1, 21.64054, -6.34845], "size": [8, 2.1, 3], "inflate": -0.45, "pivot": [0, 0, 0], "rotation": [15, 0, 0], "uv": [69, 115]},
						{"origin": [-8.1, 21.64054, -6.34845], "size": [8, 2.1, 3], "inflate": -0.45, "pivot": [0, 0, 0], "rotation": [15, 0, 0], "uv": [69, 115]},
						{"origin": [-8.1, 22.84054, -6.34845], "size": [8, 1.01, 3.2], "inflate": -0.4, "pivot": [0, 0, 0], "rotation": [15, 0, 0], "uv": [188, 49]},
						{"origin": [-6.6, 15.5501, 1.31491], "size": [1, 1.5, 0.1], "pivot": [0, 0, 0], "rotation": [40, 0, 0], "uv": [120, 0]},
						{"origin": [-6.6, 15.5501, 0.11491], "size": [1, 1, 1.4], "inflate": -0.2, "pivot": [0, 0, 0], "rotation": [40, 0, 0], "uv": [120, 0]},
						{"origin": [-4.6, 15.5501, 0.11491], "size": [1, 1, 1.4], "inflate": -0.2, "pivot": [0, 0, 0], "rotation": [40, 0, 0], "uv": [120, 0]},
						{"origin": [-3.1, 15.5501, 0.11491], "size": [1, 1, 1.4], "inflate": -0.2, "pivot": [0, 0, 0], "rotation": [40, 0, 0], "uv": [120, 0]},
						{"origin": [-4.6, 15.5501, 1.31491], "size": [1, 1.5, 0.1], "pivot": [0, 0, 0], "rotation": [40, 0, 0], "uv": [120, 0]},
						{"origin": [-3.1, 15.5501, 1.31491], "size": [1, 1.5, 0.1], "pivot": [0, 0, 0], "rotation": [40, 0, 0], "uv": [120, 0]},
						{"origin": [-10.6, 14.11251, -0.13334], "size": [21, 3, 1], "pivot": [0, 0, 0], "rotation": [40, 0, 0], "uv": [93, 78]},
						{"origin": [-4.64205, 19.88525, -4.59508], "size": [1, 1, 3], "inflate": -0.1, "pivot": [0, 0, 0], "rotation": [17.5, 0, 0], "uv": [0, 0]}
					]
				},
				{
					"name": "seat",
					"parent": "interior",
					"pivot": [0, -2.5, 0],
					"cubes": [
						{"origin": [-6.6, 12.3, -6.25], "size": [5, 2, 9], "inflate": -0.05, "uv": [17, 107]},
						{"origin": [-8.6, 12.2, -6.3], "size": [18, 2, 9], "inflate": -0.05, "uv": [56, 118]},
						{"origin": [-9.6, 13.2, -6.3], "size": [1, 2, 9], "inflate": -0.05, "uv": [73, 118]},
						{"origin": [-1.6, 11.2, -6.3], "size": [1, 2, 9], "inflate": -0.1, "uv": [98, 76]},
						{"origin": [-7.6, 11.2, -6.3], "size": [1, 2, 9], "inflate": -0.1, "uv": [98, 76]},
						{"origin": [-6.6, 13.39916, -2.39445], "size": [5, 8, 1], "pivot": [0, 0, 0], "rotation": [-14, 0, 0], "uv": [149, 0]},
						{"origin": [1.6, 13.39916, -2.39445], "size": [5, 8, 1], "pivot": [0, 0, 0], "rotation": [-14, 0, 0], "uv": [149, 0], "mirror": true},
						{"origin": [1.6, 12.3, -6.25], "size": [5, 2, 9], "inflate": -0.05, "uv": [17, 107], "mirror": true},
						{"origin": [-8.6, 13.49079, -2.33164], "size": [18, 8, 2], "pivot": [0, 0, 0], "rotation": [-14, 0, 0], "uv": [63, 110]},
						{"origin": [-9.6, 13.49079, -3.33164], "size": [1, 8, 2], "pivot": [0, 0, 0], "rotation": [-14, 0, 0], "uv": [69, 104]},
						{"origin": [8.6, 13.49079, -3.33164], "size": [1, 8, 2], "pivot": [0, 0, 0], "rotation": [-14, 0, 0], "uv": [69, 104], "mirror": true},
						{"origin": [8.6, 13.2, -6.3], "size": [1, 2, 9], "inflate": -0.05, "uv": [73, 118], "mirror": true},
						{"origin": [-14.8274, 18.96696, 3.25673], "size": [1, 3, 2], "pivot": [0, 0, 0], "rotation": [0, 0, 20], "uv": [86, 111]},
						{"origin": [13.8274, 18.96696, 3.25673], "size": [1, 3, 2], "pivot": [0, 0, 0], "rotation": [0, 0, -20], "uv": [86, 111], "mirror": true},
						{"origin": [-6.42005, 22.71346, 3.25673], "size": [12.8, 3, 2], "uv": [74, 110]}
					]
				},
				{
					"name": "seatgp2",
					"parent": "seat",
					"pivot": [-4.09999, 22.21039, 4.16525],
					"rotation": [-14, 0, 0],
					"cubes": [
						{"origin": [-15.31264, 16.92643, 3.16525], "size": [2, 3, 2], "pivot": [0, 0, 0], "rotation": [0, 0, 20], "uv": [86, 111]},
						{"origin": [13.31264, 16.92643, 3.16525], "size": [2, 3, 2], "pivot": [0, 0, 0], "rotation": [0, 0, -20], "uv": [86, 111], "mirror": true}
					]
				},
				{
					"name": "steering_wheel",
					"parent": "interior",
					"pivot": [-4.175, 18.8581, -7.484],
					"rotation": [20, 0, 0]
				},
				{
					"name": "steer_wheel",
					"parent": "steering_wheel",
					"pivot": [-4.175, 18.85811, -7.48404],
					"cubes": [
						{"origin": [-1.64205, 17.51957, -7.94538], "size": [1, 3.5, 1], "inflate": -0.1, "uv": [2, 11]},
						{"origin": [-5.64205, 19.97682, -8.32791], "size": [3, 1, 1], "inflate": -0.2, "uv": [2, 11]},
						{"origin": [-5.02616, 19.96646, -7.67501], "size": [3, 1, 1], "inflate": -0.2, "pivot": [0, 0, 0], "rotation": [0, -10, 0], "uv": [2, 11]},
						{"origin": [-6.1306, 19.96646, -9.14811], "size": [3, 1, 1], "inflate": -0.2, "pivot": [0, 0, 0], "rotation": [0, 10, 0], "uv": [2, 11]},
						{"origin": [-7.64205, 17.51957, -7.94538], "size": [1, 3.5, 1], "inflate": -0.1, "uv": [2, 11]},
						{"origin": [-5.64205, 18.31099, -8.32409], "size": [3, 2, 1], "uv": [98, 0]},
						{"origin": [-6.34205, 18.71099, -8.12409], "size": [1, 1, 1], "inflate": -0.2, "uv": [114, 31]},
						{"origin": [-5.64205, 18.31099, -8.12409], "size": [3, 2, 1], "inflate": -0.1, "uv": [130, 78]},
						{"origin": [-3.44205, 19.51099, -7.72409], "size": [1, 1, 1], "inflate": -0.4, "uv": [84, 109]},
						{"origin": [-5.84205, 19.51099, -7.72409], "size": [1, 1, 1], "inflate": -0.4, "uv": [84, 109]},
						{"origin": [-3.44205, 18.11099, -7.72409], "size": [1, 1, 1], "inflate": -0.4, "uv": [82, 109]},
						{"origin": [-5.84205, 18.11099, -7.72409], "size": [1, 1, 1], "inflate": -0.4, "uv": [82, 109]},
						{"origin": [-6.34205, 18.71099, -7.82409], "size": [1, 1, 1], "inflate": -0.4, "uv": [129, 28]}
					]
				},
				{
					"name": "speedometer1",
					"parent": "interior",
					"pivot": [0.45, 18.7, -9.5],
					"cubes": [
						{"origin": [0, 18.2, -10], "size": [2, 1, 1], "inflate": -0.45, "uv": [39, 79]}
					]
				},
				{
					"name": "speedometer2",
					"parent": "interior",
					"pivot": [-8.55, 18.7, -9.5],
					"cubes": [
						{"origin": [-9, 18.2, -10], "size": [2, 1, 1], "inflate": -0.45, "uv": [42, 79]}
					]
				},
				{
					"name": "wiper1",
					"parent": "mainbody",
					"pivot": [0, 19.9, -12.3],
					"rotation": [70.5, 0, 0],
					"cubes": [
						{"origin": [-3.13586, 19.4, -13.11314], "size": [7, 2, 2], "inflate": -0.8, "pivot": [0, 0, 0], "rotation": [0, -10, 0], "uv": [198, 3], "mirror": true},
						{"origin": [-3.13586, 19.4, -13.11314], "size": [2, 2, 2], "inflate": -0.5, "pivot": [0, 0, 0], "rotation": [0, -10, 0], "uv": [7, 10], "mirror": true},
						{"origin": [0, 19.4, -12.3], "size": [8, 2, 2], "inflate": -0.7, "uv": [115, 40], "mirror": true}
					]
				},
				{
					"name": "backwheels_main",
					"parent": "body_main",
					"pivot": [0, 5.6875, 22.5775]
				},
				{
					"name": "3",
					"parent": "backwheels_main",
					"pivot": [-9.59964, 5.71066, 22.57748],
					"rotation": [25, 0, 0],
					"cubes": [
						{"origin": [-12.05848, -14.20608, 14.26287], "size": [4.76, 4.7, 1.88], "pivot": [0, 0, 0], "rotation": [45, 0, 0], "uv": [0, 0], "mirror": true},
						{"origin": [-11.38, -13.25183, 15.92212], "size": [3.76, 3.055, 1.88], "pivot": [0, 0, 0], "rotation": [45, 0, 0], "uv": [38, 0], "mirror": true},
						{"origin": [-12.05848, 20.1306, -1.92015], "size": [4.76, 4.7, 1.88], "pivot": [0, 0, 0], "rotation": [-90, 0, 0], "uv": [0, 10], "mirror": true},
						{"origin": [-12.05848, 17.58626, 15.6495], "size": [4.76, 4.7, 1.88], "pivot": [0, 0, 0], "rotation": [-45, 0, 0], "uv": [0, 10], "mirror": true},
						{"origin": [-12.05848, 3.36354, 26.274], "size": [4.76, 4.7, 1.88], "uv": [0, 10], "mirror": true},
						{"origin": [-12.05848, -14.20609, 23.72967], "size": [4.76, 4.7, 1.88], "pivot": [0, 0, 0], "rotation": [45, 0, 0], "uv": [0, 10], "mirror": true},
						{"origin": [-11.38, -13.41801, 21.91605], "size": [3.76, 3.055, 1.88], "pivot": [0, 0, 0], "rotation": [45, 0, 0], "uv": [38, 0], "mirror": true},
						{"origin": [-12.05848, 20.1306, -11.38695], "size": [4.76, 4.7, 1.88], "pivot": [0, 0, 0], "rotation": [-90, 0, 0], "uv": [0, 0], "mirror": true},
						{"origin": [-11.38, 20.62911, -9.49859], "size": [3.76, 3.525, 2.82], "pivot": [0, 0, 0], "rotation": [-90, 0, 0], "uv": [38, 0], "mirror": true},
						{"origin": [-11.38, 20.62911, -4.70817], "size": [3.76, 3.525, 2.82], "pivot": [0, 0, 0], "rotation": [-90, 0, 0], "uv": [38, 0], "mirror": true},
						{"origin": [-12.05848, 17.58626, 6.18269], "size": [4.76, 4.7, 1.88], "pivot": [0, 0, 0], "rotation": [-45, 0, 0], "uv": [0, 15], "mirror": true},
						{"origin": [-11.38, 18.2485, 7.87046], "size": [3.76, 3.055, 1.88], "pivot": [0, 0, 0], "rotation": [-45, 0, 0], "uv": [38, 0], "mirror": true},
						{"origin": [-11.38, 18.41467, 13.86439], "size": [3.76, 3.055, 1.88], "pivot": [0, 0, 0], "rotation": [-45, 0, 0], "uv": [38, 0], "mirror": true},
						{"origin": [-12.05848, 3.36354, 16.80719], "size": [4.76, 4.7, 1.88], "uv": [0, 5], "mirror": true},
						{"origin": [-11.38, 4.04838, 18.4689], "size": [3.76, 3.29, 6.58], "uv": [38, 0], "mirror": true},
						{"origin": [-11.38, 4.04838, 24.43432], "size": [3.76, 3.29, 1.88], "uv": [38, 0], "mirror": true}
					]
				},
				{
					"name": "bone4",
					"parent": "3",
					"pivot": [-9.92478, 7.63653, 18.15949],
					"rotation": [-45, 0, 0],
					"cubes": [
						{"origin": [-11.88098, 9.88749, 21.52211], "size": [3.76, 3.76, 1.88], "uv": [72, 0], "mirror": true},
						{"origin": [-11.88098, 4.99949, 21.52211], "size": [3.76, 3.76, 1.88], "uv": [72, 0], "mirror": true},
						{"origin": [-11.88098, 8.41874, 18.17336], "size": [3.76, 1.88, 3.76], "uv": [72, 0], "mirror": true},
						{"origin": [-11.88098, 8.38349, 23.02611], "size": [3.76, 1.88, 3.76], "uv": [72, 0], "mirror": true}
					]
				},
				{
					"name": "bone5",
					"parent": "3",
					"pivot": [-10.00098, 7.83385, 17.86042],
					"rotation": [-90, 0, 0],
					"cubes": [
						{"origin": [-11.88098, 12.92058, 19.0247], "size": [3.76, 3.76, 1.88], "uv": [72, 0], "mirror": true},
						{"origin": [-11.88098, 8.03258, 19.0247], "size": [3.76, 3.76, 1.88], "uv": [72, 0], "mirror": true},
						{"origin": [-11.88098, 11.45183, 15.67595], "size": [3.76, 1.88, 3.76], "uv": [72, 0], "mirror": true},
						{"origin": [-11.88098, 11.41658, 20.5287], "size": [3.76, 1.88, 3.76], "uv": [72, 0], "mirror": true}
					]
				},
				{
					"name": "4",
					"parent": "backwheels_main",
					"pivot": [9.59964, 5.71066, 17.57748],
					"rotation": [25, 0, 0],
					"cubes": [
						{"origin": [7.29848, -15.36901, 12.43744], "size": [4.76, 4.7, 1.88], "pivot": [0, 0, 0], "rotation": [45, 0, 0], "uv": [0, 0]},
						{"origin": [7.62, -14.41476, 14.09669], "size": [3.76, 3.055, 1.88], "pivot": [0, 0, 0], "rotation": [45, 0, 0], "uv": [38, 0]},
						{"origin": [7.29848, 19.66214, 0.19294], "size": [4.76, 4.7, 1.88], "pivot": [0, 0, 0], "rotation": [-90, 0, 0], "uv": [0, 10]},
						{"origin": [7.29848, 15.76083, 16.81242], "size": [4.76, 4.7, 1.88], "pivot": [0, 0, 0], "rotation": [-45, 0, 0], "uv": [0, 10]},
						{"origin": [7.29848, 1.25045, 25.80554], "size": [4.76, 4.7, 1.88], "uv": [0, 10]},
						{"origin": [7.29848, -15.36902, 21.90424], "size": [4.76, 4.7, 1.88], "pivot": [0, 0, 0], "rotation": [45, 0, 0], "uv": [0, 10]},
						{"origin": [7.62, -14.58094, 20.09062], "size": [3.76, 3.055, 1.88], "pivot": [0, 0, 0], "rotation": [45, 0, 0], "uv": [38, 0]},
						{"origin": [7.29848, 19.66214, -9.27386], "size": [4.76, 4.7, 1.88], "pivot": [0, 0, 0], "rotation": [-90, 0, 0], "uv": [0, 0]},
						{"origin": [7.62, 20.16065, -7.3855], "size": [3.76, 3.525, 2.82], "pivot": [0, 0, 0], "rotation": [-90, 0, 0], "uv": [38, 0]},
						{"origin": [7.62, 20.16065, -2.59508], "size": [3.76, 3.525, 2.82], "pivot": [0, 0, 0], "rotation": [-90, 0, 0], "uv": [38, 0]},
						{"origin": [7.29848, 15.76083, 7.34561], "size": [4.76, 4.7, 1.88], "pivot": [0, 0, 0], "rotation": [-45, 0, 0], "uv": [0, 15]},
						{"origin": [7.62, 16.42307, 9.03338], "size": [3.76, 3.055, 1.88], "pivot": [0, 0, 0], "rotation": [-45, 0, 0], "uv": [38, 0]},
						{"origin": [7.62, 16.58924, 15.02731], "size": [3.76, 3.055, 1.88], "pivot": [0, 0, 0], "rotation": [-45, 0, 0], "uv": [38, 0]},
						{"origin": [7.29848, 1.25045, 16.33873], "size": [4.76, 4.7, 1.88], "uv": [0, 5]},
						{"origin": [7.62, 1.93529, 18.00044], "size": [3.76, 3.29, 6.58], "uv": [38, 0]},
						{"origin": [7.62, 1.93529, 23.96586], "size": [3.76, 3.29, 1.88], "uv": [38, 0]}
					]
				},
				{
					"name": "bone8",
					"parent": "4",
					"pivot": [9.92478, 5.52344, 17.69103],
					"rotation": [-45, 0, 0],
					"cubes": [
						{"origin": [8.12098, 7.7744, 21.05364], "size": [3.76, 3.76, 1.88], "uv": [72, 0]},
						{"origin": [8.12098, 2.8864, 21.05364], "size": [3.76, 3.76, 1.88], "uv": [72, 0]},
						{"origin": [8.12098, 6.30565, 17.70489], "size": [3.76, 1.88, 3.76], "uv": [72, 0]},
						{"origin": [8.12098, 6.2704, 22.55764], "size": [3.76, 1.88, 3.76], "uv": [72, 0]}
					]
				},
				{
					"name": "bone9",
					"parent": "4",
					"pivot": [10.00098, 5.72076, 17.39196],
					"rotation": [-90, 0, 0],
					"cubes": [
						{"origin": [8.12098, 10.80749, 18.55624], "size": [3.76, 3.76, 1.88], "uv": [72, 0]},
						{"origin": [8.12098, 5.91949, 18.55624], "size": [3.76, 3.76, 1.88], "uv": [72, 0]},
						{"origin": [8.12098, 9.33874, 15.20749], "size": [3.76, 1.88, 3.76], "uv": [72, 0]},
						{"origin": [8.12098, 9.30349, 20.06024], "size": [3.76, 1.88, 3.76], "uv": [72, 0]}
					]
				},
				{
					"name": "front_right",
					"parent": "body_main",
					"pivot": [0, 5.6875, -15.5]
				},
				{
					"name": "2",
					"parent": "front_right",
					"pivot": [0, 5.71066, -15.32252],
					"rotation": [25, 0, 0],
					"cubes": [
						{"origin": [-2.30799, 12.59327, -12.53648], "size": [4.76, 4.7, 1.88], "pivot": [0, 0, 0], "rotation": [45, 0, 0], "uv": [0, 0], "mirror": true},
						{"origin": [-1.88, 13.54752, -10.87723], "size": [3.76, 3.055, 1.88], "pivot": [0, 0, 0], "rotation": [45, 0, 0], "uv": [38, 0], "mirror": true},
						{"origin": [-2.30799, -17.7694, -1.92015], "size": [4.76, 4.7, 1.88], "pivot": [0, 0, 0], "rotation": [-90, 0, 0], "uv": [0, 10], "mirror": true},
						{"origin": [-2.30799, -9.21309, -11.14986], "size": [4.76, 4.7, 1.88], "pivot": [0, 0, 0], "rotation": [-45, 0, 0], "uv": [0, 10], "mirror": true},
						{"origin": [-2.30799, 3.36354, -11.626], "size": [4.76, 4.7, 1.88], "uv": [0, 10], "mirror": true},
						{"origin": [-2.30799, 12.59326, -3.06968], "size": [4.76, 4.7, 1.88], "pivot": [0, 0, 0], "rotation": [45, 0, 0], "uv": [0, 10], "mirror": true},
						{"origin": [-1.88, 13.38134, -4.8833], "size": [3.76, 3.055, 1.88], "pivot": [0, 0, 0], "rotation": [45, 0, 0], "uv": [38, 0], "mirror": true},
						{"origin": [-2.30799, -17.7694, -11.38695], "size": [4.76, 4.7, 1.88], "pivot": [0, 0, 0], "rotation": [-90, 0, 0], "uv": [0, 0], "mirror": true},
						{"origin": [-1.88, -17.27089, -9.49859], "size": [3.76, 3.525, 2.82], "pivot": [0, 0, 0], "rotation": [-90, 0, 0], "uv": [38, 0], "mirror": true},
						{"origin": [-1.88, -17.27089, -4.70817], "size": [3.76, 3.525, 2.82], "pivot": [0, 0, 0], "rotation": [-90, 0, 0], "uv": [38, 0], "mirror": true},
						{"origin": [-2.30799, -9.21309, -20.61667], "size": [4.76, 4.7, 1.88], "pivot": [0, 0, 0], "rotation": [-45, 0, 0], "uv": [0, 15], "mirror": true},
						{"origin": [-1.88, -8.55085, -18.9289], "size": [3.76, 3.055, 1.88], "pivot": [0, 0, 0], "rotation": [-45, 0, 0], "uv": [38, 0], "mirror": true},
						{"origin": [-1.88, -8.38468, -12.93497], "size": [3.76, 3.055, 1.88], "pivot": [0, 0, 0], "rotation": [-45, 0, 0], "uv": [38, 0], "mirror": true},
						{"origin": [-2.30799, 3.36354, -21.09281], "size": [4.76, 4.7, 1.88], "uv": [0, 5], "mirror": true},
						{"origin": [-1.88, 4.04838, -19.4311], "size": [3.76, 3.29, 6.58], "uv": [38, 0], "mirror": true},
						{"origin": [-1.88, 4.04838, -13.46568], "size": [3.76, 3.29, 1.88], "uv": [38, 0], "mirror": true}
					]
				},
				{
					"name": "bone2",
					"parent": "2",
					"pivot": [0, 5.52344, -15.20897],
					"rotation": [-45, 0, 0],
					"cubes": [
						{"origin": [-2.18, 6.0643, -16.54482], "size": [4.36, 3.76, 1.88], "uv": [72, 0], "mirror": true},
						{"origin": [-2.18, 1.1763, -16.54482], "size": [4.36, 3.76, 1.88], "uv": [72, 0], "mirror": true},
						{"origin": [-2.18, 4.59555, -19.89357], "size": [4.36, 1.88, 3.76], "uv": [72, 0], "mirror": true},
						{"origin": [-2.18, 4.5603, -15.04082], "size": [4.36, 1.88, 3.76], "uv": [72, 0], "mirror": true},
						{"origin": [-1.74951, 4.14077, -15.04082], "size": [3.76, 2.88, 2.76], "uv": [75, 82], "mirror": true}
					]
				},
				{
					"name": "bone3",
					"parent": "2",
					"pivot": [0, 5.72076, -15.50804],
					"rotation": [-90, 0, 0],
					"cubes": [
						{"origin": [-2.18, 6.27595, -16.45685], "size": [4.36, 3.76, 1.88], "uv": [72, 0], "mirror": true},
						{"origin": [-2.18, 1.38795, -16.45685], "size": [4.36, 3.76, 1.88], "uv": [72, 0], "mirror": true},
						{"origin": [-2.18, 4.8072, -19.8056], "size": [4.36, 1.88, 3.76], "uv": [72, 0], "mirror": true},
						{"origin": [-2.18, 4.77195, -14.95285], "size": [4.36, 1.88, 3.76], "uv": [72, 0], "mirror": true}
					]
				}
			]
		}
	]
}