{
	"format_version": "1.10.0",
	"animation_controllers": {
		"controller.animation.bridge_galva_slash.execute_commands": {
			"states": {
				"default": {
					"transitions": [
						{
							"execute_command_id_3": "query.skin_id == 3"
						},
						{
							"execute_command_id_2": "query.skin_id == 2"
						},
						{
							"execute_command_id_4": "query.skin_id == 4"
						},
						{
							"execute_command_id_1": "query.skin_id == 1"
						}
					]
				},
				"execute_command_id_1": {
					"transitions": [
						{
							"default": "query.skin_id != 1"
						}
					],
					"on_entry": [
						"/particle sc:lightning_burst_small_particle ~ ~ ~",
						"/fill ~ ~ ~ ~ ~3 ~ fire 0 replace air 0",
						"/summon lightning_bolt ~ ~ ~",
						"@s bridge:remove_command_id_4"
					]
				},
				"execute_command_id_4": {
					"transitions": [
						{
							"default": "query.skin_id != 4"
						}
					],
					"on_entry": [
						"/particle sc:lightning_burst_small_particle ~ ~ ~",
						"/fill ~ ~ ~ ~ ~3 ~ fire 0 replace air 0",
						"@s bridge:remove_command_id_4"
					]
				},
				"execute_command_id_2": {
					"transitions": [
						{
							"default": "query.skin_id != 2"
						}
					],
					"on_entry": [
						"/particle sc:lightning_burst_small_particle ~ ~ ~",
						"/fill ~ ~ ~ ~ ~3 ~ fire 0 replace air 0",
						"@s bridge:remove_command_id_4"
					]
				},
				"execute_command_id_3": {
					"transitions": [
						{
							"default": "query.skin_id != 3"
						}
					],
					"on_entry": [
						"/particle sc:lightning_burst_small_particle ~ ~ ~",
						"/fill ~ ~ ~ ~ ~3 ~ fire 0 replace air 0",
						"/summon lightning_bolt ~ ~ ~",
						"@s bridge:remove_command_id_4"
					]
				}
			}
		}
	}
}