{
	"format_version": "1.10.0",
	"animation_controllers": {
		"controller.animation.bridge_fire_breath.execute_commands": {
			"states": {
				"default": {
					"transitions": [
						{
							"execute_command_id_1": "query.skin_id == 1"
						}
					]
				},
				"execute_command_id_1": {
					"transitions": [
						{
							"default": "query.skin_id != 1"
						}
					],
					"on_entry": [
						"/fill ~-1 ~ ~-1 ~1 ~2 ~1 fire 0 replace air 0",
						"/fill ~-1 ~ ~-1 ~1 ~2 ~1 sc:charred_cobblestone 0 replace cobblestone 0",
						"/fill ~-1 ~ ~-1 ~1 ~2 ~1 sc:ash 0 replace grass 0",
						"/fill ~-1 ~ ~-1 ~1 ~2 ~1 sc:charred_stone 0 replace stone 0",
						"/fill ~-1 ~ ~-1 ~1 ~2 ~1 sc:charred_cobblestone 0 replace mossy_cobblestone 0",
						"/fill ~-1 ~ ~-1 ~1 ~2 ~1 sc:ash 0 replace dirt 0",
						"/fill ~-1 ~ ~-1 ~1 ~2 ~1 sc:ash 0 replace dirt 1",
						"/fill ~-1 ~ ~-1 ~1 ~2 ~1 fire 0 replace snow_layer",
						"/fill ~-1 ~ ~-1 ~1 ~2 ~1 ash 0 replace grass_path",
						"/fill ~-1 ~ ~-1 ~1 ~2 ~1 sc:charred_stone 0 replace sc:webbed_stone 0",
						"/particle sc:fire_burst_particle ~ ~ ~",
						"@s bridge:remove_command_id_1"
					]
				}
			}
		}
	}
}