{
	"format_version": "1.10.0",
	"animation_controllers": {
		"controller.animation.bridge_wretch.execute_commands": {
			"states": {
				"default": {
					"transitions": [
						{
							"execute_command_id_1": "query.skin_id == 1"
						}
					]
				},
				"execute_command_id_1": {
					"transitions": [
						{
							"default": "query.skin_id != 1"
						}
					],
					"on_entry": [
						"/fill ~-5 ~-5 ~-5 ~5 ~5 ~5 air 0 replace mob_spawner",
						"@s bridge:remove_command_id_1"
					]
				}
			}
		}
	}
}