{
    "format_version": "1.13.0",
    "minecraft:entity": {
        "description": {
            "identifier": "entity:scp1678aw",
            "is_spawnable": false,
            "is_summonable": true,
            "is_experimental": false
        },
        "component_groups": {
			"minecraft:roar": {
                "minecraft:on_target_acquired": {},
                "minecraft:behavior.summon_entity": {
                    "priority": 0,
                    "probability": 100.0,
                    "summon_choices": [{
                            "weight": 1,
                            "cooldown_time": 10000,
                            "cast_duration": 2,
                            "start_sound_event": "plop",
                            "sequence": [{
                                    "shape": "circle",
                                    "target": "self",
                                    "base_delay": 0.0,
                                    "delay_per_summon": 0.0,
                                    "num_entities_spawned": 0,
                                    "entity_type": "",
                                    "entity_lifespan": 10.0,
                                    "size": 10.0,
                                    "sound_event": ""
                                }
                            ]
                        }
                    ]
                }
            },
            "minecraft:1678a": {
                "minecraft:attack": {
                    "damage": 8
                },
                "minecraft:on_target_acquired": {
                    "event": "minecraft:become_angry",
                    "target": "self"
                }
            },
            "minecraft:1678a_angry": {
                "minecraft:variant": {
                    "value": 1
                },
                "minecraft:angry": {

                    "duration": 120,
                    "broadcastAnger": true,
                    "broadcastRange": 20,
					"broadcast_targets": [
                        "scp1678aw"],

                    "calm_event": {
                        "event": "minecraft:on_calm",
                        "target": "self"
                    }
                },
                "minecraft:on_target_acquired": {}
            },
            "minecraft:1678a_closed": {
                "minecraft:variant": {
                    "value": 0
                }
            },
            "minecraft:1678a_calm": {
                "minecraft:variant": {
                    "value": 0
                },
                "minecraft:on_target_acquired": {
                    "event": "minecraft:become_angry",
                    "target": "self"
                }
            }
        },
        "components": {
            "minecraft:nameable": {},

            // scp1678aw Components
            "minecraft:type_family": {
                "family": ["scp1678aw", "monster", "scp1678"]
            },
            "minecraft:pushable": {
                "is_pushable": true,
                "is_pushable_by_piston": true
            },
            "minecraft:collision_box": {
                "width": 0.6,
                "height": 1.8
            },
			"minecraft:knockback_resistance": {
                "value": 2.0
            },
			"minecraft:follow_range": {
                "value": 64
            },
            "minecraft:movement.basic": {},
            "minecraft:navigation.walk": {
                "is_amphibious": true,
                "can_pass_doors": true,
                "can_break_doors": true,
                "can_walk": true
            },
            "minecraft:annotation.break_door": {},
            "minecraft:jump.static": {},
            "minecraft:can_climb": {},
            "minecraft:behavior.float": {
                "priority": 0
            },
			"minecraft:damage_sensor": {
                "triggers": [{
                        "on_damage": {
                            "filters": {
                                "test": "is_family",
                                "subject": "other",
                                "value": "bobbythedemon18"
                            }
                        },
                        "deals_damage": false
                    }
                ]
            },
            "minecraft:health": {
                "value": 200,
                "max": 200
            },
            "minecraft:behavior.delayed_attack": {
                "priority": 1,
                "reach_multiplier": 3,
                "attack_duration": 1,
                "hit_delay_pct": 0.45,
                "track_target": true,
                "sound_event": "attack",
				"speed_multiplier": 0.57
            },
            "minecraft:breathable": {
                "totalSupply": 15,
                "suffocateTime": 0,
                "breathesAir": true,
                "breathesWater": true
            },
            "minecraft:loot": {
                "table": "loot_tables/entities/scp1678aw.json"
            },

            // scp1678aw Behaviors
            "minecraft:behavior.move_towards_restriction": {
                "priority": 5,
                "speed_multiplier": 0.3
            },
            "minecraft:behavior.random_stroll": {
                "priority": 6,
                "speed_multiplier": 0.3
            },
            "minecraft:behavior.look_at_player": {
                "priority": 7,
                "look_distance": 6,
                "probability": 0.02
            },
            "minecraft:behavior.random_look_around": {
                "priority": 7
            },
            "minecraft:behavior.hurt_by_target": {
                "priority": 1
            },
            "minecraft:behavior.nearest_attackable_target": {
                "priority": 2,
                "within_radius": 35,
                "reselect_targets": true,
                "entity_types": [{
                        "filters": {
                            "any_of": [{
                                    "test": "is_family",
                                    "subject": "other",
                                    "value": "player"
                                }, {
                                    "test": "is_family",
                                    "subject": "other",
                                    "value": "dead"
                                }, {
                                    "test": "is_family",
                                    "subject": "other",
                                    "value": "irongolem"
                                }
                            ]
                        },
                        "max_dist": 35
                    }
                ],
                "must_see": true
            },
            "minecraft:physics": {}
        },

        "events": {
            "minecraft:entity_spawned": {
                "randomize": [{
                        "weight": 85,
                        "remove": {},
                        "add": {
                            "component_groups": [
                                "minecraft:1678a",
                                "minecraft:1678a_calm"

                            ]
                        }
                    }
                ]
            },
            "minecraft:on_calm": {
                "remove": {
                    "component_groups": [
                        "minecraft:1678a_angry",
                        "minecraft:roar"

                    ]
                },
                "add": {
                    "component_groups": [
                        "minecraft:1678a_calm",
                        "minecraft:1678a_closed"
                    ]
                }
            },
            "minecraft:become_angry": {
                "remove": {
                    "component_groups": [
                        "minecraft:1678a_calm",
                        "minecraft:1678a_closed"
                    ]
                },
                "add": {
                    "component_groups": [
                        "minecraft:1678a_angry",
                        "minecraft:roar"
                    ]
                }
            }
        }
    }
}