{
  "minecraft:entity" : {
    "components" : {
      "minecraft:behavior.random_look_around" : {
        "priority" : 7
      },
      "minecraft:behavior.random_stroll" : {
        "speed_multiplier" : 1,
        "priority" : 6
      },
      "minecraft:jump.static" : {

      },
      "minecraft:behavior.stomp_turtle_egg" : {
        "interval" : 20,
        "search_count" : 4,
        "search_height" : 3,
        "goal_radius" : 1.1399999999999999,
        "priority" : 4,
        "speed_multiplier" : 1,
        "search_range" : 10
      },
      "minecraft:health" : {
        "max" : 20,
        "value" : 20
      },
      "minecraft:behavior.melee_attack" : {
        "track_target" : false,
        "speed_multiplier" : 1.5
      },
      "minecraft:behavior.look_at_player" : {
        "look_distance" : 6,
        "probability" : 0.02,
        "priority" : 7
      },
      "minecraft:movement" : {
        "max" : 0.14999999999999999,
        "value" : 0.14999999999999999
      },
      "minecraft:breathable" : {
        "totalSupply" : 15,
        "breathesWater" : true,
        "generatesBubbles" : false,
        "breathesAir" : true,
        "suffocateTime" : -1
      },
      "minecraft:annotation.break_door" : {

      },
      "minecraft:environment_sensor" : {
        "filters" : {
          "operator" : "==",
          "value" : true,
          "test" : "is_underwater"
        },
        "event" : "minecraft:start_transforming"
      },
      "minecraft:attack" : {
        "damage" : 1
      },
      "minecraft:can_climb" : {

      },
      "minecraft:physics" : {

      },
      "minecraft:nameable" : {

      },
      "minecraft:type_family" : {
        "family" : [
          "player"
        ]
      },
      "minecraft:movement.basic" : {

      },
      "minecraft:loot" : {
        "table" : "loot_tables\/entities\/zombie.json"
      },
      "minecraft:navigation.walk" : {
        "can_pass_doors" : true,
        "can_walk" : true,
        "can_break_doors" : true,
        "is_amphibious" : true
      },
      "minecraft:behavior.hurt_by_target" : {
        "priority" : 1
      },
      "minecraft:behavior.nearest_attackable_target" : {
        "speed_multiplier" : 1,
        "entity_types" : [
          {
            "filters" : {
              "other_with_families" : [
                "zombie"
              ]
            },
            "max_dist" : 35,
            "must_see" : false
          }
        ],
        "within_radius" : 25
      },
      "minecraft:fire_immune" : true,
      "minecraft:scale" : {
        "max" : 1.1000000000000001,
        "value" : 1.1000000000000001
      },
      "minecraft:collision_box" : {
        "width" : 0.66000000000000003,
        "height" : 1.98
      },
      "minecraft:behavior.move_towards_restriction" : {
        "speed_multiplier" : 1,
        "priority" : 5
      }
    },
    "component_groups" : {
      "minecraft:can_have_equipment" : {
        "minecraft:equipment" : {
          "table" : "loot_tables\/entities\/zombie_equipment.json"
        }
      },
      "minecraft:convert_to_baby_drowned" : {
        "minecraft:is_shaking" : {

        },
        "minecraft:transformation" : {
          "into" : "minecraft:drowned<minecraft:as_baby>",
          "transformation_sound" : "convert_to_drowned",
          "drop_equipment" : true,
          "delay" : {
            "value" : 15
          }
        }
      },
      "minecraft:convert_to_drowned" : {
        "minecraft:is_shaking" : {

        },
        "minecraft:transformation" : {
          "into" : "minecraft:drowned<minecraft:as_adult>",
          "transformation_sound" : "convert_to_drowned",
          "drop_equipment" : true,
          "delay" : {
            "value" : 15
          }
        }
      },
      "minecraft:zombie_baby" : {
        "minecraft:movement" : {
          "value" : 0.34999999999999998
        },
        "minecraft:scale" : {
          "value" : 0.5
        },
        "minecraft:is_baby" : {

        }
      },
      "minecraft:zombie_adult" : {
        "minecraft:behavior.mount_pathing" : {
          "speed_multiplier" : 1.25,
          "priority" : 2,
          "target_dist" : 0,
          "track_target" : true
        },
        "minecraft:rideable" : {
          "family_types" : [
            "zombie"
          ],
          "seat_count" : 1,
          "seats" : {
            "position" : [
              0,
              1.1000000000000001,
              -0.34999999999999998
            ],
            "lock_rider_rotation" : 0
          }
        },
        "minecraft:movement" : {
          "max" : 0.14999999999999999,
          "value" : 0.14999999999999999
        }
      },
      "minecraft:zombie_jockey" : {
        "minecraft:behavior.find_mount" : {
          "within_radius" : 16,
          "priority" : 1
        }
      },
      "minecraft:start_drowned_transformation" : {
        "minecraft:timer" : {
          "looping" : false,
          "time" : 30,
          "time_down_event" : {
            "event" : "minecraft:convert_to_drowned"
          }
        },
        "minecraft:environment_sensor" : {
          "filters" : {
            "test" : "is_underwater",
            "subject" : "self",
            "value" : false,
            "operator" : "=="
          },
          "event" : "minecraft:stop_transforming"
        }
      },
      "minecraft:look_to_start_drowned_transformation" : {
        "minecraft:environment_sensor" : {
          "filters" : {
            "test" : "is_underwater",
            "subject" : "self",
            "value" : true,
            "operator" : "=="
          },
          "event" : "minecraft:start_transforming"
        }
      }
    },
    "description" : {
      "is_spawnable" : true,
      "is_summonable" : true,
      "identifier" : "cc:alex",
      "is_experimental" : false
    },
    "events" : {
      "minecraft:start_transforming" : {
        "add" : {
          "component_groups" : [
            "minecraft:start_drowned_transformation"
          ]
        },
        "remove" : {
          "component_groups" : [
            "minecraft:look_to_start_drowned_transformation"
          ]
        }
      },
      "minecraft:stop_transforming" : {
        "add" : {
          "component_groups" : [
            "minecraft:look_to_start_drowned_transformation"
          ]
        },
        "remove" : {
          "component_groups" : [
            "minecraft:start_drowned_transformation"
          ]
        }
      },
      "minecraft:entity_spawned" : {
        "randomize" : [
          {
            "add" : {
              "component_groups" : [
                "minecraft:zombie_adult",
                "minecraft:can_have_equipment"
              ]
            },
            "remove" : {

            },
            "weight" : 380
          },
          {
            "add" : {
              "component_groups" : [
                "minecraft:zombie_baby",
                "minecraft:can_have_equipment"
              ]
            },
            "remove" : {

            },
            "weight" : 17
          },
          {
            "add" : {
              "component_groups" : [
                "minecraft:zombie_baby",
                "minecraft:zombie_jockey",
                "minecraft:can_have_equipment"
              ]
            },
            "remove" : {

            },
            "weight" : 3
          }
        ]
      },
      "minecraft:convert_to_drowned" : {
        "sequence" : [
          {
            "filters" : {
              "operator" : "!=",
              "value" : "minecraft:is_baby",
              "test" : "has_component"
            },
            "add" : {
              "component_groups" : [
                "minecraft:convert_to_drowned"
              ]
            },
            "remove" : {
              "component_groups" : [
                "minecraft:start_drowned_transformation"
              ]
            }
          },
          {
            "filters" : {
              "value" : "minecraft:is_baby",
              "test" : "has_component"
            },
            "add" : {
              "component_groups" : [
                "minecraft:convert_to_baby_drowned"
              ]
            },
            "remove" : {
              "component_groups" : [
                "minecraft:start_drowned_transformation"
              ]
            }
          }
        ]
      },
      "minecraft:as_adult" : {
        "add" : {
          "component_groups" : [
            "minecraft:zombie_adult"
          ]
        }
      },
      "minecraft:as_baby" : {
        "add" : {
          "component_groups" : [
            "minecraft:zombie_baby"
          ]
        }
      }
    }
  },
  "format_version" : "1.10.0"
}