{
	"format_version": "1.19.10",
	"particle_effect": {
		"description": {
			"identifier": "chetty:earthparticle",
			"basic_render_parameters": {
				"material": "particles_alpha",
				"texture": "textures/particle/particles"
			}
		},
		"components": {
			"minecraft:emitter_rate_manual": {
				"spawn_rate": 1,
				"max_particles": 20
			},
			"minecraft:emitter_lifetime_expression": {
				"activation_expression": 1,
				"expiration_expression": 0
			},
			"minecraft:emitter_shape_sphere": {
				"radius": 1,
				"direction": "outwards"
			},
			"minecraft:particle_lifetime_expression": {
				"max_lifetime": 2
			},
			"minecraft:particle_motion_dynamic": {
				"linear_acceleration": [ 0, -0.1, 0]
			},
			"minecraft:particle_initial_speed": 0,
			"minecraft:particle_motion_collision": {
        "collision_drag": 0.0,
        "coefficient_of_restitution": 0,
        "collision_radius": 0.1
      },
			"minecraft:emitter_initialization": {
				"creation_expression": "variable.size = Math.random(0.08, 0.1);"
			},
			"minecraft:particle_appearance_billboard": {
        "size": [ "variable.size", "variable.size" ],
        "facing_camera_mode": "lookat_xyz",
        "uv": {
          "texture_width": 128,
          "texture_height": 128,
          "flipbook": {
            "base_UV": [ 56, 0 ],
            "size_UV": [ 8, 8 ],
            "step_UV": [ -8, 0 ],
            "frames_per_second": 8,
            "max_frame": 8,
            "stretch_to_lifetime": true,
            "loop": false
          }
        }
      },
			"minecraft:particle_appearance_tinting": {
        "color": {
          "gradient": [
            [
              "variable.particle_random_1*0.3 + 0.6",
              "variable.particle_random_2*0.3 + 0.6",
              "variable.particle_random_2*0.3 + 0.6",
              1.0
            ],
            [
              "variable.particle_random_1*0.3 + 0.6",
              0.5,
              0.3,
              1.0
            ]
          ],
          "interpolant": "variable.particle_age/variable.particle_lifetime"
        }
      },
			"minecraft:particle_expire_if_not_in_blocks": [
				"minecraft:air"
			],
			"minecraft:particle_appearance_lighting": {}
		}
	}
}
