{
	
  "entity_sounds": {
    "entities": {
	 "js:villager" : {
		"events" : {
		   "ambient" : "mob.villager.idle",
		   "death" : "mob.villager.death",
		   "death.to.zombie" : "mob.villager.death",
		   "haggle" : "mob.villager.haggle",
		   "haggle.no" : "mob.villager.no",
		   "haggle.yes" : "mob.villager.yes",
		   "hurt" : "mob.villager.hit"
		},
		"pitch" : [ 0.80, 1.20 ],
		"volume" : 1.0
	 },
	 "js:knight_zombie_sound": {
        "volume": 1,
        "pitch": [1, 1],
        "events": {
            "ambient.in.water": "random.break",
            "spawn": "random.break",
            "hurt": "null"
        }
      },
	 "js:oblivion_sound": {
        "volume": 1,
        "pitch": [1, 1],
        "events": {
            "ambient.in.water": "gun.oblivion.shoot",
            "spawn": "gun.oblivion.shoot",
            "hurt": "null"
        }
      },
	 "js:hk417_sound": {
        "volume": 1,
        "pitch": [1, 1],
        "events": {
            "ambient.in.water": "gun.hk417.shoot",
            "spawn": "gun.hk417.shoot",
            "hurt": "null"
        }
      },
	 "js:p250_sound": {
        "volume": 1,
        "pitch": [1, 1],
        "events": {
            "ambient.in.water": "gun.p250.shoot",
            "spawn": "gun.p250.shoot",
            "hurt": "null"
        }
      },
	 "js:fp6_sound": {
        "volume": 1,
        "pitch": [1, 1],
        "events": {
            "ambient.in.water": "gun.fp6.shoot",
            "spawn": "gun.fp6.shoot",
            "hurt": "null"
        }
      },
	 "js:sh_plasma_cannon_sound": {
        "volume": 1,
        "pitch": [1, 1],
        "events": {
            "ambient.in.water": "gun.sh_plasma_cannon.shoot",
            "spawn": "gun.sh_plasma_cannon.shoot",
            "hurt": "null"
        }
      },
	 "js:sh_pistol_sound": {
        "volume": 1,
        "pitch": [1, 1],
        "events": {
            "ambient.in.water": "gun.sh_pistol.shoot",
            "spawn": "gun.sh_pistol.shoot",
            "hurt": "null"
        }
      },
	 "js:flamethrower_bullet": {
        "volume": 1,
        "pitch": [1, 1],
        "events": {
            "ambient.in.water": "gun.flamethrower.shoot",
            "spawn": "gun.flamethrower.shoot",
            "hurt": "null"
        }
      },
	 "js:svd_sound": {
        "volume": 1,
        "pitch": [1, 1],
        "events": {
            "ambient.in.water": "gun.svd.shoot",
            "spawn": "gun.svd.shoot",
            "hurt": "null"
        }
      },
	 "js:lock": {
        "volume": 1,
        "pitch": [1, 1],
        "events": {
            "death": "null",
            "hurt": "null"
        }
      },
	 "js:zombie_bullet": {
        "volume": 1,
        "pitch": [1, 1],
        "events": {
            "ambient.in.water": "mob.zombie.pistol",
            "shoot": "mob.zombie.pistol"
        }
      },
	  "js:frag": {
		"volume": 1.0,
		"pitch": 1.0,
		"events": {
			"purr": "mob.witch.throw"
		}
	  },
	  "js:duck": {
		"volume": 1.0,
		"pitch": 1.0,
		"events": {
			"plop": "duck.squish",
			"ambient": "duck.quack"
		}
	  },
	  "js:xp_booster": {
		"volume": 1.0,
		"pitch": 1.0,
		"events": {
			"hurt": "null",
			"death": "null"
		}
	  },
	  "js:weakness_booster": {
		"volume": 1.0,
		"pitch": 1.0,
		"events": {
			"hurt": "null",
			"death": "null"
		}
	  },
	  "js:pistol_booster": {
		"volume": 1.0,
		"pitch": 1.0,
		"events": {
			"hurt": "null",
			"death": "null"
		}
	  },
	  "zombie": {
        "volume": 1,
        "pitch": [1, 1],
        "events": {
		    "fuse" : {
			  "pitch" : 0.50,
			  "sound" : "random.fuse",
			  "volume" : 1.0
		    },
            "shoot": "mob.zombie.pistol"
        }
      }
	}
  }
} 