

{
    "format_version": "1.12",
    "minecraft:recipe_shaped": {
        "description": {
            "identifier": "crafting:tool_baby"
        },
        "tags": [
            "crafting_table"
        ],
        "pattern": [
            "#c#",
            " W ",
            " L "
        ],
        "key": {
            "#": {
                "item": "minecraft:book"
            },
            "c": {
                "item": "minecraft:copper_ingot"
            },
            "W": {
                "item": "minecraft:wheat"
            },
            "L": {
                "item": "minecraft:leather_leggings"
            }
        },
        "result": {
            "item": "tool:baby",
            "count": 1}
    }
}