{
	"file_path": "C:\\Users\\Hp\\AppData\\Local\\Packages\\Microsoft.MinecraftUWP_8wekyb3d8bbwe\\LocalState\\games\\com.mojang\\development_behavior_packs\\Screenfy FP (Behaviour)\\loot_tables\\entites\\rabbit.json",
	"file_type": "loot_table",
	"format_version": 1,
	"file_uuid": "a6b9aa3d_889b_427d_bf80_7690ae09199d",
	"file_version": 0,
	"cache_content": {
		"children": [
			{
				"open": {
					"pools": [
						{
							"rolls": 1,
							"entries": [
								{
									"type": "item",
									"name": "minecraft:cooked_rabbit",
									"weight": 30
								}
							]
						}
					]
				},
				"key": "pools",
				"children": [
					{
						"open": [
							{
								"rolls": 1,
								"entries": [
									{
										"type": "item",
										"name": "minecraft:cooked_rabbit",
										"weight": 30
									}
								]
							}
						],
						"children": [
							{
								"data": "1",
								"key": "rolls"
							},
							{
								"open": {
									"rolls": 1,
									"entries": [
										{
											"type": "item",
											"name": "minecraft:cooked_rabbit",
											"weight": 30
										}
									]
								},
								"key": "entries",
								"children": [
									{
										"open": [
											{
												"type": "item",
												"name": "minecraft:cooked_rabbit",
												"weight": 30
											}
										],
										"is_minified": true,
										"children": {
											"type": "item",
											"name": "minecraft:cooked_rabbit",
											"weight": 30
										}
									}
								]
							}
						]
					}
				]
			}
		]
	}
}