{
	"geometry.cow:geometry.quadruped": {
		"texturewidth": 64,
		"textureheight": 64,
		"bones": [{
				"name": "body",
				"pivot": [0, 19, 2],
				"reset": true,
				"cubes": [{
						"origin": [-6, 11, -5],
						"size": [12, 18, 10],
						"uv": [18, 4]
					},
					{
						"origin": [1, 15, -7.25],
						"size": [1, 1, 1.25],
						"uv": [52, 7]
					},
					{
						"origin": [-2, 15, -7.25],
						"size": [1, 1, 1.25],
						"uv": [52, 7]
					},
					{
						"origin": [-2, 12, -7.25],
						"size": [1, 1, 1.25],
						"uv": [52, 7]
					},
					{
						"origin": [1, 12, -7.25],
						"size": [1, 1, 1.25],
						"uv": [52, 7]
					},
					{
						"origin": [-2, 11, -6],
						"size": [4, 6, 1],
						"uv": [52, 0]
					}
				]
			},
			{
				"name": "head",
				"pivot": [0, 20, -8],
				"reset": true,
				"cubes": [
					{
						"origin": [-4, 16, -14],
						"size": [8, 8, 6],
						"uv": [0, 0]
					},
					{
						"origin": [6, 23.85, -12],
						"size": [1.5, 2, 2],
						"uv": [0, 32]
					},
					{
						"origin": [-7.5, 23.85, -11.799999999999999],
						"size": [1.5, 2, 2],
						"uv": [0, 32]
					},
					{
						"origin": [-6, 22.85, -11.75],
						"size": [2, 2, 2],
						"uv": [0, 32]
					},
					{
						"origin": [4, 22.6, -12],
						"size": [2, 2, 2],
						"uv": [0, 32]
					}
				]
			},
			{
				"name": "leg0",
				"pivot": [-4.0, 13.0, 7.0]
			},
			{
				"name": "leg1",
				"pivot": [4.0, 13.0, 7.0]
			},
			{
				"name": "leg2",
				"pivot": [-4.0, 13.0, -6.0]
			},
			{
				"name": "leg3",
				"pivot": [4.0, 13.0, -6.0]
			}
		]
	},
  "geometry.mooshroom:geometry.quadruped": {
		"texturewidth": 64,
		"textureheight": 64,
		"bones": [{
				"name": "body",
				"pivot": [0, 19, 2],
				"reset": true,
				"cubes": [{
						"origin": [-6, 11, -5],
						"size": [12, 18, 10],
						"uv": [18, 4]
					},
					{
						"origin": [1, 15, -7.25],
						"size": [1, 1, 1.25],
						"uv": [52, 7]
					},
					{
						"origin": [-2, 15, -7.25],
						"size": [1, 1, 1.25],
						"uv": [52, 7]
					},
					{
						"origin": [-2, 12, -7.25],
						"size": [1, 1, 1.25],
						"uv": [52, 7]
					},
					{
						"origin": [1, 12, -7.25],
						"size": [1, 1, 1.25],
						"uv": [52, 7]
					},
					{
						"origin": [-2, 11, -6],
						"size": [4, 6, 1],
						"uv": [52, 0]
					}
				]
			},
			{
				"name": "head",
				"pivot": [0, 20, -8],
				"reset": true,
				"cubes": [
					{
						"origin": [-4, 16, -14],
						"size": [8, 8, 6],
						"uv": [0, 0]
					},
					{
						"origin": [6, 23.85, -12],
						"size": [1.5, 2, 2],
						"uv": [0, 32]
					},
					{
						"origin": [-7.5, 23.85, -11.799999999999999],
						"size": [1.5, 2, 2],
						"uv": [0, 32]
					},
					{
						"origin": [-6, 22.85, -11.75],
						"size": [2, 2, 2],
						"uv": [0, 32]
					},
					{
						"origin": [4, 22.6, -12],
						"size": [2, 2, 2],
						"uv": [0, 32]
					}
				]
			},
			{
				"name": "leg0",
				"pivot": [-4.0, 13.0, 7.0]
			},
			{
				"name": "leg1",
				"pivot": [4.0, 13.0, 7.0]
			},
			{
				"name": "leg2",
				"pivot": [-4.0, 13.0, -6.0]
			},
			{
				"name": "leg3",
				"pivot": [4.0, 13.0, -6.0]
			}
		]
	},
	"geometry.chicken": {
		"texturewidth": 64,
		"textureheight": 32,
		"bones": [{
				"name": "head",
				"pivot": [0, 9, -4],
				"cubes": [{
						"origin": [-2, 9, -6],
						"size": [4, 6, 3],
						"uv": [0, 0]
					},
					{
						"origin": [-0.5, 13.5, -3],
						"size": [1, 2, 1],
						"uv": [0, 23]
					},
					{
						"origin": [-0.5, 14.25, -6.25],
						"size": [1, 2, 3.25],
						"uv": [0, 23]
					}
				]
			},
			{
				"name": "beak",
				"pivot": [0, 9, -4],
				"cubes": [{
					"origin": [-2, 11, -8],
					"size": [4, 2, 2],
					"uv": [14, 0]
				}]
			},
			{
				"name": "comb",
				"pivot": [0, 9, -4],
				"cubes": [{
					"origin": [-1, 9, -7],
					"size": [2, 2, 2],
					"uv": [14, 4]
				}]
			},
			{
				"name": "body",
				"pivot": [0, 8, 0],
				"cubes": [{
					"origin": [-3, 4, -3],
					"size": [6, 8, 6],
					"uv": [0, 9]
				}]
			},
			{
				"name": "leg0",
				"pivot": [-2, 5, 1],
				"cubes": [{
					"origin": [-3, 0, -2],
					"size": [3, 5, 3],
					"uv": [26, 0]
				}]
			},
			{
				"name": "leg1",
				"pivot": [1, 5, 1],
				"cubes": [{
					"origin": [0, 0, -2],
					"size": [3, 5, 3],
					"uv": [26, 0]
				}]
			},
			{
				"name": "wing0",
				"pivot": [-4, 11, 0],
				"cubes": [{
					"origin": [-4, 7, -3],
					"size": [1, 4, 6],
					"uv": [24, 13]
				}]
			},
			{
				"name": "wing1",
				"pivot": [4, 11, 0],
				"cubes": [{
					"origin": [3, 7, -3],
					"size": [1, 4, 6],
					"uv": [24, 13]
				}]
			}
		]
	},
	"geometry.sheep.sheared:geometry.quadruped": {
		"texturewidth": 64,
		"textureheight": 64,
		"bones": [{
				"name": "body",
				"pivot": [0, 19, 2],
				"reset": true,
				"cubes": [{
						"origin": [-4, 13, -5],
						"size": [8, 16, 6],
						"uv": [28, 8]
					},
					{
						"origin": [-1.5, 10.5, -3.25],
						"size": [3, 2.5, 3],
						"uv": [34, 46]
					}
				]
			},
			{
				"name": "head",
				"pivot": [0, 18, -8],
				"reset": true,
				"cubes": [{
						"origin": [-3, 16, -14],
						"size": [6, 6, 8],
						"uv": [0, 0]
					},
					{
						"origin": [-4, 20.5, -12.25],
						"size": [3, 2, 3],
						"uv": [32, 30]
					},
					{
						"origin": [-5.75, 19.75, -11],
						"size": [1.25, 1.25, 1.75],
						"uv": [32, 30]
					},
					{
						"origin": [4.25, 19.75, -11],
						"size": [1.25, 1.25, 1.75],
						"uv": [32, 30]
					},
					{
						"origin": [-6.75, 20, -9.5],
						"size": [1.75, 1.75, 2.25],
						"uv": [32, 30]
					},
					{
						"origin": [4.75, 20, -9.5],
						"size": [1.75, 1.75, 2.25],
						"uv": [32, 30]
					},
					{
						"origin": [-7, 20.75, -8.75],
						"size": [1.75, 1.75, 2.25],
						"uv": [32, 30]
					},
					{
						"origin": [5, 20.75, -8.75],
						"size": [1.75, 1.75, 2.25],
						"uv": [32, 30]
					},
					{
						"origin": [-6.5, 21.75, -7.5],
						"size": [2.25, 1.75, 2.25],
						"uv": [32, 30]
					},
					{
						"origin": [4, 21.75, -7.5],
						"size": [2.25, 1.75, 2.25],
						"uv": [32, 30]
					},
					{
						"origin": [-5.75, 23, -8],
						"size": [2.25, 1.75, 2.25],
						"uv": [32, 30]
					},
					{
						"origin": [3.25, 23, -8],
						"size": [2.25, 1.75, 2.25],
						"uv": [32, 30]
					},
					{
						"origin": [-5.25, 23.5, -9.75],
						"size": [2.25, 2, 2.25],
						"uv": [32, 30]
					},
					{
						"origin": [2.5, 23.5, -9.75],
						"size": [2.25, 2, 2.25],
						"uv": [32, 30]
					},
					{
						"origin": [-4.5, 22.25, -11],
						"size": [2.5, 1.75, 2.5],
						"uv": [32, 30]
					},
					{
						"origin": [1.5, 22.25, -11],
						"size": [2.5, 1.75, 2.5],
						"uv": [32, 30]
					},
					{
						"origin": [0.5, 20.5, -12.25],
						"size": [3, 2, 3],
						"uv": [32, 30]
					}
				]
			},
			{
				"name": "leg0",
				"material": "changecolor"
			},

			{
				"name": "leg1",
				"material": "changecolor"
			},

			{
				"name": "leg2",
				"material": "changecolor"
			},

			{
				"name": "leg3",
				"material": "changecolor"
			}
		]
	},
	"geometry.sheep:geometry.sheep.sheared": {
		"bones": [{
				"name": "body",
				"pivot": [0, 19, 2],
				"cubes": [{
					"origin": [-4, 13, -5],
					"size": [8, 16, 6],
					"uv": [28, 40],
					"inflate": 1.75
				}]
			},
			{
				"name": "head",
				"pivot": [0, 18, -8],
				"cubes": [{
					"origin": [-3, 16, -12],
					"size": [6, 6, 6],
					"uv": [0, 32],
					"inflate": 0.6
				}]
			},
			{
				"name": "leg0",
				"pivot": [-3, 12, 7],
				"cubes": [{
					"origin": [-5, 6, 5],
					"size": [4, 6, 4],
					"uv": [0, 48],
					"inflate": 0.5
				}]
			},
			{
				"name": "leg1",
				"pivot": [3, 12, 7],
				"cubes": [{
					"origin": [1, 6, 5],
					"size": [4, 6, 4],
					"uv": [0, 48],
					"inflate": 0.5
				}]
			},
			{
				"name": "leg2",
				"pivot": [-3, 12, -5],
				"cubes": [{
					"origin": [-5, 6, -7],
					"size": [4, 6, 4],
					"uv": [0, 48],
					"inflate": 0.5
				}]
			},
			{
				"name": "leg3",
				"pivot": [3, 12, -5],
				"cubes": [{
					"origin": [1, 6, -7],
					"size": [4, 6, 4],
					"uv": [0, 48],
					"inflate": 0.5
				}]
			}
		]
	},
	"geometry.pig:geometry.quadruped": {
		"texturewidth": 64,
		"textureheight": 32,
		"bones": [{
				"name": "body",
				"reset": true,
				"pivot": [0.0, 13.0, 2.0],
				"cubes": [{
					"origin": [-5.0, 7.0, -5.0],
					"size": [10, 16, 8],
					"uv": [28, 8]
				}]
			},
			{
				"name": "head",
				"pivot": [0, 12, -6],
				"reset": true,
				"cubes": [{
						"origin": [-4, 8, -14],
						"size": [8, 8, 8],
						"uv": [0, 0]
					},
					{
						"origin": [4, 13, -12],
						"size": [0.75, 1, 1.75],
						"uv": [37, 21]
					},
					{
						"origin": [-4.75, 13, -12],
						"size": [0.75, 1, 1.75],
						"uv": [37, 21]
					},
					{
						"origin": [-5, 10, -13],
						"size": [1, 3, 2.75],
						"uv": [37, 21]
					},
					{
						"origin": [4, 10, -13],
						"size": [1, 3, 2.75],
						"uv": [37, 21]
					},
					{
						"origin": [-2, 9, -15],
						"size": [4, 3, 1],
						"uv": [16, 16]
					}
				]
			},
			{
				"name": "leg0",
				"pivot": [-3, 6, 7],
				"reset": true,
				"cubes": [{
					"origin": [-5, 0, 5],
					"size": [4, 6, 4],
					"uv": [0, 16]
				}]
			},
			{
				"name": "leg1",
				"pivot": [3, 6, 7],
				"reset": true,
				"cubes": [{
					"origin": [1, 0, 5],
					"size": [4, 6, 4],
					"uv": [0, 16]
				}]
			},
			{
				"name": "leg2",
				"pivot": [-3, 6, -5],
				"reset": true,
				"cubes": [{
					"origin": [-5, 0, -7],
					"size": [4, 6, 4],
					"uv": [0, 16]
				}]
			},
			{
				"name": "leg3",
				"pivot": [3, 6, -5],
				"reset": true,
				"cubes": [{
					"origin": [1, 0, -7],
					"size": [4, 6, 4],
					"uv": [0, 16]
				}]
			}
		]
	},
	"geometry.skeleton:geometry.zombie": {
		"texturewidth": 64,
		"textureheight": 32,
		"bones": [{
				"name": "rightArm",
				"pivot": [-5, 22, 0],
				"reset": true,
				"cubes": [{
					"origin": [-6, 12, -1],
					"size": [2, 12, 2],
					"uv": [40, 16]
				}]
			},
			{
				"name": "leftArm",
				"pivot": [5, 22, 0],
				"reset": true,
				"cubes": [{
					"origin": [4, 12, -1],
					"size": [2, 12, 2],
					"uv": [40, 16]
				}]
			},
			{
				"name": "rightLeg",
				"pivot": [-2, 12, 0],
				"reset": true,
				"cubes": [{
					"origin": [-3, 0, -1],
					"size": [2, 12, 2],
					"uv": [0, 16]
				}]
			},
			{
				"name": "leftLeg",
				"pivot": [2, 12, 0],
				"reset": true,
				"cubes": [{
					"origin": [1, 0, -1],
					"size": [2, 12, 2],
					"uv": [0, 16]
				}]
			},
			{
				"name": "body",
				"pivot": [0, 0, 0],
				"cubes": [{
						"origin": [-4, 19, 1],
						"size": [3, 1, 1],
						"uv": [9, 2]
					},
					{
						"origin": [-4, 21, 1],
						"size": [3, 1, 1],
						"uv": [9, 2]
					},
					{
						"origin": [2, 23, -2],
						"size": [2, 1, 1],
						"uv": [9, 2]
					},
					{
						"origin": [1, 22, -2],
						"size": [1, 1, 1],
						"uv": [9, 2]
					},
					{
						"origin": [-1, 18, -2],
						"size": [2, 2, 1],
						"uv": [9, 2]
					},
					{
						"origin": [-1, 21, -2],
						"size": [2, 1, 1],
						"uv": [9, 2]
					},
					{
						"origin": [2, 21, -2],
						"size": [2, 1, 1],
						"uv": [9, 2]
					},
					{
						"origin": [1, 20, -2],
						"size": [2, 1, 1],
						"uv": [9, 2]
					},
					{
						"origin": [-3, 20, -2],
						"size": [2, 1, 1],
						"uv": [9, 2]
					},
					{
						"origin": [-4, 21, -2],
						"size": [2, 1, 1],
						"uv": [9, 2]
					},
					{
						"origin": [-3, 17, -2],
						"size": [2, 1, 1],
						"uv": [9, 2]
					},
					{
						"origin": [1, 17, -2],
						"size": [2, 1, 1],
						"uv": [9, 2]
					},
					{
						"origin": [-3, 18, -2],
						"size": [1, 1, 1],
						"uv": [9, 2]
					},
					{
						"origin": [2, 18, -2],
						"size": [1, 1, 1],
						"uv": [9, 2]
					},
					{
						"origin": [3, 19, -2],
						"size": [1, 1, 1],
						"uv": [9, 2]
					},
					{
						"origin": [-4, 19, -2],
						"size": [1, 1, 1],
						"uv": [9, 2]
					},
					{
						"origin": [-2, 22, -2],
						"size": [1, 1, 1],
						"uv": [9, 2]
					},
					{
						"origin": [-4, 23, -2],
						"size": [2, 1, 1],
						"uv": [9, 2]
					},
					{
						"origin": [3, 19, -1],
						"size": [1, 1, 2],
						"uv": [9, 2]
					},
					{
						"origin": [3, 21, -1],
						"size": [1, 1, 2],
						"uv": [9, 2]
					},
					{
						"origin": [3, 23, -1],
						"size": [1, 1, 2],
						"uv": [9, 2]
					},
					{
						"origin": [-4, 19, -1],
						"size": [1, 1, 2],
						"uv": [9, 2]
					},
					{
						"origin": [-4, 21, -1],
						"size": [1, 1, 2],
						"uv": [9, 2]
					},
					{
						"origin": [-4, 23, -1],
						"size": [1, 1, 2],
						"uv": [9, 2]
					},
					{
						"origin": [-4, 23, 1],
						"size": [3, 1, 1],
						"uv": [9, 2]
					},
					{
						"origin": [1, 23, 1],
						"size": [3, 1, 1],
						"uv": [9, 2]
					},
					{
						"origin": [1, 21, 1],
						"size": [3, 1, 1],
						"uv": [9, 2]
					},
					{
						"origin": [1, 19, 1],
						"size": [3, 1, 1],
						"uv": [9, 2]
					},
					{
						"origin": [1, 12, -1],
						"size": [3, 2, 3],
						"uv": [18, 10]
					},
					{
						"origin": [-1, 12, -1],
						"size": [2, 2, 2],
						"uv": [22, 9]
					},
					{
						"origin": [-4, 12, -1],
						"size": [3, 2, 3],
						"uv": [18, 10]
					},
					{
						"origin": [-1, 12, 1],
						"size": [2, 12, 1],
						"uv": [1, 17]
					}
				]
			}
		]
	},
	"geometry.llama": {
		"texturewidth": 128,
		"textureheight": 64,
		"bones": [{
				"name": "head",
				"pivot": [0, 17, -6],
				"cubes": [{
						"origin": [-2, 27, -16],
						"size": [4, 4, 9],
						"uv": [0, 0]
					},
					{
						"origin": [-4, 15, -12],
						"size": [8, 18, 6],
						"uv": [0, 14]
					},
					{
						"origin": [-4, 33, -10],
						"size": [3, 3, 2],
						"uv": [17, 0]
					},
					{
						"origin": [1, 33, -10],
						"size": [3, 3, 2],
						"uv": [17, 0]
					}
				]
			},
			{
				"name": "chest1",
				"pivot": [-8.5, 21, 3],
				"rotation": [0, 90, 0],
				"cubes": [{
						"origin": [-11.5, 13, 3],
						"size": [8, 8, 3],
						"uv": [45, 28]
					},
					{
						"origin": [-8.5, 17, 2.25],
						"size": [2, 2, 0.75],
						"uv": [0, 0]
					}
				]
			},
			{
				"name": "chest2",
				"pivot": [5.5, 21, 3],
				"rotation": [0, 90, 0],
				"cubes": [{
						"origin": [5.5, 17, 6],
						"size": [2, 2, 0.75],
						"uv": [0, 0]
					},
					{
						"origin": [2.5, 13, 3],
						"size": [8, 8, 3],
						"uv": [45, 41]
					}
				]
			},
			{
				"name": "body",
				"pivot": [0, 19, 2],
				"cubes": [{
						"origin": [-3, 7, -1.25],
						"size": [6, 4, 5.25],
						"uv": [0, 48]
					},
					{
						"origin": [-6, 11, -5],
						"size": [12, 18, 10],
						"uv": [29, 0]
					}
				]
			},
			{
				"name": "leg0",
				"pivot": [-3.5, 14, 6],
				"cubes": [{
					"origin": [-5.5, 0, 4],
					"size": [4, 14, 4],
					"uv": [29, 29]
				}]
			},
			{
				"name": "leg1",
				"pivot": [3.5, 14, 6],
				"cubes": [{
					"origin": [1.5, 0, 4],
					"size": [4, 14, 4],
					"uv": [29, 29]
				}]
			},
			{
				"name": "leg2",
				"pivot": [-3.5, 14, -5],
				"cubes": [{
					"origin": [-5.5, 0, -7],
					"size": [4, 14, 4],
					"uv": [29, 29]
				}]
			},
			{
				"name": "leg3",
				"pivot": [3.5, 14, -5],
				"cubes": [{
					"origin": [1.5, 0, -7],
					"size": [4, 14, 4],
					"uv": [29, 29]
				}]
			}

		]
	}
}