{
	"format_version": "1.10.0",
	"minecraft:client_entity": {
		"description": {
			"identifier": "hp:transjakarta",
			"materials": {
				"default": "phantom"
				 },
				"textures": {
				"red": "textures/entities/vehicles/transjakarta/red",
				"orange": "textures/entities/vehicles/transjakarta/orange",
				"blue": "textures/entities/vehicles/transjakarta/blue",
				"pink": "textures/entities/vehicles/transjakarta/pink",
				"hyperest": "textures/entities/vehicles/transjakarta/hyperest"
			},
			"geometry": {
				"default": "geometry.hp.transjakarta"
			},
			"animations": {
				"walk": "animation.transjakarta.drive",
				"wiper": "animation.transjakarta.wipers",
				"body_turn": "animation.transjakarta.steering_turn"

			},
			"scripts": {
				"animate": [{
						"walk": "query.modified_move_speed"
					},
					{
						"wiper": "query.is_in_water_or_rain"
					},
					"body_turn"
				]
			},
			"render_controllers": ["controller.render.hp_transjakarta"],
			"spawn_egg": {
				"texture": "hp_transjakarta_egg",
				"texture_index": 0
			}
		}
	}
}