{
	"format_version": "1.10.0",
	"minecraft:client_entity": {
		"description": {
			"identifier": "hp:tuktuk",
			"materials": {
				"default": "phantom"
				 },
				"textures": {
				"red": "textures/entities/vehicles/tuktuk/red",
				"blue": "textures/entities/vehicles/tuktuk/blue",
				"hyperest": "textures/entities/vehicles/tuktuk/hyperest"
			},
			"geometry": {
				"default": "geometry.hp.tuktuk"
			},
			"animations": {
				"walk": "animation.tuktuk.drive",
				"wiper": "animation.tuktuk.wipers",
				"body_turn": "animation.tuktuk.steering_turn"

			},
			"scripts": {
				"animate": [{
						"walk": "query.modified_move_speed"
					},
					{
						"wiper": "query.is_in_water_or_rain"
					},
					"body_turn"
				]
			},
			"render_controllers": ["controller.render.hp_tuktuk"],
			"spawn_egg": {
				"texture": "hp_tuktuk_egg",
				"texture_index": 0
			}
		}
	}
}