{
	"format_version": "1.10.0",
	"minecraft:client_entity": {
		"description": {
			"identifier": "hp:toyota_limo.toys",
			"materials": {
				"default": "phantom"
				 },
			"textures": {
				"default": "textures/entities/vehicles/toyota_limo/limo"
			},
			"geometry": {
				"default": "geometry.hp.toyota_limo"
			},
			"animations": {
				"walk": "animation.toyota_limo.drive",
				"wiper": "animation.toyota_limo.wipers",
				"body_turn": "animation.toyota_limo.steering_turn"

			},
			"scripts": {
				"animate": [{
						"walk": "query.modified_move_speed"
					},
					{
						"wiper": "query.is_in_water_or_rain"
					},
					"body_turn"
				]
			},
			"render_controllers": ["controller.render.hp_vehicle"],
			"spawn_egg": {
				"texture": "hp_toyota_limo_egg",
				"texture_index": 0
			}
		}
	}
}