{
  "format_version": "1.12",
  "minecraft:recipe_shaped": {
    "description": {
    "identifier": "vatonage:spawn_power_core"
    },

    "tags": [ "crafting_table" ],
    "pattern": [
      "ACA",
      "CBC",
      "ACA"
    ],
    "key": {
      "A": {
        "item": "minecraft:iron_block"
      },
      "B": {
        "item": "minecraft:diamond_block"
      },
      "C": {
        "item": "minecraft:redstone_block"
      }
    },
    "result": {
      "item": "vatonage:power_core_spawn_egg"
    }
  }
}
