{"format_version":"1.10.0","minecraft:client_entity":{"description":{"identifier":"tl:ceiling_fan_warped","materials":{"default":"default"},"geometry":{"default":"geometry.eycdqbmogspqflb"},"textures":{"default":"textures/entity/94a03eaa553f61c6dc4cb488c4eb5d9e4dda64f7.png"},"render_controllers":["controller.render.default"],"spawn_egg":{"texture":"7b25b8de961040a21adbd5d0a3d18d99cab3cc46257c6289bb1e87a809722b63","texture_index":0},"animations":{"fan":"animation.ceiling_fan"},"scripts":{"animate":["fan"]}}}}