{"format_version":"1.10.0","minecraft:client_entity":{"description":{"identifier":"tl:ceiling_fan_dark_oak","materials":{"default":"default"},"geometry":{"default":"geometry.dcrdespslifojva"},"textures":{"default":"textures/entity/dc14de7d85911e07a41b7552a343979b0820e793.png"},"render_controllers":["controller.render.default"],"spawn_egg":{"texture":"6b9cc042f87ecb2d8caab06199f8139fa2ae67422fc107241d2434c6aeec593b","texture_index":0},"animations":{"fan":"animation.ceiling_fan"},"scripts":{"animate":["fan"]}}}}