{"format_version":"1.10.0","minecraft:client_entity":{"description":{"identifier":"tl:ceiling_fan_birch","materials":{"default":"default"},"geometry":{"default":"geometry.xjqdrlagechegnr"},"textures":{"default":"textures/entity/3e445c1de8a73792d967c4121adb2683b18f74ab.png"},"render_controllers":["controller.render.default"],"spawn_egg":{"texture":"c429e504a4a25c63321331caf5b183cfebf1c957a1d934a8c6e1d7528002e620","texture_index":0},"animations":{"fan":"animation.ceiling_fan"},"scripts":{"animate":["fan"]}}}}