{"format_version":"1.10.0","minecraft:client_entity":{"description":{"identifier":"tl:coffeemaker","materials":{"default":"default"},"geometry":{"g0":"geometry.ggihdavfdrkssiw","g1":"geometry.sunsrwokwelnilm"},"textures":{"t0":"textures/entity/ba2c52091273b1f8302bfffdf8a162a0041f69420e8a3c67df0fedbb697f5f51.png","t1":"textures/entity/c63e17c89e0d848a3d79e6441548e30aad5ba534a9df343f4c35562f88e7380c.png"},"render_controllers":["controller.render.multitexture_2_multigeo_2"],"spawn_egg":{"texture":"0c99c3b02ec31838614575dddbbd1b5e6fbe03c9bb63be1de353f121e356d00b","texture_index":0},"sound_effects":{"coffeemaker_sound_effect":"sounds.tl.accc472314b626159219e99fd20fecdec91a6335070023eb8307ed5422660ab3"},"scripts":{}}}}