{
  "format_version": "1.8.0",
  "animations": {
    "animation.sliding_door_hori.move": {
      "loop": false,
      "animation_length": 2.0,
      "bones": {
        "door": {
		  "position": {
		    "0.0": [ 0.0, 0.0, 0.0 ],
		    "1.0": [ 16.0, 0.0, 0.0 ],
		    "2.0": [ 0.0, 0.0, 0.0 ]
		  }
        }
      }
    },
    "animation.sliding_door_late.move": {
      "loop": false,
      "animation_length": 2.0,
      "bones": {
        "door": {
		  "position": {
		    "0.0": [ 0.0, 0.0, 0.0 ],
		    "1.0": [ 0.0, 0.0, 16.0 ],
		    "2.0": [ 0.0, 0.0, 0.0 ]
		  }
        }
      }
    }
  }
}