{
	"file_path": "C:\\Users\\User\\AppData\\Local\\Packages\\Microsoft.MinecraftUWP_8wekyb3d8bbwe\\LocalState\\games\\com.mojang\\development_behavior_packs\\Project Terracotta\\items\\leaves_maple_yellow.json",
	"file_type": "item",
	"format_version": 1,
	"file_uuid": "8d9cbdaf_0d91_43e1_a2ee_ebf5fc066b10",
	"file_version": 18,
	"cache_content": {
		"children": [
			{
				"open": {
					"format_version": "1.16.100",
					"minecraft:item": {
						"description": {
							"identifier": "ilosemypotato:leaves_maple_yellow",
							"category": "nature"
						},
						"components": {
							"minecraft:max_stack_size": 64,
							"minecraft:stacked_by_data": true,
							"minecraft:block_placer": {
								"use_block_description": true,
								"block": "ilosemypotato:leaves_maple_yellow"
							},
							"minecraft:icon": {
								"texture": "ilosemypotato:leaves_maple_yellow"
							},
							"minecraft:display_name": {
								"value": "Yellow Maple Leaves"
							},
							"minecraft:creative_category": {
								"parent": "itemGroup.name.leaves"
							}
						}
					}
				},
				"data": "1.16.100",
				"key": "format_version"
			},
			{
				"open": {
					"format_version": "1.16.100",
					"minecraft:item": {
						"description": {
							"identifier": "ilosemypotato:leaves_maple_yellow",
							"category": "nature"
						},
						"components": {
							"minecraft:max_stack_size": 64,
							"minecraft:stacked_by_data": true,
							"minecraft:block_placer": {
								"use_block_description": true,
								"block": "ilosemypotato:leaves_maple_yellow"
							},
							"minecraft:icon": {
								"texture": "ilosemypotato:leaves_maple_yellow"
							},
							"minecraft:display_name": {
								"value": "Yellow Maple Leaves"
							},
							"minecraft:creative_category": {
								"parent": "itemGroup.name.leaves"
							}
						}
					}
				},
				"key": "minecraft:item",
				"children": [
					{
						"open": {
							"description": {
								"identifier": "ilosemypotato:leaves_maple_yellow",
								"category": "nature"
							},
							"components": {
								"minecraft:max_stack_size": 64,
								"minecraft:stacked_by_data": true,
								"minecraft:block_placer": {
									"use_block_description": true,
									"block": "ilosemypotato:leaves_maple_yellow"
								},
								"minecraft:icon": {
									"texture": "ilosemypotato:leaves_maple_yellow"
								},
								"minecraft:display_name": {
									"value": "Yellow Maple Leaves"
								},
								"minecraft:creative_category": {
									"parent": "itemGroup.name.leaves"
								}
							}
						},
						"key": "description",
						"is_minified": true,
						"children": {
							"identifier": "ilosemypotato:leaves_maple_yellow",
							"category": "nature"
						}
					},
					{
						"open": {
							"description": {
								"identifier": "ilosemypotato:leaves_maple_yellow",
								"category": "nature"
							},
							"components": {
								"minecraft:max_stack_size": 64,
								"minecraft:stacked_by_data": true,
								"minecraft:block_placer": {
									"use_block_description": true,
									"block": "ilosemypotato:leaves_maple_yellow"
								},
								"minecraft:icon": {
									"texture": "ilosemypotato:leaves_maple_yellow"
								},
								"minecraft:display_name": {
									"value": "Yellow Maple Leaves"
								},
								"minecraft:creative_category": {
									"parent": "itemGroup.name.leaves"
								}
							}
						},
						"key": "components",
						"children": [
							{
								"open": {
									"minecraft:max_stack_size": 64,
									"minecraft:stacked_by_data": true,
									"minecraft:block_placer": {
										"use_block_description": true,
										"block": "ilosemypotato:leaves_maple_yellow"
									},
									"minecraft:icon": {
										"texture": "ilosemypotato:leaves_maple_yellow"
									},
									"minecraft:display_name": {
										"value": "Yellow Maple Leaves"
									},
									"minecraft:creative_category": {
										"parent": "itemGroup.name.leaves"
									}
								},
								"data": "64",
								"key": "minecraft:max_stack_size"
							},
							{
								"open": {
									"minecraft:max_stack_size": 64,
									"minecraft:stacked_by_data": true,
									"minecraft:block_placer": {
										"use_block_description": true,
										"block": "ilosemypotato:leaves_maple_yellow"
									},
									"minecraft:icon": {
										"texture": "ilosemypotato:leaves_maple_yellow"
									},
									"minecraft:display_name": {
										"value": "Yellow Maple Leaves"
									},
									"minecraft:creative_category": {
										"parent": "itemGroup.name.leaves"
									}
								},
								"data": "true",
								"key": "minecraft:stacked_by_data"
							},
							{
								"open": {
									"minecraft:max_stack_size": 64,
									"minecraft:stacked_by_data": true,
									"minecraft:block_placer": {
										"use_block_description": true,
										"block": "ilosemypotato:leaves_maple_yellow"
									},
									"minecraft:icon": {
										"texture": "ilosemypotato:leaves_maple_yellow"
									},
									"minecraft:display_name": {
										"value": "Yellow Maple Leaves"
									},
									"minecraft:creative_category": {
										"parent": "itemGroup.name.leaves"
									}
								},
								"key": "minecraft:block_placer",
								"is_minified": true,
								"children": {
									"use_block_description": true,
									"block": "ilosemypotato:leaves_maple_yellow"
								}
							},
							{
								"open": {
									"minecraft:max_stack_size": 64,
									"minecraft:stacked_by_data": true,
									"minecraft:block_placer": {
										"use_block_description": true,
										"block": "ilosemypotato:leaves_maple_yellow"
									},
									"minecraft:icon": {
										"texture": "ilosemypotato:leaves_maple_yellow"
									},
									"minecraft:display_name": {
										"value": "Yellow Maple Leaves"
									},
									"minecraft:creative_category": {
										"parent": "itemGroup.name.leaves"
									}
								},
								"key": "minecraft:icon",
								"is_minified": true,
								"children": {
									"texture": "ilosemypotato:leaves_maple_yellow"
								}
							},
							{
								"open": {
									"minecraft:max_stack_size": 64,
									"minecraft:stacked_by_data": true,
									"minecraft:block_placer": {
										"use_block_description": true,
										"block": "ilosemypotato:leaves_maple_yellow"
									},
									"minecraft:icon": {
										"texture": "ilosemypotato:leaves_maple_yellow"
									},
									"minecraft:display_name": {
										"value": "Yellow Maple Leaves"
									},
									"minecraft:creative_category": {
										"parent": "itemGroup.name.leaves"
									}
								},
								"key": "minecraft:display_name",
								"is_minified": true,
								"children": {
									"value": "Yellow Maple Leaves"
								}
							},
							{
								"open": {
									"minecraft:max_stack_size": 64,
									"minecraft:stacked_by_data": true,
									"minecraft:block_placer": {
										"use_block_description": true,
										"block": "ilosemypotato:leaves_maple_yellow"
									},
									"minecraft:icon": {
										"texture": "ilosemypotato:leaves_maple_yellow"
									},
									"minecraft:display_name": {
										"value": "Yellow Maple Leaves"
									},
									"minecraft:creative_category": {
										"parent": "itemGroup.name.leaves"
									}
								},
								"key": "minecraft:creative_category",
								"is_minified": true,
								"children": {
									"parent": "itemGroup.name.leaves"
								}
							}
						]
					}
				]
			}
		]
	}
}