{
	"file_path": "C:\\Users\\User\\AppData\\Local\\Packages\\Microsoft.MinecraftUWP_8wekyb3d8bbwe\\LocalState\\games\\com.mojang\\development_behavior_packs\\Terracotta Expansion BP\\items\\prickly_pear_fruit_item.json",
	"file_type": "item",
	"format_version": 1,
	"file_uuid": "35b6481c_2130_4bc8_889f_18146ad5ba8f",
	"file_version": 14,
	"cache_content": {
		"children": [
			{
				"open": {
					"format_version": "1.16.100",
					"minecraft:item": {
						"description": {
							"identifier": "ilosemypotato:prickly_pear_fruit",
							"category": "nature"
						},
						"components": {
							"minecraft:use_duration": 1.6,
							"minecraft:food": {
								"nutrition": 4,
								"saturation_modifier": "low"
							},
							"minecraft:creative_category": {
								"parent": "itemGroup.name.crop"
							},
							"minecraft:max_stack_size": 64,
							"minecraft:icon": {
								"texture": "ilosemypotato:prickly_pear_fruit_item"
							},
							"minecraft:display_name": {
								"value": "Prickly Pear Fruit"
							},
							"minecraft:use_animation": "eat",
							"minecraft:render_offsets": "apple"
						}
					}
				},
				"data": "1.16.100",
				"key": "format_version"
			},
			{
				"open": {
					"format_version": "1.16.100",
					"minecraft:item": {
						"description": {
							"identifier": "ilosemypotato:prickly_pear_fruit",
							"category": "nature"
						},
						"components": {
							"minecraft:use_duration": 1.6,
							"minecraft:food": {
								"nutrition": 4,
								"saturation_modifier": "low"
							},
							"minecraft:creative_category": {
								"parent": "itemGroup.name.crop"
							},
							"minecraft:max_stack_size": 64,
							"minecraft:icon": {
								"texture": "ilosemypotato:prickly_pear_fruit_item"
							},
							"minecraft:display_name": {
								"value": "Prickly Pear Fruit"
							},
							"minecraft:use_animation": "eat",
							"minecraft:render_offsets": "apple"
						}
					}
				},
				"key": "minecraft:item",
				"children": [
					{
						"open": {
							"description": {
								"identifier": "ilosemypotato:prickly_pear_fruit",
								"category": "nature"
							},
							"components": {
								"minecraft:use_duration": 1.6,
								"minecraft:food": {
									"nutrition": 4,
									"saturation_modifier": "low"
								},
								"minecraft:creative_category": {
									"parent": "itemGroup.name.crop"
								},
								"minecraft:max_stack_size": 64,
								"minecraft:icon": {
									"texture": "ilosemypotato:prickly_pear_fruit_item"
								},
								"minecraft:display_name": {
									"value": "Prickly Pear Fruit"
								},
								"minecraft:use_animation": "eat",
								"minecraft:render_offsets": "apple"
							}
						},
						"key": "description",
						"is_minified": true,
						"children": {
							"identifier": "ilosemypotato:prickly_pear_fruit",
							"category": "nature"
						}
					},
					{
						"open": {
							"description": {
								"identifier": "ilosemypotato:prickly_pear_fruit",
								"category": "nature"
							},
							"components": {
								"minecraft:use_duration": 1.6,
								"minecraft:food": {
									"nutrition": 4,
									"saturation_modifier": "low"
								},
								"minecraft:creative_category": {
									"parent": "itemGroup.name.crop"
								},
								"minecraft:max_stack_size": 64,
								"minecraft:icon": {
									"texture": "ilosemypotato:prickly_pear_fruit_item"
								},
								"minecraft:display_name": {
									"value": "Prickly Pear Fruit"
								},
								"minecraft:use_animation": "eat",
								"minecraft:render_offsets": "apple"
							}
						},
						"key": "components",
						"children": [
							{
								"open": {
									"minecraft:use_duration": 1.6,
									"minecraft:food": {
										"nutrition": 4,
										"saturation_modifier": "low"
									},
									"minecraft:creative_category": {
										"parent": "itemGroup.name.crop"
									},
									"minecraft:max_stack_size": 64,
									"minecraft:icon": {
										"texture": "ilosemypotato:prickly_pear_fruit_item"
									},
									"minecraft:display_name": {
										"value": "Prickly Pear Fruit"
									},
									"minecraft:use_animation": "eat",
									"minecraft:render_offsets": "apple"
								},
								"data": "1.6",
								"key": "minecraft:use_duration"
							},
							{
								"open": {
									"minecraft:use_duration": 1.6,
									"minecraft:food": {
										"nutrition": 4,
										"saturation_modifier": "low"
									},
									"minecraft:creative_category": {
										"parent": "itemGroup.name.crop"
									},
									"minecraft:max_stack_size": 64,
									"minecraft:icon": {
										"texture": "ilosemypotato:prickly_pear_fruit_item"
									},
									"minecraft:display_name": {
										"value": "Prickly Pear Fruit"
									},
									"minecraft:use_animation": "eat",
									"minecraft:render_offsets": "apple"
								},
								"key": "minecraft:food",
								"is_minified": true,
								"children": {
									"nutrition": 4,
									"saturation_modifier": "low"
								}
							},
							{
								"open": {
									"minecraft:use_duration": 1.6,
									"minecraft:food": {
										"nutrition": 4,
										"saturation_modifier": "low"
									},
									"minecraft:creative_category": {
										"parent": "itemGroup.name.crop"
									},
									"minecraft:max_stack_size": 64,
									"minecraft:icon": {
										"texture": "ilosemypotato:prickly_pear_fruit_item"
									},
									"minecraft:display_name": {
										"value": "Prickly Pear Fruit"
									},
									"minecraft:use_animation": "eat",
									"minecraft:render_offsets": "apple"
								},
								"key": "minecraft:creative_category",
								"is_minified": true,
								"children": {
									"parent": "itemGroup.name.crop"
								}
							},
							{
								"open": {
									"minecraft:use_duration": 1.6,
									"minecraft:food": {
										"nutrition": 4,
										"saturation_modifier": "low"
									},
									"minecraft:creative_category": {
										"parent": "itemGroup.name.crop"
									},
									"minecraft:max_stack_size": 64,
									"minecraft:icon": {
										"texture": "ilosemypotato:prickly_pear_fruit_item"
									},
									"minecraft:display_name": {
										"value": "Prickly Pear Fruit"
									},
									"minecraft:use_animation": "eat",
									"minecraft:render_offsets": "apple"
								},
								"data": "64",
								"key": "minecraft:max_stack_size"
							},
							{
								"open": {
									"minecraft:use_duration": 1.6,
									"minecraft:food": {
										"nutrition": 4,
										"saturation_modifier": "low"
									},
									"minecraft:creative_category": {
										"parent": "itemGroup.name.crop"
									},
									"minecraft:max_stack_size": 64,
									"minecraft:icon": {
										"texture": "ilosemypotato:prickly_pear_fruit_item"
									},
									"minecraft:display_name": {
										"value": "Prickly Pear Fruit"
									},
									"minecraft:use_animation": "eat",
									"minecraft:render_offsets": "apple"
								},
								"key": "minecraft:icon",
								"is_minified": true,
								"children": {
									"texture": "ilosemypotato:prickly_pear_fruit_item"
								}
							},
							{
								"open": {
									"minecraft:use_duration": 1.6,
									"minecraft:food": {
										"nutrition": 4,
										"saturation_modifier": "low"
									},
									"minecraft:creative_category": {
										"parent": "itemGroup.name.crop"
									},
									"minecraft:max_stack_size": 64,
									"minecraft:icon": {
										"texture": "ilosemypotato:prickly_pear_fruit_item"
									},
									"minecraft:display_name": {
										"value": "Prickly Pear Fruit"
									},
									"minecraft:use_animation": "eat",
									"minecraft:render_offsets": "apple"
								},
								"key": "minecraft:display_name",
								"is_minified": true,
								"children": {
									"value": "Prickly Pear Fruit"
								}
							},
							{
								"open": {
									"minecraft:use_duration": 1.6,
									"minecraft:food": {
										"nutrition": 4,
										"saturation_modifier": "low"
									},
									"minecraft:creative_category": {
										"parent": "itemGroup.name.crop"
									},
									"minecraft:max_stack_size": 64,
									"minecraft:icon": {
										"texture": "ilosemypotato:prickly_pear_fruit_item"
									},
									"minecraft:display_name": {
										"value": "Prickly Pear Fruit"
									},
									"minecraft:use_animation": "eat",
									"minecraft:render_offsets": "apple"
								},
								"data": "eat",
								"key": "minecraft:use_animation"
							},
							{
								"open": {
									"minecraft:use_duration": 1.6,
									"minecraft:food": {
										"nutrition": 4,
										"saturation_modifier": "low"
									},
									"minecraft:creative_category": {
										"parent": "itemGroup.name.crop"
									},
									"minecraft:max_stack_size": 64,
									"minecraft:icon": {
										"texture": "ilosemypotato:prickly_pear_fruit_item"
									},
									"minecraft:display_name": {
										"value": "Prickly Pear Fruit"
									},
									"minecraft:use_animation": "eat",
									"minecraft:render_offsets": "apple"
								},
								"data": "apple",
								"key": "minecraft:render_offsets"
							}
						]
					}
				]
			}
		]
	}
}