{
	"file_path": "C:\\Users\\User\\AppData\\Local\\Packages\\Microsoft.MinecraftUWP_8wekyb3d8bbwe\\LocalState\\games\\com.mojang\\development_behavior_packs\\Terracotta Expansion BP\\items\\prickly_pear_cactus_item.json",
	"file_type": "item",
	"format_version": 1,
	"file_uuid": "3e673fed_91f4_4657_924c_eb7367f49f82",
	"file_version": 23,
	"cache_content": {
		"children": [
			{
				"open": {
					"format_version": "1.16.100",
					"minecraft:item": {
						"description": {
							"identifier": "ilosemypotato:prickly_pear_cactus",
							"category": "nature"
						},
						"components": {
							"minecraft:max_stack_size": 64,
							"minecraft:stacked_by_data": true,
							"minecraft:block_placer": {
								"block": "ilosemypotato:prickly_pear_cactus",
								"use_block_description": true
							},
							"minecraft:icon": {
								"texture": "ilosemypotato:prickly_pear_cactus_item"
							},
							"minecraft:display_name": {
								"value": "Prickly Pear Cactus"
							},
							"minecraft:creative_category": {
								"parent": "itemGroup.name.grass"
							},
							"minecraft:render_offsets": "grass"
						}
					}
				},
				"data": "1.16.100",
				"key": "format_version"
			},
			{
				"open": {
					"format_version": "1.16.100",
					"minecraft:item": {
						"description": {
							"identifier": "ilosemypotato:prickly_pear_cactus",
							"category": "nature"
						},
						"components": {
							"minecraft:max_stack_size": 64,
							"minecraft:stacked_by_data": true,
							"minecraft:block_placer": {
								"block": "ilosemypotato:prickly_pear_cactus",
								"use_block_description": true
							},
							"minecraft:icon": {
								"texture": "ilosemypotato:prickly_pear_cactus_item"
							},
							"minecraft:display_name": {
								"value": "Prickly Pear Cactus"
							},
							"minecraft:creative_category": {
								"parent": "itemGroup.name.grass"
							},
							"minecraft:render_offsets": "grass"
						}
					}
				},
				"key": "minecraft:item",
				"children": [
					{
						"open": {
							"description": {
								"identifier": "ilosemypotato:prickly_pear_cactus",
								"category": "nature"
							},
							"components": {
								"minecraft:max_stack_size": 64,
								"minecraft:stacked_by_data": true,
								"minecraft:block_placer": {
									"block": "ilosemypotato:prickly_pear_cactus",
									"use_block_description": true
								},
								"minecraft:icon": {
									"texture": "ilosemypotato:prickly_pear_cactus_item"
								},
								"minecraft:display_name": {
									"value": "Prickly Pear Cactus"
								},
								"minecraft:creative_category": {
									"parent": "itemGroup.name.grass"
								},
								"minecraft:render_offsets": "grass"
							}
						},
						"key": "description",
						"is_minified": true,
						"children": {
							"identifier": "ilosemypotato:prickly_pear_cactus",
							"category": "nature"
						}
					},
					{
						"open": {
							"description": {
								"identifier": "ilosemypotato:prickly_pear_cactus",
								"category": "nature"
							},
							"components": {
								"minecraft:max_stack_size": 64,
								"minecraft:stacked_by_data": true,
								"minecraft:block_placer": {
									"block": "ilosemypotato:prickly_pear_cactus",
									"use_block_description": true
								},
								"minecraft:icon": {
									"texture": "ilosemypotato:prickly_pear_cactus_item"
								},
								"minecraft:display_name": {
									"value": "Prickly Pear Cactus"
								},
								"minecraft:creative_category": {
									"parent": "itemGroup.name.grass"
								},
								"minecraft:render_offsets": "grass"
							}
						},
						"key": "components",
						"children": [
							{
								"open": {
									"minecraft:max_stack_size": 64,
									"minecraft:stacked_by_data": true,
									"minecraft:block_placer": {
										"block": "ilosemypotato:prickly_pear_cactus",
										"use_block_description": true
									},
									"minecraft:icon": {
										"texture": "ilosemypotato:prickly_pear_cactus_item"
									},
									"minecraft:display_name": {
										"value": "Prickly Pear Cactus"
									},
									"minecraft:creative_category": {
										"parent": "itemGroup.name.grass"
									},
									"minecraft:render_offsets": "grass"
								},
								"data": "64",
								"key": "minecraft:max_stack_size"
							},
							{
								"open": {
									"minecraft:max_stack_size": 64,
									"minecraft:stacked_by_data": true,
									"minecraft:block_placer": {
										"block": "ilosemypotato:prickly_pear_cactus",
										"use_block_description": true
									},
									"minecraft:icon": {
										"texture": "ilosemypotato:prickly_pear_cactus_item"
									},
									"minecraft:display_name": {
										"value": "Prickly Pear Cactus"
									},
									"minecraft:creative_category": {
										"parent": "itemGroup.name.grass"
									},
									"minecraft:render_offsets": "grass"
								},
								"data": "true",
								"key": "minecraft:stacked_by_data"
							},
							{
								"open": {
									"minecraft:max_stack_size": 64,
									"minecraft:stacked_by_data": true,
									"minecraft:block_placer": {
										"block": "ilosemypotato:prickly_pear_cactus",
										"use_block_description": true
									},
									"minecraft:icon": {
										"texture": "ilosemypotato:prickly_pear_cactus_item"
									},
									"minecraft:display_name": {
										"value": "Prickly Pear Cactus"
									},
									"minecraft:creative_category": {
										"parent": "itemGroup.name.grass"
									},
									"minecraft:render_offsets": "grass"
								},
								"key": "minecraft:block_placer",
								"is_minified": true,
								"children": {
									"block": "ilosemypotato:prickly_pear_cactus",
									"use_block_description": true
								}
							},
							{
								"open": {
									"minecraft:max_stack_size": 64,
									"minecraft:stacked_by_data": true,
									"minecraft:block_placer": {
										"block": "ilosemypotato:prickly_pear_cactus",
										"use_block_description": true
									},
									"minecraft:icon": {
										"texture": "ilosemypotato:prickly_pear_cactus_item"
									},
									"minecraft:display_name": {
										"value": "Prickly Pear Cactus"
									},
									"minecraft:creative_category": {
										"parent": "itemGroup.name.grass"
									},
									"minecraft:render_offsets": "grass"
								},
								"key": "minecraft:icon",
								"is_minified": true,
								"children": {
									"texture": "ilosemypotato:prickly_pear_cactus_item"
								}
							},
							{
								"open": {
									"minecraft:max_stack_size": 64,
									"minecraft:stacked_by_data": true,
									"minecraft:block_placer": {
										"block": "ilosemypotato:prickly_pear_cactus",
										"use_block_description": true
									},
									"minecraft:icon": {
										"texture": "ilosemypotato:prickly_pear_cactus_item"
									},
									"minecraft:display_name": {
										"value": "Prickly Pear Cactus"
									},
									"minecraft:creative_category": {
										"parent": "itemGroup.name.grass"
									},
									"minecraft:render_offsets": "grass"
								},
								"key": "minecraft:display_name",
								"is_minified": true,
								"children": {
									"value": "Prickly Pear Cactus"
								}
							},
							{
								"open": {
									"minecraft:max_stack_size": 64,
									"minecraft:stacked_by_data": true,
									"minecraft:block_placer": {
										"block": "ilosemypotato:prickly_pear_cactus",
										"use_block_description": true
									},
									"minecraft:icon": {
										"texture": "ilosemypotato:prickly_pear_cactus_item"
									},
									"minecraft:display_name": {
										"value": "Prickly Pear Cactus"
									},
									"minecraft:creative_category": {
										"parent": "itemGroup.name.grass"
									},
									"minecraft:render_offsets": "grass"
								},
								"key": "minecraft:creative_category",
								"is_minified": true,
								"children": {
									"parent": "itemGroup.name.grass"
								}
							},
							{
								"open": {
									"minecraft:max_stack_size": 64,
									"minecraft:stacked_by_data": true,
									"minecraft:block_placer": {
										"block": "ilosemypotato:prickly_pear_cactus",
										"use_block_description": true
									},
									"minecraft:icon": {
										"texture": "ilosemypotato:prickly_pear_cactus_item"
									},
									"minecraft:display_name": {
										"value": "Prickly Pear Cactus"
									},
									"minecraft:creative_category": {
										"parent": "itemGroup.name.grass"
									},
									"minecraft:render_offsets": "grass"
								},
								"data": "grass",
								"key": "minecraft:render_offsets"
							}
						]
					}
				]
			}
		]
	}
}