{
	"file_path": "C:\\Users\\User\\AppData\\Local\\Packages\\Microsoft.MinecraftUWP_8wekyb3d8bbwe\\LocalState\\games\\com.mojang\\development_behavior_packs\\Project Terracotta\\items\\red_maple_sapling_item.json",
	"file_type": "item",
	"format_version": 1,
	"file_uuid": "3eec100e_c55b_471b_ae57_515738eeb305",
	"file_version": 25,
	"cache_content": {
		"children": [
			{
				"open": {
					"format_version": "1.16.100",
					"minecraft:item": {
						"description": {
							"identifier": "ilosemypotato:red_maple_sapling",
							"category": "nature"
						},
						"components": {
							"minecraft:max_stack_size": 64,
							"minecraft:stacked_by_data": true,
							"minecraft:block_placer": {
								"block": "ilosemypotato:red_maple_sapling",
								"use_block_description": true,
								"use_on": [
									"minecraft:grass",
									"minecraft:dirt",
									"minecraft:farmland"
								]
							},
							"minecraft:icon": {
								"texture": "ilosemypotato:red_maple_sapling_item"
							},
							"minecraft:display_name": {
								"value": "Red Maple Sapling"
							},
							"minecraft:creative_category": {
								"parent": "itemGroup.name.sapling"
							},
							"minecraft:render_offsets": "saplings"
						}
					}
				},
				"data": "1.16.100",
				"key": "format_version"
			},
			{
				"open": {
					"format_version": "1.16.100",
					"minecraft:item": {
						"description": {
							"identifier": "ilosemypotato:red_maple_sapling",
							"category": "nature"
						},
						"components": {
							"minecraft:max_stack_size": 64,
							"minecraft:stacked_by_data": true,
							"minecraft:block_placer": {
								"block": "ilosemypotato:red_maple_sapling",
								"use_block_description": true,
								"use_on": [
									"minecraft:grass",
									"minecraft:dirt",
									"minecraft:farmland"
								]
							},
							"minecraft:icon": {
								"texture": "ilosemypotato:red_maple_sapling_item"
							},
							"minecraft:display_name": {
								"value": "Red Maple Sapling"
							},
							"minecraft:creative_category": {
								"parent": "itemGroup.name.sapling"
							},
							"minecraft:render_offsets": "saplings"
						}
					}
				},
				"key": "minecraft:item",
				"children": [
					{
						"open": {
							"description": {
								"identifier": "ilosemypotato:red_maple_sapling",
								"category": "nature"
							},
							"components": {
								"minecraft:max_stack_size": 64,
								"minecraft:stacked_by_data": true,
								"minecraft:block_placer": {
									"block": "ilosemypotato:red_maple_sapling",
									"use_block_description": true,
									"use_on": [
										"minecraft:grass",
										"minecraft:dirt",
										"minecraft:farmland"
									]
								},
								"minecraft:icon": {
									"texture": "ilosemypotato:red_maple_sapling_item"
								},
								"minecraft:display_name": {
									"value": "Red Maple Sapling"
								},
								"minecraft:creative_category": {
									"parent": "itemGroup.name.sapling"
								},
								"minecraft:render_offsets": "saplings"
							}
						},
						"key": "description",
						"is_minified": true,
						"children": {
							"identifier": "ilosemypotato:red_maple_sapling",
							"category": "nature"
						}
					},
					{
						"open": {
							"description": {
								"identifier": "ilosemypotato:red_maple_sapling",
								"category": "nature"
							},
							"components": {
								"minecraft:max_stack_size": 64,
								"minecraft:stacked_by_data": true,
								"minecraft:block_placer": {
									"block": "ilosemypotato:red_maple_sapling",
									"use_block_description": true,
									"use_on": [
										"minecraft:grass",
										"minecraft:dirt",
										"minecraft:farmland"
									]
								},
								"minecraft:icon": {
									"texture": "ilosemypotato:red_maple_sapling_item"
								},
								"minecraft:display_name": {
									"value": "Red Maple Sapling"
								},
								"minecraft:creative_category": {
									"parent": "itemGroup.name.sapling"
								},
								"minecraft:render_offsets": "saplings"
							}
						},
						"key": "components",
						"children": [
							{
								"open": {
									"minecraft:max_stack_size": 64,
									"minecraft:stacked_by_data": true,
									"minecraft:block_placer": {
										"block": "ilosemypotato:red_maple_sapling",
										"use_block_description": true,
										"use_on": [
											"minecraft:grass",
											"minecraft:dirt",
											"minecraft:farmland"
										]
									},
									"minecraft:icon": {
										"texture": "ilosemypotato:red_maple_sapling_item"
									},
									"minecraft:display_name": {
										"value": "Red Maple Sapling"
									},
									"minecraft:creative_category": {
										"parent": "itemGroup.name.sapling"
									},
									"minecraft:render_offsets": "saplings"
								},
								"data": "64",
								"key": "minecraft:max_stack_size"
							},
							{
								"open": {
									"minecraft:max_stack_size": 64,
									"minecraft:stacked_by_data": true,
									"minecraft:block_placer": {
										"block": "ilosemypotato:red_maple_sapling",
										"use_block_description": true,
										"use_on": [
											"minecraft:grass",
											"minecraft:dirt",
											"minecraft:farmland"
										]
									},
									"minecraft:icon": {
										"texture": "ilosemypotato:red_maple_sapling_item"
									},
									"minecraft:display_name": {
										"value": "Red Maple Sapling"
									},
									"minecraft:creative_category": {
										"parent": "itemGroup.name.sapling"
									},
									"minecraft:render_offsets": "saplings"
								},
								"data": "true",
								"key": "minecraft:stacked_by_data"
							},
							{
								"open": {
									"minecraft:max_stack_size": 64,
									"minecraft:stacked_by_data": true,
									"minecraft:block_placer": {
										"block": "ilosemypotato:red_maple_sapling",
										"use_block_description": true,
										"use_on": [
											"minecraft:grass",
											"minecraft:dirt",
											"minecraft:farmland"
										]
									},
									"minecraft:icon": {
										"texture": "ilosemypotato:red_maple_sapling_item"
									},
									"minecraft:display_name": {
										"value": "Red Maple Sapling"
									},
									"minecraft:creative_category": {
										"parent": "itemGroup.name.sapling"
									},
									"minecraft:render_offsets": "saplings"
								},
								"key": "minecraft:block_placer",
								"children": [
									{
										"open": {
											"block": "ilosemypotato:red_maple_sapling",
											"use_block_description": true,
											"use_on": [
												"minecraft:grass",
												"minecraft:dirt",
												"minecraft:farmland"
											]
										},
										"data": "ilosemypotato:red_maple_sapling",
										"key": "block"
									},
									{
										"open": {
											"block": "ilosemypotato:red_maple_sapling",
											"use_block_description": true,
											"use_on": [
												"minecraft:grass",
												"minecraft:dirt",
												"minecraft:farmland"
											]
										},
										"data": "true",
										"key": "use_block_description"
									},
									{
										"open": {
											"block": "ilosemypotato:red_maple_sapling",
											"use_block_description": true,
											"use_on": [
												"minecraft:grass",
												"minecraft:dirt",
												"minecraft:farmland"
											]
										},
										"key": "use_on",
										"is_minified": true,
										"children": [
											"minecraft:grass",
											"minecraft:dirt",
											"minecraft:farmland"
										]
									}
								]
							},
							{
								"open": {
									"minecraft:max_stack_size": 64,
									"minecraft:stacked_by_data": true,
									"minecraft:block_placer": {
										"block": "ilosemypotato:red_maple_sapling",
										"use_block_description": true,
										"use_on": [
											"minecraft:grass",
											"minecraft:dirt",
											"minecraft:farmland"
										]
									},
									"minecraft:icon": {
										"texture": "ilosemypotato:red_maple_sapling_item"
									},
									"minecraft:display_name": {
										"value": "Red Maple Sapling"
									},
									"minecraft:creative_category": {
										"parent": "itemGroup.name.sapling"
									},
									"minecraft:render_offsets": "saplings"
								},
								"key": "minecraft:icon",
								"is_minified": true,
								"children": {
									"texture": "ilosemypotato:red_maple_sapling_item"
								}
							},
							{
								"open": {
									"minecraft:max_stack_size": 64,
									"minecraft:stacked_by_data": true,
									"minecraft:block_placer": {
										"block": "ilosemypotato:red_maple_sapling",
										"use_block_description": true,
										"use_on": [
											"minecraft:grass",
											"minecraft:dirt",
											"minecraft:farmland"
										]
									},
									"minecraft:icon": {
										"texture": "ilosemypotato:red_maple_sapling_item"
									},
									"minecraft:display_name": {
										"value": "Red Maple Sapling"
									},
									"minecraft:creative_category": {
										"parent": "itemGroup.name.sapling"
									},
									"minecraft:render_offsets": "saplings"
								},
								"key": "minecraft:display_name",
								"is_minified": true,
								"children": {
									"value": "Red Maple Sapling"
								}
							},
							{
								"open": {
									"minecraft:max_stack_size": 64,
									"minecraft:stacked_by_data": true,
									"minecraft:block_placer": {
										"block": "ilosemypotato:red_maple_sapling",
										"use_block_description": true,
										"use_on": [
											"minecraft:grass",
											"minecraft:dirt",
											"minecraft:farmland"
										]
									},
									"minecraft:icon": {
										"texture": "ilosemypotato:red_maple_sapling_item"
									},
									"minecraft:display_name": {
										"value": "Red Maple Sapling"
									},
									"minecraft:creative_category": {
										"parent": "itemGroup.name.sapling"
									},
									"minecraft:render_offsets": "saplings"
								},
								"key": "minecraft:creative_category",
								"is_minified": true,
								"children": {
									"parent": "itemGroup.name.sapling"
								}
							},
							{
								"data": "saplings",
								"key": "minecraft:render_offsets"
							}
						]
					}
				]
			}
		]
	}
}