{
  "format_version": "1.8.0",
  "minecraft:client_entity": {
    "description": {
      "identifier": "grenade:molotov",
      "materials": { "default": "iron_golem" },
      "textures": {
        "default": "textures/granade_entity/granade_molotov"
      },
      "geometry": {
        "default": "geometry.granade"
      },
      
"spawn_egg": {
        "texture": "spawn_egg",
        "texture_index": 21
      },
      
      "render_controllers": [ "controller.render.iron_golem" ]
    }
  }
}