{
  "format_version": "1.18",
  "render_controllers": {
    "controller.render.ice_cube": {
      "geometry": "Geometry.default",
      "materials": [
        {
          "*": "Material.blend"
        }
      ],
      "textures": [
        "Texture.default"
      ],
      "on_fire_color": {
        "r": 0.0,
        "g": 0.0,
        "b": 0.0,
        "a": 0.0
      }
    },
    "controller.render.chetty_default": {
      "geometry": "Geometry.default",
      "materials": [
        {
          "*": "Material.default"
        }
      ],
      "textures": [
        "Texture.default"
      ],
      "on_fire_color": {
        "r": 0.0,
        "g": 0.0,
        "b": 0.0,
        "a": 0.0
      }
    }
  }
}