{
 "format_version": "1.13.0",
 "minecraft:entity": {
  "description": {
   "identifier": "spm:terror_nocturno",
   "is_experimental": false,
   "is_spawnable": true,
   "is_summonable": true,
   "scripts": {
    "animate": [
     "volar",
     "volar_random"
    ]
   },
   "animations": {
    "volar": "controller.animation.volar",
    "volar_random": "controller.animation.volar_random"
   }
  },
  "component_groups": {
   "golpe": {
    "minecraft:behavior.melee_attack": {
     "priority": 1,
     "track_target": true,
     "speed_multiplier": 1.4
    },
    "minecraft:attack": {
     "damage": {
      "range_max": 7,
      "range_min": 5
     }
    }
   },
   "rango": {
    "minecraft:behavior.ranged_attack": {
     "priority": 1,
     "attack_radius": 60,
     "charge_shoot_trigger": 2,
     "charge_charged_trigger": 1,
     "speed_multiplier": 1.4
    },
    "minecraft:shooter": {
     "def": "spm:fuego_pequeño"
    }
   },
   "cambio_modo": {
    "minecraft:target_nearby_sensor": {
     "inside_range": 5,
     "outside_range": 6,
     "on_inside_range": {
      "event": "spm:cambio_golpe",
      "target": "self"
     },
     "on_outside_range": {
      "event": "spm:cambio_rango",
      "target": "self"
     }
    }
   },
   "adult": {
    "minecraft:breedable": {
     "breed_items": [
      "clownfish"
     ],
     "breeds_with": [
      {
       "baby_type": "spm:huevo",
       "breed_event": {
        "event": "spm:terror_nocturno",
        "target": "baby"
       },
       "mate_type": "spm:terror_nocturno"
      }
     ],
     "require_full_health": true,
     "require_tame": false
    },
    "minecraft:collision_box": {
     "height": 2,
     "width": 1
    },
    "minecraft:loot": {
     "table": "loot_tables/entities/dragon.json"
    },
    "minecraft:scale": {
     "value": 1
    },
    "minecraft:health": {
     "value": {
      "range_max": 50,
      "range_min": 20
     }
    },
    "minecraft:behavior.jump_to_block": {
     "priority": 1,
     "search_width": 5,
     "search_height": 4,
     "minimum_path_length": 2,
     "minimum_distance": 1,
     "scale_factor": 0.6,
     "max_velocity": 1,
     "cooldown_range": [
      2,
      5
     ]
    },
    "minecraft:movement": {
     "value": 0.1
    }
   },
   "agresivo": {
    "minecraft:behavior.hurt_by_target": {
     "priority": 1
    },
    "minecraft:behavior.owner_hurt_by_target": {
     "priority": 1
    },
    "minecraft:behavior.owner_hurt_target": {
     "priority": 2
    },
    "minecraft:behavior.summon_entity": {
     "priority": 0,
     "probability": 100,
     "summon_choices": [
      {
       "cast_duration": 4.04,
       "cooldown_time": 15,
       "sequence": [
        {
         "base_delay": 0,
         "delay_per_summon": 0,
         "entity_lifespan": 0,
         "entity_type": "vex",
         "num_entities_spawned": 0,
         "shape": "circle",
         "size": 10,
         "sound_event": "plop",
         "target": "self"
        }
       ],
       "start_sound_event": "plop",
       "weight": 1
      }
     ]
    },
    "minecraft:behavior.ranged_attack": {
     "priority": 1,
     "attack_radius": 60,
     "charge_shoot_trigger": 2,
     "charge_charged_trigger": 1
    },
    "minecraft:shooter": {
     "def": "spm:proyectil_furia_nocturna"
    }
   },
   "ataque_mont": {
    "minecraft:spawn_entity": [
     {
      "max_wait_time": 0.2,
      "min_wait_time": 0.2,
      "num_to_spawn": 1,
      "should_leash": false,
      "single_use": true,
      "spawn_entity": "spm:proyectil_furia_nocturna",
      "spawn_event": "spm:furia_nocturna",
      "spawn_sound": "attack"
     }
    ]
   },
   "bebe": {
    "minecraft:ageable": {
     "duration": 5000,
     "feed_items": [
      "coownfish",
      "salmon"
     ],
     "grow_up": {
      "event": "minecraft:ageable_grow_up",
      "target": "self"
     }
    },
    "minecraft:behavior.panic": {
     "priority": 3,
     "speed_multiplier": 1.25
    },
    "minecraft:collision_box": {
     "height": 0.8,
     "width": 0.8
    },
    "minecraft:is_baby": {},
    "minecraft:scale": {
     "value": 0.5
    },
    "minecraft:behavior.jump_to_block": {
     "priority": 5,
     "search_width": 8,
     "search_height": 4,
     "minimum_path_length": 2,
     "minimum_distance": 1,
     "scale_factor": 0.6,
     "max_velocity": 1,
     "cooldown_range": [
      5,
      7
     ],
     "preferred_blocks": [
      "minecraft:waterlily",
      "minecraft:big_dripleaf"
     ],
     "preferred_blocks_chance": 0.5,
     "forbidden_blocks": [
      "minecraft:water"
     ]
    },
    "minecraft:movement": {
     "value": 0.1
    },
    "minecraft:behavior.beg": {
     "priority": 9,
     "look_distance": 8,
     "look_time": [
      2,
      4
     ],
     "items": [
      "salmon",
      "fish",
      "clownfish"
     ]
    }
   },
   "adulto_domable": {
    "minecraft:tameable": {
     "probability": 0.1,
     "tame_event": {
      "event": "spm:domado",
      "target": "self"
     },
     "tame_items": [
      "coownfish",
      "salmon"
     ]
    }
   },
   "bebe_domable": {
    "minecraft:tameable": {
     "probability": 0.5,
     "tame_event": {
      "event": "spm:domado",
      "target": "self"
     },
     "tame_items": [
      "coownfish",
      "salmon"
     ]
    }
   },
   "bebe_domado": {
    "minecraft:is_tamed": {},
    "minecraft:sittable": {}
   },
   "bebe_salvaje": {
    "minecraft:behavior.avoid_mob_type": {
     "entity_types": [
      {
       "filters": {
        "any_of": [
         {
          "subject": "other",
          "test": "is_family",
          "value": "player"
         },
         {
          "subject": "other",
          "test": "is_family",
          "value": "rex"
         },
         {
          "subject": "other",
          "test": "is_family",
          "value": "ichthyovenator"
         },
         {
          "subject": "other",
          "test": "is_family",
          "value": "carnotauro"
         },
         {
          "subject": "other",
          "test": "is_family",
          "value": "allosaurio"
         },
         {
          "subject": "other",
          "test": "is_family",
          "value": "espinosaurio"
         },
         {
          "subject": "other",
          "test": "is_family",
          "value": "cryolofosaurio"
         },
         {
          "subject": "other",
          "test": "is_family",
          "value": "raptores"
         },
         {
          "subject": "other",
          "test": "is_family",
          "value": "velociraptor"
         },
         {
          "subject": "other",
          "test": "is_family",
          "value": "tigre"
         }
        ]
       },
       "max_dist": 6,
       "sprint_speed_multiplier": 1.2,
       "walk_speed_multiplier": 1
      }
     ],
     "priority": 3
    },
    "minecraft:behavior.follow_parent": {
     "priority": 1,
     "speed_multiplier": 1.1
    },
    "minecraft:behavior.panic": {
     "priority": 3,
     "speed_multiplier": 1.25
    }
   },
   "calmado": {
    "minecraft:on_target_acquired": {
     "event": "spm:enojado",
     "target": "self"
    }
   },
   "calmado_domado": {
    "minecraft:movement": {
     "value": 0.2
    },
    "minecraft:on_target_acquired": {
     "event": "spm:enojado_domado",
     "target": "self"
    }
   },
   "caminar": {
    "minecraft:behavior.random_look_around": {
     "priority": 6
    },
    "minecraft:can_climb": {},
    "minecraft:jump.static": {},
    "minecraft:movement.generic": {},
    "minecraft:navigation.generic": {
     "avoid_damage_blocks": true,
     "avoid_water": true,
     "can_jump": true,
     "can_path_over_lava": false,
     "can_path_over_water": false,
     "can_sink": false,
     "can_swim": true,
     "can_walk": true,
     "can_walk_in_lava": true
    },
    "minecraft:pushable": {
     "is_pushable": true,
     "is_pushable_by_piston": true
    },
    "minecraft:behavior.float": {
     "priority": 0
    },
    "minecraft:physics": {
     "has_gravity": true
    },
    "minecraft:behavior.random_stroll": {
     "priority": 1,
     "speed_multiplier": 3
    }
   },
   "caminar_domado": {
    "minecraft:balloonable": {
     "mass": 0.2
    },
    "minecraft:behavior.float": {
     "priority": 0
    },
    "minecraft:behavior.random_stroll": {
     "priority": 2,
     "speed_multiplier": 2.5
    },
    "minecraft:can_climb": {},
    "minecraft:jump.static": {},
    "minecraft:movement.basic": {},
    "minecraft:nameable": {},
    "minecraft:navigation.walk": {
     "avoid_damage_blocks": true,
     "can_path_over_water": true
    },
    "minecraft:physics": {},
    "minecraft:pushable": {
     "is_pushable": true,
     "is_pushable_by_piston": true
    }
   },
   "domado": {
    "minecraft:is_tamed": {},
    "minecraft:type_family": {
     "family": [
      "terror_nocturno_domado",
      "terror_nocturno",
      "mob"
     ]
    },
    "minecraft:behavior.follow_owner": {
     "priority": 1,
     "speed_multiplier": 3.2,
     "start_distance": 10,
     "stop_distance": 4,
     "can_teleport": false
    },
    "minecraft:follow_range": {
     "value": 30
    },
    "minecraft:healable": {
     "items": [
      {
       "heal_amount": 5,
       "item": "salmon"
      },
      {
       "heal_amount": 5,
       "item": "fish"
      }
     ]
    },
    "minecraft:behavior.beg": {
     "priority": 9,
     "look_distance": 8,
     "look_time": [
      2,
      4
     ],
     "items": [
      "salmon",
      "fish",
      "clownfish"
     ]
    }
   },
   "enojado": {
    "minecraft:angry": {
     "broadcast_anger": true,
     "broadcast_range": 60,
     "broadcast_targets": [
      "terror_nocturno_salvaje"
     ],
     "calm_event": {
      "event": "spm:calmado",
      "target": "self"
     },
     "duration": 5
    },
    "minecraft:on_target_acquired": {}
   },
   "enojado_domado": {
    "minecraft:angry": {
     "broadcast_anger": false,
     "broadcast_range": 30,
     "calm_event": {
      "event": "spm:calmado_domado",
      "target": "self"
     },
     "duration": 20
    },
    "minecraft:movement": {
     "value": 0.3
    },
    "minecraft:on_target_acquired": {}
   },
   "interac": {
    "minecraft:interact": {
     "interactions": [
      {
       "interact_text": "action.interact.liberar",
       "on_interact": {
        "event": "spm:liberar",
        "filters": {
         "any_of": [
          {
           "all_of": [
            {
             "domain": "hand",
             "operator": "==",
             "subject": "other",
             "test": "has_equipment",
             "value": "pl:silvato_especial"
            },
            {
             "operator": "==",
             "subject": "other",
             "test": "is_owner",
             "value": true
            },
            {
             "test": "has_component",
             "value": "minecraft:is_tamed"
            }
           ]
          }
         ]
        },
        "target": "self"
       },
       "swing": true
      },
      {
       "interact_text": "action.interact.pasivo",
       "on_interact": {
        "event": "spm:modo_pasivo",
        "filters": {
         "all_of": [
          {
           "domain": "hand",
           "operator": "==",
           "subject": "other",
           "test": "has_equipment",
           "value": "minecraft:bone"
          },
          {
           "operator": "==",
           "subject": "other",
           "test": "is_owner",
           "value": true
          },
          {
           "test": "has_component",
           "value": "minecraft:behavior.melee_attack"
          },
          {
           "operator": "!=",
           "subject": "self",
           "test": "has_component",
           "value": "minecraft:is_baby"
          }
         ]
        },
        "target": "self"
       },
       "swing": true
      },
      {
       "interact_text": "action.interact.agresivo",
       "on_interact": {
        "event": "spm:modo_agresivo",
        "filters": {
         "all_of": [
          {
           "domain": "hand",
           "operator": "==",
           "subject": "other",
           "test": "has_equipment",
           "value": "minecraft:bone"
          },
          {
           "operator": "==",
           "subject": "other",
           "test": "is_owner",
           "value": true
          },
          {
           "operator": "!=",
           "test": "has_component",
           "value": "minecraft:behavior.melee_attack"
          },
          {
           "operator": "!=",
           "subject": "self",
           "test": "has_component",
           "value": "minecraft:is_baby"
          }
         ]
        },
        "target": "self"
       },
       "swing": true
      },
      {
       "interact_text": "action.interact.diambular",
       "on_interact": {
        "event": "spm:diambular",
        "filters": {
         "all_of": [
          {
           "domain": "hand",
           "operator": "==",
           "subject": "other",
           "test": "has_equipment",
           "value": "minecraft:stick"
          },
          {
           "operator": "==",
           "subject": "other",
           "test": "is_owner",
           "value": true
          },
          {
           "test": "has_component",
           "value": "minecraft:is_tamed"
          },
          {
           "test": "has_component",
           "value": "minecraft:behavior.follow_owner"
          }
         ]
        },
        "target": "self"
       },
       "use_item": false
      },
      {
       "interact_text": "action.interact.seguirme",
       "on_interact": {
        "event": "spm:seguirme",
        "filters": {
         "all_of": [
          {
           "domain": "hand",
           "operator": "==",
           "subject": "other",
           "test": "has_equipment",
           "value": "minecraft:stick"
          },
          {
           "operator": "==",
           "subject": "other",
           "test": "is_owner",
           "value": true
          },
          {
           "operator": "!=",
           "test": "has_component",
           "value": "minecraft:behavior.follow_owner"
          },
          {
           "test": "has_component",
           "value": "minecraft:is_tamed"
          }
         ]
        },
        "target": "self"
       },
       "use_item": false
      }
     ]
    }
   },
   "on_cofre": {
    "minecraft:is_chested": {}
   },
   "reclamar": {
    "minecraft:tameable": {
     "probability": 100,
     "tame_event": {
      "event": "spm:reclamado",
      "target": "self"
     },
     "tame_items": [
      "chicken",
      "cooked_chicken",
      "beef",
      "cooked_beef",
      "muttonRaw",
      "muttonCooked",
      "porkchop",
      "cooked_porkchop",
      "rabbit",
      "cooked_rabbit",
      "rotten_flesh"
     ]
    }
   },
   "salvaje": {
    "minecraft:behavior.hurt_by_target": {
     "alert_same_type": false,
     "priority": 1
    },
    "minecraft:type_family": {
     "family": [
      "terror_nocturno_salvaje",
      "terror_nocturno"
     ]
    },
    "minecraft:behavior.summon_entity": {
     "priority": 0,
     "probability": 100,
     "summon_choices": [
      {
       "cast_duration": 2,
       "cooldown_time": 15,
       "sequence": [
        {
         "base_delay": 0,
         "delay_per_summon": 0,
         "entity_lifespan": 0,
         "entity_type": "vex",
         "num_entities_spawned": 0,
         "shape": "circle",
         "size": 10,
         "sound_event": "plop",
         "target": "self"
        }
       ],
       "start_sound_event": "plop",
       "weight": 1
      }
     ]
    },
    "minecraft:follow_range": {
     "value": 100
    },
    "minecraft:behavior.nearest_attackable_target": {
     "priority": 1,
     "entity_types": [
      {
       "filters": {
        "any_of": [
         {
          "subject": "other",
          "test": "is_family",
          "value": "villager"
         },
         {
          "subject": "other",
          "test": "is_family",
          "value": "illager"
         },
         {
          "subject": "other",
          "test": "is_family",
          "value": "vindicator"
         },
         {
          "subject": "other",
          "test": "is_family",
          "value": "evocator"
         },
         {
          "subject": "other",
          "test": "is_family",
          "value": "player"
         }
        ]
       },
       "max_dist": 64
      }
     ],
     "must_see": true,
     "reselect_targets": true
    }
   },
   "salvaje_calmado": {
    "minecraft:behavior.hurt_by_target": {
     "alert_same_type": false,
     "priority": 1
    },
    "minecraft:type_family": {
     "family": [
      "terror_nocturno"
     ]
    },
    "minecraft:behavior.summon_entity": {
     "priority": 0,
     "probability": 100,
     "summon_choices": [
      {
       "cast_duration": 2,
       "cooldown_time": 15,
       "sequence": [
        {
         "base_delay": 0,
         "delay_per_summon": 0,
         "entity_lifespan": 0,
         "entity_type": "vex",
         "num_entities_spawned": 0,
         "shape": "circle",
         "size": 10,
         "sound_event": "plop",
         "target": "self"
        }
       ],
       "start_sound_event": "plop",
       "weight": 1
      }
     ]
    },
    "minecraft:follow_range": {
     "value": 100
    },
    "minecraft:behavior.tempt": {
     "priority": 5,
     "speed_multiplier": 0.5,
     "within_radius": 16,
     "can_get_scared": true,
     "items": [
      "fish",
      "salmon"
     ],
     "sound_interval": {
      "range_min": 2,
      "range_max": 5
     },
     "tempt_sound": "tempt"
    },
    "minecraft:behavior.avoid_mob_type": {
     "priority": 6,
     "entity_types": [
      {
       "filters": {
        "test": "is_family",
        "subject": "other",
        "value": "player"
       },
       "max_dist": 10,
       "walk_speed_multiplier": 2,
       "sprint_speed_multiplier": 2
      }
     ]
    },
    "minecraft:lookat": {
     "search_radius": 64,
     "set_target": true,
     "look_cooldown": 5,
     "filters": {
      "all_of": [
       {
        "subject": "other",
        "test": "is_family",
        "value": "player"
       },
       {
        "test": "has_equipment",
        "domain": "head",
        "subject": "other",
        "operator": "not",
        "value": "carved_pumpkin"
       }
      ]
     }
    },
    "minecraft:behavior.beg": {
     "priority": 9,
     "look_distance": 8,
     "look_time": [
      2,
      4
     ],
     "items": [
      "salmon",
      "fish",
      "clownfish"
     ]
    }
   },
   "seguirme": {},
   "sentable": {
    "minecraft:shareables": {},
    "minecraft:sittable": {
     "sit_event": {
      "event": "spm:sentado",
      "target": "self"
     },
     "stand_event": {
      "event": "spm:levantado",
      "target": "self"
     }
    }
   },
   "var0": {
    "minecraft:variant": {
     "value": 0
    }
   },
   "var1": {
    "minecraft:variant": {
     "value": 1
    }
   },
   "volar1": {
    "minecraft:timer": {
     "time": [
      10,
      30
     ],
     "looping": true,
     "time_down_event": {
      "event": "spm:volar",
      "target": "self"
     }
    },
    "minecraft:balloonable": {
     "mass": 0.5
    },
    "minecraft:flying_speed": {
     "value": 0.3
    },
    "minecraft:navigation.hover": {
     "can_path_over_water": true,
     "can_sink": false,
     "can_pass_doors": false,
     "can_path_from_air": true,
     "avoid_water": true,
     "avoid_damage_blocks": true,
     "avoid_sun": false
    },
    "minecraft:movement.hover": {
     "max_turn": 6
    },
    "minecraft:jump.static": {},
    "minecraft:can_fly": {},
    "minecraft:physics": {
     "has_gravity": false
    },
    "minecraft:game_event_movement_tracking": {
     "emit_flap": true
    },
    "minecraft:behavior.float": {
     "priority": 7
    },
    "minecraft:behavior.random_hover": {
     "priority": 1,
     "xz_dist": 40,
     "y_dist": 1,
     "y_offset": -1,
     "interval": 10,
     "hover_height": [
      5,
      30
     ]
    }
   },
   "volar2": {
    "minecraft:timer": {
     "time": [
      10,
      30
     ],
     "looping": true,
     "time_down_event": {
      "event": "spm:volar",
      "target": "self"
     }
    },
    "minecraft:physics": {
     "has_gravity": false
    },
    "minecraft:movement.glide": {
     "start_speed": 1,
     "speed_when_turning": 1
    },
    "minecraft:movement.hover": {
     "max_turn": 2
    },
    "minecraft:behavior.swoop_attack": {
     "priority": 2,
     "damage_reach": 0.2,
     "speed_multiplier": 1,
     "delay_range": [
      20,
      30
     ]
    },
    "minecraft:attack": {
     "damage": 6
    },
    "minecraft:behavior.circle_around_anchor": {
     "priority": 3,
     "radius_range": [
      50,
      50
     ],
     "radius_change_chance": 250,
     "height_above_target_range": [
      20,
      40
     ],
     "height_offset_range": [
      -4,
      5
     ],
     "height_change_chance": 350,
     "goal_radius": 50
    }
   },
   "volar_ataque": {
    "minecraft:navigation.float": {
     "can_path_over_water": true
    },
    "minecraft:movement.basic": {
     "max_turn": 10
    },
    "minecraft:jump.static": {},
    "minecraft:behavior.float": {
     "priority": 0
    },
    "minecraft:behavior.float_wander": {
     "xz_dist": 10,
     "y_dist": 7,
     "y_offset": 0,
     "random_reselect": true,
     "float_duration": [
      0.1,
      0.35
     ]
    },
    "minecraft:can_fly": {},
    "minecraft:physics": {},
    "minecraft:flying_speed": {
     "value": 3
    }
   }
  },
  "components": {
   "minecraft:behavior.breed": {
    "priority": 2,
    "speed_multiplier": 1
   },
   "minecraft:behavior.follow_parent": {
    "priority": 1,
    "speed_multiplier": 1.1
   },
   "minecraft:behavior.lay_down": {
    "interval": 400,
    "priority": 7,
    "random_stop_interval": 2000
   },
   "minecraft:breathable": {
    "suffocate_time": 0,
    "total_supply": 15
   },
   "minecraft:can_power_jump": {},
   "minecraft:healable": {
    "items": [
     {
      "heal_amount": 5,
      "item": "salmon"
     }
    ]
   },
   "minecraft:horse.jump_strength": {
    "value": {
     "range_max": 0.6,
     "range_min": 0.5
    }
   },
   "minecraft:hurt_on_condition": {
    "damage_conditions": [
     {
      "cause": "lava",
      "damage_per_tick": 4,
      "filters": {
       "operator": "==",
       "subject": "self",
       "test": "in_lava",
       "value": true
      }
     }
    ]
   },
   "minecraft:nameable": {},
   "minecraft:pushable": {
    "is_pushable": true,
    "is_pushable_by_piston": true
   },
   "minecraft:fire_immune": true,
   "minecraft:damage_sensor": {
    "triggers": {
     "cause": "fall",
     "deals_damage": false
    }
   },
   "minecraft:behavior.stay_while_sitting": {
    "priority": 0
   },
   "minecraft:conditional_bandwidth_optimization": {}
  },
  "events": {
   "minecraft:entity_spawned": {
    "sequence": [
     {
      "randomize": [
       {
        "add": {
         "component_groups": [
          "calmado",
          "salvaje",
          "adult",
          "volar1",
          "cambio_modo"
         ]
        },
        "weight": 50
       },
       {
        "add": {
         "component_groups": [
          "adulto_domable",
          "calmado",
          "salvaje_calmado",
          "adult",
          "volar",
          "cambio_modo"
         ]
        },
        "weight": 20
       },
       {
        "add": {
         "component_groups": [
          "calmado",
          "salvaje",
          "adult",
          "caminar",
          "cambio_modo"
         ]
        },
        "weight": 50
       },
       {
        "add": {
         "component_groups": [
          "adulto_domable",
          "calmado",
          "salvaje_calmado",
          "adult",
          "caminar",
          "cambio_modo"
         ]
        },
        "weight": 20
       },
       {
        "weight": 5,
        "add": {
         "component_groups": [
          "bebe",
          "bebe_domable",
          "caminar"
         ]
        },
        "remove": {
         "component_groups": [
          "montable"
         ]
        }
       }
      ]
     },
     {
      "randomize": [
       {
        "add": {
         "component_groups": [
          "var0"
         ]
        },
        "weight": 50
       },
       {
        "add": {
         "component_groups": [
          "var1"
         ]
        },
        "weight": 50
       }
      ]
     }
    ]
   },
   "minecraft:ageable_grow_up": {
    "sequence": [
     {
      "filters": {
       "operator": "==",
       "test": "has_component",
       "value": "minecraft:is_tamed"
      },
      "randomize": [
       {
        "add": {
         "component_groups": [
          "interac",
          "seguirme",
          "agresivo",
          "domado",
          "sentable",
          "calmado_domado",
          "adult",
          "caminar"
         ]
        },
        "remove": {
         "component_groups": [
          "calmado",
          "bebe_domable",
          "bebe",
          "bebe_domado",
          "caminar",
          "volar1",
          "volar2",
          "volar3"
         ]
        },
        "weight": 35
       }
      ]
     },
     {
      "filters": {
       "operator": "!=",
       "test": "has_component",
       "value": "minecraft:is_tamed"
      },
      "randomize": [
       {
        "add": {
         "component_groups": [
          "calmado",
          "salvaje",
          "adult",
          "caminar",
          "cambio_modo",
          "cambio_movimiento"
         ]
        },
        "remove": {
         "component_groups": [
          "bebe_domable",
          "bebe"
         ]
        },
        "weight": 35
       }
      ]
     }
    ]
   },
   "minecraft:entity_born": {
    "sequence": [
     {
      "randomize": [
       {
        "add": {
         "component_groups": [
          "bebe",
          "bebe_domable",
          "cambio_movimiento",
          "caminar"
         ]
        },
        "remove": {
         "component_groups": [
          "montable"
         ]
        },
        "weight": 5
       }
      ]
     },
     {
      "randomize": [
       {
        "add": {
         "component_groups": [
          "var0"
         ]
        },
        "weight": 50
       },
       {
        "add": {
         "component_groups": [
          "var1"
         ]
        },
        "weight": 30
       }
      ]
     }
    ]
   },
   "spm:proyectil": {
    "sequence": [
     {
      "add": {
       "component_groups": [
        "ataque_mont"
       ]
      },
      "filters": {
       "all_of": [
        {
         "operator": ">",
         "test": "rider_count",
         "value": 0
        }
       ]
      },
      "run_command": {
       "command": [
        "playanimation @e[type=pl:barbaridactylus,c=1] animation.barbaridactylus.delayed_attacking"
       ]
      }
     }
    ]
   },
   "spm:calmado": {
    "sequence": [
     {
      "randomize": [
       {
        "add": {
         "component_groups": [
          "calmado"
         ]
        },
        "remove": {
         "component_groups": [
          "enojado",
          "volar_ataque",
          "rango"
         ]
        },
        "weight": 50
       }
      ]
     },
     {
      "randomize": [
       {
        "weight": 25,
        "add": {
         "component_groups": [
          "volar2"
         ]
        },
        "remove": {
         "component_groups": [
          "volar1",
          "volar3",
          "caminar",
          "volar_ataque"
         ]
        }
       },
       {
        "weight": 30,
        "add": {
         "component_groups": [
          "volar3"
         ]
        },
        "remove": {
         "component_groups": [
          "volar2",
          "volar1",
          "caminar",
          "volar_ataque"
         ]
        }
       },
       {
        "weight": 10,
        "add": {
         "component_groups": [
          "caminar",
          "cambio_modo",
          "modo_golpe"
         ]
        },
        "remove": {
         "component_groups": [
          "volar1",
          "volar2",
          "volar3",
          "volar_ataque"
         ]
        }
       }
      ]
     }
    ]
   },
   "spm:calmado_domado": {
    "add": {
     "component_groups": [
      "calmado_domado"
     ]
    },
    "remove": {
     "component_groups": [
      "enojado_domado"
     ]
    }
   },
   "spm:caminar": {
    "add": {
     "component_groups": [
      "caminar"
     ]
    },
    "remove": {
     "component_groups": [
      "volar1",
      "volar2",
      "volar3",
      "volar_ataque"
     ]
    }
   },
   "spm:diambular": {
    "remove": {
     "component_groups": [
      "seguirme"
     ]
    }
   },
   "spm:domado": {
    "sequence": [
     {
      "filters": {
       "operator": "!=",
       "test": "has_component",
       "value": "minecraft:is_baby"
      },
      "randomize": [
       {
        "add": {
         "component_groups": [
          "calmado_domado",
          "interac",
          "seguirme",
          "agresivo",
          "domado",
          "sentable",
          "adult",
          "caminar"
         ]
        },
        "remove": {
         "component_groups": [
          "adulto_domado",
          "bebe_domado",
          "bebe",
          "bebe_domable",
          "caminar",
          "volar1",
          "volar2",
          "volar3",
          "salvaje",
          "salvaje_domado"
         ]
        }
       }
      ]
     },
     {
      "filters": {
       "operator": "==",
       "test": "has_component",
       "value": "minecraft:is_baby"
      },
      "randomize": [
       {
        "add": {
         "component_groups": [
          "interac",
          "seguirme",
          "bebe_domado",
          "caminar"
         ]
        },
        "remove": {
         "component_groups": [
          "bebe_salvaje",
          "bebe_domable",
          "caminar",
          "volar1",
          "volar2",
          "volar3"
         ]
        }
       }
      ]
     }
    ]
   },
   "spm:enojado": {
    "add": {
     "component_groups": [
      "enojado",
      "volar_ataque",
      "rango"
     ]
    },
    "remove": {
     "component_groups": [
      "calmado"
     ]
    }
   },
   "spm:enojado_domado": {
    "sequence": [
     {
      "add": {
       "component_groups": [
        "enojado_domado"
       ]
      },
      "filters": {
       "all_of": [
        {
         "operator": "==",
         "test": "rider_count",
         "value": 0
        }
       ]
      },
      "remove": {
       "component_groups": [
        "calmado_domado"
       ]
      }
     },
     {
      "add": {
       "component_groups": [
        "calmado_domado"
       ]
      },
      "filters": {
       "all_of": [
        {
         "operator": ">",
         "test": "rider_count",
         "value": 1
        }
       ]
      },
      "remove": {
       "component_groups": [
        "enojado_domado"
       ]
      }
     }
    ]
   },
   "spm:liberar": {
    "sequence": [
     {
      "filters": {
       "operator": "!=",
       "test": "has_component",
       "value": "minecraft:is_baby"
      },
      "randomize": [
       {
        "add": {
         "component_groups": [
          "reclamar"
         ]
        },
        "remove": {
         "component_groups": [
          "domado",
          "seguirme",
          "interac",
          "agresivo",
          "montable",
          "sentable"
         ]
        }
       }
      ]
     },
     {
      "filters": {
       "operator": "==",
       "test": "has_component",
       "value": "minecraft:is_baby"
      },
      "randomize": [
       {
        "add": {
         "component_groups": [
          "bebe_salvaje",
          "reclamar"
         ]
        },
        "remove": {
         "component_groups": [
          "bebe_domado"
         ]
        }
       }
      ]
     }
    ]
   },
   "spm:modo_agresivo": {
    "add": {
     "component_groups": [
      "agresivo"
     ]
    }
   },
   "spm:modo_pasivo": {
    "remove": {
     "component_groups": [
      "agresivo"
     ]
    }
   },
   "spm:montura": {
    "add": {
     "component_groups": [
      "caminar",
      "montura",
      "on_cofre"
     ]
    },
    "remove": {
     "component_groups": [
      "sin_montura",
      "volar_domado"
     ]
    }
   },
   "spm:normal": {
    "add": {
     "component_groups": [
      "interac",
      "pasivo",
      "seguir"
     ]
    },
    "remove": {
     "component_groups": [
      "cz",
      "ce",
      "cc",
      "ca",
      "ci"
     ]
    }
   },
   "spm:reclamado": {
    "sequence": [
     {
      "filters": {
       "operator": "!=",
       "test": "has_component",
       "value": "minecraft:is_baby"
      },
      "randomize": [
       {
        "add": {
         "component_groups": [
          "interac",
          "seguirme",
          "agresivo",
          "domado",
          "sentable"
         ]
        },
        "remove": {
         "component_groups": [
          "salvaje",
          "spasivo"
         ]
        }
       }
      ]
     },
     {
      "filters": {
       "operator": "==",
       "test": "has_component",
       "value": "minecraft:is_baby"
      },
      "randomize": [
       {
        "add": {
         "component_groups": [
          "interac",
          "seguirme",
          "bebe_domado"
         ]
        },
        "remove": {
         "component_groups": [
          "sagresivo",
          "bebe_salvaje"
         ]
        }
       }
      ]
     }
    ]
   },
   "spm:seguirme": {
    "add": {
     "component_groups": [
      "seguirme"
     ]
    }
   },
   "spm:levantado": {
    "add": {
     "component_groups": [
      "caminar",
      "montable"
     ]
    },
    "remove": {
     "component_groups": [
      "montable"
     ]
    }
   },
   "spm:sentado": {
    "add": {
     "component_groups": []
    },
    "remove": {
     "component_groups": [
      "montable",
      "caminar"
     ]
    }
   },
   "spm:sin_montura": {
    "add": {
     "component_groups": [
      "volar_domado",
      "sin_montura"
     ]
    },
    "remove": {
     "component_groups": [
      "caminar",
      "montura",
      "on_cofre"
     ]
    }
   },
   "spm:velocidad_caminando": {
    "add": {
     "component_groups": [
      "calmado_domado"
     ]
    },
    "remove": {
     "component_groups": [
      "velocidad_volando"
     ]
    }
   },
   "spm:velocidad_volando": {
    "add": {
     "component_groups": [
      "velocidad_volando"
     ]
    },
    "remove": {
     "component_groups": [
      "calmado_domado"
     ]
    }
   },
   "spm:volar_ataque": {
    "randomize": [
     {
      "weight": 23,
      "add": {
       "component_groups": [
        "volar_ataque",
        "cambio_modo",
        "rango"
       ]
      },
      "remove": {
       "component_groups": [
        "volar1",
        "volar2",
        "volar3",
        "caminar"
       ]
      }
     }
    ]
   },
   "spm:volar": {
    "randomize": [
     {
      "weight": 100,
      "add": {
       "component_groups": [
        "volar1"
       ]
      },
      "remove": {
       "component_groups": [
        "volar2",
        "caminar",
        "volar_ataque"
       ]
      }
     },
     {
      "weight": 25,
      "add": {
       "component_groups": [
        "caminar",
        "cambio_modo",
        "modo_golpe"
       ]
      },
      "remove": {
       "component_groups": [
        "volar1",
        "volar2",
        "volar_ataque"
       ]
      }
     }
    ]
   },
   "spm:cambio_golpe": {
    "sequence": [
     {
      "add": {
       "component_groups": [
        "golpe"
       ]
      },
      "remove": {
       "component_groups": [
        "rango"
       ]
      }
     }
    ]
   },
   "spm:cambio_rango": {
    "sequence": [
     {
      "add": {
       "component_groups": [
        "rango"
       ]
      },
      "remove": {
       "component_groups": [
        "golpe"
       ]
      }
     }
    ]
   }
  }
 },
 "Terror": {
  "component_groups": {
   "golpe": {
    "minecraft:behavior.melee_attack": {
     "priority": 1,
     "track_target": true,
     "speed_multiplier": 2
    },
    "minecraft:attack": {
     "damage": {
      "range_max": 7,
      "range_min": 5
     }
    }
   },
   "rango": {
    "minecraft:behavior.ranged_attack": {
     "priority": 1,
     "attack_radius": 30,
     "charge_shoot_trigger": 2,
     "charge_charged_trigger": 1
    },
    "minecraft:shooter": {
     "def": "spm:fuego_pequeño"
    }
   },
   "cambio_modo": {
    "minecraft:target_nearby_sensor": {
     "inside_range": 5,
     "outside_range": 6,
     "on_inside_range": {
      "event": "spm:cambio_golpe",
      "target": "self"
     },
     "on_outside_range": {
      "event": "spm:cambio_rango",
      "target": "self"
     }
    }
   },
   "adult": {
    "minecraft:breedable": {
     "breed_items": [
      "clownfish"
     ],
     "breeds_with": [
      {
       "baby_type": "spm:huevo",
       "breed_event": {
        "event": "spm:terror_nocturno",
        "target": "baby"
       },
       "mate_type": "spm:terror_nocturno"
      }
     ],
     "require_full_health": true,
     "require_tame": false
    },
    "minecraft:collision_box": {
     "height": 2,
     "width": 1
    },
    "minecraft:loot": {
     "table": "loot_tables/entities/dragon.json"
    },
    "minecraft:scale": {
     "value": 1
    },
    "minecraft:health": {
     "value": {
      "range_max": 40,
      "range_min": 30
     }
    },
    "minecraft:behavior.jump_to_block": {
     "priority": 1,
     "search_width": 5,
     "search_height": 4,
     "minimum_path_length": 2,
     "minimum_distance": 1,
     "scale_factor": 0.6,
     "max_velocity": 1,
     "cooldown_range": [
      2,
      5
     ]
    },
    "minecraft:movement": {
     "value": 0.1
    }
   },
   "agresivo": {
    "minecraft:behavior.hurt_by_target": {
     "priority": 1
    },
    "minecraft:behavior.owner_hurt_by_target": {
     "priority": 1
    },
    "minecraft:behavior.owner_hurt_target": {
     "priority": 2
    },
    "minecraft:behavior.summon_entity": {
     "priority": 0,
     "probability": 100,
     "summon_choices": [
      {
       "cast_duration": 4.04,
       "cooldown_time": 15,
       "sequence": [
        {
         "base_delay": 0,
         "delay_per_summon": 0,
         "entity_lifespan": 0,
         "entity_type": "vex",
         "num_entities_spawned": 0,
         "shape": "circle",
         "size": 10,
         "sound_event": "plop",
         "target": "self"
        }
       ],
       "start_sound_event": "plop",
       "weight": 1
      }
     ]
    },
    "minecraft:attack": {
     "damage": {
      "range_max": 7,
      "range_min": 5
     }
    },
    "minecraft:behavior.melee_attack": {
     "priority": 1,
     "track_target": true
    }
   },
   "ataque_mont": {
    "minecraft:spawn_entity": [
     {
      "max_wait_time": 0.2,
      "min_wait_time": 0.2,
      "num_to_spawn": 1,
      "should_leash": false,
      "single_use": true,
      "spawn_entity": "spm:proyectil_furia_nocturna",
      "spawn_event": "spm:furia_nocturna",
      "spawn_sound": "attack"
     }
    ]
   },
   "bebe": {
    "minecraft:ageable": {
     "duration": 5000,
     "feed_items": [
      "coownfish",
      "salmon"
     ],
     "grow_up": {
      "event": "minecraft:ageable_grow_up",
      "target": "self"
     }
    },
    "minecraft:behavior.panic": {
     "priority": 3,
     "speed_multiplier": 1.25
    },
    "minecraft:collision_box": {
     "height": 0.8,
     "width": 0.8
    },
    "minecraft:is_baby": {},
    "minecraft:scale": {
     "value": 0.5
    },
    "minecraft:behavior.jump_to_block": {
     "priority": 5,
     "search_width": 8,
     "search_height": 4,
     "minimum_path_length": 2,
     "minimum_distance": 1,
     "scale_factor": 0.6,
     "max_velocity": 1,
     "cooldown_range": [
      5,
      7
     ],
     "preferred_blocks": [
      "minecraft:waterlily",
      "minecraft:big_dripleaf"
     ],
     "preferred_blocks_chance": 0.5,
     "forbidden_blocks": [
      "minecraft:water"
     ]
    },
    "minecraft:movement": {
     "value": 0.1
    }
   },
   "adulto_domable": {
    "minecraft:tameable": {
     "probability": 0.1,
     "tame_event": {
      "event": "spm:domado",
      "target": "self"
     },
     "tame_items": [
      "coownfish",
      "salmon"
     ]
    }
   },
   "bebe_domable": {
    "minecraft:tameable": {
     "probability": 0.5,
     "tame_event": {
      "event": "spm:domado",
      "target": "self"
     },
     "tame_items": [
      "coownfish",
      "salmon"
     ]
    }
   },
   "bebe_domado": {
    "minecraft:is_tamed": {},
    "minecraft:sittable": {}
   },
   "bebe_salvaje": {
    "minecraft:behavior.avoid_mob_type": {
     "entity_types": [
      {
       "filters": {
        "any_of": [
         {
          "subject": "other",
          "test": "is_family",
          "value": "player"
         },
         {
          "subject": "other",
          "test": "is_family",
          "value": "rex"
         },
         {
          "subject": "other",
          "test": "is_family",
          "value": "ichthyovenator"
         },
         {
          "subject": "other",
          "test": "is_family",
          "value": "carnotauro"
         },
         {
          "subject": "other",
          "test": "is_family",
          "value": "allosaurio"
         },
         {
          "subject": "other",
          "test": "is_family",
          "value": "espinosaurio"
         },
         {
          "subject": "other",
          "test": "is_family",
          "value": "cryolofosaurio"
         },
         {
          "subject": "other",
          "test": "is_family",
          "value": "raptores"
         },
         {
          "subject": "other",
          "test": "is_family",
          "value": "velociraptor"
         },
         {
          "subject": "other",
          "test": "is_family",
          "value": "tigre"
         }
        ]
       },
       "max_dist": 6,
       "sprint_speed_multiplier": 1.2,
       "walk_speed_multiplier": 1
      }
     ],
     "priority": 3
    },
    "minecraft:behavior.follow_parent": {
     "priority": 1,
     "speed_multiplier": 1.1
    },
    "minecraft:behavior.panic": {
     "priority": 3,
     "speed_multiplier": 1.25
    },
    "minecraft:conditional_bandwidth_optimization": {},
    "minecraft:despawn": {
     "despawn_from_distance": {}
    }
   },
   "calmado": {
    "minecraft:on_target_acquired": {
     "event": "spm:enojado",
     "target": "self"
    }
   },
   "calmado_domado": {
    "minecraft:movement": {
     "value": 0.2
    },
    "minecraft:on_target_acquired": {
     "event": "spm:enojado_domado",
     "target": "self"
    }
   },
   "caminar": {
    "minecraft:behavior.random_look_around": {
     "priority": 6
    },
    "minecraft:can_climb": {},
    "minecraft:jump.static": {},
    "minecraft:movement.generic": {},
    "minecraft:navigation.generic": {
     "avoid_damage_blocks": true,
     "avoid_water": true,
     "can_jump": true,
     "can_path_over_lava": false,
     "can_path_over_water": false,
     "can_sink": false,
     "can_swim": true,
     "can_walk": true,
     "can_walk_in_lava": true
    },
    "minecraft:pushable": {
     "is_pushable": true,
     "is_pushable_by_piston": true
    },
    "minecraft:behavior.float": {
     "priority": 0
    },
    "minecraft:physics": {
     "has_gravity": true
    },
    "minecraft:behavior.random_stroll": {
     "priority": 1,
     "speed_multiplier": 2.5
    }
   },
   "caminar_domado": {
    "minecraft:balloonable": {
     "mass": 0.2
    },
    "minecraft:behavior.float": {
     "priority": 0
    },
    "minecraft:behavior.random_stroll": {
     "priority": 2,
     "speed_multiplier": 2.5
    },
    "minecraft:can_climb": {},
    "minecraft:jump.static": {},
    "minecraft:movement.basic": {},
    "minecraft:nameable": {},
    "minecraft:navigation.walk": {
     "avoid_damage_blocks": true,
     "can_path_over_water": true
    },
    "minecraft:physics": {},
    "minecraft:pushable": {
     "is_pushable": true,
     "is_pushable_by_piston": true
    }
   },
   "domado": {
    "minecraft:behavior.beg": {
     "items": [
      "pl:alim_dino_carn"
     ],
     "look_distance": 15,
     "look_time": [
      100,
      100
     ],
     "priority": 0
    },
    "minecraft:is_tamed": {},
    "minecraft:type_family": {
     "family": [
      "terror_nocturno_domado",
      "terror_nocturno",
      "mob"
     ]
    },
    "minecraft:behavior.follow_owner": {
     "priority": 1,
     "speed_multiplier": 3.5,
     "start_distance": 10,
     "stop_distance": 4,
     "can_teleport": false
    },
    "minecraft:follow_range": {
     "value": 30
    }
   },
   "enojado": {
    "minecraft:angry": {
     "broadcast_anger": true,
     "broadcast_range": 60,
     "broadcast_targets": [
      "terror_nocturno"
     ],
     "calm_event": {
      "event": "spm:calmado",
      "target": "self"
     },
     "duration": 1
    },
    "minecraft:on_target_acquired": {}
   },
   "enojado_domado": {
    "minecraft:angry": {
     "broadcast_anger": false,
     "broadcast_range": 30,
     "calm_event": {
      "event": "spm:calmado_domado",
      "target": "self"
     },
     "duration": 20
    },
    "minecraft:movement": {
     "value": 0.3
    },
    "minecraft:on_target_acquired": {}
   },
   "interac": {
    "minecraft:interact": {
     "interactions": [
      {
       "interact_text": "action.interact.liberar",
       "on_interact": {
        "event": "spm:liberar",
        "filters": {
         "any_of": [
          {
           "all_of": [
            {
             "domain": "hand",
             "operator": "==",
             "subject": "other",
             "test": "has_equipment",
             "value": "pl:silvato_especial"
            },
            {
             "operator": "==",
             "subject": "other",
             "test": "is_owner",
             "value": true
            },
            {
             "test": "has_component",
             "value": "minecraft:is_tamed"
            }
           ]
          }
         ]
        },
        "target": "self"
       },
       "swing": true
      },
      {
       "interact_text": "action.interact.pasivo",
       "on_interact": {
        "event": "spm:modo_pasivo",
        "filters": {
         "all_of": [
          {
           "domain": "hand",
           "operator": "==",
           "subject": "other",
           "test": "has_equipment",
           "value": "minecraft:bone"
          },
          {
           "operator": "==",
           "subject": "other",
           "test": "is_owner",
           "value": true
          },
          {
           "test": "has_component",
           "value": "minecraft:behavior.melee_attack"
          },
          {
           "operator": "!=",
           "subject": "self",
           "test": "has_component",
           "value": "minecraft:is_baby"
          }
         ]
        },
        "target": "self"
       },
       "swing": true
      },
      {
       "interact_text": "action.interact.agresivo",
       "on_interact": {
        "event": "spm:modo_agresivo",
        "filters": {
         "all_of": [
          {
           "domain": "hand",
           "operator": "==",
           "subject": "other",
           "test": "has_equipment",
           "value": "minecraft:bone"
          },
          {
           "operator": "==",
           "subject": "other",
           "test": "is_owner",
           "value": true
          },
          {
           "operator": "!=",
           "test": "has_component",
           "value": "minecraft:behavior.melee_attack"
          },
          {
           "operator": "!=",
           "subject": "self",
           "test": "has_component",
           "value": "minecraft:is_baby"
          }
         ]
        },
        "target": "self"
       },
       "swing": true
      },
      {
       "interact_text": "action.interact.diambular",
       "on_interact": {
        "event": "spm:diambular",
        "filters": {
         "all_of": [
          {
           "domain": "hand",
           "operator": "==",
           "subject": "other",
           "test": "has_equipment",
           "value": "minecraft:stick"
          },
          {
           "operator": "==",
           "subject": "other",
           "test": "is_owner",
           "value": true
          },
          {
           "test": "has_component",
           "value": "minecraft:is_tamed"
          },
          {
           "test": "has_component",
           "value": "minecraft:behavior.follow_owner"
          }
         ]
        },
        "target": "self"
       },
       "use_item": false
      },
      {
       "interact_text": "action.interact.seguirme",
       "on_interact": {
        "event": "spm:seguirme",
        "filters": {
         "all_of": [
          {
           "domain": "hand",
           "operator": "==",
           "subject": "other",
           "test": "has_equipment",
           "value": "minecraft:stick"
          },
          {
           "operator": "==",
           "subject": "other",
           "test": "is_owner",
           "value": true
          },
          {
           "operator": "!=",
           "test": "has_component",
           "value": "minecraft:behavior.follow_owner"
          },
          {
           "test": "has_component",
           "value": "minecraft:is_tamed"
          }
         ]
        },
        "target": "self"
       },
       "use_item": false
      }
     ]
    }
   },
   "on_cofre": {
    "minecraft:is_chested": {}
   },
   "reclamar": {
    "minecraft:tameable": {
     "probability": 100,
     "tame_event": {
      "event": "spm:reclamado",
      "target": "self"
     },
     "tame_items": [
      "chicken",
      "cooked_chicken",
      "beef",
      "cooked_beef",
      "muttonRaw",
      "muttonCooked",
      "porkchop",
      "cooked_porkchop",
      "rabbit",
      "cooked_rabbit",
      "rotten_flesh"
     ]
    }
   },
   "salvaje": {
    "minecraft:behavior.hurt_by_target": {
     "alert_same_type": false,
     "priority": 1
    },
    "minecraft:conditional_bandwidth_optimization": {},
    "minecraft:despawn": {
     "despawn_from_distance": {}
    },
    "minecraft:type_family": {
     "family": [
      "mob",
      "terror_nocturno_salvaje",
      "terror_nocturno"
     ]
    },
    "minecraft:behavior.summon_entity": {
     "priority": 0,
     "probability": 100,
     "summon_choices": [
      {
       "cast_duration": 2,
       "cooldown_time": 15,
       "sequence": [
        {
         "base_delay": 0,
         "delay_per_summon": 0,
         "entity_lifespan": 0,
         "entity_type": "vex",
         "num_entities_spawned": 0,
         "shape": "circle",
         "size": 10,
         "sound_event": "plop",
         "target": "self"
        }
       ],
       "start_sound_event": "plop",
       "weight": 1
      }
     ]
    },
    "minecraft:follow_range": {
     "value": 100
    },
    "minecraft:behavior.nearest_attackable_target": {
     "priority": 1,
     "entity_types": [
      {
       "filters": {
        "any_of": [
         {
          "subject": "other",
          "test": "is_family",
          "value": "goat"
         },
         {
          "subject": "other",
          "test": "is_family",
          "value": "llama"
         },
         {
          "subject": "other",
          "test": "is_family",
          "value": "donkey"
         },
         {
          "subject": "other",
          "test": "is_family",
          "value": "horse"
         },
         {
          "subject": "other",
          "test": "is_family",
          "value": "cow"
         },
         {
          "subject": "other",
          "test": "is_family",
          "value": "chicken"
         },
         {
          "subject": "other",
          "test": "is_family",
          "value": "pig"
         },
         {
          "subject": "other",
          "test": "is_family",
          "value": "sheep"
         },
         {
          "subject": "other",
          "test": "is_family",
          "value": "villager"
         },
         {
          "subject": "other",
          "test": "is_family",
          "value": "illager"
         },
         {
          "subject": "other",
          "test": "is_family",
          "value": "vindicator"
         },
         {
          "subject": "other",
          "test": "is_family",
          "value": "evocator"
         },
         {
          "subject": "other",
          "test": "is_family",
          "value": "player"
         }
        ]
       },
       "max_dist": 34
      }
     ],
     "must_see": true,
     "reselect_targets": true
    }
   },
   "salvaje_calmado": {
    "minecraft:behavior.hurt_by_target": {
     "alert_same_type": false,
     "priority": 1
    },
    "minecraft:conditional_bandwidth_optimization": {},
    "minecraft:despawn": {
     "despawn_from_distance": {}
    },
    "minecraft:type_family": {
     "family": [
      "terror_nocturno"
     ]
    },
    "minecraft:behavior.summon_entity": {
     "priority": 0,
     "probability": 100,
     "summon_choices": [
      {
       "cast_duration": 2,
       "cooldown_time": 15,
       "sequence": [
        {
         "base_delay": 0,
         "delay_per_summon": 0,
         "entity_lifespan": 0,
         "entity_type": "vex",
         "num_entities_spawned": 0,
         "shape": "circle",
         "size": 10,
         "sound_event": "plop",
         "target": "self"
        }
       ],
       "start_sound_event": "plop",
       "weight": 1
      }
     ]
    },
    "minecraft:follow_range": {
     "value": 100
    },
    "minecraft:behavior.tempt": {
     "priority": 5,
     "speed_multiplier": 0.5,
     "within_radius": 16,
     "can_get_scared": true,
     "items": [
      "fish",
      "salmon"
     ],
     "sound_interval": {
      "range_min": 2,
      "range_max": 5
     },
     "tempt_sound": "tempt"
    },
    "minecraft:behavior.avoid_mob_type": {
     "priority": 6,
     "entity_types": [
      {
       "filters": {
        "test": "is_family",
        "subject": "other",
        "value": "player"
       },
       "max_dist": 10,
       "walk_speed_multiplier": 2,
       "sprint_speed_multiplier": 2
      }
     ]
    },
    "minecraft:lookat": {
     "search_radius": 64,
     "set_target": true,
     "look_cooldown": 5,
     "filters": {
      "all_of": [
       {
        "subject": "other",
        "test": "is_family",
        "value": "player"
       },
       {
        "test": "has_equipment",
        "domain": "head",
        "subject": "other",
        "operator": "not",
        "value": "carved_pumpkin"
       }
      ]
     }
    }
   },
   "seguirme": {},
   "sentable": {
    "minecraft:shareables": {},
    "minecraft:sittable": {
     "sit_event": {
      "event": "spm:sentado",
      "target": "self"
     },
     "stand_event": {
      "event": "spm:levantado",
      "target": "self"
     }
    }
   },
   "sin_montura": {
    "minecraft:behavior.mount_pathing": {
     "priority": 5,
     "speed_multiplier": 1.25,
     "target_dist": 0,
     "track_target": true
    }
   },
   "var0": {
    "minecraft:variant": {
     "value": 0
    },
    "minecraft:behavior.find_mount": {
     "priority": 1,
     "within_radius": 16,
     "start_delay": 15,
     "max_failed_attempts": 20
    }
   },
   "var1": {
    "minecraft:variant": {
     "value": 1
    },
    "minecraft:rideable": {
     "seat_count": 4,
     "family_types": [
      "terror_nocturno_salvaje"
     ],
     "pull_in_entities": true,
     "seats": [
      {
       "position": [
        -3,
        0,
        -2
       ],
       "min_rider_count": 0,
       "max_rider_count": 0,
       "lock_rider_rotation": 0
      },
      {
       "position": [
        -3,
        0,
        2
       ],
       "min_rider_count": 1,
       "max_rider_count": 2,
       "lock_rider_rotation": 0
      },
      {
       "position": [
        -3,
        3,
        0
       ],
       "min_rider_count": 3,
       "max_rider_count": 4,
       "lock_rider_rotation": 0
      },
      {
       "position": [
        -3,
        -3,
        0
       ],
       "min_rider_count": 5,
       "max_rider_count": 6,
       "lock_rider_rotation": 0
      }
     ]
    }
   },
   "volar1": {
    "minecraft:behavior.random_hover": {
     "priority": 1,
     "xz_dist": 50,
     "y_dist": 20,
     "y_offset": -1,
     "interval": 5,
     "hover_height": [
      15,
      20
     ]
    },
    "minecraft:balloonable": {
     "mass": 0.5
    },
    "minecraft:behavior.float": {
     "priority": 19
    },
    "minecraft:flying_speed": {
     "value": 2
    },
    "minecraft:navigation.hover": {
     "can_path_over_water": true,
     "can_sink": false,
     "can_pass_doors": false,
     "can_path_from_air": true,
     "avoid_water": true,
     "avoid_damage_blocks": true,
     "avoid_sun": false
    },
    "minecraft:movement.hover": {},
    "minecraft:jump.static": {},
    "minecraft:can_fly": {},
    "minecraft:timer": {
     "time": [
      10,
      30
     ],
     "looping": true,
     "time_down_event": {
      "event": "spm:volar",
      "target": "self"
     }
    }
   },
   "volar3": {
    "minecraft:timer": {
     "time": [
      10,
      30
     ],
     "looping": true,
     "time_down_event": {
      "event": "spm:volar",
      "target": "self"
     }
    },
    "minecraft:jump.static": {},
    "minecraft:can_fly": {},
    "minecraft:navigation.fly": {
     "can_path_over_water": true
    },
    "minecraft:movement.fly": {
     "max_turn": 10
    },
    "minecraft:physics": {},
    "minecraft:behavior.float": {
     "priority": 0
    },
    "minecraft:behavior.random_fly": {
     "priority": 2,
     "xz_dist": 50,
     "y_dist": 10,
     "y_offset": 0,
     "speed_multiplier": 2,
     "can_land_on_trees": true,
     "avoid_damage_blocks": true
    },
    "minecraft:flying_speed": {
     "value": 3
    }
   },
   "volar_ataque": {
    "minecraft:navigation.float": {
     "can_path_over_water": true
    },
    "minecraft:movement.basic": {
     "max_turn": 10
    },
    "minecraft:jump.static": {},
    "minecraft:behavior.float": {
     "priority": 0
    },
    "minecraft:behavior.float_wander": {
     "xz_dist": 10,
     "y_dist": 7,
     "y_offset": 0,
     "random_reselect": true,
     "float_duration": [
      0.1,
      0.35
     ]
    },
    "minecraft:can_fly": {},
    "minecraft:physics": {},
    "minecraft:flying_speed": {
     "value": 3
    }
   }
  },
  "events": {
   "minecraft:ageable_grow_up": {
    "sequence": [
     {
      "filters": {
       "operator": "==",
       "test": "has_component",
       "value": "minecraft:is_tamed"
      },
      "randomize": [
       {
        "add": {
         "component_groups": [
          "interac",
          "seguirme",
          "agresivo",
          "domado",
          "sentable",
          "calmado_domado",
          "adult",
          "caminar_domado"
         ]
        },
        "remove": {
         "component_groups": [
          "calmado",
          "bebe_domable",
          "bebe",
          "bebe_domado",
          "caminar",
          "volar1",
          "volar2",
          "volar3"
         ]
        },
        "weight": 35
       }
      ]
     },
     {
      "filters": {
       "operator": "!=",
       "test": "has_component",
       "value": "minecraft:is_tamed"
      },
      "randomize": [
       {
        "add": {
         "component_groups": [
          "calmado",
          "salvaje",
          "adult",
          "caminar",
          "cambio_modo",
          "cambio_movimiento"
         ]
        },
        "remove": {
         "component_groups": [
          "bebe_domable",
          "bebe"
         ]
        },
        "weight": 35
       }
      ]
     }
    ]
   },
   "minecraft:entity_born": {
    "sequence": [
     {
      "randomize": [
       {
        "add": {
         "component_groups": [
          "bebe",
          "bebe_domable",
          "cambio_movimiento",
          "caminar"
         ]
        },
        "remove": {
         "component_groups": [
          "montable"
         ]
        },
        "weight": 5
       }
      ]
     },
     {
      "randomize": [
       {
        "add": {
         "component_groups": [
          "var0"
         ]
        },
        "weight": 50
       },
       {
        "add": {
         "component_groups": [
          "var1"
         ]
        },
        "weight": 30
       }
      ]
     }
    ]
   },
   "spm:proyectil": {
    "sequence": [
     {
      "add": {
       "component_groups": [
        "ataque_mont"
       ]
      },
      "filters": {
       "all_of": [
        {
         "operator": ">",
         "test": "rider_count",
         "value": 0
        }
       ]
      },
      "run_command": {
       "command": [
        "playanimation @e[type=pl:barbaridactylus,c=1] animation.barbaridactylus.delayed_attacking"
       ]
      }
     }
    ]
   },
   "spm:calmado": {
    "sequence": [
     {
      "randomize": [
       {
        "add": {
         "component_groups": [
          "calmado"
         ]
        },
        "remove": {
         "component_groups": [
          "enojado",
          "volar_ataque",
          "rango"
         ]
        },
        "weight": 50
       }
      ]
     },
     {
      "randomize": [
       {
        "weight": 23,
        "add": {
         "component_groups": [
          "volar1"
         ]
        },
        "remove": {
         "component_groups": [
          "volar2",
          "volar3",
          "caminar",
          "volar_ataque"
         ]
        }
       },
       {
        "weight": 30,
        "add": {
         "component_groups": [
          "volar3"
         ]
        },
        "remove": {
         "component_groups": [
          "volar2",
          "volar1",
          "caminar",
          "volar_ataque"
         ]
        }
       },
       {
        "weight": 10,
        "add": {
         "component_groups": [
          "caminar",
          "cambio_modo",
          "modo_golpe"
         ]
        },
        "remove": {
         "component_groups": [
          "volar1",
          "volar2",
          "volar3",
          "volar_ataque"
         ]
        }
       }
      ]
     }
    ]
   },
   "spm:calmado_domado": {
    "add": {
     "component_groups": [
      "calmado_domado"
     ]
    },
    "remove": {
     "component_groups": [
      "enojado_domado"
     ]
    }
   },
   "spm:caminar": {
    "add": {
     "component_groups": [
      "caminar"
     ]
    },
    "remove": {
     "component_groups": [
      "volar1",
      "volar2",
      "volar3",
      "volar_ataque"
     ]
    }
   },
   "spm:diambular": {
    "remove": {
     "component_groups": [
      "seguirme"
     ]
    }
   },
   "spm:domado": {
    "sequence": [
     {
      "filters": {
       "operator": "!=",
       "test": "has_component",
       "value": "minecraft:is_baby"
      },
      "randomize": [
       {
        "add": {
         "component_groups": [
          "calmado_domado",
          "interac",
          "seguirme",
          "agresivo",
          "domado",
          "sentable",
          "adult",
          "caminar_domado"
         ]
        },
        "remove": {
         "component_groups": [
          "adulto_domado",
          "bebe_domado",
          "bebe",
          "bebe_domable",
          "caminar",
          "volar1",
          "volar2",
          "volar3",
          "salvaje",
          "salvaje_domado"
         ]
        }
       }
      ]
     },
     {
      "filters": {
       "operator": "==",
       "test": "has_component",
       "value": "minecraft:is_baby"
      },
      "randomize": [
       {
        "add": {
         "component_groups": [
          "interac",
          "seguirme",
          "bebe_domado",
          "caminar_domado"
         ]
        },
        "remove": {
         "component_groups": [
          "bebe_salvaje",
          "bebe_domable",
          "caminar",
          "volar1",
          "volar2",
          "volar3"
         ]
        }
       }
      ]
     }
    ]
   },
   "spm:enojado": {
    "add": {
     "component_groups": [
      "enojado",
      "volar_ataque",
      "rango"
     ]
    },
    "remove": {
     "component_groups": [
      "calmado"
     ]
    }
   },
   "spm:enojado_domado": {
    "sequence": [
     {
      "add": {
       "component_groups": [
        "enojado_domado"
       ]
      },
      "filters": {
       "all_of": [
        {
         "operator": "==",
         "test": "rider_count",
         "value": 0
        }
       ]
      },
      "remove": {
       "component_groups": [
        "calmado_domado"
       ]
      }
     },
     {
      "add": {
       "component_groups": [
        "calmado_domado"
       ]
      },
      "filters": {
       "all_of": [
        {
         "operator": ">",
         "test": "rider_count",
         "value": 1
        }
       ]
      },
      "remove": {
       "component_groups": [
        "enojado_domado"
       ]
      }
     }
    ]
   },
   "spm:levantado": {
    "add": {
     "component_groups": [
      "montable"
     ]
    },
    "remove": {
     "component_groups": [
      "caminar"
     ]
    }
   },
   "spm:liberar": {
    "sequence": [
     {
      "filters": {
       "operator": "!=",
       "test": "has_component",
       "value": "minecraft:is_baby"
      },
      "randomize": [
       {
        "add": {
         "component_groups": [
          "reclamar"
         ]
        },
        "remove": {
         "component_groups": [
          "domado",
          "seguirme",
          "interac",
          "agresivo",
          "montable",
          "sentable"
         ]
        }
       }
      ]
     },
     {
      "filters": {
       "operator": "==",
       "test": "has_component",
       "value": "minecraft:is_baby"
      },
      "randomize": [
       {
        "add": {
         "component_groups": [
          "bebe_salvaje",
          "reclamar"
         ]
        },
        "remove": {
         "component_groups": [
          "bebe_domado"
         ]
        }
       }
      ]
     }
    ]
   },
   "spm:modo_agresivo": {
    "add": {
     "component_groups": [
      "agresivo"
     ]
    }
   },
   "spm:modo_pasivo": {
    "remove": {
     "component_groups": [
      "agresivo"
     ]
    }
   },
   "spm:montura": {
    "add": {
     "component_groups": [
      "caminar",
      "montura",
      "on_cofre"
     ]
    },
    "remove": {
     "component_groups": [
      "sin_montura",
      "volar_domado"
     ]
    }
   },
   "spm:normal": {
    "add": {
     "component_groups": [
      "interac",
      "pasivo",
      "seguir"
     ]
    },
    "remove": {
     "component_groups": [
      "cz",
      "ce",
      "cc",
      "ca",
      "ci"
     ]
    }
   },
   "spm:reclamado": {
    "sequence": [
     {
      "filters": {
       "operator": "!=",
       "test": "has_component",
       "value": "minecraft:is_baby"
      },
      "randomize": [
       {
        "add": {
         "component_groups": [
          "interac",
          "seguirme",
          "agresivo",
          "domado",
          "sentable"
         ]
        },
        "remove": {
         "component_groups": [
          "salvaje",
          "spasivo"
         ]
        }
       }
      ]
     },
     {
      "filters": {
       "operator": "==",
       "test": "has_component",
       "value": "minecraft:is_baby"
      },
      "randomize": [
       {
        "add": {
         "component_groups": [
          "interac",
          "seguirme",
          "bebe_domado"
         ]
        },
        "remove": {
         "component_groups": [
          "sagresivo",
          "bebe_salvaje"
         ]
        }
       }
      ]
     }
    ]
   },
   "spm:seguirme": {
    "add": {
     "component_groups": [
      "seguirme"
     ]
    }
   },
   "spm:sentado": {
    "add": {
     "component_groups": [
      "caminar"
     ]
    },
    "remove": {
     "component_groups": [
      "montable"
     ]
    }
   },
   "spm:sin_montura": {
    "add": {
     "component_groups": [
      "volar_domado",
      "sin_montura"
     ]
    },
    "remove": {
     "component_groups": [
      "caminar",
      "montura",
      "on_cofre"
     ]
    }
   },
   "spm:velocidad_caminando": {
    "add": {
     "component_groups": [
      "calmado_domado"
     ]
    },
    "remove": {
     "component_groups": [
      "velocidad_volando"
     ]
    }
   },
   "spm:velocidad_volando": {
    "add": {
     "component_groups": [
      "velocidad_volando"
     ]
    },
    "remove": {
     "component_groups": [
      "calmado_domado"
     ]
    }
   },
   "spm:volar_ataque": {
    "randomize": [
     {
      "weight": 23,
      "add": {
       "component_groups": [
        "volar_ataque",
        "cambio_modo",
        "rango"
       ]
      },
      "remove": {
       "component_groups": [
        "volar1",
        "volar2",
        "volar3",
        "caminar"
       ]
      }
     }
    ]
   },
   "spm:volar": {
    "randomize": [
     {
      "weight": 23,
      "add": {
       "component_groups": [
        "volar1"
       ]
      },
      "remove": {
       "component_groups": [
        "volar2",
        "volar3",
        "caminar",
        "volar_ataque"
       ]
      }
     },
     {
      "weight": 30,
      "add": {
       "component_groups": [
        "volar3"
       ]
      },
      "remove": {
       "component_groups": [
        "volar2",
        "volar1",
        "caminar",
        "volar_ataque"
       ]
      }
     },
     {
      "weight": 10,
      "add": {
       "component_groups": [
        "caminar",
        "cambio_modo",
        "modo_golpe"
       ]
      },
      "remove": {
       "component_groups": [
        "volar1",
        "volar2",
        "volar3",
        "volar_ataque"
       ]
      }
     }
    ]
   },
   "spm:cambio_golpe": {
    "sequence": [
     {
      "add": {
       "component_groups": [
        "golpe"
       ]
      },
      "remove": {
       "component_groups": [
        "rango"
       ]
      }
     }
    ]
   },
   "spm:cambio_rango": {
    "sequence": [
     {
      "add": {
       "component_groups": [
        "rango"
       ]
      },
      "remove": {
       "component_groups": [
        "golpe"
       ]
      }
     }
    ]
   }
  }
 }
}