{
	"format_version": "1.12.0",
	"minecraft:geometry": [
		{
			"description": {
				"identifier": "geometry.biooff",
				"texture_width": 128,
				"texture_height": 128,
				"visible_bounds_width": 2,
				"visible_bounds_height": 2.5,
				"visible_bounds_offset": [0, 0.75, 0]
			},
			"bones": [
				{
					"name": "bone",
					"pivot": [0, 0, 0],
					"cubes": [
						{"origin": [-8, 0, -8], "size": [16, 12, 16], "uv": [0, 0]},
						{"origin": [-4, 12, -4], "size": [8, 4, 8], "uv": [45, 48]},
						{"origin": [-8, 12, -8], "size": [16, 4, 16], "uv": [0, 28]}
					]
				}
			]
		}
	]
}