{
	"format_version": "1.12.0",
	"minecraft:geometry": [
		{
			"description": {
				"identifier": "geometry.chopper",
				"texture_width": 128,
				"texture_height": 128,
				"visible_bounds_width": 2,
				"visible_bounds_height": 2.5,
				"visible_bounds_offset": [0, 0.75, 0]
			},
			"bones": [
				{
					"name": "bone",
					"pivot": [0, 0, 0],
					"cubes": [
						{"origin": [-8, 15, -8], "size": [16, 1, 16], "uv": [0, 45]},
						{"origin": [-8, 0, -8], "size": [16, 1, 16], "uv": [0, 28]},
						{"origin": [-7, 14, -7], "size": [14, 1, 14], "uv": [48, 28]},
						{"origin": [-7, 1, -7], "size": [14, 1, 14], "uv": [48, 0]},
						{"origin": [-8, 2, -8], "size": [16, 12, 16], "uv": [0, 0]}
					]
				}
			]
		}
	]
}