{
	"format_version": "1.12.0",
	"minecraft:geometry": [
		{
			"description": {
				"identifier": "geometry.solar_generator",
				"texture_width": 128,
				"texture_height": 128,
				"visible_bounds_width": 2,
				"visible_bounds_height": 1.5,
				"visible_bounds_offset": [0, 0.25, 0]
			},
			"bones": [
				{
					"name": "bone",
					"pivot": [0, 0, 0],
					"cubes": [
						{"origin": [-7, 2, -7], "size": [14, 4, 14], "uv": [0, 18]},
						{"origin": [-8, 6, -8], "size": [16, 2, 16], "uv": [0, 0]},
						{"origin": [-7, 0, -7], "size": [14, 1, 14], "uv": [0, 36]},
						{"origin": [-6, 1, -6], "size": [12, 1, 12], "uv": [42, 18]}
					]
				}
			]
		}
	]
}