{
 "minecraft:entity": {
  "version": 0.1,
  "component_groups": {
   "minecraft:exploding": {
    "minecraft:explode": {
     "fuseLength": 0,
        "fuseLit": true,
        "power": 1
    }
   }
  },
  "components": {
   "minecraft:identifier": {
    "id": "minecraft:arrow"
   },
   "minecraft:collision_box": {
    "width": 0.15,
    "height": 0.15
   },
   "minecraft:projectile": {
    
    "onHit": {
        "impact_damage": {
            "damage": 20,
            "knockback": true
          },
"definition_event": {
      "affectProjectile": false,
      "eventTrigger": {
            "event": "minecraft:explode",
            "target": "self"
      }
     }
    },

    "power": 20,
    "gravity": 0.001,
    "uncertaintyBase": 0.1,
    "uncertaintyMultiplier": 0.1,
    "anchor": 1,
    "offset": [ 0, 1, 0 ]
   }

  },
  "events": {
   "minecraft:explode": {
    "add": {
     "component_groups": [
      "minecraft:exploding"
     ]
    }
   }
  }
 }
}
