{
  "format_version": "1.16.100",
  "minecraft:item": {
    "description": {
      "identifier": "serp:mega_ring_y",
      "category": "Equipment"
    },
    "components": {
      "minecraft:display_name":{
        "value":"item.serp:mega_ring_y.name"
         },
      "minecraft:creative_category": {
        "parent": "itemGroup.name.equipment"
      },
      "minecraft:allow_off_hand": true,
      "minecraft:hand_equipped": true,
      "minecraft:stacked_by_data": true,
      "minecraft:max_stack_size": 1,
      "minecraft:icon": {
        "texture": "mega_ring_y"
      },
  "minecraft:render_offsets": {
        "main_hand": {
"first_person":{"scale": [0.01,0.01,0.01]},
"third_person":{"scale": [0.02,0.02,0.02]}},
        "off_hand": {
"first_person":{"scale":[0.01,0.01,0.01]},
"third_person":{"scale":[0.02,0.02,0.02]}}
      }
    }
  }
}