{
  "format_version": "1.13.0",
  "minecraft:entity": {
    "description": {
      "identifier": "azka:biru",
      "is_spawnable": false,
      "is_summonable": true,
      "is_experimental": false
    },
    "component_groups": {
    },
    "components": {
      "minecraft:type_family": {
        "family": [
          "motor"
        ]
      },
      "minecraft:scale": {
        "value": 0.5
      },
      "minecraft:knockback_resistance": {
        "value": 1
      },
      "minecraft:collision_box": {
        "width": 0.8,
        "height": 1.0
      },
      "minecraft:health": {
        "value": {
          "range_min": 10,
          "range_max": 10
        }
      },
      "minecraft:movement": {
        "value": {
          "range_min": 0.15,
          "range_max": 0.15
        }
      },
      "minecraft:nameable": {},
      "minecraft:rideable": {
        "seat_count": 2,
        "family_types": [
          "player"
        ],
        "interact_text": "Naik",
        "seats": [
          {
            "position": [
              0,
              1.6,
              -0.6
            ]
          },
          {
            "position": [
              0,
              1.6,
              -1.9
            ]
          }
        ]
      },
      "minecraft:movement.basic": {},
      "minecraft:input_ground_controlled": {},
      "minecraft:physics": {}
    },
    "events": {
    }
  }
}