{
  "format_version": "1.8.0",
  "minecraft:client_entity": {
    "description": {
      "identifier": "ho:door_hori",
      "materials": {
	    "default": "translucence"
	  },
      "textures": {
        "default": "textures/entity/door/door_hori"
      },
      "geometry": {
        "default": "geometry.door_hori"
      },
      "spawn_egg": {
        "base_color": "#848d94",
        "overlay_color": "#393a3b"
      },
      "render_controllers": [ "controller.render.translucence" ]
    }
  }
}