{
	"pools": [
		{
			"rolls": {
				"min": 8,
				"max": 12
			},
			"entries": [
				{
					"type": "item",
					"name": "minecraft:record_11",
					"weight": 10
				},
				{
					"type": "item",
					"name": "minecraft:record_ward",
					"weight": 10
				},
				{
					"type": "item",
					"name": "minecraft:name_tag",
					"weight": 5
				},
				{
					"type": "item",
					"name": "minecraft:book",
					"weight": 5,
					"functions": [
						{
							"function": "enchant_randomly"
						}
					]
				},
				{
					"type": "item",
					"name": "minecraft:diamond",
					"functions": [
						{
							"function": "set_count",
							"count": {
								"min": 1,
								"max": 3
							}
						}
					],
					"weight": 5
				},
				{
					"type": "item",
					"name": "minecraft:iron_ingot",
					"functions": [
						{
							"function": "set_count",
							"count": {
								"min": 1,
								"max": 5
							}
						}
					],
					"weight": 10
				},
				{
					"type": "item",
					"name": "minecraft:gold_ingot",
					"functions": [
						{
							"function": "set_count",
							"count": {
								"min": 1,
								"max": 3
							}
						}
					],
					"weight": 15
				},
				{
					"type": "item",
					"name": "minecraft:golden_sword",
					"weight": 5,
					"functions": [
						{
							"function": "enchant_randomly"
						}
					]
				},
				{
					"type": "item",
					"name": "minecraft:golden_chestplate",
					"weight": 5,
					"functions": [
						{
							"function": "enchant_with_levels",
							"treasure": true,
							"levels": {
								"min": 30,
								"max": 40
							}
						}
					]
				},
				{
					"type": "item",
					"name": "minecraft:flint_and_steel",
					"weight": 5
				},
				{
					"type": "item",
					"name": "minecraft:nether_wart",
					"functions": [
						{
							"function": "set_count",
							"count": {
								"min": 3,
								"max": 7
							}
						}
					],
					"weight": 5
				},
				{
					"type": "item",
					"name": "minecraft:saddle",
					"weight": 10
				},
				{
					"type": "item",
					"name": "minecraft:horsearmorgold",
					"weight": 8
				},
				{
					"type": "item",
					"name": "minecraft:horsearmoriron",
					"weight": 5
				},
				{
					"type": "item",
					"name": "minecraft:horsearmordiamond",
					"weight": 3
				},
				{
					"type": "item",
					"name": "minecraft:obsidian",
					"functions": [
						{
							"function": "set_count",
							"count": {
								"min": 2,
								"max": 4
							}
						}
					],
					"weight": 2
				}
			]
		}
	]
}