{
	"pools": [
		{
			"rolls": {
				"min": 2,
				"max": 6
			},
			"entries": [
				{
					"type": "item",
					"name": "minecraft:saddle",
					"weight": 20
				},
				{
					"type": "item",
					"name": "minecraft:golden_apple",
					"weight": 20
				},
				{
					"type": "item",
					"name": "minecraft:appleEnchanted",
					"weight": 15
				},
				{
					"type": "item",
					"name": "minecraft:record_13",
					"weight": 15
				},
				{
					"type": "item",
					"name": "minecraft:record_cat",
					"weight": 15
				},
				{
					"type": "item",
					"name": "minecraft:name_tag",
					"weight": 20
				},
				{
					"type": "item",
					"name": "minecraft:horsearmorgold",
					"weight": 10
				},
				{
					"type": "item",
					"name": "minecraft:horsearmoriron",
					"weight": 15
				},
				{
					"type": "item",
					"name": "minecraft:horsearmordiamond",
					"weight": 5
				},
				{
					"type": "item",
					"name": "minecraft:book",
					"weight": 20,
					"functions": [
						{
							"function": "enchant_randomly"
						}
					]
				}
			]
		},
		{
			"rolls": {
				"min": 2,
				"max": 4
			},
			"entries": [
				{
					"type": "item",
					"name": "minecraft:iron_ingot",
					"weight": 10,
					"functions": [
						{
							"function": "set_count",
							"count": {
								"min": 1,
								"max": 4
							}
						}
					]
				},
				{
					"type": "item",
					"name": "minecraft:gold_ingot",
					"weight": 5,
					"functions": [
						{
							"function": "set_count",
							"count": {
								"min": 1,
								"max": 4
							}
						}
					]
				},
				{
					"type": "item",
					"name": "minecraft:bread",
					"weight": 20
				},
				{
					"type": "item",
					"name": "minecraft:wheat",
					"weight": 20,
					"functions": [
						{
							"function": "set_count",
							"count": {
								"min": 1,
								"max": 4
							}
						}
					]
				},
				{
					"type": "item",
					"name": "minecraft:bucket",
					"weight": 10
				},
				{
					"type": "item",
					"name": "minecraft:redstone",
					"weight": 15,
					"functions": [
						{
							"function": "set_count",
							"count": {
								"min": 1,
								"max": 4
							}
						}
					]
				},
				{
					"type": "item",
					"name": "minecraft:coal",
					"weight": 15,
					"functions": [
						{
							"function": "set_count",
							"count": {
								"min": 1,
								"max": 4
							}
						}
					]
				},
				{
					"type": "item",
					"name": "minecraft:melon_seeds",
					"functions": [
						{
							"function": "set_count",
							"count": {
								"min": 2,
								"max": 4
							}
						}
					],
					"weight": 10
				},
				{
					"type": "item",
					"name": "minecraft:pumpkin_seeds",
					"functions": [
						{
							"function": "set_count",
							"count": {
								"min": 2,
								"max": 4
							}
						}
					],
					"weight": 10
				},
				{
					"type": "item",
					"name": "minecraft:beetroot_seeds",
					"functions": [
						{
							"function": "set_count",
							"count": {
								"min": 2,
								"max": 4
							}
						}
					],
					"weight": 10
				}
			]
		},
		{
			"rolls": 3,
			"entries": [
				{
					"type": "item",
					"name": "minecraft:bone",
					"weight": 10,
					"functions": [
						{
							"function": "set_count",
							"count": {
								"min": 1,
								"max": 8
							}
						}
					]
				},
				{
					"type": "item",
					"name": "minecraft:gunpowder",
					"weight": 10,
					"functions": [
						{
							"function": "set_count",
							"count": {
								"min": 1,
								"max": 8
							}
						}
					]
				},
				{
					"type": "item",
					"name": "minecraft:rotten_flesh",
					"weight": 10,
					"functions": [
						{
							"function": "set_count",
							"count": {
								"min": 1,
								"max": 8
							}
						}
					]
				},
				{
					"type": "item",
					"name": "minecraft:string",
					"weight": 10,
					"functions": [
						{
							"function": "set_count",
							"count": {
								"min": 1,
								"max": 8
							}
						}
					]
				}
			]
		}
	]
}