{
  "minecraft:recipe_shaped" : {
    "result" : {
      "count" : 1,
      "data" : 0,
      "item" : "cc:arcee_armour"
    },
    "tags" : [
      "crafting_table"
    ],
    "key" : {
      "A" : {
        "data" : 19,
        "item" : "minecraft:dye"
      },
      "D" : {
        "data" : 0,
        "item" : "minecraft:iron_chestplate"
      },
      "B" : {
        "data" : 0,
        "item" : "minecraft:iron_ingot"
      },
      "C" : {
        "data" : 9,
        "item" : "minecraft:dye"
      }
    },
    "pattern" : [
      "ABA",
      "CDC",
      " C "
    ],
    "description" : {
      "identifier" : "cc:arcee_armour_4CAEB029-37AF-4172-97D9-E66F144EA98E"
    }
  },
  "format_version" : "1.10"
}