{
  "minecraft:recipe_shaped" : {
    "result" : {
      "count" : 1,
      "data" : 0,
      "item" : "cc:cliffjumper_car_mode"
    },
    "tags" : [
      "crafting_table"
    ],
    "key" : {
      "A" : {
        "data" : 0,
        "item" : "minecraft:redstone"
      },
      "B" : {
        "data" : 0,
        "item" : "minecraft:minecart"
      },
      "C" : {
        "data" : 0,
        "item" : "minecraft:iron_ingot"
      }
    },
    "pattern" : [
      "A A",
      " B ",
      " C "
    ],
    "description" : {
      "identifier" : "cc:cliffjumper_car_mode_54DCFADB-6582-4517-85E3-50EB01AEEECB"
    }
  },
  "format_version" : "1.10"
}