{
  "minecraft:recipe_shaped" : {
    "result" : {
      "count" : 1,
      "data" : 0,
      "item" : "cc:jetfire_jet"
    },
    "tags" : [
      "crafting_table"
    ],
    "key" : {
      "A" : {
        "data" : 1,
        "item" : "minecraft:dye"
      },
      "F" : {
        "data" : 0,
        "item" : "minecraft:redstone_block"
      },
      "D" : {
        "data" : 0,
        "item" : "minecraft:minecart"
      },
      "B" : {
        "data" : 0,
        "item" : "minecraft:lapis_block"
      },
      "E" : {
        "data" : 8,
        "item" : "minecraft:dye"
      },
      "C" : {
        "data" : 0,
        "item" : "minecraft:iron_block"
      }
    },
    "pattern" : [
      "ABA",
      "CDC",
      "EFE"
    ],
    "description" : {
      "identifier" : "cc:jetfire_jet_3842E20C-BBE2-4854-BC66-5BCB0711DC49"
    }
  },
  "format_version" : "1.10"
}