{
  "minecraft:recipe_shaped" : {
    "result" : {
      "count" : 1,
      "data" : 0,
      "item" : "cc:jazz_armour"
    },
    "tags" : [
      "crafting_table"
    ],
    "key" : {
      "A" : {
        "data" : 19,
        "item" : "minecraft:dye"
      },
      "D" : {
        "data" : 0,
        "item" : "minecraft:iron_helmet"
      },
      "B" : {
        "data" : 16,
        "item" : "minecraft:dye"
      },
      "E" : {
        "data" : 0,
        "item" : "minecraft:noteblock"
      },
      "C" : {
        "data" : 0,
        "item" : "minecraft:iron_ingot"
      }
    },
    "pattern" : [
      "ABA",
      "CDC",
      "BEB"
    ],
    "description" : {
      "identifier" : "cc:jazz_armour_74FA6949-3E80-44FA-B649-210C8FD8A354"
    }
  },
  "format_version" : "1.10"
}