{
  "minecraft:recipe_shaped" : {
    "result" : {
      "count" : 1,
      "data" : 0,
      "item" : "cc:optimus_gun"
    },
    "tags" : [
      "crafting_table"
    ],
    "key" : {
      "A" : {
        "data" : 0,
        "item" : "minecraft:iron_block"
      },
      "B" : {
        "data" : 0,
        "item" : "minecraft:obsidian"
      },
      "C" : {
        "data" : 11,
        "item" : "minecraft:stained_glass"
      }
    },
    "pattern" : [
      "AB ",
      "BCB",
      " B "
    ],
    "description" : {
      "identifier" : "cc:optimus_gun_5C5DA1FE-C0EA-4A07-9CAC-448DBCF4B495"
    }
  },
  "format_version" : "1.10"
}