{
  "minecraft:recipe_shaped" : {
    "result" : {
      "count" : 1,
      "data" : 0,
      "item" : "cc:prowl_car"
    },
    "tags" : [
      "crafting_table"
    ],
    "key" : {
      "A" : {
        "data" : 1,
        "item" : "minecraft:dye"
      },
      "F" : {
        "data" : 3,
        "item" : "minecraft:stained_glass_pane"
      },
      "D" : {
        "data" : 0,
        "item" : "minecraft:minecart"
      },
      "B" : {
        "data" : 19,
        "item" : "minecraft:dye"
      },
      "E" : {
        "data" : 0,
        "item" : "minecraft:iron_ingot"
      },
      "C" : {
        "data" : 16,
        "item" : "minecraft:dye"
      }
    },
    "pattern" : [
      "ABA",
      "CDC",
      "EFE"
    ],
    "description" : {
      "identifier" : "cc:prowl_car_961BB0E9-2CE6-4021-8B0E-55451931DBCF"
    }
  },
  "format_version" : "1.10"
}