{
  "minecraft:recipe_shaped" : {
    "result" : {
      "count" : 1,
      "data" : 0,
      "item" : "cc:ratchet_van"
    },
    "tags" : [
      "crafting_table"
    ],
    "key" : {
      "A" : {
        "data" : 0,
        "item" : "minecraft:redstone"
      },
      "D" : {
        "data" : 0,
        "item" : "minecraft:minecart"
      },
      "B" : {
        "data" : 0,
        "item" : "minecraft:iron_ingot"
      },
      "C" : {
        "data" : 19,
        "item" : "minecraft:dye"
      }
    },
    "pattern" : [
      "ABA",
      "CDC",
      "ABA"
    ],
    "description" : {
      "identifier" : "cc:ratchet_van_543F6AEB-CBBC-4A90-A7E5-B56FED756313"
    }
  },
  "format_version" : "1.10"
}