{
  "minecraft:recipe_shaped" : {
    "result" : {
      "count" : 1,
      "data" : 0,
      "item" : "cc:reflector_camera"
    },
    "tags" : [
      "crafting_table"
    ],
    "key" : {
      "A" : {
        "data" : 0,
        "item" : "minecraft:iron_ingot"
      },
      "D" : {
        "data" : 0,
        "item" : "minecraft:glass_pane"
      },
      "B" : {
        "data" : 5,
        "item" : "minecraft:dye"
      },
      "C" : {
        "data" : 0,
        "item" : "minecraft:redstone"
      }
    },
    "pattern" : [
      "ABC",
      "BDB",
      " B "
    ],
    "description" : {
      "identifier" : "cc:reflector_camera_6AB4325A-C5CF-48AD-850E-23FCBC1AF6EE"
    }
  },
  "format_version" : "1.10"
}