{
  "minecraft:recipe_shaped" : {
    "result" : {
      "count" : 1,
      "data" : 0,
      "item" : "cc:seeker_armour"
    },
    "tags" : [
      "crafting_table"
    ],
    "key" : {
      "A" : {
        "data" : 7,
        "item" : "minecraft:dye"
      },
      "D" : {
        "data" : 0,
        "item" : "minecraft:iron_chestplate"
      },
      "B" : {
        "data" : 16,
        "item" : "minecraft:dye"
      },
      "E" : {
        "data" : 5,
        "item" : "minecraft:dye"
      },
      "C" : {
        "data" : 18,
        "item" : "minecraft:dye"
      }
    },
    "pattern" : [
      "ABA",
      "CDE",
      "BAB"
    ],
    "description" : {
      "identifier" : "cc:seeker_armour_CECE6206-A43F-4EE4-B07B-751F82BE97B5"
    }
  },
  "format_version" : "1.10"
}