{
  "minecraft:recipe_shaped" : {
    "result" : {
      "count" : 1,
      "data" : 0,
      "item" : "cc:soundwave_armour"
    },
    "tags" : [
      "crafting_table"
    ],
    "key" : {
      "A" : {
        "data" : 4,
        "item" : "minecraft:dye"
      },
      "D" : {
        "data" : 0,
        "item" : "minecraft:iron_chestplate"
      },
      "B" : {
        "data" : 0,
        "item" : "minecraft:lapis_block"
      },
      "E" : {
        "data" : 0,
        "item" : "minecraft:chest"
      },
      "C" : {
        "data" : 0,
        "item" : "minecraft:iron_ingot"
      }
    },
    "pattern" : [
      "ABA",
      "CDC",
      " E "
    ],
    "description" : {
      "identifier" : "cc:soundwave_armour_911B250A-C108-4919-8A99-79C90C11367B"
    }
  },
  "format_version" : "1.10"
}