{
  "minecraft:recipe_shaped" : {
    "result" : {
      "count" : 1,
      "data" : 0,
      "item" : "cc:skywarp_null_rays"
    },
    "tags" : [
      "crafting_table"
    ],
    "key" : {
      "A" : {
        "data" : 5,
        "item" : "minecraft:dye"
      },
      "B" : {
        "data" : 0,
        "item" : "cc:starscream_null_rays"
      }
    },
    "pattern" : [
      "   ",
      "ABA",
      "   "
    ],
    "description" : {
      "identifier" : "cc:skywarp_null_rays_0D586E09-6657-4F0F-AB28-3FC18CEB05A0"
    }
  },
  "format_version" : "1.10"
}