{
  "minecraft:recipe_shaped" : {
    "result" : {
      "count" : 1,
      "data" : 0,
      "item" : "cc:sunstreaker_armour"
    },
    "tags" : [
      "crafting_table"
    ],
    "key" : {
      "A" : {
        "data" : 0,
        "item" : "minecraft:iron_ingot"
      },
      "D" : {
        "data" : 0,
        "item" : "cc:sideswipe_armour"
      },
      "B" : {
        "data" : 16,
        "item" : "minecraft:dye"
      },
      "E" : {
        "data" : 0,
        "item" : "minecraft:gold_ingot"
      },
      "C" : {
        "data" : 11,
        "item" : "minecraft:dye"
      }
    },
    "pattern" : [
      "ABA",
      "CDC",
      "ECE"
    ],
    "description" : {
      "identifier" : "cc:sunstreaker_armour_14A0985D-BCE3-4F08-8D45-773E1813D9DC"
    }
  },
  "format_version" : "1.10"
}