{
  "minecraft:recipe_shaped" : {
    "result" : {
      "count" : 1,
      "data" : 0,
      "item" : "cc:skywarp_jet"
    },
    "tags" : [
      "crafting_table"
    ],
    "key" : {
      "A" : {
        "data" : 7,
        "item" : "minecraft:dye"
      },
      "D" : {
        "data" : 0,
        "item" : "minecraft:minecart"
      },
      "B" : {
        "data" : 16,
        "item" : "minecraft:dye"
      },
      "C" : {
        "data" : 5,
        "item" : "minecraft:dye"
      }
    },
    "pattern" : [
      "ABA",
      "CDC",
      "BAB"
    ],
    "description" : {
      "identifier" : "cc:skywarp_jet_71C931E0-9887-4722-9E44-57BAC8829853"
    }
  },
  "format_version" : "1.10"
}