{
  "minecraft:recipe_shaped" : {
    "result" : {
      "count" : 1,
      "data" : 0,
      "item" : "cc:wheeljack_rocket"
    },
    "tags" : [
      "crafting_table"
    ],
    "key" : {
      "A" : {
        "data" : 0,
        "item" : "minecraft:iron_block"
      },
      "B" : {
        "data" : 0,
        "item" : "cc:energon_block"
      }
    },
    "pattern" : [
      "AA ",
      "ABA",
      " AB"
    ],
    "description" : {
      "identifier" : "cc:wheeljack_rocket_B9883746-1AB1-4E04-9FC0-C788FC7AC7A9"
    }
  },
  "format_version" : "1.10"
}