{
  "minecraft:recipe_shaped" : {
    "result" : {
      "count" : 1,
      "data" : 0,
      "item" : "cc:wheeljack_armour"
    },
    "tags" : [
      "crafting_table"
    ],
    "key" : {
      "A" : {
        "data" : 0,
        "item" : "minecraft:iron_ingot"
      },
      "F" : {
        "data" : 1,
        "item" : "minecraft:dye"
      },
      "D" : {
        "data" : 0,
        "item" : "minecraft:iron_chestplate"
      },
      "B" : {
        "data" : 7,
        "item" : "minecraft:dye"
      },
      "E" : {
        "data" : 19,
        "item" : "minecraft:dye"
      },
      "C" : {
        "data" : 2,
        "item" : "minecraft:dye"
      }
    },
    "pattern" : [
      "ABA",
      "CDC",
      "EFE"
    ],
    "description" : {
      "identifier" : "cc:wheeljack_armour_A9616785-5DE1-49CC-8CF4-CAFBDEB24F0D"
    }
  },
  "format_version" : "1.10"
}