{
	"file_path": "C:\\Users\\Freddy\\AppData\\Local\\Packages\\Microsoft.MinecraftUWP_8wekyb3d8bbwe\\LocalState\\games\\com.mojang\\development_behavior_packs\\Spry Conquest Overhaul\\feature_rules\\terrain\\andesite_rule.json",
	"file_type": "feature_rule",
	"format_version": 1,
	"file_uuid": "c421bf40_b980_4219_a058_428581478d2f",
	"file_version": 26,
	"cache_content": {
		"children": [
			{
				"data": "1.13.0",
				"key": "format_version"
			},
			{
				"open": {
					"format_version": "1.13.0",
					"minecraft:feature_rules": {
						"description": {
							"identifier": "sc:andesite_rule",
							"places_feature": "sc:andesite_scatter"
						},
						"conditions": {
							"placement_pass": "underground_pass",
							"minecraft:biome_filter": [
								{
									"any_of": [
										{
											"test": "has_biome_tag",
											"operator": "==",
											"value": "overworld"
										}
									]
								}
							]
						},
						"distribution": {
							"iterations": 50,
							"coordinate_eval_order": "zyx",
							"x": {
								"distribution": "uniform",
								"extent": [
									-8,
									8
								]
							},
							"y": {
								"distribution": "uniform",
								"extent": [
									0,
									200
								]
							},
							"z": {
								"distribution": "uniform",
								"extent": [
									-8,
									8
								]
							}
						}
					}
				},
				"key": "minecraft:feature_rules",
				"children": [
					{
						"key": "description",
						"is_minified": true,
						"children": {
							"identifier": "sc:andesite_rule",
							"places_feature": "sc:andesite_scatter"
						}
					},
					{
						"key": "conditions",
						"is_minified": true,
						"children": {
							"placement_pass": "underground_pass",
							"minecraft:biome_filter": [
								{
									"any_of": [
										{
											"test": "has_biome_tag",
											"operator": "==",
											"value": "overworld"
										}
									]
								}
							]
						}
					},
					{
						"open": {
							"description": {
								"identifier": "sc:andesite_rule",
								"places_feature": "sc:andesite_scatter"
							},
							"conditions": {
								"placement_pass": "underground_pass",
								"minecraft:biome_filter": [
									{
										"any_of": [
											{
												"test": "has_biome_tag",
												"operator": "==",
												"value": "overworld"
											}
										]
									}
								]
							},
							"distribution": {
								"iterations": 50,
								"coordinate_eval_order": "zyx",
								"x": {
									"distribution": "uniform",
									"extent": [
										-8,
										8
									]
								},
								"y": {
									"distribution": "uniform",
									"extent": [
										0,
										200
									]
								},
								"z": {
									"distribution": "uniform",
									"extent": [
										-8,
										8
									]
								}
							}
						},
						"key": "distribution",
						"is_minified": true,
						"children": {
							"iterations": 50,
							"coordinate_eval_order": "zyx",
							"x": {
								"distribution": "uniform",
								"extent": [
									-8,
									8
								]
							},
							"y": {
								"distribution": "uniform",
								"extent": [
									0,
									200
								]
							},
							"z": {
								"distribution": "uniform",
								"extent": [
									-8,
									8
								]
							}
						}
					}
				]
			}
		]
	}
}