{
	"file_path": "C:\\Users\\Freddy\\AppData\\Local\\Packages\\Microsoft.MinecraftUWP_8wekyb3d8bbwe\\LocalState\\games\\com.mojang\\development_behavior_packs\\Spry Conquest Overhaul\\feature_rules\\terrain\\grass_path_rule.json",
	"file_type": "feature_rule",
	"format_version": 1,
	"file_uuid": "8b49d355_59be_4094_852e_92654f38e4fe",
	"file_version": 24,
	"cache_content": {
		"children": [
			{
				"data": "1.13.0",
				"key": "format_version"
			},
			{
				"open": {
					"format_version": "1.13.0",
					"minecraft:feature_rules": {
						"description": {
							"identifier": "sc:grass_path_rule",
							"places_feature": "sc:grass_path_scatter"
						},
						"conditions": {
							"placement_pass": "underground_pass",
							"minecraft:biome_filter": [
								{
									"any_of": [
										{
											"test": "has_biome_tag",
											"operator": "==",
											"value": "plains"
										}
									]
								}
							]
						},
						"distribution": {
							"iterations": 45,
							"coordinate_eval_order": "zyx",
							"x": {
								"distribution": "uniform",
								"extent": [
									-8,
									8
								]
							},
							"y": {
								"distribution": "uniform",
								"extent": [
									0,
									100
								]
							},
							"z": {
								"distribution": "uniform",
								"extent": [
									-8,
									8
								]
							},
							"scatter_chance": 85
						}
					}
				},
				"key": "minecraft:feature_rules",
				"children": [
					{
						"open": {
							"description": {
								"identifier": "sc:grass_path_rule",
								"places_feature": "sc:grass_path_scatter"
							},
							"conditions": {
								"placement_pass": "underground_pass",
								"minecraft:biome_filter": [
									{
										"any_of": [
											{
												"test": "has_biome_tag",
												"operator": "==",
												"value": "plains"
											}
										]
									}
								]
							},
							"distribution": {
								"iterations": 45,
								"coordinate_eval_order": "zyx",
								"x": {
									"distribution": "uniform",
									"extent": [
										-8,
										8
									]
								},
								"y": {
									"distribution": "uniform",
									"extent": [
										0,
										100
									]
								},
								"z": {
									"distribution": "uniform",
									"extent": [
										-8,
										8
									]
								},
								"scatter_chance": 85
							}
						},
						"key": "description",
						"is_minified": true,
						"children": {
							"identifier": "sc:grass_path_rule",
							"places_feature": "sc:grass_path_scatter"
						}
					},
					{
						"open": {
							"description": {
								"identifier": "sc:grass_path_rule",
								"places_feature": "sc:grass_path_scatter"
							},
							"conditions": {
								"placement_pass": "underground_pass",
								"minecraft:biome_filter": [
									{
										"any_of": [
											{
												"test": "has_biome_tag",
												"operator": "==",
												"value": "plains"
											}
										]
									}
								]
							},
							"distribution": {
								"iterations": 45,
								"coordinate_eval_order": "zyx",
								"x": {
									"distribution": "uniform",
									"extent": [
										-8,
										8
									]
								},
								"y": {
									"distribution": "uniform",
									"extent": [
										0,
										100
									]
								},
								"z": {
									"distribution": "uniform",
									"extent": [
										-8,
										8
									]
								},
								"scatter_chance": 85
							}
						},
						"key": "conditions",
						"children": [
							{
								"data": "underground_pass",
								"key": "placement_pass"
							},
							{
								"open": {
									"placement_pass": "underground_pass",
									"minecraft:biome_filter": [
										{
											"any_of": [
												{
													"test": "has_biome_tag",
													"operator": "==",
													"value": "plains"
												}
											]
										}
									]
								},
								"key": "minecraft:biome_filter",
								"children": [
									{
										"open": [
											{
												"any_of": [
													{
														"test": "has_biome_tag",
														"operator": "==",
														"value": "plains"
													}
												]
											}
										],
										"children": [
											{
												"open": {
													"any_of": [
														{
															"test": "has_biome_tag",
															"operator": "==",
															"value": "plains"
														}
													]
												},
												"key": "any_of",
												"children": [
													{
														"open": [
															{
																"test": "has_biome_tag",
																"operator": "==",
																"value": "plains"
															}
														],
														"is_minified": true,
														"children": {
															"test": "has_biome_tag",
															"operator": "==",
															"value": "plains"
														}
													}
												]
											}
										]
									}
								]
							}
						]
					},
					{
						"open": {
							"description": {
								"identifier": "sc:grass_path_rule",
								"places_feature": "sc:grass_path_scatter"
							},
							"conditions": {
								"placement_pass": "underground_pass",
								"minecraft:biome_filter": [
									{
										"any_of": [
											{
												"test": "has_biome_tag",
												"operator": "==",
												"value": "plains"
											}
										]
									}
								]
							},
							"distribution": {
								"iterations": 45,
								"coordinate_eval_order": "zyx",
								"x": {
									"distribution": "uniform",
									"extent": [
										-8,
										8
									]
								},
								"y": {
									"distribution": "uniform",
									"extent": [
										0,
										100
									]
								},
								"z": {
									"distribution": "uniform",
									"extent": [
										-8,
										8
									]
								},
								"scatter_chance": 85
							}
						},
						"key": "distribution",
						"is_minified": true,
						"children": {
							"iterations": 45,
							"coordinate_eval_order": "zyx",
							"x": {
								"distribution": "uniform",
								"extent": [
									-8,
									8
								]
							},
							"y": {
								"distribution": "uniform",
								"extent": [
									0,
									100
								]
							},
							"z": {
								"distribution": "uniform",
								"extent": [
									-8,
									8
								]
							},
							"scatter_chance": 85
						}
					}
				]
			}
		]
	}
}