{
	"file_path": "C:\\Users\\Owner\\AppData\\Local\\Packages\\Microsoft.MinecraftUWP_8wekyb3d8bbwe\\LocalState\\games\\com.mojang\\development_behavior_packs\\Raiyon's More Swords\\entities\\tnt.json",
	"file_type": "entity",
	"format_version": 1,
	"file_uuid": "2e356dc6_3a64_41fa_a02e_7345fdff4c7d",
	"file_version": 0,
	"cache_content": {
		"children": [
			{
				"data": "1.12.0",
				"key": "format_version"
			},
			{
				"open": {
					"format_version": "1.12.0",
					"minecraft:entity": {
						"description": {
							"identifier": "minecraft:tnt",
							"is_spawnable": false,
							"is_summonable": true,
							"is_experimental": false
						},
						"component_groups": {
							"from_explosion": {
								"minecraft:explode": {
									"fuse_length": {
										"range_min": 0.5,
										"range_max": 2
									},
									"fuse_lit": true,
									"power": 4,
									"causes_fire": false
								}
							}
						},
						"components": {
							"minecraft:type_family": {
								"family": [
									"tnt",
									"inanimate"
								]
							},
							"minecraft:collision_box": {
								"width": 0.98,
								"height": 0.98
							},
							"minecraft:explode": {
								"fuse_length": 4,
								"fuse_lit": true,
								"power": 4,
								"causes_fire": false
							},
							"minecraft:physics": {},
							"minecraft:pushable": {
								"is_pushable": false,
								"is_pushable_by_piston": true
							},
							"minecraft:conditional_bandwidth_optimization": {},
							"minecraft:projectile": {
								"on_hit": {
									"impact_damage": {
										"damage": [
											1,
											4
										],
										"knockback": true,
										"semi_random_diff_damage": false,
										"destroy_on_hit": true
									},
									"stick_in_ground": {
										"shake_time": 0.35
									},
									"arrow_effect": {}
								},
								"power": 1.6,
								"gravity": 0.05,
								"uncertainty_base": 16,
								"uncertainty_multiplier": 4,
								"anchor": 1,
								"should_bounce": true,
								"offset": [
									0,
									-0.1,
									0
								]
							}
						},
						"events": {
							"from_explosion": {
								"add": {
									"component_groups": [
										"from_explosion"
									]
								}
							}
						}
					}
				},
				"key": "minecraft:entity",
				"children": [
					{
						"key": "description",
						"is_minified": true,
						"children": {
							"identifier": "minecraft:tnt",
							"is_spawnable": false,
							"is_summonable": true,
							"is_experimental": false
						}
					},
					{
						"key": "component_groups",
						"is_minified": true,
						"children": {
							"from_explosion": {
								"minecraft:explode": {
									"fuse_length": {
										"range_min": 0.5,
										"range_max": 2
									},
									"fuse_lit": true,
									"power": 4,
									"causes_fire": false
								}
							}
						}
					},
					{
						"open": {
							"description": {
								"identifier": "minecraft:tnt",
								"is_spawnable": false,
								"is_summonable": true,
								"is_experimental": false
							},
							"component_groups": {
								"from_explosion": {
									"minecraft:explode": {
										"fuse_length": {
											"range_min": 0.5,
											"range_max": 2
										},
										"fuse_lit": true,
										"power": 4,
										"causes_fire": false
									}
								}
							},
							"components": {
								"minecraft:type_family": {
									"family": [
										"tnt",
										"inanimate"
									]
								},
								"minecraft:collision_box": {
									"width": 0.98,
									"height": 0.98
								},
								"minecraft:explode": {
									"fuse_length": 4,
									"fuse_lit": true,
									"power": 4,
									"causes_fire": false
								},
								"minecraft:physics": {},
								"minecraft:pushable": {
									"is_pushable": false,
									"is_pushable_by_piston": true
								},
								"minecraft:conditional_bandwidth_optimization": {},
								"minecraft:projectile": {
									"on_hit": {
										"impact_damage": {
											"damage": [
												1,
												4
											],
											"knockback": true,
											"semi_random_diff_damage": false,
											"destroy_on_hit": true
										},
										"stick_in_ground": {
											"shake_time": 0.35
										},
										"arrow_effect": {}
									},
									"power": 1.6,
									"gravity": 0.05,
									"uncertainty_base": 16,
									"uncertainty_multiplier": 4,
									"anchor": 1,
									"should_bounce": true,
									"offset": [
										0,
										-0.1,
										0
									]
								}
							},
							"events": {
								"from_explosion": {
									"add": {
										"component_groups": [
											"from_explosion"
										]
									}
								}
							}
						},
						"key": "components",
						"children": [
							{
								"key": "minecraft:type_family",
								"is_minified": true,
								"children": {
									"family": [
										"tnt",
										"inanimate"
									]
								}
							},
							{
								"key": "minecraft:collision_box",
								"is_minified": true,
								"children": {
									"width": 0.98,
									"height": 0.98
								}
							},
							{
								"key": "minecraft:explode",
								"is_minified": true,
								"children": {
									"fuse_length": 4,
									"fuse_lit": true,
									"power": 4,
									"causes_fire": false
								}
							},
							{
								"key": "minecraft:physics",
								"is_minified": true,
								"children": {}
							},
							{
								"key": "minecraft:pushable",
								"is_minified": true,
								"children": {
									"is_pushable": false,
									"is_pushable_by_piston": true
								}
							},
							{
								"key": "minecraft:conditional_bandwidth_optimization",
								"is_minified": true,
								"children": {}
							},
							{
								"open": {
									"minecraft:type_family": {
										"family": [
											"tnt",
											"inanimate"
										]
									},
									"minecraft:collision_box": {
										"width": 0.98,
										"height": 0.98
									},
									"minecraft:explode": {
										"fuse_length": 4,
										"fuse_lit": true,
										"power": 4,
										"causes_fire": false
									},
									"minecraft:physics": {},
									"minecraft:pushable": {
										"is_pushable": false,
										"is_pushable_by_piston": true
									},
									"minecraft:conditional_bandwidth_optimization": {},
									"minecraft:projectile": {
										"on_hit": {
											"impact_damage": {
												"damage": [
													1,
													4
												],
												"knockback": true,
												"semi_random_diff_damage": false,
												"destroy_on_hit": true
											},
											"stick_in_ground": {
												"shake_time": 0.35
											},
											"arrow_effect": {}
										},
										"power": 1.6,
										"gravity": 0.05,
										"uncertainty_base": 16,
										"uncertainty_multiplier": 4,
										"anchor": 1,
										"should_bounce": true,
										"offset": [
											0,
											-0.1,
											0
										]
									}
								},
								"key": "minecraft:projectile",
								"is_minified": true,
								"children": {
									"on_hit": {
										"impact_damage": {
											"damage": [
												1,
												4
											],
											"knockback": true,
											"semi_random_diff_damage": false,
											"destroy_on_hit": true
										},
										"stick_in_ground": {
											"shake_time": 0.35
										},
										"arrow_effect": {}
									},
									"power": 1.6,
									"gravity": 0.05,
									"uncertainty_base": 16,
									"uncertainty_multiplier": 4,
									"anchor": 1,
									"should_bounce": true,
									"offset": [
										0,
										-0.1,
										0
									]
								}
							}
						]
					},
					{
						"key": "events",
						"is_minified": true,
						"children": {
							"from_explosion": {
								"add": {
									"component_groups": [
										"from_explosion"
									]
								}
							}
						}
					}
				]
			}
		]
	}
}