{
	"file_path": "C:\\Users\\Owner\\AppData\\Local\\Packages\\Microsoft.MinecraftUWP_8wekyb3d8bbwe\\LocalState\\games\\com.mojang\\development_behavior_packs\\Raiyon's More Swords\\entities\\tnt_sword_2.json",
	"file_type": "entity",
	"format_version": 1,
	"file_uuid": "7a6f4139_349d_40e7_bce4_a6049b822a5c",
	"file_version": 5,
	"cache_content": {
		"children": [
			{
				"data": "1.17.0",
				"key": "format_version"
			},
			{
				"open": {
					"format_version": "1.17.0",
					"minecraft:entity": {
						"description": {
							"identifier": "ray:tnt_sword_2",
							"runtime_identifier": {},
							"is_summonable": true,
							"is_spawnable": true
						},
						"component_groups": {
							"cluster": {
								"minecraft:instant_despawn": {}
							}
						},
						"components": {
							"minecraft:damage_sensor": {
								"triggers": [
									{
										"cause": "all",
										"deals_damage": false
									}
								]
							},
							"minecraft:behavior.knockback_roar": {
								"priority": 1,
								"attack_time": 0.1,
								"cooldown_time": 0.1,
								"duration": 1,
								"knockback_damage": 10,
								"knockback_strength": 1,
								"knockback_range": 6,
								"knockback_filters": {
									"any_of": [
										{
											"test": "is_family",
											"operator": "!=",
											"subject": "other",
											"value": "player"
										}
									]
								},
								"damage_filters": {
									"any_of": [
										{
											"test": "is_family",
											"operator": "!=",
											"subject": "other",
											"value": "player"
										}
									]
								},
								"on_roar_end": {
									"event": "cluster",
									"target": "self"
								}
							}
						},
						"events": {
							"cluster": {
								"add": {
									"component_groups": [
										"cluster"
									]
								}
							}
						}
					}
				},
				"key": "minecraft:entity",
				"children": [
					{
						"open": {
							"description": {
								"identifier": "ray:tnt_sword_2",
								"runtime_identifier": {},
								"is_summonable": true,
								"is_spawnable": true
							},
							"component_groups": {
								"cluster": {
									"minecraft:instant_despawn": {}
								}
							},
							"components": {
								"minecraft:damage_sensor": {
									"triggers": [
										{
											"cause": "all",
											"deals_damage": false
										}
									]
								},
								"minecraft:behavior.knockback_roar": {
									"priority": 1,
									"attack_time": 0.1,
									"cooldown_time": 0.1,
									"duration": 1,
									"knockback_damage": 10,
									"knockback_strength": 1,
									"knockback_range": 6,
									"knockback_filters": {
										"any_of": [
											{
												"test": "is_family",
												"operator": "!=",
												"subject": "other",
												"value": "player"
											}
										]
									},
									"damage_filters": {
										"any_of": [
											{
												"test": "is_family",
												"operator": "!=",
												"subject": "other",
												"value": "player"
											}
										]
									},
									"on_roar_end": {
										"event": "cluster",
										"target": "self"
									}
								}
							},
							"events": {
								"cluster": {
									"add": {
										"component_groups": [
											"cluster"
										]
									}
								}
							}
						},
						"key": "description",
						"is_minified": true,
						"children": {
							"identifier": "ray:tnt_sword_2",
							"runtime_identifier": {},
							"is_summonable": true,
							"is_spawnable": true
						}
					},
					{
						"open": {
							"description": {
								"identifier": "ray:tnt_sword_2",
								"runtime_identifier": {},
								"is_summonable": true,
								"is_spawnable": true
							},
							"component_groups": {
								"cluster": {
									"minecraft:instant_despawn": {}
								}
							},
							"components": {
								"minecraft:damage_sensor": {
									"triggers": [
										{
											"cause": "all",
											"deals_damage": false
										}
									]
								},
								"minecraft:behavior.knockback_roar": {
									"priority": 1,
									"attack_time": 0.1,
									"cooldown_time": 0.1,
									"duration": 1,
									"knockback_damage": 10,
									"knockback_strength": 1,
									"knockback_range": 6,
									"knockback_filters": {
										"any_of": [
											{
												"test": "is_family",
												"operator": "!=",
												"subject": "other",
												"value": "player"
											}
										]
									},
									"damage_filters": {
										"any_of": [
											{
												"test": "is_family",
												"operator": "!=",
												"subject": "other",
												"value": "player"
											}
										]
									},
									"on_roar_end": {
										"event": "cluster",
										"target": "self"
									}
								}
							},
							"events": {
								"cluster": {
									"add": {
										"component_groups": [
											"cluster"
										]
									}
								}
							}
						},
						"key": "component_groups",
						"children": [
							{
								"open": {
									"cluster": {
										"minecraft:instant_despawn": {}
									}
								},
								"key": "cluster",
								"is_minified": true,
								"children": {
									"minecraft:instant_despawn": {}
								}
							}
						]
					},
					{
						"open": {
							"description": {
								"identifier": "ray:tnt_sword_2",
								"runtime_identifier": {},
								"is_summonable": true,
								"is_spawnable": true
							},
							"component_groups": {
								"cluster": {
									"minecraft:instant_despawn": {}
								}
							},
							"components": {
								"minecraft:damage_sensor": {
									"triggers": [
										{
											"cause": "all",
											"deals_damage": false
										}
									]
								},
								"minecraft:behavior.knockback_roar": {
									"priority": 1,
									"attack_time": 0.1,
									"cooldown_time": 0.1,
									"duration": 1,
									"knockback_damage": 10,
									"knockback_strength": 1,
									"knockback_range": 6,
									"knockback_filters": {
										"any_of": [
											{
												"test": "is_family",
												"operator": "!=",
												"subject": "other",
												"value": "player"
											}
										]
									},
									"damage_filters": {
										"any_of": [
											{
												"test": "is_family",
												"operator": "!=",
												"subject": "other",
												"value": "player"
											}
										]
									},
									"on_roar_end": {
										"event": "cluster",
										"target": "self"
									}
								}
							},
							"events": {
								"cluster": {
									"add": {
										"component_groups": [
											"cluster"
										]
									}
								}
							}
						},
						"key": "components",
						"children": [
							{
								"open": {
									"minecraft:damage_sensor": {
										"triggers": [
											{
												"cause": "all",
												"deals_damage": false
											}
										]
									},
									"minecraft:behavior.knockback_roar": {
										"priority": 1,
										"attack_time": 0.1,
										"cooldown_time": 0.1,
										"duration": 1,
										"knockback_damage": 10,
										"knockback_strength": 1,
										"knockback_range": 6,
										"knockback_filters": {
											"any_of": [
												{
													"test": "is_family",
													"operator": "!=",
													"subject": "other",
													"value": "player"
												}
											]
										},
										"damage_filters": {
											"any_of": [
												{
													"test": "is_family",
													"operator": "!=",
													"subject": "other",
													"value": "player"
												}
											]
										},
										"on_roar_end": {
											"event": "cluster",
											"target": "self"
										}
									}
								},
								"key": "minecraft:damage_sensor",
								"is_minified": true,
								"children": {
									"triggers": [
										{
											"cause": "all",
											"deals_damage": false
										}
									]
								}
							},
							{
								"open": {
									"minecraft:damage_sensor": {
										"triggers": [
											{
												"cause": "all",
												"deals_damage": false
											}
										]
									},
									"minecraft:behavior.knockback_roar": {
										"priority": 1,
										"attack_time": 0.1,
										"cooldown_time": 0.1,
										"duration": 1,
										"knockback_damage": 10,
										"knockback_strength": 1,
										"knockback_range": 6,
										"knockback_filters": {
											"any_of": [
												{
													"test": "is_family",
													"operator": "!=",
													"subject": "other",
													"value": "player"
												}
											]
										},
										"damage_filters": {
											"any_of": [
												{
													"test": "is_family",
													"operator": "!=",
													"subject": "other",
													"value": "player"
												}
											]
										},
										"on_roar_end": {
											"event": "cluster",
											"target": "self"
										}
									}
								},
								"key": "minecraft:behavior.knockback_roar",
								"is_minified": true,
								"children": {
									"priority": 1,
									"attack_time": 0.1,
									"cooldown_time": 0.1,
									"duration": 1,
									"knockback_damage": 10,
									"knockback_strength": 1,
									"knockback_range": 6,
									"knockback_filters": {
										"any_of": [
											{
												"test": "is_family",
												"operator": "!=",
												"subject": "other",
												"value": "player"
											}
										]
									},
									"damage_filters": {
										"any_of": [
											{
												"test": "is_family",
												"operator": "!=",
												"subject": "other",
												"value": "player"
											}
										]
									},
									"on_roar_end": {
										"event": "cluster",
										"target": "self"
									}
								}
							}
						]
					},
					{
						"open": {
							"description": {
								"identifier": "ray:tnt_sword_2",
								"runtime_identifier": {},
								"is_summonable": true,
								"is_spawnable": true
							},
							"component_groups": {
								"cluster": {
									"minecraft:instant_despawn": {}
								}
							},
							"components": {
								"minecraft:damage_sensor": {
									"triggers": [
										{
											"cause": "all",
											"deals_damage": false
										}
									]
								},
								"minecraft:behavior.knockback_roar": {
									"priority": 1,
									"attack_time": 0.1,
									"cooldown_time": 0.1,
									"duration": 1,
									"knockback_damage": 10,
									"knockback_strength": 1,
									"knockback_range": 6,
									"knockback_filters": {
										"any_of": [
											{
												"test": "is_family",
												"operator": "!=",
												"subject": "other",
												"value": "player"
											}
										]
									},
									"damage_filters": {
										"any_of": [
											{
												"test": "is_family",
												"operator": "!=",
												"subject": "other",
												"value": "player"
											}
										]
									},
									"on_roar_end": {
										"event": "cluster",
										"target": "self"
									}
								}
							},
							"events": {
								"cluster": {
									"add": {
										"component_groups": [
											"cluster"
										]
									}
								}
							}
						},
						"key": "events",
						"children": [
							{
								"open": {
									"cluster": {
										"add": {
											"component_groups": [
												"cluster"
											]
										}
									}
								},
								"key": "cluster",
								"children": [
									{
										"open": {
											"add": {
												"component_groups": [
													"cluster"
												]
											}
										},
										"key": "add",
										"children": [
											{
												"open": {
													"component_groups": [
														"cluster"
													]
												},
												"key": "component_groups",
												"is_minified": true,
												"children": [
													"cluster"
												]
											}
										]
									}
								]
							}
						]
					}
				]
			}
		]
	}
}