{
	"file_path": "C:\\Users\\Owner\\AppData\\Local\\Packages\\Microsoft.MinecraftUWP_8wekyb3d8bbwe\\LocalState\\games\\com.mojang\\development_behavior_packs\\Raiyon's More Swords\\entities\\xp_orb.json",
	"file_type": "entity",
	"format_version": 1,
	"file_uuid": "b1d48463_8f12_4aa5_8512_4784d34c0622",
	"file_version": 0,
	"cache_content": {
		"children": [
			{
				"data": "1.16.0",
				"key": "format_version"
			},
			{
				"open": {
					"format_version": "1.16.0",
					"minecraft:entity": {
						"description": {
							"identifier": "minecraft:xp_orb",
							"is_spawnable": false,
							"is_summonable": true,
							"is_experimental": false
						},
						"components": {
							"minecraft:collision_box": {
								"width": 0.25,
								"height": 0.25
							},
							"minecraft:health": {
								"value": 5,
								"max": 5
							},
							"minecraft:buoyant": {
								"apply_gravity": false,
								"liquid_blocks": [
									"minecraft:flowing_water",
									"minecraft:water"
								]
							},
							"minecraft:physics": {},
							"minecraft:pushable": {
								"is_pushable": true,
								"is_pushable_by_piston": true
							},
							"minecraft:conditional_bandwidth_optimization": {
								"default_values": {
									"max_optimized_distance": 80,
									"max_dropped_ticks": 10,
									"use_motion_prediction_hints": true
								}
							}
						}
					}
				},
				"key": "minecraft:entity",
				"children": [
					{
						"open": {
							"description": {
								"identifier": "minecraft:xp_orb",
								"is_spawnable": false,
								"is_summonable": true,
								"is_experimental": false
							},
							"components": {
								"minecraft:collision_box": {
									"width": 0.25,
									"height": 0.25
								},
								"minecraft:health": {
									"value": 5,
									"max": 5
								},
								"minecraft:buoyant": {
									"apply_gravity": false,
									"liquid_blocks": [
										"minecraft:flowing_water",
										"minecraft:water"
									]
								},
								"minecraft:physics": {},
								"minecraft:pushable": {
									"is_pushable": true,
									"is_pushable_by_piston": true
								},
								"minecraft:conditional_bandwidth_optimization": {
									"default_values": {
										"max_optimized_distance": 80,
										"max_dropped_ticks": 10,
										"use_motion_prediction_hints": true
									}
								}
							}
						},
						"key": "description",
						"is_minified": true,
						"children": {
							"identifier": "minecraft:xp_orb",
							"is_spawnable": false,
							"is_summonable": true,
							"is_experimental": false
						}
					},
					{
						"key": "components",
						"is_minified": true,
						"children": {
							"minecraft:collision_box": {
								"width": 0.25,
								"height": 0.25
							},
							"minecraft:health": {
								"value": 5,
								"max": 5
							},
							"minecraft:buoyant": {
								"apply_gravity": false,
								"liquid_blocks": [
									"minecraft:flowing_water",
									"minecraft:water"
								]
							},
							"minecraft:physics": {},
							"minecraft:pushable": {
								"is_pushable": true,
								"is_pushable_by_piston": true
							},
							"minecraft:conditional_bandwidth_optimization": {
								"default_values": {
									"max_optimized_distance": 80,
									"max_dropped_ticks": 10,
									"use_motion_prediction_hints": true
								}
							}
						}
					}
				]
			}
		]
	}
}