{
	"format_version": "1.16.100",
	"minecraft:item": {
		"description": {
			"identifier": "dragonmounts:forest_dragon_shovel",
			"category": "equipment"
		},
		"components": {
			"minecraft:max_stack_size": 1,
			"minecraft:damage": 6,
			"minecraft:allow_off_hand": false,
			"minecraft:hand_equipped": true,
			"minecraft:can_destroy_in_creative": true,
			"minecraft:render_offsets": "tools",
			"tag:minecraft:is_shovel": {},
			"minecraft:icon": {
				"texture": "forest_dragon_shovel"
			},
			"minecraft:durability": {
				"max_durability": 2380
			},
			"minecraft:creative_category": {
				"parent": "itemGroup.name.shovel"
			},
			"minecraft:display_name": {
				"value": "item.dragonmounts:forest_dragon_shovel.name"
			},
			"minecraft:enchantable": {
				"value": 32,
				"slot": "shovel"
			},
			"minecraft:weapon": {
				"on_hurt_entity": {
					"event": "attack",
					"target": "self"
				}
			},
			"minecraft:repairable": {
				"repair_items": [
					{
						"items": [
							"dragonmounts:forest_dragonscales"
						],
						"repair_amount": "query.max_durability * 0.25"
					},
					{
						"items": [
							"dragonmounts:forest_dragon_shovel"
						],
						"repair_amount": "context.other->query.remaining_durability + query.max_durability * 0.05"
					}
				]
			},
			"minecraft:digger": {
				"use_efficiency": true,
				"destroy_speeds": [
					{
						"block": {
							"tags": "q.any_tag('dirt', 'sand', 'gravel', 'grass', 'snow')"
						},
						"speed": 15,
						"on_dig": {
							"event": "dig"
						}
					},
					{
						"block": "minecraft:clay",
						"speed": 15,
						"on_dig": {
							"event": "dig"
						}
					},
					{
						"block": "minecraft:farmland",
						"speed": 15,
						"on_dig": {
							"event": "dig"
						}
					},					{
						"block": "minecraft:mud",
						"speed": 15,
						"on_dig": {
							"event": "dig"
						}
					},
					{
						"block": "minecraft:grass",
						"speed": 15,
						"on_dig": {
							"event": "dig"
						}
					},
					{
						"block": "minecraft:grass_path",
						"speed": 15,
						"on_dig": {
							"event": "dig"
						}
					},
					{
						"block": "minecraft:gravel",
						"speed": 15,
						"on_dig": {
							"event": "dig"
						}
					},
					{
						"block": "minecraft:mycelium",
						"speed": 15,
						"on_dig": {
							"event": "dig"
						}
					},
					{
						"block": "minecraft:podzol",
						"speed": 15,
						"on_dig": {
							"event": "dig"
						}
					},
					{
						"block": "minecraft:dirt",
						"speed": 15,
						"on_dig": {
							"event": "dig"
						}
					},
					{
						"block": "minecraft:sand",
						"speed": 15,
						"on_dig": {
							"event": "dig"
						}
					},
					{
						"block": "minecraft:soul_sand",
						"speed": 15,
						"on_dig": {
							"event": "dig"
						}
					},
					{
						"block": "minecraft:soul_soil",
						"speed": 15,
						"on_dig": {
							"event": "dig"
						}
					},
					{
						"block": "minecraft:concrete_powder",
						"speed": 15,
						"on_dig": {
							"event": "dig"
						}
					},
					{
						"block": "minecraft:snow",
						"speed": 15,
						"on_dig": {
							"event": "dig"
						}
					},
					{
						"block": "minecraft:snow_layer",
						"speed": 15,
						"on_dig": {
							"event": "dig"
						}
					}

				],
				"on_dig": {
					"event": "dig"
				}
			}
		},
		"events": {
			"attack": {
				"damage": {
					"type": "none",
					"amount": 1,
					"target": "self"
				}
			},
			"dig": {
				"damage": {
					"type": "none",
					"amount": 1,
					"target": "self"
				}
			},
			"on_tool_used": {
				"damage": {
					"type": "none",
					"amount": 1,
					"target": "self"
				}
			}
		}
	}
}