{
  "format_version": "1.16.100",
  "minecraft:item": {
    "description": {
      "identifier": "serp:berry_seeds",
      "category": "Nature"
    },
    "components": {
      "minecraft:display_name":{
        "value":"item.serp:berry_seeds.name"
         },
	  "minecraft:creative_category": {
		"parent": "itemGroup.name.seed"
			},
      "minecraft:max_stack_size": 64,
      "minecraft:block_placer":{
    "block" : "serp:berry_sapling",
    "use_on" : ["grass","dirt"]
      },
	  "minecraft:icon": {
		"texture": "berry_seeds"
	  }
    }
  }
}
