{
	"format_version" : "1.10.0",
	"animation_controllers" : {
		"controller.animation.pan.move" : {
			"initial_state" : "default",
			"states" : {
				"default" : {
					"animations" : [
         				"look_at_target",
						{
							"walk" : "query.modified_move_speed"
						}
					],
					"transitions" : [
						{
							"sit" : "query.is_sitting"
						}
					],
					"blend_transition": 0.1
				},
				"sit" : {
					"animations" : [ "sit" ],
					"transitions" : [
						{
							"default" : "!query.is_sitting"
						}
					],
					"blend_transition": 0.2
				}
			}
		}
	}
}