{
 "tiers": [
  {
   "trades": [
    {
     "wants": [
      {
       "item": "pl:allosino_tarbo_adn",
       "quantity": 1
      },
      {
       "item": "minecraft:egg",
       "quantity": 1
      }
     ],
     "gives": [
      {
       "type": "item",
       "name": "minecraft:spawn_egg",
       "functions": [
        {
         "function": "set_actor_id",
         "id": "pl:thoradolosaurio_huevo"
        }
       ]
      }
     ]
    },
    {
     "wants": [
      {
       "item": "pl:anquilo_ptera_adn",
       "quantity": 1
      },
      {
       "item": "minecraft:egg",
       "quantity": 1
      }
     ],
     "gives": [
      {
       "type": "item",
       "name": "minecraft:spawn_egg",
       "functions": [
        {
         "function": "set_actor_id",
         "id": "pl:anquiloranodon_huevo"
        }
       ]
      }
     ]
    },
    {
     "wants": [
      {
       "item": "pl:allo_sino_adn",
       "quantity": 1
      },
      {
       "item": "minecraft:egg",
       "quantity": 1
      }
     ],
     "gives": [
      {
       "type": "item",
       "name": "minecraft:spawn_egg",
       "functions": [
        {
         "function": "set_actor_id",
         "id": "pl:allosinosaurio_huevo"
        }
       ]
      }
     ]
    }
   ]
  }
 ]
}