{
	"format_version": "1.16.100",
	"minecraft:block": {
		"description": {
			"identifier": "furnicraft:regalos_rojo",
			"properties": {
				"furnicraft:active": [
					false,
					true
				],
				"furnicraft:rotation": [
					2,
					3,
					4,
					5
				]
			}
		},
		"components": {
			"minecraft:destroy_time": 0.3,
			"minecraft:friction": 0.7,
			"minecraft:map_color": "#FFFFFF",
			"minecraft:explosion_resistance": 1,
			"minecraft:flammable": {
				"flame_odds": 1,
				"burn_odds": 1
			},
			"minecraft:block_light_absorption": 0,
			"minecraft:block_light_emission": 0,
			"minecraft:on_player_destroyed": {
				"event": "remove:block",
				"target": "self"
			},
			"minecraft:material_instances": {
				"*": {
					"texture": "auto_rojo",
					"render_method": "opaque"
				}
			},
			"minecraft:on_step_on": {
				"event": "step:on",
				"target": "self"
			},
			"minecraft:on_step_off": {
				"event": "step:off",
				"target": "self"
			},
			"minecraft:on_placed": {
				"event": "size:block",
				"target": "self"
			},
			"minecraft:random_ticking": {
				"on_tick": {
					"event": "random:tick",
					"target": "self"
				}
			},
			"minecraft:on_fall_on": {
				"event": "fall:on",
				"target": "self"
			},
			"minecraft:ticking": {
				"looping": true,
				"range": [
					10,
					10
				],
				"on_tick": {
					"event": "on_tick",
					"target": "self"
				}
			},
			"minecraft:on_interact": {
				"event": "furnicraft:closed"
			},
			"minecraft:geometry": "geometry.regalos",
			"minecraft:on_player_placing": {
				"event": "furnicraft:rotation"
			},
			"minecraft:entity_collision": {
				"origin": [
					-8,
					0,
					-8
				],
				"size": [
					16,
					12,
					16
				]
			},
			"minecraft:pick_collision": {
				"origin": [
					-8,
					0,
					-8
				],
				"size": [
					16,
					12,
					16
				]
			},
			"minecraft:on_player_destroyed": {
				"event": "remove",
				"target": "self"
			},
            "minecraft:loot": "loot_tables/empty.son",
			"minecraft:creative_category": {
				"category": "items",
				"group": "itemGroup.name.furnicraft_regalos"
			}
		},
		"events": {
			"size:block": {},
			"step:on": {},
			"step:off": {},
			"on_tick": {},
			"random:tick": {},
			"fall:on": {},
			"furnicraft:closed": {
				"set_block_property": {
					"furnicraft:active": true
				},
				"run_command": {
					"command": [
						"summon furnicraft:randomgift ~ ~1 ~"
					]
				}
			},
			"furnicraft:open": {
				"set_block_property": {
					"furnicraft:active": false
				}
			},
			"remove": {
				"run_command": {
					"command": [
						"summon furnicraft:basura_chest",
						"kill @e[type=furnicraft:basura_chest,r=1]"
					]
				}
			},
			"furnicraft:rotation": {
				"set_block_property": {
					"furnicraft:rotation": "query.cardinal_facing_2d"
				}
			}
		},
		"permutations": [
			{
				"condition": "query.block_property('furnicraft:rotation') == 2",
				"components": {
					"minecraft:rotation": [
						0,
						0,
						0
					]
				}
			},
			{
				"condition": "query.block_property('furnicraft:rotation') == 3",
				"components": {
					"minecraft:rotation": [
						0,
						-180,
						0
					]
				}
			},
			{
				"condition": "query.block_property('furnicraft:rotation') == 4",
				"components": {
					"minecraft:rotation": [
						0,
						90,
						0
					]
				}
			},
			{
				"condition": "query.block_property('furnicraft:rotation') == 5",
				"components": {
					"minecraft:rotation": [
						0,
						-90,
						0
					]
				}
			},
			{
				"condition": "query.block_property('furnicraft:active') == true",
				"components": {
					"minecraft:on_interact": {
						"event": "furnicraft:opened"
					},
					"minecraft:geometry": "geometry.regalo2"
				}
			},
			{
				"condition": "query.block_property('furnicraft:active') == false",
				"components": {
					"minecraft:on_interact": {
						"event": "furnicraft:closed"
					},
					"minecraft:geometry": "geometry.regalos"
				}
			}
		]
	}
}