{
	"format_version": "1.10.0",
	"geometry.dead1": {
		"texturewidth": 64,
		"textureheight": 64,
		"visible_bounds_width": 2,
		"visible_bounds_height": 2,
		"visible_bounds_offset": [0, 1, 0],
		"bones": [
			{
				"name": "waist",
				"pivot": [0, 12, 0]
			},
			{
				"name": "body",
				"parent": "waist",
				"pivot": [0, 11, 0],
				"cubes": [
					{"origin": [-4, 12, -2], "size": [8, 12, 4], "uv": [16, 16]}
				]
			},
			{
				"name": "head",
				"parent": "body",
				"pivot": [0, 24, 0],
				"rotation": [100, 0, -50],
				"cubes": [
					{"origin": [-4, 24, -4], "size": [8, 8, 8], "uv": [32, 0], "inflate": 0.5},
					{"origin": [-4, 24, -4], "size": [8, 8, 8], "uv": [0, 0]}
				]
			},
			{
				"name": "rightArm",
				"parent": "body",
				"pivot": [-5, 22, 0],
				"rotation": [0, 0, 175],
				"cubes": [
					{"origin": [-8, 17, -2], "size": [4, 7, 4], "uv": [32, 48]}
				]
			},
			{
				"name": "rightItem",
				"parent": "rightArm",
				"pivot": [-6, 15, 1]
			},
			{
				"name": "rightArm2",
				"parent": "rightArm",
				"pivot": [-6, 18, 0],
				"rotation": [0, 0, 10],
				"cubes": [
					{"origin": [-8, 13, -2], "size": [4, 6, 4], "uv": [40, 20]},
					{"origin": [-8, 12, -2], "size": [4, 1, 4], "uv": [40, 27]}
				]
			},
			{
				"name": "rightItem2",
				"parent": "rightArm2",
				"pivot": [-6, 15, 1]
			},
			{
				"name": "leftArm",
				"parent": "body",
				"pivot": [5, 22, 0],
				"rotation": [0, 0, -165],
				"mirror": true,
				"cubes": [
					{"origin": [4, 17, -2], "size": [4, 7, 4], "uv": [40, 16], "mirror": false}
				]
			},
			{
				"name": "leftArm2",
				"parent": "leftArm",
				"pivot": [6, 18, 0],
				"rotation": [0, 0, -20],
				"mirror": true,
				"cubes": [
					{"origin": [4, 13, -2], "size": [4, 6, 4], "uv": [32, 53], "mirror": false},
					{"origin": [4, 12, -2], "size": [4, 1, 4], "uv": [32, 59], "mirror": false}
				]
			},
			{
				"name": "rightLeg",
				"parent": "waist",
				"pivot": [-1.9, 12, 0],
				"rotation": [30, 0, 15],
				"cubes": [
					{"origin": [-3.9, 5, -2], "size": [4, 7, 4], "uv": [0, 16]}
				]
			},
			{
				"name": "rightLeg2",
				"parent": "rightLeg",
				"pivot": [-1.9, 6, 0],
				"rotation": [25, 0, 0],
				"cubes": [
					{"origin": [-3.9, 1, -2], "size": [4, 6, 4], "uv": [16, 53]},
					{"origin": [-3.9, 0, -2], "size": [4, 1, 4], "uv": [16, 59]}
				]
			},
			{
				"name": "leftLeg",
				"parent": "waist",
				"pivot": [1.9, 12, 0],
				"rotation": [25, 0, -5],
				"mirror": true,
				"cubes": [
					{"origin": [-0.1, 5, -2], "size": [4, 7, 4], "uv": [16, 48], "mirror": false}
				]
			},
			{
				"name": "leftLeg2",
				"parent": "leftLeg",
				"pivot": [1.9, 6, 0],
				"rotation": [25, 0, 0],
				"mirror": true,
				"cubes": [
					{"origin": [-0.1, 1, -2], "size": [4, 6, 4], "uv": [0, 21], "mirror": false},
					{"origin": [-0.1, 0, -2], "size": [4, 1, 4], "uv": [0, 27], "mirror": false}
				]
			}
		]
	}
}