{
	"format_version": "1.10.0",
	"geometry.radio": {
		"texturewidth": 64,
		"textureheight": 64,
		"visible_bounds_width": 3,
		"visible_bounds_height": 1,
		"visible_bounds_offset": [0, 0.5, 0],
		"bones": [
			{
				"name": "body",
				"pivot": [0, 0, 0],
				"cubes": [
					{"origin": [2, 1, -1], "size": [2, 2, 1], "uv": [0, 14]},
					{"origin": [-6, 0, 0], "size": [12, 6, 8], "uv": [0, 0]}
				]
			},
			{
				"name": "body2",
				"pivot": [-9, -1, 3],
				"rotation": [0, -45, 0],
				"cubes": [
					{"origin": [-16, 0, -1], "size": [6, 6, 6], "uv": [0, 14]}
				]
			},
			{
				"name": "micro",
				"pivot": [0, 0.5, -5],
				"cubes": [
					{"origin": [-2, 0, -7], "size": [4, 1, 4], "uv": [18, 14]}
				]
			},
			{
				"name": "micro2",
				"parent": "micro",
				"pivot": [0, 1, -5],
				"rotation": [-10, 0, 0],
				"cubes": [
					{"origin": [-1, 0, -6], "size": [2, 5, 2], "uv": [0, 0]}
				]
			},
			{
				"name": "micro3",
				"parent": "micro",
				"pivot": [0, 5, -4],
				"rotation": [25, 0, 0],
				"cubes": [
					{"origin": [-1, 5, -5], "size": [2, 2, 2], "uv": [22, 24], "inflate": 0.5}
				]
			}
		]
	}
}