{
  "format_version": "1.8.0",
  "minecraft:entity": {
    "description": {
      "identifier": "raigen:stud_light_up",
      "is_spawnable": true,
      "is_summonable": true,
      "is_experimental": false,
	  "runtime_identifier": "minecraft:shulker"
    },
	
	"component_groups": {
	  "minecraft:down": {
	    "minecraft:transformation": {
		  "into": "raigen:stud_light_down"
		}
	  },
	  "minecraft:off": {
	    "minecraft:variant": {
		  "value": 0
		},
		"minecraft:interact": [
	      {
		    "on_interact": {
		      "filters": {
			    "all_of": [
			      { "test": "is_family", "subject": "other", "value": "player" },
			      { "test": "has_equipment", "subject": "other", "domain": "hand", "value": "raigen:rotator" }
			    ]
			  },
		  	  "event": "minecraft:event_down"
		    }
		  },
	      {
		    "on_interact": {
		      "filters": {
			    "all_of": [
			      { "test": "is_family", "subject": "other", "value": "player" },
			      { "test": "has_equipment", "subject": "other", "domain": "hand", "value": "barrier" }
			    ]
			  },
		  	  "event": "minecraft:event_death"
		    }
		  },
	      {
		    "on_interact": {
		      "filters": {
			    "all_of": [
			      { "test": "is_family", "subject": "other", "value": "player" },
			      { "test": "has_equipment", "subject": "other", "domain": "hand", "value": "lever" }
			    ]
			  },
		  	  "event": "minecraft:event_on"
		    }
		  }
	    ]
	  },
	  "minecraft:on": {
	    "minecraft:variant": {
		  "value": 1
		},
		"minecraft:interact": [
	      {
		    "on_interact": {
		      "filters": {
			    "all_of": [
			      { "test": "is_family", "subject": "other", "value": "player" },
			      { "test": "has_equipment", "subject": "other", "domain": "hand", "value": "raigen:rotator" }
			    ]
			  },
		  	  "event": "minecraft:event_down"
		    }
		  },
	      {
		    "on_interact": {
		      "filters": {
			    "all_of": [
			      { "test": "is_family", "subject": "other", "value": "player" },
			      { "test": "has_equipment", "subject": "other", "domain": "hand", "value": "barrier" }
			    ]
			  },
		  	  "event": "minecraft:event_death"
		    }
		  },
	      {
		    "on_interact": {
		      "filters": {
			    "all_of": [
			      { "test": "is_family", "subject": "other", "value": "player" },
			      { "test": "has_equipment", "subject": "other", "domain": "hand", "value": "lever" }
			    ]
			  },
		  	  "event": "minecraft:event_off"
		    }
		  }
	    ]
	  },
	  "minecraft:death": {
	    "minecraft:spell_effects": {
		  "add_effects": [
		    {
			  "effect": "wither",
			  "amplifier": 3,
              "visible": false,
              "ambient": false,
              "duration": 25
			}
		  ]
		},
		"minecraft:damage_sensor": [
	    ]
	  }
	},
	
    "components": {
	  "minecraft:type_family": {
	    "family": [ "inanimate" ]
	  },
	  "minecraft:health": {
	    "value": 1
	  },
	  "minecraft:damage_sensor": [
		{
		  "cause": "all",
		  "deals_damage": false
		}
	  ],
	  "minecraft:physics": {
	  }
    },
	
	"events": {
	  "minecraft:event_down": {
	    "add": {
		  "component_groups": [
		    "minecraft:down"
		  ]
		}
	  },
	  "minecraft:entity_transformed": {
	    "add": {
		  "component_groups": [
		    "minecraft:off"
		  ]
		}
	  },
	  "minecraft:entity_spawned": {
	    "add": {
		  "component_groups": [
		    "minecraft:off"
		  ]
		}
	  },
	  
	  "minecraft:event_death": {
	    "add": {
		  "component_groups": [
		    "minecraft:death"
		  ]
		}
	  },
	  
	  "minecraft:event_on": {
	    "add": {
		  "component_groups": [
		    "minecraft:on"
		  ]
		},
	    "remove": {
		  "component_groups": [
		    "minecraft:off"
		  ]
		}
	  },
	  "minecraft:event_off": {
	    "add": {
		  "component_groups": [
		    "minecraft:off"
		  ]
		},
	    "remove": {
		  "component_groups": [
		    "minecraft:on"
		  ]
		}
	  }
	}
  }
}