{
    "format_version": "1.10.0",
    "minecraft:entity": {
        "description": {
            "identifier": "bd:053_table",
            "is_spawnable": true,
            "is_summonable": true,
            "is_experimental": false,
            "runtime_identifier": "minecraft:shulker"
		},
        "component_groups": {
			"minecraft:des": {
                "minecraft:despawn": {}
            }
        },
        "components": {
            "minecraft:breathable": {
                "totalSupply": 15,
                "suffocateTime": 0,
                "breathesWater": true
            },
            "minecraft:collision_box": {
                "width": 1.0,
                "height": 1.8
            },
            "minecraft:fire_immune": true,
            "minecraft:type_family": {
                "family": ["053_table", "inanimate"]
            },
			"minecraft:interact": [{
                    "on_interact": {
                        "filters": {
                            "all_of": [{
                                    "test": "is_family",
                                    "subject": "other",
                                    "value": "player"
                                }, {
                                    "test": "has_equipment",
                                    "subject": "other",
                                    "domain": "hand",
                                    "value": "barrier"
                                }, {
                                    "test": "is_sneaking",
                                    "subject": "other",
                                    "value": "true"
                                }
                            ]
                        },
                        "event": "minecraft:delete",
                        "interact_text": "Delete"
                    }
                }
            ],
			"minecraft:damage_sensor": {
                "deals_damage": false
            },
            "minecraft:loot": {
                "table": "null"
            },
            "minecraft:equipment": {
                "table": "null"
            },
            "minecraft:health": {
                "value": 50,
                "max": 50
            },
            "minecraft:physics": {}
			},
        "events": {
			"minecraft:delete": {
                "add": {
                    "component_groups": [
                        "minecraft:des"
                    ]
                }
            }
		}
	}
}
