{
    "format_version": "1.8.0",
    "minecraft:entity": {
        "description": {
            "identifier": "bd:chair_o",
            "is_spawnable": true,
            "is_summonable": true,
            "is_experimental": false
		},

        "component_groups": {
			"minecraft:sit": {
				"minecraft:rideable": {
                "seat_count": 1,
                "family_types": [
                    "player", "scp053", "scp166", "scp1765", "scp191"
                ],
                "interact_text": "action.interact.sit",
				"pull_in_entities": true,
                "seats": {
                    "position": [ 0, 0.39, 0 ],
					"rotate_rider_by": 1,
					"lock_rider_rotation": -360
					}
				},
				"minecraft:timer": {
                    "time": 25,
                    "looping": false,
                    "time_down_event": {
                        "event": "minecraft:not_sit"
                    }
                }
			},
			"minecraft:not": {
				"minecraft:timer": {
                    "time": 25,
                    "looping": false,
                    "time_down_event": {
                        "event": "minecraft:entity_spawned"
                    }
                }
			},
            "minecraft:death": {
                "minecraft:spell_effects": {
                    "add_effects": [{
                            "effect": "wither",
                            "amplifier": 3,
                            "visible": false,
                            "ambient": false,
                            "duration": 25
                        }
                    ]
                },
                "minecraft:damage_sensor": [
                ]
            }
        },

        "components": {
            "minecraft:type_family": {
                "family": ["inanimate"]
            },
			"minecraft:collision_box": {
        "width": 0.6,
        "height": 0.7
      },
            "minecraft:interact": [{
                    "on_interact": {
                        "filters": {
                            "all_of": [{
                                    "test": "is_family",
                                    "subject": "other",
                                    "value": "player"
                                }, {
                                    "test": "has_equipment",
                                    "subject": "other",
                                    "domain": "hand",
                                    "value": "barrier"
                                }
                            ]
                        },
                        "event": "minecraft:event_death"
                    }
                }
            ],
            "minecraft:health": {
                "value": 1
            },
            "minecraft:damage_sensor": [{
                    "cause": "all",
                    "deals_damage": false
                }
            ],
            "minecraft:physics": {}
        },

        "events": {
            "minecraft:event_death": {
                "add": {
                    "component_groups": [
                        "minecraft:death"
                    ]
                }
            },
			"minecraft:entity_spawned": {
				"add": {
					"component_groups": [
						"minecraft:sit"
					]
				}
			},
			"minecraft:not_sit": {
				"remove": {
					"component_groups": [
						"minecraft:sit"
					]
				},
				"add": {
					"component_groups": [
						"minecraft:not"
					]
				}
			}
        }
    }
}
