{
  "pools": [
    {
      "conditions": [
        {
          "condition": "random_difficulty_chance",
          "default_chance": 1.0,
          "peaceful": 0,
          "easy": 0
        },
        {
          "condition": "random_regional_difficulty_chance",
          "max_chance": 0.35
        }
      ],
      "tiers": {
        "initial_range": 3,
        "bonus_rolls": 5,
        "bonus_chance": 0.35
      },

      "entries": [
        {
          "type": "loot_table",
          "name": "loot_tables/entities/armor_set_leather.json"
        },
        {
          "type": "loot_table",
          "name": "loot_tables/entities/armor_set_gold.json"
        },
        {
          "type": "loot_table",
          "name": "loot_tables/entities/armor_set_chain.json"
        },
        {
          "type": "loot_table",
          "name": "loot_tables/entities/armor_set_iron.json"
        },
        {
          "type": "loot_table",
          "name": "loot_tables/entities/armor_set_diamond.json"
        },
        {
          "type": "loot_table",
          "name": "loot_tables/entities/armor_set_netherite.json"
        },
        {
          "type": "loot_table",
          "name": "loot_tables/entities/armor_set_scarlet.json"
        }
      ]
    }
  ]
}