{
    "pools": [
        {
            "conditions": [
                {
                    "condition": "random_chance_with_looting",
                    "chance": 0.4,
                    "looting_multiplier": 0.01
                }
            ],
            "rolls": 1,
            "entries": [
                {
                    "type": "item",
                    "name": "js:health",
                    "weight": 1,
                    "functions": [
                        {
                            "function": "set_count",
                            "count": {
                                "min": 1,
                                "max": 2
                            }
                        }
                    ]
                }
            ]
        },
        {
            "conditions": [
                {
                    "condition": "random_chance_with_looting",
                    "chance": 0.5,
                    "looting_multiplier": 0.01
                }
            ],
            "rolls": 1,
            "entries": [
                {
                    "type": "item",
                    "name": "minecraft:gold_nugget",
                    "weight": 1,
                    "functions": [
                        {
                            "function": "set_count",
                            "count": {
                                "min": 3,
                                "max": 6
                            }
                        }
                    ]
                }
            ]
        },
        {
            "conditions": [
                {
                    "condition": "random_chance_with_looting",
                    "chance": 0.5,
                    "looting_multiplier": 0.01
                }
            ],
            "rolls": 1,
            "entries": [
                {
                    "type": "item",
                    "name": "js:hk417_ammo",
                    "weight": 15
                },
                {
                    "type": "item",
                    "name": "js:oblivion_ammo",
                    "weight": 15
                },
                {
                    "type": "item",
                    "name": "js:svd_ammo",
                    "weight": 10
                },
                {
                    "type": "item",
                    "name": "js:fp6_ammo",
                    "weight": 3
                },
                {
                    "type": "item",
                    "name": "js:flamethrower_ammo",
                    "weight": 5
                },
                {
                    "type": "item",
                    "name": "js:sh_plasma_cannon_ammo",
                    "weight": 10
                }
            ]
        }
    ]
}