{
  "format_version": "1.16.0",
  "minecraft:entity": {
    "description": {
      "identifier": "minecraft:ghast",
      "is_spawnable": true,
      "is_summonable": true,
      "is_experimental": false,
      "animations": {
          "root_ac" : "controller.animation.mobs.transition",
          "trigger_change" : "animation.mobs.morph.19"
      },
      "scripts": {
          "animate": ["root_ac"]
      }
    },
    "component_groups": {
      "cpg:make_transition" : {
        "minecraft:is_illager_captain": {},
        "minecraft:timer": {
            "time": 1,
            "looping": false,
            "time_down_event": {
                "event": "evt:reset_transition"
            }
        }
      }
    },
    "events": {
      "evt:ask_morph" : {
            "add": {
                "component_groups": [
                    "cpg:make_transition"
                ]
            }
      },
      "evt:reset_transition" : {
            "remove": {
                "component_groups": [
                    "cpg:make_transition"
                ]
            }
      }


    },
    "components": {
      "minecraft:interact": {
        "interactions": [
            {
                "on_interact": {
                    "filters": [ { "test": "has_equipment", "value": "tool:morph", "domain": "hand", "operator": "==" , "subject": "other"} ],
                    "target": "self", "event": "evt:ask_morph"
                },
                "swing": true,
                "interact_text": "Morph into mob", "play_sounds": "tool.morph.use_morph"
            }
        ]
      },
      "minecraft:is_hidden_when_invisible": {
      },
      "minecraft:experience_reward": {
        "on_death": "query.last_hit_by_player ? 5 + (query.equipment_count * Math.Random(1,3)) : 0"
      },
      "minecraft:breathable": {
        "total_supply": 15,
        "suffocate_time": 0
      },
      "minecraft:fire_immune": {
      },
      "minecraft:nameable": {
      },
      "minecraft:health": {
        "value": 10,
        "max": 10
      },
      "minecraft:collision_box": {
        "width": 4.02,
        "height": 4
      },
      "minecraft:movement": {
        "value": 0.03
      },
      "minecraft:navigation.float": {
        "can_path_over_water": true
      },
      "minecraft:behavior.float_wander": {
        "priority": 2,
        "must_reach": true
      },
      "minecraft:can_fly": {
      },
      "minecraft:loot": {
        "table": "loot_tables/entities/ghast.json"
      },
      "minecraft:shooter": {
        "def": "minecraft:fireball"
      },
      "minecraft:type_family": {
        "family": [ "ghast", "monster", "mob" ]
      },
      "minecraft:damage_sensor": {
        "triggers": {
          "cause": "fall",
          "deals_damage": false
        }
      },
      "minecraft:jump.static": {
      },
      "minecraft:despawn": {
        "despawn_from_distance": {}
      },
      "minecraft:behavior.float": {
        "priority": 0
      },
      "minecraft:behavior.ranged_attack": {
        "priority": 1,
        "attack_radius": 64,
        "charge_shoot_trigger": 2,
        "charge_charged_trigger": 1
      },
      "minecraft:follow_range": {
        "value": 64,
        "max": 64
      },
      "minecraft:behavior.hurt_by_target": {
        "priority": 1
      },
      "minecraft:behavior.nearest_attackable_target": {
        "priority": 2,
        "reselect_targets": true,
        "entity_types": [
          {
            "filters": {
              "test": "is_family",
              "subject": "other",
              "value": "player"
            },
            "max_dist": 28
          }
        ],
        "must_see": true
      },
      "minecraft:physics": {
      },
      "minecraft:pushable": {
        "is_pushable": true,
        "is_pushable_by_piston": true
      },
      "minecraft:conditional_bandwidth_optimization": {
      }
    }
  }
}