{
	"format_version": "1.10.0",
	"particle_effect": {
		"description": {
			"identifier": "js:plus_one",
			"basic_render_parameters": {
				"material": "particles_alpha",
				"texture": "textures/particle/one"
			}
		},
		"components": {
			"minecraft:emitter_rate_instant": {
				"num_particles": 1
			},
			"minecraft:emitter_lifetime_once": {
				"active_time": 1
			},
			"minecraft:emitter_shape_sphere": {
				"radius": 0.025,
				"direction": [0, 0.1, 0]
			},
			"minecraft:particle_lifetime_expression": {
				"max_lifetime": "Math.random(0.2, 1.5)"
			},
			"minecraft:particle_initial_speed": 2.5,
			"minecraft:particle_motion_dynamic": {
				"linear_drag_coefficient": 5
			},
			"minecraft:particle_appearance_billboard": {
				"size": ["(0.2 + variable.particle_random_1*0.1)", "(0.2 + variable.particle_random_1*0.1)"],
				"facing_camera_mode": "lookat_xyz",
				"uv": {
					"texture_width": 32,
					"texture_height": 32,
					"uv": [0, 0],
					"uv_size": [32, 32]
				}
			},
			"minecraft:particle_appearance_lighting": {}
		}
	}
}