{
 "format_version": "1.16.0",
 "minecraft:block": {
  "description": {
   "identifier": "pl:curtidor",
   "register_to_creative_menu": true,
   "properties": {
    "pl:rotation": [
     1,
     2,
     3,
     4,
     5,
     6
    ]
   }
  },
  "components": {
   "minecraft:destroy_time": 5,
   "minecraft:loot": "loot_tables/blocks/curtidor.json",
   "minecraft:crafting_table": {
    "grid_size": 3,
    "crafting_tags": [
     "curtidor"
    ]
   },
   "minecraft:entity_collision": {
    "origin": [
     -7,
     0,
     -7
    ],
    "size": [
     14,
     14,
     14
    ]
   },
   "minecraft:pick_collision": {
    "origin": [
     -7,
     0,
     -7
    ],
    "size": [
     30,
     14,
     14
    ]
   },
   "minecraft:geometry": "geometry.curtidor",
   "minecraft:material_instances": {
    "*": {
     "texture": "curtidor",
     "render_method": "blend"
    }
   },
   "minecraft:immovable": false,
   "minecraft:rotation": [
    0,
    0,
    0
   ],
   "minecraft:on_player_placing": {
    "event": "pl:evento_colocacion"
   },
   "minecraft:block_light_emission": 0,
   "minecraft:block_light_absorption": 0
  },
  "events": {
   "pl:evento_colocacion": {
    "set_block_property": {
     "pl:rotation": "(query.cardinal_player_facing)"
    }
   }
  },
  "permutations": [
   {
    "condition": "query.block_property('pl:rotation') == 2",
    "components": {
     "minecraft:rotation": [
      0,
      180,
      0
     ]
    }
   },
   {
    "condition": "query.block_property('pl:rotation') == 3",
    "components": {
     "minecraft:rotation": [
      0,
      0,
      0
     ]
    }
   },
   {
    "condition": "query.block_property('pl:rotation') == 4",
    "components": {
     "minecraft:rotation": [
      0,
      270,
      0
     ]
    }
   },
   {
    "condition": "query.block_property('pl:rotation') == 5",
    "components": {
     "minecraft:rotation": [
      0,
      90,
      0
     ]
    }
   }
  ]
 }
}