{"format_version":"1.17.10","minecraft:entity":{"description":{"identifier":"pa:brr_patapim","spawn_category":"monster","is_spawnable":true,"is_summonable":true,"is_experimental":false},"components":{"minecraft:type_family":{"family":["monster","brainrot_creature","player"]},"minecraft:collision_box":{"height":3,"width":0.75},"minecraft:health":{"value":8000},"minecraft:navigation.climb":{"can_path_over_water":true,"can_path_over_lava":true,"can_open_doors":true,"can_open_iron_doors":true,"can_pass_door":true},"minecraft:movement.basic":{},"minecraft:persistent":{},"minecraft:physics":{},"minecraft:pushable":{"is_pushable":true,"is_pushable_by_piston":true},"minecraft:movement":{"value":0.365},"minecraft:underwater_movement":{"value":0.4},"minecraft:lava_movement":{"value":0.4},"minecraft:can_climb":{},"minecraft:behavior.random_stroll":{"speed_multiplier":1,"priority":6},"minecraft:behavior.hurt_by_target":{"priority":4},"minecraft:attack":{"damage":20},"minecraft:knockback_resistance":{"value":99999},"minecraft:follow_range":{"value":500},"minecraft:behavior.melee_attack":{"priority":1,"track_target":true,"reach_multiplier":1.5,"cooldown_time":0.7},"minecraft:tick_world":{"never_despawn":true},"minecraft:breathable":{"breathes_water":true,"breathes_air":true,"breathes_solids":true,"generates_bubbles":false},"minecraft:jump.static":{"jump_power":1},"minecraft:behavior.float":{},"minecraft:annotation.open_door":{},"minecraft:nameable":{"alwaysShow":true,"allowNameTagRenaming":false},"minecraft:block_climber":{},"minecraft:behavior.nearest_prioritized_attackable_target":{"priority":3,"within_radius":550,"target_search_height":550,"entity_types":[{"priority":1,"max_dist":550,"filters":{"all_of":[{"test":"is_family","subject":"other","operator":"<>","value":"brainrot_creature"},{"any_of":[{"test":"is_family","subject":"other","value":"player"},{"test":"is_family","subject":"other","value":"villager"}]}]}}],"must_see":false,"must_reach":false,"speed_multiplier":1,"reselect_targets":true},"minecraft:mob_effect_immunity":{"mob_effects":["slowness","weakness"]},"minecraft:damage_sensor":{"triggers":[{"on_damage":{"filters":{"test":"has_ability","value":"instabuild","subject":"other","operator":"<>"}},"damage_multiplier":0.01},{"on_damage":{"filters":{"test":"has_ability","value":"instabuild","subject":"other"}},"damage_multiplier":400}]}},"events":{"minecraft:entity_spawned":{"trigger":{"event":"brainrot_event","subject":"self"}},"brainrot_event":{}}}}