{"format_version":"1.13.0","minecraft:entity":{"description":{"identifier":"pa:bombardiro_crocodilo","is_spawnable":true,"is_summonable":true,"is_experimental":false},"components":{"minecraft:collision_box":{"height":3,"width":4},"minecraft:physics":{"has_gravity":true},"minecraft:pushable":{"is_pushable":true,"is_pushable_by_piston":true},"minecraft:movement":{"value":0.03},"minecraft:underwater_movement":{"value":0.4},"minecraft:lava_movement":{"value":0.4},"minecraft:flying_speed":{"value":0.05},"minecraft:scale":{"value":0.9},"minecraft:behavior.nearest_prioritized_attackable_target":{"priority":3,"within_radius":550,"target_search_height":550,"entity_types":[{"filters":{"test":"is_family","subject":"other","value":"player"},"priority":1,"max_dist":550},{"filters":{"test":"is_family","subject":"other","value":"villager"},"max_dist":550,"priority":5}],"must_see":false,"must_reach":false,"speed_multiplier":1,"reselect_targets":true},"minecraft:can_climb":{},"minecraft:attack":{"damage":20},"minecraft:knockback_resistance":{"value":99999},"minecraft:follow_range":{"value":500},"minecraft:tick_world":{"distance_to_players":550},"minecraft:breathable":{"breathes_water":true,"breathes_air":true,"breathes_solids":true,"generates_bubbles":false},"minecraft:behavior.float":{},"minecraft:buoyant":{"base_buoyancy":0.9,"apply_gravity":false,"simulate_waves":false,"liquid_blocks":["minecraft:lava","minecraft:flowing_lava"]},"minecraft:annotation.open_door":{},"minecraft:damage_sensor":{"triggers":[{"on_damage":{"filters":{"test":"has_ability","value":"instabuild","subject":"other","operator":"<>"}},"damage_multiplier":0.01},{"on_damage":{"filters":{"test":"has_ability","value":"instabuild","subject":"other"}},"damage_multiplier":400}]},"minecraft:mob_effect_immunity":{"mob_effects":["slowness","weakness"]},"minecraft:behavior.nearest_prioritized_attackable_target":{"priority":3,"within_radius":550,"target_search_height":550,"entity_types":[{"priority":1,"max_dist":550,"filters":{"all_of":[{"test":"is_family","subject":"other","operator":"<>","value":"brainrot_creature"},{"any_of":[{"test":"is_family","subject":"other","value":"player"},{"test":"is_family","subject":"other","value":"villager"}]}]}}],"must_see":false,"must_reach":false,"speed_multiplier":1,"reselect_targets":true},"minecraft:type_family":{"family":["monster","brainrot_creature","player"]},"minecraft:persistent":{},"minecraft:behavior.hurt_by_target":{"priority":4},"minecraft:health":{"value":8000},"minecraft:nameable":{"alwaysShow":true,"allowNameTagRenaming":false},"minecraft:navigation.float":{"can_path_over_water":true,"can_path_from_air":true,"is_amphibious":true},"minecraft:shooter":{"def":"minecraft:fireball"},"minecraft:behavior.ranged_attack":{"priority":1,"attack_radius":64,"charge_shoot_trigger":2,"charge_charged_trigger":1},"minecraft:can_fly":{},"minecraft:behavior.float_wander":{"must_reach":true,"random_reselect":false,"y_dist":8,"xz_dist":16,"y_offset":0},"minecraft:movement.basic":{"max_turn":15}}}}