{
  "minecraft:entity": {
    "format_version": "1.2.0",

    "component_groups": {},
   "components": {
      "minecraft:identifier": {
        "id": "minecraft:cow"
      },
      "minecraft:collision_box": {
        "width": 0.5,
        "height": 0.5
      },
      "minecraft:type_family": {
        "family": [ "chair", "McDonalds" ]
      },
      "minecraft:breathable": {
        "totalSupply": 15,
        "suffocateTime": 0
      },

      "minecraft:health": {
        "value": 20,
        "max": 20
      },
      "minecraft:loot": {
        "table": "loot_tables/entities/skeleton.json"
        },
       "minecraft:damage_sensor": [
       {
         "deals_damage": false
         }
       ],
        "minecraft:rideable": {
          "seat_count": 1,
          "interact_text": "Sit",
		  "family_types": [
            "player"
          ],
          "seats": {
            "position": [0.0, 0.5, 0.0]
          }
        },
      "minecraft:movement": {
        "value": 0.0
     },
	    "minecraft:physics": {
      }
    },

    "events": {

     }
   }
 }