{
    "format_version": "1.8.0",
    "minecraft:entity": {
        "description": {
            "identifier": "bd:hvdoor_open",
            "is_spawnable": false,
            "is_summonable": true,
            "is_experimental": false,
			"scripts": {
                "animate": [
					"doorunlock"
                ]
            },
            "animations": {
				"doorunlock": "controller.animation.door.unlock"
            }
        },
        "component_groups": {
            "minecraft:close": {
                "minecraft:transformation": {
                    "into": "bd:hvdoor"
                },
				"minecraft:spell_effects": {
					"add_effects": [{
                        "effect": "instant_health",
                        "amplifier": 1,
                        "visible": false,
                        "duration": 2000
						}
					]
				}
            },
			"minecraft:sound": {
				"minecraft:is_stunned": {}
			}
        },
        "components": {
            "minecraft:type_family": {
                "family": ["door_o", "3door", "inanimate", "door"]
            },
			"minecraft:collision_box": {
                "width": 0.4,
                "height": 1.8
            },
            "minecraft:health": {
                "value": 1
            },
            "minecraft:pushable": {
                "is_pushable": false,
                "is_pushable_by_piston": false
            },
			"minecraft:push_through": {
				"value": 1.0
			},
            "minecraft:knockback_resistance": {
                "value": 50.0
            },
			"minecraft:timer": {
                "looping": false,
                "time": 21,
                "time_down_event": {
                    "event": "minecraft:event_close"
                }
            },
            "minecraft:spell_effects": {
                "add_effects": [{
                        "effect": "instant_health",
                        "amplifier": 1,
                        "visible": false,
                        "duration": 2000
                    }
                ]
            },
            "minecraft:damage_sensor": {
                "triggers": [
                        {
							"cause": "suffocation",
							"deals_damage": false
						},
					{
                        "on_damage": {
                            "filters": {
                                "all_of": [{
                                        "test": "is_family",
                                        "subject": "other",
                                        "value": "control"
                                    }
                                ]
                            },
							"target": "self",
                            "event": "minecraft:event_close"
                        },
						"deals_damage": false
                    },
					{
                    "on_damage": {
                        "filters": {
                            "with_damage_fatal": true
                        }
                    },
                    "deals_damage": false
                }
                ]
            },
            "minecraft:physics": {
				"has_gravity": false,
				"has_collision": false
			}
        },
        "events": {
			"minecraft:entity_transformed": {
				"add": {
					 "component_groups": [
                        "minecraft:sound"
                    ]
                }
			},
            "minecraft:event_close": {
                "add": {
                    "component_groups": [
                        "minecraft:close"
                    ]
                }
            }
        }
    }
}
