{
    "format_version": "1.13.0",
    "minecraft:entity": {
        "description": {
            "identifier": "bd:hvdoor_ro",
            "is_spawnable": false,
            "is_summonable": true,
            "is_experimental": false,
            "runtime_identifier": "minecraft:shulker",
			"scripts": {
                "animate": [
					"doorblock"
                ]
            },
            "animations": {
				"doorblock": "controller.animation.door.block"
            }
        },

        "component_groups": {
            "minecraft:open": {
                "minecraft:transformation": {
                    "into": "bd:hvdoor_open_ro"
                },
                "minecraft:spell_effects": {
                    "add_effects": [{
                            "effect": "regeneration",
                            "amplifier": 255,
                            "visible": false,
                            "duration": 2
                        }
                    ]
                }
            },
			"minecraft:ro": {
				"minecraft:transformation": {
                    "into": "bd:hvdoor"
                }
			},
			"minecraft:des": {
				"minecraft:despawn": {}
			},
			"minecraft:sound": {
				"minecraft:is_stunned": {}
			}
        },
        "components": {
            "minecraft:type_family": {
                "family": ["no2", "inanimate", "door"]
            },
			"minecraft:block_sensor": {
                "sensor_radius": 0.1,
                "on_break": [
                    {
                        "block_list": [
                            "minecraft:barrier"
                        ],
                        "on_block_broken": "minecraft:delete"
                    }
                ]
            },
			"minecraft:interact": {
                "interactions": [{
                        "hurt_item": 0,
                        "interact_text": "Rotate Door",
                        "on_interact": {
                            "filters": {
                                "all_of": [{
                                        "test": "is_family",
                                        "subject": "other",
                                        "value": "player"
                                    }, {
                                        "test": "has_equipment",
                                        "subject": "other",
                                        "domain": "hand",
                                        "value": "bd:door_rotate"
                                    }, {
                                        "test": "is_sneaking",
                                        "subject": "other",
                                        "value": "false"
                                    }
                                ]
                            },
                            "event": "minecraft:rotate",
                            "target": "self"
                        },
                        "swing": true,
                        "use_item": false
                    }, {
                        "on_interact": {
                            "filters": {
                                "all_of": [{
                                        "test": "is_family",
                                        "subject": "other",
                                        "value": "player"
                                    }, {
                                        "test": "has_equipment",
                                        "subject": "other",
                                        "domain": "hand",
                                        "value": "barrier"
                                    }, {
                                        "test": "is_sneaking",
                                        "subject": "other",
                                        "value": "true"
                                    }
                                ]
                            },
                            "event": "minecraft:delete",
                            "interact_text": "Delete Door"
                        }
                    }
                ]
            },
            "minecraft:health": {
                "value": 1
            },
            "minecraft:pushable": {
                "is_pushable": false,
                "is_pushable_by_piston": false
            },
            "minecraft:knockback_resistance": {
                "value": 50.0
            },
            "minecraft:damage_sensor": {
                "triggers": [
                        {
							"cause": "suffocation",
							"deals_damage": false
						},
					{
                    "on_damage": {
                        "filters": {
                            "with_damage_fatal": true
                        },
                        "event": "minecraft:event_open",
                        "target": "self"
                    },
                    "deals_damage": false
                }
                ]
            },
            "minecraft:spell_effects": {
                "add_effects": [{
                        "effect": "instant_health",
                        "amplifier": 1,
                        "visible": false,
                        "duration": 2000
                    }
                ]
            },
            "minecraft:physics": {}
        },
        "events": {
			"minecraft:entity_transformed": {
				"add": {
					 "component_groups": [
                        "minecraft:sound"
                    ]
                }
			},
            "minecraft:event_open": {
                "add": {
                    "component_groups": [
                        "minecraft:open"
                    ]
                }
            },
			"minecraft:delete": {
				"add": {
					"component_groups": [
						"minecraft:des"
					]
				}
			},
			"minecraft:rotate": {
                "add": {
                    "component_groups": [
                        "minecraft:ro"
                    ]
                }
			}
        }
    }
}
