{
  "format_version": "1.16.100",
  "minecraft:item": {
    "description": {
      "identifier": "serp:exeggcute_defeated",
      "category": "Items"
    },
    "components": {
      "minecraft:display_name":{
        "value":"item.serp:exeggcute_defeated.name"
         },
	  "minecraft:creative_category": {
		"parent": "itemGroup.name.buttons"
			},
  "minecraft:render_offsets": {
        "main_hand": {
"first_person": {"scale": [0.02,0.02,0.02]
          },
"third_person": {"scale": [0.03,0.03,0.03]
          }
        }
      },
      "minecraft:max_stack_size": 64,
	  "minecraft:icon": {
		"texture": "exeggcute_defeated"
	  }
    }
  }
}