{
 "format_version": "1.12",
 "minecraft:recipe_shapeless": {
  "description": {
   "identifier": "pl:ing_alim_dino_herv"
  },
  "tags": [
   "mesa_cocina"
  ],
  "ingredients": [
   {
    "item": "minecraft:carrot",
    "count": 1
   },
   {
    "item": "minecraft:beetroot",
    "count": 1
   },
   {
    "item": "minecraft:potato",
    "count": 1
   },
   {
    "item": "minecraft:apple",
    "count": 1
   },
   {
    "item": "minecraft:wheat",
    "count": 1
   },
   {
    "item": "minecraft:pumpkin",
    "count": 1
   },
   {
    "item": "minecraft:sweet_berries",
    "count": 1
   },
   {
    "item": "minecraft:melon",
    "count": 1
   },
   {
    "item": "minecraft:golden_carrot",
    "count": 1
   }
  ],
  "result": {
   "item": "pl:ing_alim_dino_herv"
  }
 }
}