{
	"format_version": "1.16.100",
	"minecraft:block": {
		"description": {
	"identifier": "serp:apricorn_blue_block",
	"properties": {
		"serp:state": [0,1,2]
			}
		},
		"components": {
	"minecraft:material_instances": {
		"*": {
	"texture": "apricorn_stem",
	"render_method": "alpha_test"
		}
	},
	"minecraft:geometry": "geometry.apricorn_stem",
    "minecraft:block_light_filter": 15.0,
    "minecraft:block_light_absorption": 0,
    "minecraft:breathability": "air",
	"minecraft:collision_box": false,
	"minecraft:selection_box": {
		"origin": [-8,1,-8],
		"size": [16,7,16]
			},
	"minecraft:destroy_time": 0,
    "minecraft:random_ticking":{
    "on_tick":{"event":"serp:auto_grow","target":"self"}
    },
    "minecraft:placement_filter":{
	"conditions":[{"allowed_faces":["up"]}]
	},
	"minecraft:flammable": {
		"burn_odds": 45,
		"flame_odds": 80
	},
    "minecraft:on_interact": {
        "event": "serp:mulch",
        "condition": "!(query.block_property('serp:state')==2) && query.get_equipped_item_name('main_hand')=='mulch'"
            },
    "minecraft:loot": "loot_tables/apricorn/break.json"
	},
		"events": {
    "serp:mulch": {
        "sequence": [
    {"decrement_stack":{}},
    {"run_command":{"command":["particle minecraft:crop_growth_emitter ~~~"]}},
    {"trigger":{"event":"serp:manual_grow"
                        }
                    }
                ]
            },
	"serp:auto_grow": {
	"randomize": [
    {"weight":80},
    {"weight":20,"set_block_property":{"serp:state":"(query.block_property('serp:state')<2)?query.block_property('serp:state')+1:2"}
	      }
	    ]
	  },
	"serp:manual_grow": {
    "set_block_property":{"serp:state":"(query.block_property('serp:state')<2)?query.block_property('serp:state')+1:2"
        }
	  }
	},
	"permutations": [
		{"condition":"query.block_property('serp:state')==1",
		"components": {
	"minecraft:material_instances": {
		"*": {
	"texture": "apricorn_empty",
	"render_method": "alpha_test"
		}
	},
	"minecraft:selection_box": {
		"origin": [-8,1,-8],
		"size": [16,7,16]
			},
	"minecraft:geometry": "geometry.apricorn_plant"
			}
		},
		{"condition":"query.block_property('serp:state')==2",
		"components": {
	"minecraft:material_instances": {
		"*": {
	"texture": "apricorn_blue",
	"render_method": "alpha_test"
		}
	},
	"minecraft:selection_box": {
		"origin": [-8,1,-8],
		"size": [16,7,16]
			},
	"minecraft:geometry": "geometry.apricorn_plant",
    "minecraft:loot": "loot_tables/apricorn/blue.json"
			    }
		    }
		]
    }
}