{
	"format_version": "1.13.0",
	"minecraft:entity": {
		"description": {
			"identifier": "dragonmounts:ender_dragon",
			// "runtime_identifier": "minecraft:ender_dragon",
			"is_spawnable": true,
			"is_summonable": true,
			"is_experimental": false,
			"scripts": {
				"animate": [
					"dragon_default_ani",
					"dragon_effect",
					"dragon_fly",
					"dragon_fly_up",
					"dragon_fly_st",
					"dragon_fly_conend",
					"dragon_is_sheared",
					"dragon_catch_player",
					"dragon_attack_type",
					"dragon_fly_system_assist"
				]
			},
			"animations": {
				"dragon_default_ani": "animation.dragon.default",
				"dragon_effect": "controller.animation.dragon.default",
				"dragon_fly": "controller.animation.dragon_fly_system",
				"dragon_fly_up": "controller.animation.dragon_fly_system_up",
				"dragon_fly_st": "controller.animation.dragon_fly_system_stopped",
				"dragon_fly_conend": "controller.animation.dragon_fly_conend",
				"dragon_is_sheared": "controller.animation.dragon_is_sheared",
				"dragon_catch_player": "controller.animation.dragon.catch_player",
				"dragon_attack_type": "controller.animation.dragon_attack_type",
				"dragon_fly_system_assist": "controller.animation.dragon_fly_system_assist"
			}
		},
		"component_groups": {
			"breath_attack": {
				"minecraft:spawn_entity": [
					{
						"min_wait_time": 0,
						"max_wait_time": 0,
						"single_use": true,
						"spawn_entity": "dragonmounts:dragon_breath",
						"num_to_spawn": 1,
						"should_leash": false
					}
				],
				"minecraft:timer": {
					"time": 10.4,
					"looping": true,
					"time_down_event": {
						"event": "dragonmounts:breath_attack_remove",
						"target": "self"
					}
				}
			},
			"fireball_attack": {
				"minecraft:spawn_entity": [
					{
						"min_wait_time": 0,
						"max_wait_time": 0,
						"single_use": true,
						"spawn_entity": "dragonmounts:dragon_fireball",
						"num_to_spawn": 1,
						"should_leash": false
					}
				],
				"minecraft:timer": {
					"time": 0.4,
					"looping": true,
					"time_down_event": {
						"event": "dragonmounts:fireball_attack_remove",
						"target": "self"
					}
				}
			},
			"dragonmounts:dragon_temp_unsit": {
				"minecraft:timer": {
					"time": 0.0,
					"looping": false,
					"time_down_event": {
						"event": "dragonmounts:dragon_temp_unsit_end",
						"target": "self"
					}
				}
			},
			"dragonmounts:flying": {
				"minecraft:is_stunned": {}
			},
			"dragonmounts:dragon_sheared": {
				"minecraft:is_sheared": {},
				"minecraft:timer": {
					"time": 0.2,
					"looping": false,
					"time_down_event": {
						"event": "dragonmounts:dragon_sheared_remove",
						"target": "self"
					}
				}
			},
			"dragonmounts:dragon_baby": {
				"minecraft:is_baby": {},
				"minecraft:behavior.follow_parent": {
					"speed_multiplier": 2.0
				},
				"minecraft:scale_by_age": {
					"start_scale": 0.06,
					"end_scale": 1.5
				},
				"minecraft:ageable": {
					"duration": 14400,
					"feed_items": [
						{
							"item": "fish",
							"growth": 0.0078125 // 128
						},
						{
							"item": "salmon",
							"growth": 0.0104166 // 96
						},
						{
							"item": "clownfish",
							"growth": 0.015625 // 64
						}
					],
					"grow_up": {
						"event": "dragonmounts:dragon_grow_up",
						"target": "self"
					}
				}
			},
			"dragonmounts:dragon_adult": {
				"minecraft:scale": {
					"value": 1.5
				},
				// "minecraft:experience_reward": {
				// 	"on_death": "query.last_hit_by_player ? 255000 : 0"
				// },
				"minecraft:breedable": {
					"require_tame": true,
					"blend_attributes": false,
					"inherit_tamed": true,
					"breeds_with": {
						"mate_type": "dragonmounts:ender_dragon",
						"baby_type": "dragonmounts:ender_dragon_egg",
						"breed_event": {
							"event": "dragonmounts:ender_dragon_egg_born",
							"target": "baby"
						}
					},
					"breed_items": [
						"fish",
						"salmon",
						"clownfish"
					]
				},
				"minecraft:behavior.hurt_by_target": {
					"priority": 1,
					"alert_same_type": true,
					"hurt_owner": false,
					"entity_types": {
						"max_dist": 64,
						"walk_speed_multiplier": 2.4,
						"sprint_speed_multiplier": 2.4
					}
				},
				"minecraft:custom_hit_test": {
					"hitboxes": [
						{
							"width": 4.0,
							"height": 4.0,
							"pivot": [
								0.0,
								2.0,
								0.0
							]
						}
					]
				},
				// "minecraft:behavior.ranged_attack": {
				// 	"priority": 64,
				// 	"charge_shoot_trigger": 0.1,
				// 	"charge_charged_trigger": 0.1,
				// 	"attack_radius": 1024,
				// 	"damage": 16
				// },
				"minecraft:break_blocks": {
					"breakable_blocks": [
						"bamboo",
						"bamboo_sapling",
						"beetroot",
						"brown_mushroom",
						"carrots",
						"carved_pumpkin",
						"chorus_flower",
						"chorus_plant",
						"deadbush",
						"double_plant",
						"leaves",
						"leaves2",
						"lit_pumpkin",
						"melon_block",
						"melon_stem",
						"potatoes",
						"pumpkin",
						"pumpkin_stem",
						"red_flower",
						"red_mushroom",
						"reeds",
						"sapling",
						"snow_layer",
						"sweet_berry_bush",
						"tallgrass",
						"turtle_egg",
						"vine",
						"waterlily",
						"wheat",
						"yellow_flower"
					]
				}
			},
			"dragonmounts:dragon_wild": {
				// "minecraft:loot": {
				// 	"table": "loot_tables/entities/dragonmounts/ender.json"
				// },
				"minecraft:equipment": {
					"table": "loot_tables/entities/dragonmounts/ender.json"
				},
				"minecraft:tameable": {
					"probability": 0.2,
					"tameItems": [
						"fish",
						"salmon",
						"clownfish"
					],
					"tame_event": {
						"event": "dragonmounts:dragon_tame",
						"target": "self"
					}
				}
			},
			"dragonmounts:dragon_tame": {
				"minecraft:is_tamed": {},
				"minecraft:variant": {
					"value": 1
				},
				"minecraft:health": {
					"value": 200,
					"max": 200
				},
				"minecraft:leashable": {
					"soft_distance": 8.0,
					"hard_distance": 24.0,
					"max_distance": 32.0,
					"on_leash": {
						"event": "dragonmounts:dragon_on_leash",
						"target": "self"
					},
					"on_unleash": {
						"event": "dragonmounts:dragon_on_unleash",
						"target": "self"
					}
				},
				"minecraft:behavior.owner_hurt_by_target": {
					"priority": 0
				},
				"minecraft:behavior.owner_hurt_target": {
					"priority": 1
				},
				"minecraft:behavior.follow_owner": {
					"priority": 0,
					"speed_multiplier": 2.0,
					"start_distance": 12,
					"stop_distance": 4
				},
				"minecraft:behavior.breed": {
					"priority": 7
				},
				"minecraft:inventory": {
					"inventory_size": 30,
					"container_type": "horse"
				},
				"minecraft:interact": {
					// "minecraft:equippable": {
					// 	"slots": [
					// 		{
					// 			"slot": 0,
					// 			"item": "saddle",
					// 			"accepted_items": [
					// 				"saddle"
					// 			],
					// 			"on_equip": {
					// 				"event": "dragonmounts:dragon_saddled"
					// 			},
					// 			"on_unequip": {
					// 				"event": "dragonmounts:dragon_unsaddled"
					// 			}
					// 		},
					// 		{
					// 			"slot": 1,
					// 			"item": "dragonarmor_iron",
					// 			"accepted_items": [
					// 				"dragonmounts:dragonarmor_emerald",
					// 				"dragonmounts:dragonarmor_iron",
					// 				"dragonmounts:dragonarmor_gold",
					// 				"dragonmounts:dragonarmor_diamond"
					// 			]
					// 		},
					// 		{
					// 			"slot": 2,
					// 			"item": "chest",
					// 			"accepted_items": [
					// 				"chest"
					// 			],
					// 			"on_equip": {
					// 				"event": "dragonmounts:dragon_on_chest"
					// 			},
					// 			"on_unequip": {
					// 				"event": "dragonmounts:dragon_deon_chest"
					// 			}
					// 		}
					// 	]
					// },
					"interactions": [
						// {
						// 	"play_sounds": "armor.equip_generic",
						// 	"interact_text": "action.interact.chested.dragonmounts",
						// 	"on_interact": {
						// 		"filters": {
						// 			"all_of": [
						// 				{
						// 					"test": "has_equipment",
						// 					"subject": "other",
						// 					"domain": "hand",
						// 					"value": "chest"
						// 				},
						// 				{
						// 					"test": "is_family",
						// 					"subject": "other",
						// 					"value": "player"
						// 				},
						// 				{
						// 					"test": "has_component",
						// 					"operator": "!=",
						// 					"value": "minecraft:is_baby"
						// 				},
						// 				{
						// 					"test": "has_component",
						// 					"operator": "!=",
						// 					"value": "minecraft:is_chested"
						// 				}
						// 			]
						// 		},
						// 		"event": "dragonmounts:dragon_on_chest",
						// 		"target": "self"
						// 	}
						// },
						// {
						// 	"play_sounds": "armor.equip_generic",
						// 	"interact_text": "action.interact.chested.dragonmounts",
						// 	"on_interact": {
						// 		"filters": {
						// 			"all_of": [
						// 				{
						// 					"test": "has_equipment",
						// 					"subject": "other",
						// 					"domain": "hand",
						// 					"value": "bone"
						// 				},
						// 				{
						// 					"test": "is_family",
						// 					"subject": "other",
						// 					"value": "player"
						// 				}
						// 			]
						// 		},
						// 		"event": "dragonmounts:dragon_sit",
						// 		"target": "self"
						// 	}
						// },
						{
							"cooldown": 8.0,
							"play_sounds": "bubble.upinside",
							"use_item": true,
							"transform_to_item": "dragon_breath",
							"interact_text": "action.interact.breath.dragonmounts",
							"on_interact": {
								"filters": {
									"all_of": [
										{
											"test": "has_equipment",
											"subject": "other",
											"domain": "hand",
											"value": "glass_bottle"
										},
										{
											"test": "is_family",
											"subject": "other",
											"value": "player"
										},
										{
											"test": "has_component",
											"operator": "!=",
											"value": "minecraft:is_baby"
										}
									]
								}
							}
						},
						{
							"cooldown": 60.0,
							"use_item": false,
							"hurt_item": 16,
							"spawn_items": {
								"table": "loot_tables/entities/dragonmounts/ender.json"
							},
							"play_sounds": "shear",
							"interact_text": "action.interact.shear.dragonmounts",
							"on_interact": {
								"filters": {
									"all_of": [
										{
											"test": "has_equipment",
											"subject": "other",
											"domain": "hand",
											"value": "dragonmounts:diamond_shears"
										},
										{
											"test": "is_family",
											"subject": "other",
											"value": "player"
										},
										{
											"test": "has_component",
											"operator": "!=",
											"value": "minecraft:is_baby"
										}
									]
								},
								"event": "dragonmounts:dragon_sheared",
								"target": "self"
							}
						}
						// {
						// 	"priority": 1,
						// 	"play_sounds": "bubble.upinside",
						// 	"interact_text": "喷射龙息",
						// 	"on_interact": {
						// 		"filters": {
						// 			"all_of": [
						// 				{
						// 					"test": "is_riding",
						// 					"subject": "other"
						// 				},
						// 				{
						// 					"test": "has_equipment",
						// 					"subject": "other",
						// 					"domain": "hand",
						// 					"value": "dragon_breath"
						// 				},
						// 				{
						// 					"test": "is_family",
						// 					"subject": "other",
						// 					"value": "player"
						// 				},
						// 				{
						// 					"test": "has_component",
						// 					"operator": "!=",
						// 					"value": "minecraft:is_baby"
						// 				}
						// 			]
						// 		},
						// 		"event": "dragonmounts:breath_attack",
						// 		"target": "self"
						// 	}
						// },
						// {
						// 	"priority": 1,
						// 	"play_sounds": "item.dragon.flap",
						// 	"interact_text": "action.interact.speed.dragonmounts",
						// 	"on_interact": {
						// 		"filters": {
						// 			"all_of": [
						// 				{
						// 					"test": "is_riding",
						// 					"subject": "other"
						// 				},
						// 				{
						// 					"test": "is_family",
						// 					"subject": "other",
						// 					"value": "player"
						// 				},
						// 				{
						// 					"test": "has_component",
						// 					"operator": "!=",
						// 					"value": "minecraft:is_baby"
						// 				},
						// 				{
						// 					"test": "has_component",
						// 					"value": "minecraft:is_saddled"
						// 				}
						// 			]
						// 		},
						// 		"event": "dragonmounts:dragon_is_conup",
						// 		"target": "self"
						// 	}
						// }
					]
				}
			},
			"dragonmounts:dragon_sitable": {
				"minecraft:sittable": {
					"priority": 0
					// "sit_event": "dragonmounts:dragon_sit",
					// "stand_event": "dragonmounts:dragon_unsit"
				},
				"minecraft:behavior.stay_while_sitting": {
					"priority": 0
				}
			},
			"dragonmounts:dragon_rideable": {
				"minecraft:rideable": {
					"priority": 0,
					"seat_count": 1,
					"crouching_skip_interact": true,
					"rider_can_interact": false,
					"family_types": [
						"player"
					],
					"interact_text": "action.interact.ride.dragonmounts",
					"seats": [
						{
							"position": [
								0.0,
								3.00,
								0.64
							],
							"min_rider_count": 0,
							"max_rider_count": 1
						}
					]
				}
			},
			"dragonmounts:dragon_saddled": {
				"minecraft:is_saddled": {},
				"minecraft:input_ground_controlled": {},
				"minecraft:can_power_jump": {},
				"minecraft:behavior.player_ride_tamed": {},
				"minecraft:horse.jump_strength": {
					"value": {
						"range_min": 4,
						"range_max": 8
					}
				}
			},
			"dragonmounts:dragon_chested": {
				"minecraft:is_chested": {}
			},
			"dragonmounts:dragon_onground": {
				"minecraft:movement": {
					"value": 0.24
				}
				// "minecraft:environment_sensor": [
				// 	{
				// 		"event": "dragonmounts:dragon_is_onground"
				// 	},
				// 	{
				// 		"event": "dragonmounts:dragon_hasarmor"
				// 	}
				// ]
				// "minecraft:environment_sensor": {
				// 	"triggers": [
				// 			{
				// 				"filters": {
				// 					"all_of": [
				// 						{
				// 							"test": "rider_count",
				// 							"subject": "self",
				// 							"operator": "==",
				// 							"value": 1
				// 						},
				// 						{
				// 							"test": "on_ground",
				// 							"subject": "self",
				// 							"operator": "==",
				// 							"value": true
				// 						}
				// 					]
				// 				},
				// 				"event": "dragonmounts:dragon_is_onground"
				// 			},
				// {
				// 	"filters": {
				// 		"all_of": [
				// 			{
				// 				"test": "rider_count",
				// 				"subject": "self",
				// 				"operator": "==",
				// 				"value": 1
				// 			},
				// 			{
				// 				"test": "on_ground",
				// 				"subject": "self",
				// 				"operator": "==",
				// 				"value": false
				// 			}
				// 		]
				// 	},
				// 	"event": "dragonmounts:dragon_is_flying"
				// }
				// ]
				// 		"on_environment": [
				// 			{
				// 				"event": "dragonmounts:dragon_is_flying"
				// 			},
				// 			{
				// 				"event": "dragonmounts:dragon_hasarmor"
				// 			}
				// 		]
				// 	}
			},
			"dragonmounts:dragon_flying": {
				"minecraft:movement": {
					"value": 1
				}
				// "minecraft:environment_sensor": [
				// 	{
				// 		"event": "dragonmounts:dragon_is_flying"
				// 	},
				// 	{
				// 		"event": "dragonmounts:dragon_hasarmor"
				// 	}
				// ]
			},
			"dragonmounts:dragon_launch": {
				"minecraft:spell_effects": {
					"add_effects": [
						{
							"effect": "levitation",
							"amplifier": 80,
							"visible": false,
							"ambient": false,
							"duration": 1
						}
					]
				},
				"minecraft:timer": {
					"looping": false,
					"randomInterval": false,
					"time": 0.1,
					"time_down_event": {
						"event": "dragonmounts:dragon_is_launch_end",
						"target": "self"
					}
				}
			},
			"dragonmounts:dragon_launch_end": {
				"minecraft:spell_effects": {
					"remove_effects": [
						"levitation"
					]
				}
			},
			"dragonmounts:dragon_conup": {
				"minecraft:spell_effects": {
					"add_effects": [
						// {
						// 	"effect": "speed",
						// 	"amplifier": 40,
						// 	"visible": false,
						// 	"ambient": false,
						// 	"duration": 1
						// },
						{
							"effect": "levitation",
							"amplifier": 40,
							"visible": false,
							"ambient": false,
							"duration": 3
						}
					]
				},
				"minecraft:timer": {
					"looping": false,
					"randomInterval": false,
					"time": 0.2,
					"time_down_event": {
						"event": "dragonmounts:dragon_is_conup_end",
						"target": "self"
					}
				}
			},
			"dragonmounts:death_ani": {
				"minecraft:transformation": {
					"into": "dragonmounts:dragon_dissolve<dragonmounts:ender_dragon>",
					"table": "loot_tables/empty.json",
					"delay": 0.0
				}
			},
			"dragonmounts:dragon_conup_end": {
				"minecraft:spell_effects": {
					"remove_effects": [
						"speed",
						"levitation"
					]
				}
			},
			"dragonmounts:dragon_leashed": {
				"minecraft:behavior.move_towards_restriction": {
					"priority": 2
				}
			},
			"dragonmounts:dragon_noarmor": {
				"minecraft:mark_variant": {
					"value": 0
				}
			},
			"dragonmounts:dragon_armor_iron": {
				"minecraft:mark_variant": {
					"value": 1
				}
			},
			"dragonmounts:dragon_armor_gold": {
				"minecraft:mark_variant": {
					"value": 2
				}
			},
			"dragonmounts:dragon_armor_diamond": {
				"minecraft:mark_variant": {
					"value": 3
				}
			},
			"dragonmounts:dragon_armor_emerald": {
				"minecraft:mark_variant": {
					"value": 4
				}
			}
		},
		"components": {
			"minecraft:fire_immune": true,
			"minecraft:nameable": {},
			"minecraft:jump.static": {},
			"minecraft:can_climb": {},
			"minecraft:persistent": {},
			"minecraft:physics": {},
			"minecraft:behavior.random_look_around": {
				"priority": 7
			},
			"minecraft:attack": {
				"damage": 24
			},
			"minecraft:behavior.delayed_attack": {
				"priority": 0,
				"speed_multiplier": 1.8,
				"attack_duration": 0.36,
				"hit_delay_pct": 0.24,
				"track_target": true,
				"reach_multiplier": 4.0,
				"sound_event": "attack"
			},
			// "minecraft:loot": {
			// 	"table": "loot_tables/entities/dragonmounts/ender.json"
			// },
			"minecraft:knockback_resistance": {
				"value": 100,
				"max": 100
			},
			// "minecraft:boss": {
			// 	"should_darken_sky": false,
			// 	"hud_range": 12,
			// 	"name": "entity.dragonmounts:ender_dragon.name"
			// },
			"minecraft:type_family": {
				"family": [
					"dragon",
					"dragonmounts",
					"ender_dragon"
				]
			},
			"minecraft:shooter": {
				"type": "dragonfireball",
				"def": "dragonmounts:ice_dragon_breath"
			},
			"minecraft:on_death": {
				"event": "dragonmounts:death_ani",
				"target": "self"
			},
			"minecraft:behavior.mount_pathing": {
				"priority": 2,
				"speed_multiplier": 1.6
			},
			"minecraft:health": {
				"value": 200,
				"max": 200
			},
			"minecraft:behavior.move_towards_target": {
				"priority": 2,
				"speed_multiplier": 1.8,
				"within_radius": 64
			},
			"minecraft:navigation.walk": {
				"priority": 0,
				"can_path_over_water": true,
				"can_path_from_air": true,
				"avoid_water": true,
				"avoid_damage_blocks": true
			},
			"minecraft:collision_box": {
				"width": 1.0,
				"height": 3.0
			},
			"minecraft:movement.basic": {
				"max_turn": 45.0
			},
			"minecraft:breathable": {
				"totalSupply": 15,
				"breathesWater": true,
				"suffocateTime": 0
			},
			// "minecraft:movement": {
			// 	"value": 0.16
			// },
			// "minecraft:behavior.melee_attack": {
			// 	"priority": 1,
			// 	"reach_multiplier": 2.0,
			// 	"speed_multiplier": 1.8,
			// 	"target_dist": 32.0,
			// 	"track_target": true
			// },
			"minecraft:damage_sensor": {
				"triggers": [
					// {
					// 	"on_damage": {
					// 		"filters": {
					// 			"all_of": [
					// 				{
					// 					"test": "is_block",
					// 					"subject": "block",
					// 					"operator": "not",
					// 					"value": "minecraft:sweet_berry_bush"
					// 				},
					// 				{
					// 					"test": "is_block",
					// 					"subject": "block",
					// 					"operator": "not",
					// 					"value": "minecraft:cactus"
					// 				},
					// 				{
					// 					"any_of": [
					// 						{
					// 							"test": "has_damage",
					// 							"value": "fatal"
					// 						},
					// 						{
					// 							"test": "has_damage",
					// 							"value": "suicide"
					// 						}
					// 					]
					// 				}
					// 			]
					// 		},
					// 		"event": "dragonmounts:death_ani"
					// 	}
					// },
					{
						"cause": "fall", // 摔落伤害 或 末影珍珠
						"deals_damage": false
					},
					{
						"cause": "magic", // 药水、龙息、唤魔者尖牙、守卫者激光
						"deals_damage": false
					},
					{
						"cause": "wither", // 凋零
						"deals_damage": false
					},
					{
						"cause": "void", // 虚空
						"deals_damage": false
					},
					{
						"cause": "thorns", // 荆棘
						"deals_damage": false
					},
					{
						"cause": "contact", // 仙人掌 或 甜浆果丛
						"deals_damage": false
					},
					{
						"cause": "suffocation", // 	窒息
						"deals_damage": false
					},
					{
						"cause": "fly_into_wall", // 动能
						"deals_damage": false
					},
					{
						"cause": "suicide", // "kill"指令
						"deals_damage": false
					},
					{
						"on_damage": {
							"filters": {
								"all_of": [
									{
										"test": "has_damage"
									}
								]
							},
							"event": "dragonmounts:dragon_temp_unsit_start"
						}
					}
				]
			},
			"minecraft:equippable": {
				"slots": [
					{
						"slot": 0,
						"item": "saddle",
						"accepted_items": [
							"saddle"
						],
						"on_equip": {
							"event": "dragonmounts:dragon_saddled"
						},
						"on_unequip": {
							"event": "dragonmounts:dragon_unsaddled"
						}
					},
					{
						"slot": 1,
						"item": "horsearmoriron",
						"accepted_items": [
							"dragonmounts:dragonarmor_emerald",
							"dragonmounts:dragonarmor_iron",
							"dragonmounts:dragonarmor_gold",
							"dragonmounts:dragonarmor_diamond"
						],
						"on_equip": {
							"event": "dragonmounts:dragon_hasarmor"
						},
						"on_unequip": {
							"event": "dragonmounts:dragon_hasarmor"
						}
					},
					{
						"slot": 2,
						"item": "chest",
						"accepted_items": [
							"chest"
						],
						"on_equip": {
							"event": "dragonmounts:dragon_on_chest"
						},
						"on_unequip": {
							"event": "dragonmounts:dragon_deon_chest"
						}
					}
				]
			},
			"minecraft:lookat": {
				"search_radius": 32.0,
				"set_target": true,
				"look_cooldown": [
					16.0,
					32.0
				],
				"filters": {
					"all_of": [
						{
							"test": "is_family",
							"subject": "other",
							"value": "monster"
						}
					]
				},
				"within_default": 4
			},
			"minecraft:environment_sensor": {
				"triggers": [
					{
						"filters": {
							"all_of": [
								{
									"test": "on_ground"
								}
							]
						},
						"event": "dragonmounts:dragon_is_onground"
					},
					{
						"filters": {
							"all_of": [
								{
									"test": "on_ground",
									"operator": "!="
								}
							]
						},
						"event": "dragonmounts:dragon_is_flying"
					}
				]
				// "on_environment": [
				// 	{
				// 		"event": "dragonmounts:dragon_is_flying"
				// 	},
				// 	{
				// 		"event": "dragonmounts:dragon_hasarmor"
				// 	}
				// ]
			},
			"minecraft:behavior.nearest_attackable_target": {
				"priority": 0,
				"entity_types": [
					{
						"filters": {
							"all_of": [
								{
									"test": "is_family",
									"subject": "other",
									"value": "monster"
								}
								// {
								// 	"test": "is_family",
								// 	"subject": "other",
								// 	"operator": "!=",
								// 	"value": [
								// 		"creeper",
								// 		"enderman"
								// 	]
								// }
							]
						},
						// "max_dist": 64,
						"within_default": 32
					}
				],
				"within_radius": 32.0,
				"scan_interval": 10,
				"attack_interval": 0,
				"reselect_targets": true,
				"must_see": false,
				"must_reach": false
			},
			// "minecraft:behavior.ranged_attack": {
			// 	"priority": 64,
			// 	"attack_radius": 128.0,
			// 	"charge_shoot_trigger": 0.2,
			// 	"charge_charged_trigger": 1
			// },
			// "minecraft:scale": {
			// 	"value": 0.06
			// },
			"minecraft:healable": {
				"priority": 1,
				"items": [
					{
						"item": "chicken",
						"heal_amount": 8
					},
					{
						"item": "beef",
						"heal_amount": 8
					},
					{
						"item": "porkchop",
						"heal_amount": 8
					},
					{
						"item": "muttonraw",
						"heal_amount": 8
					},
					{
						"item": "rabbit",
						"heal_amount": 8
					},
					{
						"item": "rotten_flesh",
						"heal_amount": 4
					}
				]
			},
			"minecraft:pushable": {
				"is_pushable": true,
				"is_pushable_by_piston": true
			},
			"minecraft:behavior.float": {
				"priority": 0
			},
			"minecraft:behavior.tempt": {
				"priority": 3,
				"speed_multiplier": 1.6,
				"within_radius": 16,
				"items": [
					"fish",
					"salmon",
					"clownfish"
				]
			},
			"minecraft:behavior.random_stroll": {
				"priority": 4,
				"speed_multiplier": 1.8,
				"xz_dist": 96,
				"y_dist": 128,
				"interval": 4
			},
			"minecraft:behavior.look_at_player": {
				"priority": 8,
				"look_distance": 12,
				"target_distance": 4.0,
				"probability": 0.0001,
				"look_time": [
					1,
					2
				]
			}
		},
		"events": {
			// "dragonmounts:start_death": {
			// 	"run_command": {
			// 		"command": [
			// 			"kill @s"
			// 		]
			// 	}
			// },
			"dragonmounts:breath_attack": {
				"add": {
					"component_groups": [
						"breath_attack"
					]
				}
			},
			"dragonmounts:breath_attack_remove": {
				"remove": {
					"component_groups": [
						"breath_attack"
					]
				}
			},
			"dragonmounts:fireball_attack": {
				"add": {
					"component_groups": [
						"fireball_attack"
					]
				}
			},
			"dragonmounts:fireball_attack_remove": {
				"remove": {
					"component_groups": [
						"fireball_attack"
					]
				}
			},
			"dragonmounts:dragon_sheared": {
				"add": {
					"component_groups": [
						"dragonmounts:dragon_sheared"
					]
				}
			},
			"dragonmounts:dragon_sheared_remove": {
				"remove": {
					"component_groups": [
						"dragonmounts:dragon_sheared"
					]
				}
			},
			"dragonmounts:death_ani": {
				"add": {
					"component_groups": [
						"dragonmounts:death_ani"
					]
				},
				"run_command": {
					"command": [
						"gamerule mobgriefing false"
					]
				}
			},
			// "minecraft:on_calm": {
			// 	"add": {
			// 		"component_groups": [
			// 			"minecraft:dragon_angry"
			// 		]
			// 	}
			// 	// "remove": {
			// 	// 	"component_groups": [
			// 	// 		"minecraft:dragon_wild"
			// 	// 	]
			// 	// }
			// },
			"minecraft:entity_spawned": {
				"randomize": [
					{
						"weight": 10.0,
						"remove": {},
						"add": {
							"component_groups": [
								"dragonmounts:dragon_adult",
								"dragonmounts:dragon_wild"
							]
						}
					},
					{
						"weight": 0.0,
						"remove": {},
						"add": {
							"component_groups": [
								"dragonmounts:dragon_baby",
								"dragonmounts:dragon_wild"
							]
						}
					}
				]
			},
			"minecraft:entity_transformed": {
				"add": {
					"component_groups": [
						"dragonmounts:dragon_baby",
						"dragonmounts:dragon_wild"
					]
				}
			},
			"dragonmounts:dragon_grow_up": {
				"sequence": [
					{
						"filters": {
							"test": "is_variant",
							"value": 1
						},
						"add": {
							"component_groups": [
								"dragonmounts:dragon_interact",
								"dragonmounts:dragon_rideable",
								"dragonmounts:dragon_onground"
							]
						}
					},
					{
						"remove": {
							"component_groups": [
								"dragonmounts:dragon_baby"
							]
						},
						"add": {
							"component_groups": [
								"dragonmounts:dragon_adult",
								"dragonmounts:dragon_wild"
							]
						}
					}
				]
			},
			"dragonmounts:dragon_flying_b": {
				"sequence": [
					{
						"filters": {
							"test": "has_tag",
							"subject": "self",
							"operator": "==",
							"value": "flying"
						},
						"add": {
							"component_groups": [
								"dragonmounts:flying"
							]
						}
					},
					{
						"filters": {
							"test": "has_tag",
							"subject": "self",
							"operator": "!=",
							"value": "flying"
						},
						"remove": {
							"component_groups": [
								"dragonmounts:flying"
							]
						}
					}
				]
			},
			"dragonmounts:dragon_tame": {
				"sequence": [
					{
						// "filters": {
						// 	"all_of": [
						// 		{
						// 			"test": "has_equipment",
						// 			"subject": "other",
						// 			"domain": "hand",
						// 			"value": "dirt"
						// 		},
						// 		{
						// 			"test": "is_family",
						// 			"subject": "other",
						// 			"value": "player"
						// 		}
						// 	]
						// },
						"add": {
							"component_groups": [
								"dragonmounts:dragon_sitable"
							]
						}
					},
					{
						"filters": {
							"test": "has_component",
							"operator": "!=",
							"value": "minecraft:is_baby"
						},
						"add": {
							"component_groups": [
								"dragonmounts:dragon_interact",
								"dragonmounts:dragon_rideable",
								"dragonmounts:dragon_onground"
							]
						}
					},
					{
						"remove": {
							"component_groups": [
								"dragonmounts:dragon_wild"
							]
						},
						"add": {
							"component_groups": [
								"dragonmounts:dragon_tame"
							]
						}
					}
				]
			},
			"dragonmounts:dragon_sit": {
				// "sequence": [
				// 	{
				// 		"filters": {
				// 			"all_of": [
				// 				{
				// 					"test": "has_equipment",
				// 					"subject": "other",
				// 					"domain": "hand",
				// 					"value": "bone"
				// 				},
				// 				{
				// 					"test": "is_family",
				// 					"subject": "other",
				// 					"value": "player"
				// 				}
				// 			]
				// 		},
				"add": {
					"component_groups": [
						"dragonmounts:dragon_sitable"
					]
				}
				// }
				// ]
			},
			"dragonmounts:dragon_temp_unsit_start": {
				"remove": {
					"component_groups": [
						"dragonmounts:dragon_sitable"
					]
				},
				"add": {
					"component_groups": [
						"dragonmounts:dragon_temp_unsit"
					]
				}
			},
			"dragonmounts:dragon_temp_unsit_end": {
				"remove": {
					"component_groups": [
						"dragonmounts:dragon_temp_unsit"
					]
				},
				"add": {
					"component_groups": [
						"dragonmounts:dragon_sitable"
					]
				}
			},
			"dragonmounts:dragon_unsit": {
				"remove": {
					"component_groups": [
						"dragonmounts:dragon_sitable"
					]
				}
			},
			"dragonmounts:dragon_saddled": {
				"add": {
					"component_groups": [
						"dragonmounts:dragon_saddled"
					]
				}
			},
			"dragonmounts:dragon_unsaddled": {
				"remove": {
					"component_groups": [
						"dragonmounts:dragon_saddled"
					]
				}
			},
			"dragonmounts:dragon_on_chest": {
				"add": {
					"component_groups": [
						"dragonmounts:dragon_chested"
					]
				}
			},
			"dragonmounts:dragon_deon_chest": {
				"remove": {
					"component_groups": [
						"dragonmounts:dragon_chested"
					]
				}
			},
			"dragonmounts:dragon_is_onground": {
				"remove": {
					"component_groups": [
						"dragonmounts:dragon_flying"
					]
				},
				"add": {
					"component_groups": [
						"dragonmounts:dragon_onground"
					]
				}
			},
			"dragonmounts:dragon_is_flying": {
				"remove": {
					"component_groups": [
						"dragonmounts:dragon_onground"
					]
				},
				"add": {
					"component_groups": [
						"dragonmounts:dragon_flying"
					]
				}
			},
			"dragonmounts:dragon_is_launch": {
				"remove": {
					"component_groups": [
						"dragonmounts:dragon_launch_end"
					]
				},
				"add": {
					"component_groups": [
						"dragonmounts:dragon_launch"
					]
				}
			},
			"dragonmounts:dragon_is_launch_end": {
				"remove": {
					"component_groups": [
						"dragonmounts:dragon_launch"
					]
				},
				"add": {
					"component_groups": [
						"dragonmounts:dragon_launch_end"
					]
				}
			},
			"dragonmounts:dragon_is_conup": {
				"remove": {
					"component_groups": [
						"dragonmounts:dragon_conup_end"
					]
				},
				"add": {
					"component_groups": [
						"dragonmounts:dragon_conup"
					]
				}
			},
			"dragonmounts:dragon_is_conup_end": {
				"remove": {
					"component_groups": [
						"dragonmounts:dragon_conup"
					]
				},
				"add": {
					"component_groups": [
						"dragonmounts:dragon_conup_end"
					]
				}
			},
			"dragonmounts:dragon_on_leash": {
				"add": {
					"component_groups": [
						"dragonmounts:dragon_leashed"
					]
				}
			},
			"dragonmounts:dragon_on_unleash": {
				"remove": {
					"component_groups": [
						"dragonmounts:dragon_leashed"
					]
				}
			},
			"dragonmounts:dragon_hasarmor": {
				"sequence": [
					{
						"filters": {
							"all_of": [
								{
									"test": "has_equipment",
									"domain": "armor",
									"operator": "!=",
									"value": "dragonmounts:dragonarmor_iron"
								},
								{
									"test": "has_equipment",
									"domain": "armor",
									"operator": "!=",
									"value": "dragonmounts:dragonarmor_gold"
								},
								{
									"test": "has_equipment",
									"domain": "armor",
									"operator": "!=",
									"value": "dragonmounts:dragonarmor_diamond"
								},
								{
									"test": "has_equipment",
									"domain": "armor",
									"operator": "!=",
									"value": "dragonmounts:dragonarmor_emerald"
								},
								{
									"test": "is_mark_variant",
									"operator": "!=",
									"value": 0
								}
							]
						},
						"add": {
							"component_groups": [
								"dragonmounts:dragon_noarmor"
							]
						}
					},
					{
						"filters": {
							"all_of": [
								{
									"test": "has_equipment",
									"domain": "armor",
									"value": "dragonmounts:dragonarmor_iron"
								},
								{
									"test": "is_mark_variant",
									"operator": "!=",
									"value": 1
								}
							]
						},
						"add": {
							"component_groups": [
								"dragonmounts:dragon_armor_iron"
							]
						}
					},
					{
						"filters": {
							"all_of": [
								{
									"test": "has_equipment",
									"domain": "armor",
									"value": "dragonmounts:dragonarmor_gold"
								},
								{
									"test": "is_mark_variant",
									"operator": "!=",
									"value": 2
								}
							]
						},
						"add": {
							"component_groups": [
								"dragonmounts:dragon_armor_gold"
							]
						}
					},
					{
						"filters": {
							"all_of": [
								{
									"test": "has_equipment",
									"domain": "armor",
									"value": "dragonmounts:dragonarmor_diamond"
								},
								{
									"test": "is_mark_variant",
									"operator": "!=",
									"value": 3
								}
							]
						},
						"add": {
							"component_groups": [
								"dragonmounts:dragon_armor_diamond"
							]
						}
					},
					{
						"filters": {
							"all_of": [
								{
									"test": "has_equipment",
									"domain": "armor",
									"value": "dragonmounts:dragonarmor_emerald"
								},
								{
									"test": "is_mark_variant",
									"operator": "!=",
									"value": 4
								}
							]
						},
						"add": {
							"component_groups": [
								"dragonmounts:dragon_armor_emerald"
							]
						}
					}
				]
			}
		}
	}
}