{
  "minecraft:attachable" : {
    "description" : {
      "textures" : {
        "default" : "textures\/entity\/craftycraft\/cc_prowl_car.png",
        "enchanted" : "textures\/misc\/enchanted_item_glint"
      },
      "materials" : {
        "default" : "armor",
        "enchanted" : "armor_enchanted"
      },
      "identifier" : "cc:prowl_car",
      "geometry" : {
        "default" : "geometry.prowl_car"
      },
      "render_controllers" : [
        "controller.render.armor"
      ]
    }
  },
  "format_version" : "1.8.0"
}