{
   "format_version":"1.8.0",
   "minecraft:entity":{
      "description":{
         "identifier":"vatonage:chopper",
         "is_spawnable":false,
         "is_summonable":true,
         "is_experimental":false,
         "scripts":{
            "animate":[
               "walk"
            ]
         },
         "animations":{
            "walk":"controller.animation.chopper"
         }
      },
      "components":{
         "minecraft:scale":{
            "value":0
         }
      }
   }
}