{
  "format_version": "1.8.0",
  "minecraft:spawn_rules": {
    "description": {
      "identifier": "pets:domestic_iguana",
      "population_control": "animal"
    },
    "conditions": [
      {
        "minecraft:spawns_on_surface": {},
        "minecraft:brightness_filter": {
          "min": 7,
          "max": 15,
          "adjust_for_weather": false
        },
        "minecraft:weight": {
          "default": 10
        },
        "minecraft:herd": {
          "min_size": 1,
          "max_size": 2
        },
        "minecraft:biome_filter": [
          {
            "any_of": [
              {
                "all_of": [
                  {
                    "test": "has_biome_tag",
                    "operator": "==",
                    "value": "beach"
                  },
                  {
                    "test": "has_biome_tag",
                    "operator": "==",
                    "value": "stone"
                  }
                ]
              },
              {
                "all_of": [
                  {
                    "test": "has_biome_tag",
                    "operator": "==",
                    "value": "mesa"
                  },
                  {
                    "test": "has_biome_tag",
                    "operator": "==",
                    "value": "plateau"
                  },
                  {
                    "test": "has_biome_tag",
                    "operator": "==",
                    "value": "stone"
                  }
                ]
              },
              {
                "test": "has_biome_tag",
                "operator": "==",
                "value": "desert"
              },
              {
                "test": "has_biome_tag",
                "operator": "==",
                "value": "jungle"
              }
            ]
          }
        ]
      }
    ]
  }
}