{
  "format_version": "1.8.0",
  "minecraft:spawn_rules": {
    "description": {
      "identifier": "pets:domestic_chinchilla",
      "population_control": "animal"
    },
    "conditions": [
      {
        "minecraft:spawns_on_surface": {},
        "minecraft:spawns_on_block_filter": [
          "grass_block"
        ],
        "minecraft:brightness_filter": {
          "min": 7,
          "max": 15,
          "adjust_for_weather": false
        },
        "minecraft:weight": {
          "default": 12
        },
        "minecraft:herd": {
          "min_size": 2,
          "max_size": 3
        },
        "minecraft:biome_filter": [
          {
            "test": "has_biome_tag",
            "operator": "==",
            "value": "savanna"
          }
        ]
      }
    ]
  }
}