{
	"format_version": "1.10.0",
	"geometry.scarlet_helmet": {
		"texturewidth": 64,
		"textureheight": 32,
		"visible_bounds_width": 3,
		"visible_bounds_height": 3,
		"visible_bounds_offset": [0, 1.5, 0],
		"bones": [
			{
				"name": "waist",
				"pivot": [0, 12, 0]
			},
			{
				"name": "body",
				"parent": "waist",
				"pivot": [0, 24, 0]
			},
			{
				"name": "head",
				"parent": "body",
				"pivot": [0, 24, 0],
				"cubes": [
					{"origin": [-4, 24, -4], "size": [8, 8, 8], "uv": [0, 0], "inflate": 0.6}
				]
			},
			{
				"name": "leftHorn",
				"parent": "head",
				"pivot": [3.6, 29.6, 0],
				"rotation": [0, 0, -20],
				"cubes": [
					{"origin": [3.6, 28.6, -1], "size": [3, 2, 2], "uv": [0, 28], "inflate": 0.3}
				]
			},
			{
				"name": "leftHorn2",
				"parent": "leftHorn",
				"pivot": [6.63397, 29.61962, 0],
				"rotation": [0, 0, -16],
				"cubes": [
					{"origin": [6.0634, 28.5634, -1], "size": [4, 2, 2], "uv": [0, 28], "inflate": -0.2}
				]
			},
			{
				"name": "rightHorn3",
				"parent": "head",
				"pivot": [-3.6, 29.6, 0],
				"rotation": [0, 0, 20],
				"cubes": [
					{"origin": [-6.6, 28.6, -1], "size": [3, 2, 2], "uv": [0, 28], "inflate": 0.1, "mirror": true}
				]
			},
			{
				"name": "rightHorn4",
				"parent": "rightHorn3",
				"pivot": [-6.63397, 29.61962, 0],
				"rotation": [0, 0, 16],
				"cubes": [
					{"origin": [-10.0634, 28.5634, -1], "size": [4, 2, 2], "uv": [0, 28], "inflate": -0.2, "mirror": true}
				]
			}
		]
	}
}